solid OpenSCAD_Model
  facet normal 0.996191 -0 0.0872
    outer loop
      vertex -173.576 -220 7.86824
      vertex -173.5 -214 7
      vertex -173.576 -214 7.86824
    endloop
  endfacet
  facet normal 0.996191 0 0.0872
    outer loop
      vertex -173.5 -214 7
      vertex -173.576 -220 7.86824
      vertex -173.5 -220 7
    endloop
  endfacet
  facet normal 0.965804 -0 0.259273
    outer loop
      vertex -173.802 -220 8.7101
      vertex -173.576 -214 7.86824
      vertex -173.802 -214 8.7101
    endloop
  endfacet
  facet normal 0.965804 0 0.259273
    outer loop
      vertex -173.576 -214 7.86824
      vertex -173.802 -220 8.7101
      vertex -173.576 -220 7.86824
    endloop
  endfacet
  facet normal -0.996191 0 0.0872
    outer loop
      vertex -183.5 -220 7
      vertex -183.424 -214 7.86824
      vertex -183.5 -214 7
    endloop
  endfacet
  facet normal -0.996191 0 0.0872
    outer loop
      vertex -183.424 -214 7.86824
      vertex -183.5 -220 7
      vertex -183.424 -220 7.86824
    endloop
  endfacet
  facet normal 0.0872239 -8.33435e-19 0.996189
    outer loop
      vertex -178.5 -214 12
      vertex -177.632 -220 11.924
      vertex -177.632 -214 11.924
    endloop
  endfacet
  facet normal 0.0872239 -8.33435e-19 0.996189
    outer loop
      vertex -177.632 -220 11.924
      vertex -178.5 -214 12
      vertex -178.5 -220 12
    endloop
  endfacet
  facet normal 0.707279 4.60892e-18 0.706935
    outer loop
      vertex -175.286 -214 10.8302
      vertex -174.67 -220 10.2139
      vertex -174.67 -214 10.2139
    endloop
  endfacet
  facet normal 0.707279 4.60892e-18 0.706935
    outer loop
      vertex -174.67 -220 10.2139
      vertex -175.286 -214 10.8302
      vertex -175.286 -220 10.8302
    endloop
  endfacet
  facet normal -0.573539 1.45123e-19 0.819178
    outer loop
      vertex -181.714 -214 10.8302
      vertex -181 -220 11.3301
      vertex -181 -214 11.3301
    endloop
  endfacet
  facet normal -0.573539 1.45123e-19 0.819178
    outer loop
      vertex -181 -220 11.3301
      vertex -181.714 -214 10.8302
      vertex -181.714 -220 10.8302
    endloop
  endfacet
  facet normal -0.258698 1.99529e-18 0.965958
    outer loop
      vertex -180.21 -214 11.6985
      vertex -179.368 -220 11.924
      vertex -179.368 -214 11.924
    endloop
  endfacet
  facet normal -0.258698 1.99529e-18 0.965958
    outer loop
      vertex -179.368 -220 11.924
      vertex -180.21 -214 11.6985
      vertex -180.21 -220 11.6985
    endloop
  endfacet
  facet normal 0.906456 -0 0.422301
    outer loop
      vertex -174.17 -220 9.5
      vertex -173.802 -214 8.7101
      vertex -174.17 -214 9.5
    endloop
  endfacet
  facet normal 0.906456 0 0.422301
    outer loop
      vertex -173.802 -214 8.7101
      vertex -174.17 -220 9.5
      vertex -173.802 -220 8.7101
    endloop
  endfacet
  facet normal 0.422634 2.82449e-18 0.9063
    outer loop
      vertex -176.79 -214 11.6985
      vertex -176 -220 11.3301
      vertex -176 -214 11.3301
    endloop
  endfacet
  facet normal 0.422634 2.82449e-18 0.9063
    outer loop
      vertex -176 -220 11.3301
      vertex -176.79 -214 11.6985
      vertex -176.79 -220 11.6985
    endloop
  endfacet
  facet normal 0.573539 -1.45123e-19 0.819178
    outer loop
      vertex -176 -214 11.3301
      vertex -175.286 -220 10.8302
      vertex -175.286 -214 10.8302
    endloop
  endfacet
  facet normal 0.573539 -1.45123e-19 0.819178
    outer loop
      vertex -175.286 -220 10.8302
      vertex -176 -214 11.3301
      vertex -176 -220 11.3301
    endloop
  endfacet
  facet normal -0.819086 0 0.57367
    outer loop
      vertex -182.83 -220 9.5
      vertex -182.33 -214 10.2139
      vertex -182.83 -214 9.5
    endloop
  endfacet
  facet normal -0.819086 0 0.57367
    outer loop
      vertex -182.33 -214 10.2139
      vertex -182.83 -220 9.5
      vertex -182.33 -220 10.2139
    endloop
  endfacet
  facet normal -0.707279 0 0.706935
    outer loop
      vertex -182.33 -220 10.2139
      vertex -181.714 -214 10.8302
      vertex -182.33 -214 10.2139
    endloop
  endfacet
  facet normal -0.707279 0 0.706935
    outer loop
      vertex -181.714 -214 10.8302
      vertex -182.33 -220 10.2139
      vertex -181.714 -220 10.8302
    endloop
  endfacet
  facet normal -0.0872239 8.33435e-19 0.996189
    outer loop
      vertex -179.368 -214 11.924
      vertex -178.5 -220 12
      vertex -178.5 -214 12
    endloop
  endfacet
  facet normal -0.0872239 8.33435e-19 0.996189
    outer loop
      vertex -178.5 -220 12
      vertex -179.368 -214 11.924
      vertex -179.368 -220 11.924
    endloop
  endfacet
  facet normal -0.906456 0 -0.422301
    outer loop
      vertex -182.83 -220 4.5
      vertex -183.198 -214 5.2899
      vertex -182.83 -214 4.5
    endloop
  endfacet
  facet normal -0.906456 -0 -0.422301
    outer loop
      vertex -183.198 -214 5.2899
      vertex -182.83 -220 4.5
      vertex -183.198 -220 5.2899
    endloop
  endfacet
  facet normal 0.0871783 8.59362e-19 -0.996193
    outer loop
      vertex -178.5 -220 2
      vertex -177.632 -214 2.07596
      vertex -177.632 -220 2.07596
    endloop
  endfacet
  facet normal 0.0871783 8.59362e-19 -0.996193
    outer loop
      vertex -177.632 -214 2.07596
      vertex -178.5 -220 2
      vertex -178.5 -214 2
    endloop
  endfacet
  facet normal 0.422568 -3.83522e-19 -0.906331
    outer loop
      vertex -176.79 -220 2.30154
      vertex -176 -214 2.66987
      vertex -176 -220 2.66987
    endloop
  endfacet
  facet normal 0.422568 -3.83522e-19 -0.906331
    outer loop
      vertex -176 -214 2.66987
      vertex -176.79 -220 2.30154
      vertex -176.79 -214 2.30154
    endloop
  endfacet
  facet normal 0.819086 -0 0.57367
    outer loop
      vertex -174.67 -220 10.2139
      vertex -174.17 -214 9.5
      vertex -174.67 -214 10.2139
    endloop
  endfacet
  facet normal 0.819086 0 0.57367
    outer loop
      vertex -174.17 -214 9.5
      vertex -174.67 -220 10.2139
      vertex -174.17 -220 9.5
    endloop
  endfacet
  facet normal 0.258698 -1.99529e-18 0.965958
    outer loop
      vertex -177.632 -214 11.924
      vertex -176.79 -220 11.6985
      vertex -176.79 -214 11.6985
    endloop
  endfacet
  facet normal 0.258698 -1.99529e-18 0.965958
    outer loop
      vertex -176.79 -220 11.6985
      vertex -177.632 -214 11.924
      vertex -177.632 -220 11.924
    endloop
  endfacet
  facet normal -0.906456 0 0.422301
    outer loop
      vertex -183.198 -220 8.7101
      vertex -182.83 -214 9.5
      vertex -183.198 -214 8.7101
    endloop
  endfacet
  facet normal -0.906456 0 0.422301
    outer loop
      vertex -182.83 -214 9.5
      vertex -183.198 -220 8.7101
      vertex -182.83 -220 9.5
    endloop
  endfacet
  facet normal 0 -1 0
    outer loop
      vertex -178.5 -220 8.6
      vertex -178.5 -220 12
      vertex -179.368 -220 11.924
    endloop
  endfacet
  facet normal 0 -1 0
    outer loop
      vertex -178.778 -220 8.57569
      vertex -179.368 -220 11.924
      vertex -180.21 -220 11.6985
    endloop
  endfacet
  facet normal 0 -1 0
    outer loop
      vertex -178.5 -220 12
      vertex -178.5 -220 8.6
      vertex -177.632 -220 11.924
    endloop
  endfacet
  facet normal 0 -1 0
    outer loop
      vertex -179.047 -220 8.50351
      vertex -180.21 -220 11.6985
      vertex -181 -220 11.3301
    endloop
  endfacet
  facet normal 0 -1 0
    outer loop
      vertex -178.222 -220 8.57569
      vertex -177.632 -220 11.924
      vertex -178.5 -220 8.6
    endloop
  endfacet
  facet normal 0 -1 0
    outer loop
      vertex -179.3 -220 8.38564
      vertex -181 -220 11.3301
      vertex -181.714 -220 10.8302
    endloop
  endfacet
  facet normal 0 -1 -0
    outer loop
      vertex -177.632 -220 11.924
      vertex -178.222 -220 8.57569
      vertex -176.79 -220 11.6985
    endloop
  endfacet
  facet normal 0 -1 0
    outer loop
      vertex -179.528 -220 8.22567
      vertex -181.714 -220 10.8302
      vertex -182.33 -220 10.2139
    endloop
  endfacet
  facet normal 0 -1 0
    outer loop
      vertex -177.953 -220 8.50351
      vertex -176.79 -220 11.6985
      vertex -178.222 -220 8.57569
    endloop
  endfacet
  facet normal 0 -1 0
    outer loop
      vertex -179.726 -220 8.02846
      vertex -182.33 -220 10.2139
      vertex -182.83 -220 9.5
    endloop
  endfacet
  facet normal 0 -1 -0
    outer loop
      vertex -176.79 -220 11.6985
      vertex -177.953 -220 8.50351
      vertex -176 -220 11.3301
    endloop
  endfacet
  facet normal 0 -1 0
    outer loop
      vertex -179.886 -220 7.8
      vertex -182.83 -220 9.5
      vertex -183.198 -220 8.7101
    endloop
  endfacet
  facet normal 0 -1 0
    outer loop
      vertex -177.7 -220 8.38564
      vertex -176 -220 11.3301
      vertex -177.953 -220 8.50351
    endloop
  endfacet
  facet normal 0 -1 -0
    outer loop
      vertex -176 -220 11.3301
      vertex -177.7 -220 8.38564
      vertex -175.286 -220 10.8302
    endloop
  endfacet
  facet normal 0 -1 0
    outer loop
      vertex -179.368 -220 11.924
      vertex -178.778 -220 8.57569
      vertex -178.5 -220 8.6
    endloop
  endfacet
  facet normal 0 -1 0
    outer loop
      vertex -180.21 -220 11.6985
      vertex -179.047 -220 8.50351
      vertex -178.778 -220 8.57569
    endloop
  endfacet
  facet normal 0 -1 0
    outer loop
      vertex -181 -220 11.3301
      vertex -179.3 -220 8.38564
      vertex -179.047 -220 8.50351
    endloop
  endfacet
  facet normal 0 -1 0
    outer loop
      vertex -181.714 -220 10.8302
      vertex -179.528 -220 8.22567
      vertex -179.3 -220 8.38564
    endloop
  endfacet
  facet normal 0 -1 0
    outer loop
      vertex -182.33 -220 10.2139
      vertex -179.726 -220 8.02846
      vertex -179.528 -220 8.22567
    endloop
  endfacet
  facet normal 0 -1 0
    outer loop
      vertex -180.004 -220 7.54723
      vertex -183.198 -220 8.7101
      vertex -183.424 -220 7.86824
    endloop
  endfacet
  facet normal 0 -1 0
    outer loop
      vertex -182.83 -220 9.5
      vertex -179.886 -220 7.8
      vertex -179.726 -220 8.02846
    endloop
  endfacet
  facet normal 0 -1 0
    outer loop
      vertex -183.198 -220 8.7101
      vertex -180.004 -220 7.54723
      vertex -179.886 -220 7.8
    endloop
  endfacet
  facet normal 0 -1 0
    outer loop
      vertex -183.424 -220 7.86824
      vertex -180.076 -220 7.27784
      vertex -180.004 -220 7.54723
    endloop
  endfacet
  facet normal 0 -1 0
    outer loop
      vertex -183.5 -220 7
      vertex -180.076 -220 7.27784
      vertex -183.424 -220 7.86824
    endloop
  endfacet
  facet normal 0 -1 0
    outer loop
      vertex -183.5 -220 7
      vertex -180.1 -220 7
      vertex -180.076 -220 7.27784
    endloop
  endfacet
  facet normal 0 -1 0
    outer loop
      vertex -183.5 -220 7
      vertex -180.076 -220 6.72216
      vertex -180.1 -220 7
    endloop
  endfacet
  facet normal 0 -1 0
    outer loop
      vertex -183.424 -220 6.13176
      vertex -180.076 -220 6.72216
      vertex -183.5 -220 7
    endloop
  endfacet
  facet normal 0 -1 -0
    outer loop
      vertex -180.076 -220 6.72216
      vertex -183.424 -220 6.13176
      vertex -180.004 -220 6.45277
    endloop
  endfacet
  facet normal 0 -1 0
    outer loop
      vertex -183.198 -220 5.2899
      vertex -180.004 -220 6.45277
      vertex -183.424 -220 6.13176
    endloop
  endfacet
  facet normal 0 -1 -0
    outer loop
      vertex -180.004 -220 6.45277
      vertex -183.198 -220 5.2899
      vertex -179.886 -220 6.2
    endloop
  endfacet
  facet normal 0 -1 0
    outer loop
      vertex -182.83 -220 4.5
      vertex -179.886 -220 6.2
      vertex -183.198 -220 5.2899
    endloop
  endfacet
  facet normal 0 -1 -0
    outer loop
      vertex -179.886 -220 6.2
      vertex -182.83 -220 4.5
      vertex -179.726 -220 5.97154
    endloop
  endfacet
  facet normal 0 -1 0
    outer loop
      vertex -182.33 -220 3.78606
      vertex -179.726 -220 5.97154
      vertex -182.83 -220 4.5
    endloop
  endfacet
  facet normal 0 -1 -0
    outer loop
      vertex -179.726 -220 5.97154
      vertex -182.33 -220 3.78606
      vertex -179.528 -220 5.77433
    endloop
  endfacet
  facet normal 0 -1 -0
    outer loop
      vertex -179.528 -220 5.77433
      vertex -181.714 -220 3.16978
      vertex -179.3 -220 5.61436
    endloop
  endfacet
  facet normal 0 -1 0
    outer loop
      vertex -181.714 -220 3.16978
      vertex -179.528 -220 5.77433
      vertex -182.33 -220 3.78606
    endloop
  endfacet
  facet normal 0 -1 0
    outer loop
      vertex -177.472 -220 8.22567
      vertex -175.286 -220 10.8302
      vertex -177.7 -220 8.38564
    endloop
  endfacet
  facet normal 0 -1 -0
    outer loop
      vertex -175.286 -220 10.8302
      vertex -177.472 -220 8.22567
      vertex -174.67 -220 10.2139
    endloop
  endfacet
  facet normal 0 -1 0
    outer loop
      vertex -177.274 -220 8.02846
      vertex -174.67 -220 10.2139
      vertex -177.472 -220 8.22567
    endloop
  endfacet
  facet normal 0 -1 -0
    outer loop
      vertex -174.67 -220 10.2139
      vertex -177.274 -220 8.02846
      vertex -174.17 -220 9.5
    endloop
  endfacet
  facet normal 0 -1 0
    outer loop
      vertex -177.114 -220 7.8
      vertex -174.17 -220 9.5
      vertex -177.274 -220 8.02846
    endloop
  endfacet
  facet normal 0 -1 -0
    outer loop
      vertex -174.17 -220 9.5
      vertex -177.114 -220 7.8
      vertex -173.802 -220 8.7101
    endloop
  endfacet
  facet normal 0 -1 0
    outer loop
      vertex -176.996 -220 7.54723
      vertex -173.802 -220 8.7101
      vertex -177.114 -220 7.8
    endloop
  endfacet
  facet normal 0 -1 -0
    outer loop
      vertex -173.802 -220 8.7101
      vertex -176.996 -220 7.54723
      vertex -173.576 -220 7.86824
    endloop
  endfacet
  facet normal 0 -1 0
    outer loop
      vertex -176.924 -220 7.27784
      vertex -173.576 -220 7.86824
      vertex -176.996 -220 7.54723
    endloop
  endfacet
  facet normal 0 -1 0
    outer loop
      vertex -176.9 -220 7
      vertex -173.576 -220 7.86824
      vertex -176.924 -220 7.27784
    endloop
  endfacet
  facet normal 0 -1 -0
    outer loop
      vertex -173.576 -220 7.86824
      vertex -176.9 -220 7
      vertex -173.5 -220 7
    endloop
  endfacet
  facet normal 0 -1 0
    outer loop
      vertex -181 -220 2.66987
      vertex -179.3 -220 5.61436
      vertex -181.714 -220 3.16978
    endloop
  endfacet
  facet normal 0 -1 -0
    outer loop
      vertex -179.3 -220 5.61436
      vertex -181 -220 2.66987
      vertex -179.047 -220 5.49649
    endloop
  endfacet
  facet normal 0 -1 0
    outer loop
      vertex -180.21 -220 2.30154
      vertex -179.047 -220 5.49649
      vertex -181 -220 2.66987
    endloop
  endfacet
  facet normal -0 -1 0
    outer loop
      vertex -178 -220 3
      vertex -179.047 -220 5.49649
      vertex -180.21 -220 2.30154
    endloop
  endfacet
  facet normal 0 -1 0
    outer loop
      vertex -179.047 -220 5.49649
      vertex -178 -220 3
      vertex -178.778 -220 5.42431
    endloop
  endfacet
  facet normal 0 -1 0
    outer loop
      vertex -178.778 -220 5.42431
      vertex -178 -220 3
      vertex -178.5 -220 5.4
    endloop
  endfacet
  facet normal 0 -1 0
    outer loop
      vertex -178.5 -220 5.4
      vertex -178 -220 3
      vertex -178.222 -220 5.42431
    endloop
  endfacet
  facet normal 0 -1 0
    outer loop
      vertex -178.222 -220 5.42431
      vertex -178 -220 3
      vertex -178 -220 5.48384
    endloop
  endfacet
  facet normal 0 -1 0
    outer loop
      vertex -179.368 -220 2.07596
      vertex -178 -220 3
      vertex -180.21 -220 2.30154
    endloop
  endfacet
  facet normal -0 -1 0
    outer loop
      vertex -176 -220 2.66987
      vertex -178 -220 3
      vertex -176.79 -220 2.30154
    endloop
  endfacet
  facet normal 0 -1 0
    outer loop
      vertex -178 -220 3
      vertex -176 -220 2.66987
      vertex -175.529 -220 3
    endloop
  endfacet
  facet normal 0 -1 0
    outer loop
      vertex -178.5 -220 2
      vertex -178 -220 3
      vertex -179.368 -220 2.07596
    endloop
  endfacet
  facet normal 0 -1 0
    outer loop
      vertex -178 -220 3
      vertex -177.632 -220 2.07596
      vertex -176.79 -220 2.30154
    endloop
  endfacet
  facet normal 0 -1 -0
    outer loop
      vertex -178 -220 3
      vertex -178.5 -220 2
      vertex -177.632 -220 2.07596
    endloop
  endfacet
  facet normal -0.422634 -2.82449e-18 0.9063
    outer loop
      vertex -181 -214 11.3301
      vertex -180.21 -220 11.6985
      vertex -180.21 -214 11.6985
    endloop
  endfacet
  facet normal -0.422634 -2.82449e-18 0.9063
    outer loop
      vertex -180.21 -220 11.6985
      vertex -181 -214 11.3301
      vertex -181 -220 11.3301
    endloop
  endfacet
  facet normal 0.573964 3.48331e-18 -0.818881
    outer loop
      vertex -176 -220 2.66987
      vertex -175.529 -214 3
      vertex -175.529 -220 3
    endloop
  endfacet
  facet normal 0.573964 3.48331e-18 -0.818881
    outer loop
      vertex -175.529 -214 3
      vertex -176 -220 2.66987
      vertex -176 -214 2.66987
    endloop
  endfacet
  facet normal -0.819101 0 -0.573649
    outer loop
      vertex -182.33 -220 3.78606
      vertex -182.83 -214 4.5
      vertex -182.33 -214 3.78606
    endloop
  endfacet
  facet normal -0.819101 -0 -0.573649
    outer loop
      vertex -182.83 -214 4.5
      vertex -182.33 -220 3.78606
      vertex -182.83 -220 4.5
    endloop
  endfacet
  facet normal -0.996191 0 -0.0872
    outer loop
      vertex -183.424 -220 6.13176
      vertex -183.5 -214 7
      vertex -183.424 -214 6.13176
    endloop
  endfacet
  facet normal -0.996191 -0 -0.0872
    outer loop
      vertex -183.5 -214 7
      vertex -183.424 -220 6.13176
      vertex -183.5 -220 7
    endloop
  endfacet
  facet normal 0.258783 2.64564e-18 -0.965935
    outer loop
      vertex -177.632 -220 2.07596
      vertex -176.79 -214 2.30154
      vertex -176.79 -220 2.30154
    endloop
  endfacet
  facet normal 0.258783 2.64564e-18 -0.965935
    outer loop
      vertex -176.79 -214 2.30154
      vertex -177.632 -220 2.07596
      vertex -177.632 -214 2.07596
    endloop
  endfacet
  facet normal -0.965804 0 0.259273
    outer loop
      vertex -183.424 -220 7.86824
      vertex -183.198 -214 8.7101
      vertex -183.424 -214 7.86824
    endloop
  endfacet
  facet normal -0.965804 0 0.259273
    outer loop
      vertex -183.198 -214 8.7101
      vertex -183.424 -220 7.86824
      vertex -183.198 -220 8.7101
    endloop
  endfacet
  facet normal -0.422568 3.83522e-19 -0.906331
    outer loop
      vertex -181 -220 2.66987
      vertex -180.21 -214 2.30154
      vertex -180.21 -220 2.30154
    endloop
  endfacet
  facet normal -0.422568 3.83522e-19 -0.906331
    outer loop
      vertex -180.21 -214 2.30154
      vertex -181 -220 2.66987
      vertex -181 -214 2.66987
    endloop
  endfacet
  facet normal -0.965804 0 -0.259273
    outer loop
      vertex -183.198 -220 5.2899
      vertex -183.424 -214 6.13176
      vertex -183.198 -214 5.2899
    endloop
  endfacet
  facet normal -0.965804 -0 -0.259273
    outer loop
      vertex -183.424 -214 6.13176
      vertex -183.198 -220 5.2899
      vertex -183.424 -220 6.13176
    endloop
  endfacet
  facet normal 0 1 0
    outer loop
      vertex -175.529 -214 3
      vertex -176 -214 2.66987
      vertex -178 -214 3
    endloop
  endfacet
  facet normal 0 1 0
    outer loop
      vertex -179.886 -214 6.2
      vertex -182.83 -214 4.5
      vertex -183.198 -214 5.2899
    endloop
  endfacet
  facet normal 0 1 0
    outer loop
      vertex -178 -214 3
      vertex -178.5 -214 5.4
      vertex -178.222 -214 5.42431
    endloop
  endfacet
  facet normal 0 1 0
    outer loop
      vertex -178.778 -214 5.42431
      vertex -182.33 -214 3.78606
      vertex -182.83 -214 4.5
    endloop
  endfacet
  facet normal 0 1 -0
    outer loop
      vertex -178 -214 3
      vertex -178.222 -214 5.42431
      vertex -178 -214 5.48384
    endloop
  endfacet
  facet normal 0 1 0
    outer loop
      vertex -178.778 -214 5.42431
      vertex -181.714 -214 3.16978
      vertex -182.33 -214 3.78606
    endloop
  endfacet
  facet normal 0 1 0
    outer loop
      vertex -178.778 -214 5.42431
      vertex -178 -214 3
      vertex -180.21 -214 2.30154
    endloop
  endfacet
  facet normal 0 1 -0
    outer loop
      vertex -176.79 -214 2.30154
      vertex -178 -214 3
      vertex -176 -214 2.66987
    endloop
  endfacet
  facet normal 0 1 0
    outer loop
      vertex -178.778 -214 5.42431
      vertex -181 -214 2.66987
      vertex -181.714 -214 3.16978
    endloop
  endfacet
  facet normal 0 1 -0
    outer loop
      vertex -177.632 -214 2.07596
      vertex -178 -214 3
      vertex -176.79 -214 2.30154
    endloop
  endfacet
  facet normal 0 1 0
    outer loop
      vertex -178.778 -214 5.42431
      vertex -180.21 -214 2.30154
      vertex -181 -214 2.66987
    endloop
  endfacet
  facet normal 0 1 0
    outer loop
      vertex -178.5 -214 2
      vertex -178 -214 3
      vertex -177.632 -214 2.07596
    endloop
  endfacet
  facet normal 0 1 0
    outer loop
      vertex -178 -214 3
      vertex -179.368 -214 2.07596
      vertex -180.21 -214 2.30154
    endloop
  endfacet
  facet normal 0 1 0
    outer loop
      vertex -178 -214 3
      vertex -178.5 -214 2
      vertex -179.368 -214 2.07596
    endloop
  endfacet
  facet normal 0 1 0
    outer loop
      vertex -178.5 -214 8.6
      vertex -178.5 -214 12
      vertex -177.632 -214 11.924
    endloop
  endfacet
  facet normal 0 1 0
    outer loop
      vertex -178.222 -214 8.57569
      vertex -177.632 -214 11.924
      vertex -176.79 -214 11.6985
    endloop
  endfacet
  facet normal 0 1 0
    outer loop
      vertex -178.5 -214 12
      vertex -178.5 -214 8.6
      vertex -179.368 -214 11.924
    endloop
  endfacet
  facet normal 0 1 0
    outer loop
      vertex -177.953 -214 8.50351
      vertex -176.79 -214 11.6985
      vertex -176 -214 11.3301
    endloop
  endfacet
  facet normal 0 1 -0
    outer loop
      vertex -178.778 -214 8.57569
      vertex -179.368 -214 11.924
      vertex -178.5 -214 8.6
    endloop
  endfacet
  facet normal 0 1 0
    outer loop
      vertex -177.7 -214 8.38564
      vertex -176 -214 11.3301
      vertex -175.286 -214 10.8302
    endloop
  endfacet
  facet normal 0 1 0
    outer loop
      vertex -179.368 -214 11.924
      vertex -178.778 -214 8.57569
      vertex -180.21 -214 11.6985
    endloop
  endfacet
  facet normal 0 1 0
    outer loop
      vertex -177.472 -214 8.22567
      vertex -175.286 -214 10.8302
      vertex -174.67 -214 10.2139
    endloop
  endfacet
  facet normal 0 1 -0
    outer loop
      vertex -179.047 -214 8.50351
      vertex -180.21 -214 11.6985
      vertex -178.778 -214 8.57569
    endloop
  endfacet
  facet normal 0 1 0
    outer loop
      vertex -177.274 -214 8.02846
      vertex -174.67 -214 10.2139
      vertex -174.17 -214 9.5
    endloop
  endfacet
  facet normal 0 1 0
    outer loop
      vertex -180.21 -214 11.6985
      vertex -179.047 -214 8.50351
      vertex -181 -214 11.3301
    endloop
  endfacet
  facet normal 0 1 0
    outer loop
      vertex -177.114 -214 7.8
      vertex -174.17 -214 9.5
      vertex -173.802 -214 8.7101
    endloop
  endfacet
  facet normal 0 1 -0
    outer loop
      vertex -179.3 -214 8.38564
      vertex -181 -214 11.3301
      vertex -179.047 -214 8.50351
    endloop
  endfacet
  facet normal 0 1 0
    outer loop
      vertex -181 -214 11.3301
      vertex -179.3 -214 8.38564
      vertex -181.714 -214 10.8302
    endloop
  endfacet
  facet normal 0 1 0
    outer loop
      vertex -177.632 -214 11.924
      vertex -178.222 -214 8.57569
      vertex -178.5 -214 8.6
    endloop
  endfacet
  facet normal 0 1 0
    outer loop
      vertex -176.79 -214 11.6985
      vertex -177.953 -214 8.50351
      vertex -178.222 -214 8.57569
    endloop
  endfacet
  facet normal 0 1 0
    outer loop
      vertex -176 -214 11.3301
      vertex -177.7 -214 8.38564
      vertex -177.953 -214 8.50351
    endloop
  endfacet
  facet normal 0 1 0
    outer loop
      vertex -175.286 -214 10.8302
      vertex -177.472 -214 8.22567
      vertex -177.7 -214 8.38564
    endloop
  endfacet
  facet normal 0 1 0
    outer loop
      vertex -174.67 -214 10.2139
      vertex -177.274 -214 8.02846
      vertex -177.472 -214 8.22567
    endloop
  endfacet
  facet normal 0 1 0
    outer loop
      vertex -176.996 -214 7.54723
      vertex -173.802 -214 8.7101
      vertex -173.576 -214 7.86824
    endloop
  endfacet
  facet normal 0 1 0
    outer loop
      vertex -174.17 -214 9.5
      vertex -177.114 -214 7.8
      vertex -177.274 -214 8.02846
    endloop
  endfacet
  facet normal 0 1 0
    outer loop
      vertex -173.802 -214 8.7101
      vertex -176.996 -214 7.54723
      vertex -177.114 -214 7.8
    endloop
  endfacet
  facet normal 0 1 0
    outer loop
      vertex -173.576 -214 7.86824
      vertex -176.924 -214 7.27784
      vertex -176.996 -214 7.54723
    endloop
  endfacet
  facet normal 0 1 0
    outer loop
      vertex -173.5 -214 7
      vertex -176.924 -214 7.27784
      vertex -173.576 -214 7.86824
    endloop
  endfacet
  facet normal 0 1 0
    outer loop
      vertex -176.924 -214 7.27784
      vertex -173.5 -214 7
      vertex -176.9 -214 7
    endloop
  endfacet
  facet normal 0 1 -0
    outer loop
      vertex -179.528 -214 8.22567
      vertex -181.714 -214 10.8302
      vertex -179.3 -214 8.38564
    endloop
  endfacet
  facet normal 0 1 0
    outer loop
      vertex -181.714 -214 10.8302
      vertex -179.528 -214 8.22567
      vertex -182.33 -214 10.2139
    endloop
  endfacet
  facet normal 0 1 -0
    outer loop
      vertex -179.726 -214 8.02846
      vertex -182.33 -214 10.2139
      vertex -179.528 -214 8.22567
    endloop
  endfacet
  facet normal 0 1 0
    outer loop
      vertex -182.33 -214 10.2139
      vertex -179.726 -214 8.02846
      vertex -182.83 -214 9.5
    endloop
  endfacet
  facet normal 0 1 -0
    outer loop
      vertex -179.886 -214 7.8
      vertex -182.83 -214 9.5
      vertex -179.726 -214 8.02846
    endloop
  endfacet
  facet normal 0 1 0
    outer loop
      vertex -182.83 -214 9.5
      vertex -179.886 -214 7.8
      vertex -183.198 -214 8.7101
    endloop
  endfacet
  facet normal 0 1 -0
    outer loop
      vertex -180.004 -214 7.54723
      vertex -183.198 -214 8.7101
      vertex -179.886 -214 7.8
    endloop
  endfacet
  facet normal 0 1 0
    outer loop
      vertex -183.198 -214 8.7101
      vertex -180.004 -214 7.54723
      vertex -183.424 -214 7.86824
    endloop
  endfacet
  facet normal 0 1 -0
    outer loop
      vertex -180.076 -214 7.27784
      vertex -183.424 -214 7.86824
      vertex -180.004 -214 7.54723
    endloop
  endfacet
  facet normal 0 1 -0
    outer loop
      vertex -180.1 -214 7
      vertex -183.424 -214 7.86824
      vertex -180.076 -214 7.27784
    endloop
  endfacet
  facet normal 0 1 0
    outer loop
      vertex -180.1 -214 7
      vertex -183.5 -214 7
      vertex -183.424 -214 7.86824
    endloop
  endfacet
  facet normal 0 1 0
    outer loop
      vertex -180.076 -214 6.72216
      vertex -183.5 -214 7
      vertex -180.1 -214 7
    endloop
  endfacet
  facet normal 0 1 0
    outer loop
      vertex -183.424 -214 6.13176
      vertex -180.076 -214 6.72216
      vertex -180.004 -214 6.45277
    endloop
  endfacet
  facet normal 0 1 0
    outer loop
      vertex -183.198 -214 5.2899
      vertex -180.004 -214 6.45277
      vertex -179.886 -214 6.2
    endloop
  endfacet
  facet normal 0 1 0
    outer loop
      vertex -180.076 -214 6.72216
      vertex -183.424 -214 6.13176
      vertex -183.5 -214 7
    endloop
  endfacet
  facet normal 0 1 0
    outer loop
      vertex -182.83 -214 4.5
      vertex -179.886 -214 6.2
      vertex -179.726 -214 5.97154
    endloop
  endfacet
  facet normal 0 1 0
    outer loop
      vertex -182.83 -214 4.5
      vertex -179.726 -214 5.97154
      vertex -179.528 -214 5.77433
    endloop
  endfacet
  facet normal 0 1 0
    outer loop
      vertex -182.83 -214 4.5
      vertex -179.528 -214 5.77433
      vertex -179.3 -214 5.61436
    endloop
  endfacet
  facet normal 0 1 0
    outer loop
      vertex -182.83 -214 4.5
      vertex -179.3 -214 5.61436
      vertex -179.047 -214 5.49649
    endloop
  endfacet
  facet normal 0 1 0
    outer loop
      vertex -182.83 -214 4.5
      vertex -179.047 -214 5.49649
      vertex -178.778 -214 5.42431
    endloop
  endfacet
  facet normal 0 1 0
    outer loop
      vertex -180.004 -214 6.45277
      vertex -183.198 -214 5.2899
      vertex -183.424 -214 6.13176
    endloop
  endfacet
  facet normal 0 1 0
    outer loop
      vertex -178 -214 3
      vertex -178.778 -214 5.42431
      vertex -178.5 -214 5.4
    endloop
  endfacet
  facet normal -0.707267 0 -0.706946
    outer loop
      vertex -181.714 -220 3.16978
      vertex -182.33 -214 3.78606
      vertex -181.714 -214 3.16978
    endloop
  endfacet
  facet normal -0.707267 -0 -0.706946
    outer loop
      vertex -182.33 -214 3.78606
      vertex -181.714 -220 3.16978
      vertex -182.33 -220 3.78606
    endloop
  endfacet
  facet normal -0.573547 -1.92805e-18 -0.819173
    outer loop
      vertex -181.714 -220 3.16978
      vertex -181 -214 2.66987
      vertex -181 -220 2.66987
    endloop
  endfacet
  facet normal -0.573547 -1.92805e-18 -0.819173
    outer loop
      vertex -181 -214 2.66987
      vertex -181.714 -220 3.16978
      vertex -181.714 -214 3.16978
    endloop
  endfacet
  facet normal -0.258783 -2.64564e-18 -0.965935
    outer loop
      vertex -180.21 -220 2.30154
      vertex -179.368 -214 2.07596
      vertex -179.368 -220 2.07596
    endloop
  endfacet
  facet normal -0.258783 -2.64564e-18 -0.965935
    outer loop
      vertex -179.368 -214 2.07596
      vertex -180.21 -220 2.30154
      vertex -180.21 -214 2.30154
    endloop
  endfacet
  facet normal -0.0871783 -8.59362e-19 -0.996193
    outer loop
      vertex -179.368 -220 2.07596
      vertex -178.5 -214 2
      vertex -178.5 -220 2
    endloop
  endfacet
  facet normal -0.0871783 -8.59362e-19 -0.996193
    outer loop
      vertex -178.5 -214 2
      vertex -179.368 -220 2.07596
      vertex -179.368 -214 2.07596
    endloop
  endfacet
  facet normal 0.996191 -0 0.0872
    outer loop
      vertex -173.576 -196 7.86824
      vertex -173.5 -190 7
      vertex -173.576 -190 7.86824
    endloop
  endfacet
  facet normal 0.996191 0 0.0872
    outer loop
      vertex -173.5 -190 7
      vertex -173.576 -196 7.86824
      vertex -173.5 -196 7
    endloop
  endfacet
  facet normal 0.965804 -0 0.259273
    outer loop
      vertex -173.802 -196 8.7101
      vertex -173.576 -190 7.86824
      vertex -173.802 -190 8.7101
    endloop
  endfacet
  facet normal 0.965804 0 0.259273
    outer loop
      vertex -173.576 -190 7.86824
      vertex -173.802 -196 8.7101
      vertex -173.576 -196 7.86824
    endloop
  endfacet
  facet normal -0.996191 0 0.0872
    outer loop
      vertex -183.5 -196 7
      vertex -183.424 -190 7.86824
      vertex -183.5 -190 7
    endloop
  endfacet
  facet normal -0.996191 0 0.0872
    outer loop
      vertex -183.424 -190 7.86824
      vertex -183.5 -196 7
      vertex -183.424 -196 7.86824
    endloop
  endfacet
  facet normal 0.0872239 -8.33435e-19 0.996189
    outer loop
      vertex -178.5 -190 12
      vertex -177.632 -196 11.924
      vertex -177.632 -190 11.924
    endloop
  endfacet
  facet normal 0.0872239 -8.33435e-19 0.996189
    outer loop
      vertex -177.632 -196 11.924
      vertex -178.5 -190 12
      vertex -178.5 -196 12
    endloop
  endfacet
  facet normal 0.707279 4.60892e-18 0.706935
    outer loop
      vertex -175.286 -190 10.8302
      vertex -174.67 -196 10.2139
      vertex -174.67 -190 10.2139
    endloop
  endfacet
  facet normal 0.707279 4.60892e-18 0.706935
    outer loop
      vertex -174.67 -196 10.2139
      vertex -175.286 -190 10.8302
      vertex -175.286 -196 10.8302
    endloop
  endfacet
  facet normal -0.258698 1.99529e-18 0.965958
    outer loop
      vertex -180.21 -190 11.6985
      vertex -179.368 -196 11.924
      vertex -179.368 -190 11.924
    endloop
  endfacet
  facet normal -0.258698 1.99529e-18 0.965958
    outer loop
      vertex -179.368 -196 11.924
      vertex -180.21 -190 11.6985
      vertex -180.21 -196 11.6985
    endloop
  endfacet
  facet normal 0.906456 -0 0.422301
    outer loop
      vertex -174.17 -196 9.5
      vertex -173.802 -190 8.7101
      vertex -174.17 -190 9.5
    endloop
  endfacet
  facet normal 0.906456 0 0.422301
    outer loop
      vertex -173.802 -190 8.7101
      vertex -174.17 -196 9.5
      vertex -173.802 -196 8.7101
    endloop
  endfacet
  facet normal 0.422634 2.82449e-18 0.9063
    outer loop
      vertex -176.79 -190 11.6985
      vertex -176 -196 11.3301
      vertex -176 -190 11.3301
    endloop
  endfacet
  facet normal 0.422634 2.82449e-18 0.9063
    outer loop
      vertex -176 -196 11.3301
      vertex -176.79 -190 11.6985
      vertex -176.79 -196 11.6985
    endloop
  endfacet
  facet normal 0.573539 -1.45123e-19 0.819178
    outer loop
      vertex -176 -190 11.3301
      vertex -175.286 -196 10.8302
      vertex -175.286 -190 10.8302
    endloop
  endfacet
  facet normal 0.573539 -1.45123e-19 0.819178
    outer loop
      vertex -175.286 -196 10.8302
      vertex -176 -190 11.3301
      vertex -176 -196 11.3301
    endloop
  endfacet
  facet normal -0.819086 0 0.57367
    outer loop
      vertex -182.83 -196 9.5
      vertex -182.33 -190 10.2139
      vertex -182.83 -190 9.5
    endloop
  endfacet
  facet normal -0.819086 0 0.57367
    outer loop
      vertex -182.33 -190 10.2139
      vertex -182.83 -196 9.5
      vertex -182.33 -196 10.2139
    endloop
  endfacet
  facet normal -0.707279 0 0.706935
    outer loop
      vertex -182.33 -196 10.2139
      vertex -181.714 -190 10.8302
      vertex -182.33 -190 10.2139
    endloop
  endfacet
  facet normal -0.707279 0 0.706935
    outer loop
      vertex -181.714 -190 10.8302
      vertex -182.33 -196 10.2139
      vertex -181.714 -196 10.8302
    endloop
  endfacet
  facet normal -0.0872239 8.33435e-19 0.996189
    outer loop
      vertex -179.368 -190 11.924
      vertex -178.5 -196 12
      vertex -178.5 -190 12
    endloop
  endfacet
  facet normal -0.0872239 8.33435e-19 0.996189
    outer loop
      vertex -178.5 -196 12
      vertex -179.368 -190 11.924
      vertex -179.368 -196 11.924
    endloop
  endfacet
  facet normal -0.258783 -2.64564e-18 -0.965935
    outer loop
      vertex -180.21 -196 2.30154
      vertex -179.368 -190 2.07596
      vertex -179.368 -196 2.07596
    endloop
  endfacet
  facet normal -0.258783 -2.64564e-18 -0.965935
    outer loop
      vertex -179.368 -190 2.07596
      vertex -180.21 -196 2.30154
      vertex -180.21 -190 2.30154
    endloop
  endfacet
  facet normal 0.0871783 8.59362e-19 -0.996193
    outer loop
      vertex -178.5 -196 2
      vertex -177.632 -190 2.07596
      vertex -177.632 -196 2.07596
    endloop
  endfacet
  facet normal 0.0871783 8.59362e-19 -0.996193
    outer loop
      vertex -177.632 -190 2.07596
      vertex -178.5 -196 2
      vertex -178.5 -190 2
    endloop
  endfacet
  facet normal 0.819086 -0 0.57367
    outer loop
      vertex -174.67 -196 10.2139
      vertex -174.17 -190 9.5
      vertex -174.67 -190 10.2139
    endloop
  endfacet
  facet normal 0.819086 0 0.57367
    outer loop
      vertex -174.17 -190 9.5
      vertex -174.67 -196 10.2139
      vertex -174.17 -196 9.5
    endloop
  endfacet
  facet normal 0.258698 -1.99529e-18 0.965958
    outer loop
      vertex -177.632 -190 11.924
      vertex -176.79 -196 11.6985
      vertex -176.79 -190 11.6985
    endloop
  endfacet
  facet normal 0.258698 -1.99529e-18 0.965958
    outer loop
      vertex -176.79 -196 11.6985
      vertex -177.632 -190 11.924
      vertex -177.632 -196 11.924
    endloop
  endfacet
  facet normal -0.906456 0 0.422301
    outer loop
      vertex -183.198 -196 8.7101
      vertex -182.83 -190 9.5
      vertex -183.198 -190 8.7101
    endloop
  endfacet
  facet normal -0.906456 0 0.422301
    outer loop
      vertex -182.83 -190 9.5
      vertex -183.198 -196 8.7101
      vertex -182.83 -196 9.5
    endloop
  endfacet
  facet normal -0.965804 0 0.259273
    outer loop
      vertex -183.424 -196 7.86824
      vertex -183.198 -190 8.7101
      vertex -183.424 -190 7.86824
    endloop
  endfacet
  facet normal -0.965804 0 0.259273
    outer loop
      vertex -183.198 -190 8.7101
      vertex -183.424 -196 7.86824
      vertex -183.198 -196 8.7101
    endloop
  endfacet
  facet normal -0.422634 -2.82449e-18 0.9063
    outer loop
      vertex -181 -190 11.3301
      vertex -180.21 -196 11.6985
      vertex -180.21 -190 11.6985
    endloop
  endfacet
  facet normal -0.422634 -2.82449e-18 0.9063
    outer loop
      vertex -180.21 -196 11.6985
      vertex -181 -190 11.3301
      vertex -181 -196 11.3301
    endloop
  endfacet
  facet normal -0.573539 1.45123e-19 0.819178
    outer loop
      vertex -181.714 -190 10.8302
      vertex -181 -196 11.3301
      vertex -181 -190 11.3301
    endloop
  endfacet
  facet normal -0.573539 1.45123e-19 0.819178
    outer loop
      vertex -181 -196 11.3301
      vertex -181.714 -190 10.8302
      vertex -181.714 -196 10.8302
    endloop
  endfacet
  facet normal 0.573964 3.48331e-18 -0.818881
    outer loop
      vertex -176 -196 2.66987
      vertex -175.529 -190 3
      vertex -175.529 -196 3
    endloop
  endfacet
  facet normal 0.573964 3.48331e-18 -0.818881
    outer loop
      vertex -175.529 -190 3
      vertex -176 -196 2.66987
      vertex -176 -190 2.66987
    endloop
  endfacet
  facet normal -0.0871783 -8.59362e-19 -0.996193
    outer loop
      vertex -179.368 -196 2.07596
      vertex -178.5 -190 2
      vertex -178.5 -196 2
    endloop
  endfacet
  facet normal -0.0871783 -8.59362e-19 -0.996193
    outer loop
      vertex -178.5 -190 2
      vertex -179.368 -196 2.07596
      vertex -179.368 -190 2.07596
    endloop
  endfacet
  facet normal -0.819101 0 -0.573649
    outer loop
      vertex -182.33 -196 3.78606
      vertex -182.83 -190 4.5
      vertex -182.33 -190 3.78606
    endloop
  endfacet
  facet normal -0.819101 -0 -0.573649
    outer loop
      vertex -182.83 -190 4.5
      vertex -182.33 -196 3.78606
      vertex -182.83 -196 4.5
    endloop
  endfacet
  facet normal -0.996191 0 -0.0872
    outer loop
      vertex -183.424 -196 6.13176
      vertex -183.5 -190 7
      vertex -183.424 -190 6.13176
    endloop
  endfacet
  facet normal -0.996191 -0 -0.0872
    outer loop
      vertex -183.5 -190 7
      vertex -183.424 -196 6.13176
      vertex -183.5 -196 7
    endloop
  endfacet
  facet normal 0.258783 2.64564e-18 -0.965935
    outer loop
      vertex -177.632 -196 2.07596
      vertex -176.79 -190 2.30154
      vertex -176.79 -196 2.30154
    endloop
  endfacet
  facet normal 0.258783 2.64564e-18 -0.965935
    outer loop
      vertex -176.79 -190 2.30154
      vertex -177.632 -196 2.07596
      vertex -177.632 -190 2.07596
    endloop
  endfacet
  facet normal 0 -1 0
    outer loop
      vertex -178.5 -196 8.6
      vertex -178.5 -196 12
      vertex -179.368 -196 11.924
    endloop
  endfacet
  facet normal 0 -1 0
    outer loop
      vertex -178.778 -196 8.57569
      vertex -179.368 -196 11.924
      vertex -180.21 -196 11.6985
    endloop
  endfacet
  facet normal 0 -1 0
    outer loop
      vertex -178.5 -196 12
      vertex -178.5 -196 8.6
      vertex -177.632 -196 11.924
    endloop
  endfacet
  facet normal 0 -1 0
    outer loop
      vertex -179.047 -196 8.50351
      vertex -180.21 -196 11.6985
      vertex -181 -196 11.3301
    endloop
  endfacet
  facet normal 0 -1 0
    outer loop
      vertex -178.222 -196 8.57569
      vertex -177.632 -196 11.924
      vertex -178.5 -196 8.6
    endloop
  endfacet
  facet normal 0 -1 0
    outer loop
      vertex -179.3 -196 8.38564
      vertex -181 -196 11.3301
      vertex -181.714 -196 10.8302
    endloop
  endfacet
  facet normal 0 -1 -0
    outer loop
      vertex -177.632 -196 11.924
      vertex -178.222 -196 8.57569
      vertex -176.79 -196 11.6985
    endloop
  endfacet
  facet normal 0 -1 0
    outer loop
      vertex -179.528 -196 8.22567
      vertex -181.714 -196 10.8302
      vertex -182.33 -196 10.2139
    endloop
  endfacet
  facet normal 0 -1 0
    outer loop
      vertex -177.953 -196 8.50351
      vertex -176.79 -196 11.6985
      vertex -178.222 -196 8.57569
    endloop
  endfacet
  facet normal 0 -1 0
    outer loop
      vertex -179.726 -196 8.02846
      vertex -182.33 -196 10.2139
      vertex -182.83 -196 9.5
    endloop
  endfacet
  facet normal 0 -1 -0
    outer loop
      vertex -176.79 -196 11.6985
      vertex -177.953 -196 8.50351
      vertex -176 -196 11.3301
    endloop
  endfacet
  facet normal 0 -1 0
    outer loop
      vertex -179.886 -196 7.8
      vertex -182.83 -196 9.5
      vertex -183.198 -196 8.7101
    endloop
  endfacet
  facet normal 0 -1 0
    outer loop
      vertex -177.7 -196 8.38564
      vertex -176 -196 11.3301
      vertex -177.953 -196 8.50351
    endloop
  endfacet
  facet normal 0 -1 -0
    outer loop
      vertex -176 -196 11.3301
      vertex -177.7 -196 8.38564
      vertex -175.286 -196 10.8302
    endloop
  endfacet
  facet normal 0 -1 0
    outer loop
      vertex -179.368 -196 11.924
      vertex -178.778 -196 8.57569
      vertex -178.5 -196 8.6
    endloop
  endfacet
  facet normal 0 -1 0
    outer loop
      vertex -180.21 -196 11.6985
      vertex -179.047 -196 8.50351
      vertex -178.778 -196 8.57569
    endloop
  endfacet
  facet normal 0 -1 0
    outer loop
      vertex -181 -196 11.3301
      vertex -179.3 -196 8.38564
      vertex -179.047 -196 8.50351
    endloop
  endfacet
  facet normal 0 -1 0
    outer loop
      vertex -181.714 -196 10.8302
      vertex -179.528 -196 8.22567
      vertex -179.3 -196 8.38564
    endloop
  endfacet
  facet normal 0 -1 0
    outer loop
      vertex -182.33 -196 10.2139
      vertex -179.726 -196 8.02846
      vertex -179.528 -196 8.22567
    endloop
  endfacet
  facet normal 0 -1 0
    outer loop
      vertex -180.004 -196 7.54723
      vertex -183.198 -196 8.7101
      vertex -183.424 -196 7.86824
    endloop
  endfacet
  facet normal 0 -1 0
    outer loop
      vertex -182.83 -196 9.5
      vertex -179.886 -196 7.8
      vertex -179.726 -196 8.02846
    endloop
  endfacet
  facet normal 0 -1 0
    outer loop
      vertex -183.198 -196 8.7101
      vertex -180.004 -196 7.54723
      vertex -179.886 -196 7.8
    endloop
  endfacet
  facet normal 0 -1 0
    outer loop
      vertex -183.424 -196 7.86824
      vertex -180.076 -196 7.27784
      vertex -180.004 -196 7.54723
    endloop
  endfacet
  facet normal 0 -1 0
    outer loop
      vertex -183.5 -196 7
      vertex -180.076 -196 7.27784
      vertex -183.424 -196 7.86824
    endloop
  endfacet
  facet normal 0 -1 0
    outer loop
      vertex -183.5 -196 7
      vertex -180.1 -196 7
      vertex -180.076 -196 7.27784
    endloop
  endfacet
  facet normal 0 -1 0
    outer loop
      vertex -183.5 -196 7
      vertex -180.076 -196 6.72216
      vertex -180.1 -196 7
    endloop
  endfacet
  facet normal 0 -1 0
    outer loop
      vertex -183.424 -196 6.13176
      vertex -180.076 -196 6.72216
      vertex -183.5 -196 7
    endloop
  endfacet
  facet normal 0 -1 -0
    outer loop
      vertex -180.076 -196 6.72216
      vertex -183.424 -196 6.13176
      vertex -180.004 -196 6.45277
    endloop
  endfacet
  facet normal 0 -1 0
    outer loop
      vertex -183.198 -196 5.2899
      vertex -180.004 -196 6.45277
      vertex -183.424 -196 6.13176
    endloop
  endfacet
  facet normal 0 -1 -0
    outer loop
      vertex -180.004 -196 6.45277
      vertex -183.198 -196 5.2899
      vertex -179.886 -196 6.2
    endloop
  endfacet
  facet normal 0 -1 0
    outer loop
      vertex -182.83 -196 4.5
      vertex -179.886 -196 6.2
      vertex -183.198 -196 5.2899
    endloop
  endfacet
  facet normal 0 -1 -0
    outer loop
      vertex -179.886 -196 6.2
      vertex -182.83 -196 4.5
      vertex -179.726 -196 5.97154
    endloop
  endfacet
  facet normal 0 -1 0
    outer loop
      vertex -182.33 -196 3.78606
      vertex -179.726 -196 5.97154
      vertex -182.83 -196 4.5
    endloop
  endfacet
  facet normal 0 -1 -0
    outer loop
      vertex -179.726 -196 5.97154
      vertex -182.33 -196 3.78606
      vertex -179.528 -196 5.77433
    endloop
  endfacet
  facet normal 0 -1 -0
    outer loop
      vertex -179.528 -196 5.77433
      vertex -181.714 -196 3.16978
      vertex -179.3 -196 5.61436
    endloop
  endfacet
  facet normal 0 -1 0
    outer loop
      vertex -181.714 -196 3.16978
      vertex -179.528 -196 5.77433
      vertex -182.33 -196 3.78606
    endloop
  endfacet
  facet normal 0 -1 0
    outer loop
      vertex -177.472 -196 8.22567
      vertex -175.286 -196 10.8302
      vertex -177.7 -196 8.38564
    endloop
  endfacet
  facet normal 0 -1 -0
    outer loop
      vertex -175.286 -196 10.8302
      vertex -177.472 -196 8.22567
      vertex -174.67 -196 10.2139
    endloop
  endfacet
  facet normal 0 -1 0
    outer loop
      vertex -177.274 -196 8.02846
      vertex -174.67 -196 10.2139
      vertex -177.472 -196 8.22567
    endloop
  endfacet
  facet normal 0 -1 -0
    outer loop
      vertex -174.67 -196 10.2139
      vertex -177.274 -196 8.02846
      vertex -174.17 -196 9.5
    endloop
  endfacet
  facet normal 0 -1 0
    outer loop
      vertex -177.114 -196 7.8
      vertex -174.17 -196 9.5
      vertex -177.274 -196 8.02846
    endloop
  endfacet
  facet normal 0 -1 -0
    outer loop
      vertex -174.17 -196 9.5
      vertex -177.114 -196 7.8
      vertex -173.802 -196 8.7101
    endloop
  endfacet
  facet normal 0 -1 0
    outer loop
      vertex -176.996 -196 7.54723
      vertex -173.802 -196 8.7101
      vertex -177.114 -196 7.8
    endloop
  endfacet
  facet normal 0 -1 -0
    outer loop
      vertex -173.802 -196 8.7101
      vertex -176.996 -196 7.54723
      vertex -173.576 -196 7.86824
    endloop
  endfacet
  facet normal 0 -1 0
    outer loop
      vertex -176.924 -196 7.27784
      vertex -173.576 -196 7.86824
      vertex -176.996 -196 7.54723
    endloop
  endfacet
  facet normal 0 -1 0
    outer loop
      vertex -176.9 -196 7
      vertex -173.576 -196 7.86824
      vertex -176.924 -196 7.27784
    endloop
  endfacet
  facet normal 0 -1 -0
    outer loop
      vertex -173.576 -196 7.86824
      vertex -176.9 -196 7
      vertex -173.5 -196 7
    endloop
  endfacet
  facet normal 0 -1 0
    outer loop
      vertex -181 -196 2.66987
      vertex -179.3 -196 5.61436
      vertex -181.714 -196 3.16978
    endloop
  endfacet
  facet normal 0 -1 -0
    outer loop
      vertex -179.3 -196 5.61436
      vertex -181 -196 2.66987
      vertex -179.047 -196 5.49649
    endloop
  endfacet
  facet normal 0 -1 0
    outer loop
      vertex -180.21 -196 2.30154
      vertex -179.047 -196 5.49649
      vertex -181 -196 2.66987
    endloop
  endfacet
  facet normal -0 -1 0
    outer loop
      vertex -178 -196 3
      vertex -179.047 -196 5.49649
      vertex -180.21 -196 2.30154
    endloop
  endfacet
  facet normal 0 -1 0
    outer loop
      vertex -179.047 -196 5.49649
      vertex -178 -196 3
      vertex -178.778 -196 5.42431
    endloop
  endfacet
  facet normal 0 -1 0
    outer loop
      vertex -178.778 -196 5.42431
      vertex -178 -196 3
      vertex -178.5 -196 5.4
    endloop
  endfacet
  facet normal 0 -1 0
    outer loop
      vertex -178.5 -196 5.4
      vertex -178 -196 3
      vertex -178.222 -196 5.42431
    endloop
  endfacet
  facet normal 0 -1 0
    outer loop
      vertex -178.222 -196 5.42431
      vertex -178 -196 3
      vertex -178 -196 5.48384
    endloop
  endfacet
  facet normal 0 -1 0
    outer loop
      vertex -179.368 -196 2.07596
      vertex -178 -196 3
      vertex -180.21 -196 2.30154
    endloop
  endfacet
  facet normal -0 -1 0
    outer loop
      vertex -176 -196 2.66987
      vertex -178 -196 3
      vertex -176.79 -196 2.30154
    endloop
  endfacet
  facet normal 0 -1 0
    outer loop
      vertex -178 -196 3
      vertex -176 -196 2.66987
      vertex -175.529 -196 3
    endloop
  endfacet
  facet normal 0 -1 0
    outer loop
      vertex -178.5 -196 2
      vertex -178 -196 3
      vertex -179.368 -196 2.07596
    endloop
  endfacet
  facet normal 0 -1 0
    outer loop
      vertex -178 -196 3
      vertex -177.632 -196 2.07596
      vertex -176.79 -196 2.30154
    endloop
  endfacet
  facet normal 0 -1 -0
    outer loop
      vertex -178 -196 3
      vertex -178.5 -196 2
      vertex -177.632 -196 2.07596
    endloop
  endfacet
  facet normal -0.906456 0 -0.422301
    outer loop
      vertex -182.83 -196 4.5
      vertex -183.198 -190 5.2899
      vertex -182.83 -190 4.5
    endloop
  endfacet
  facet normal -0.906456 -0 -0.422301
    outer loop
      vertex -183.198 -190 5.2899
      vertex -182.83 -196 4.5
      vertex -183.198 -196 5.2899
    endloop
  endfacet
  facet normal 0.422568 -3.83522e-19 -0.906331
    outer loop
      vertex -176.79 -196 2.30154
      vertex -176 -190 2.66987
      vertex -176 -196 2.66987
    endloop
  endfacet
  facet normal 0.422568 -3.83522e-19 -0.906331
    outer loop
      vertex -176 -190 2.66987
      vertex -176.79 -196 2.30154
      vertex -176.79 -190 2.30154
    endloop
  endfacet
  facet normal -0.422568 3.83522e-19 -0.906331
    outer loop
      vertex -181 -196 2.66987
      vertex -180.21 -190 2.30154
      vertex -180.21 -196 2.30154
    endloop
  endfacet
  facet normal -0.422568 3.83522e-19 -0.906331
    outer loop
      vertex -180.21 -190 2.30154
      vertex -181 -196 2.66987
      vertex -181 -190 2.66987
    endloop
  endfacet
  facet normal -0.707267 0 -0.706946
    outer loop
      vertex -181.714 -196 3.16978
      vertex -182.33 -190 3.78606
      vertex -181.714 -190 3.16978
    endloop
  endfacet
  facet normal -0.707267 -0 -0.706946
    outer loop
      vertex -182.33 -190 3.78606
      vertex -181.714 -196 3.16978
      vertex -182.33 -196 3.78606
    endloop
  endfacet
  facet normal -0.573547 -1.92805e-18 -0.819173
    outer loop
      vertex -181.714 -196 3.16978
      vertex -181 -190 2.66987
      vertex -181 -196 2.66987
    endloop
  endfacet
  facet normal -0.573547 -1.92805e-18 -0.819173
    outer loop
      vertex -181 -190 2.66987
      vertex -181.714 -196 3.16978
      vertex -181.714 -190 3.16978
    endloop
  endfacet
  facet normal 0 1 0
    outer loop
      vertex -175.529 -190 3
      vertex -176 -190 2.66987
      vertex -178 -190 3
    endloop
  endfacet
  facet normal 0 1 0
    outer loop
      vertex -179.886 -190 6.2
      vertex -182.83 -190 4.5
      vertex -183.198 -190 5.2899
    endloop
  endfacet
  facet normal 0 1 0
    outer loop
      vertex -178 -190 3
      vertex -178.5 -190 5.4
      vertex -178.222 -190 5.42431
    endloop
  endfacet
  facet normal 0 1 0
    outer loop
      vertex -178.778 -190 5.42431
      vertex -182.33 -190 3.78606
      vertex -182.83 -190 4.5
    endloop
  endfacet
  facet normal 0 1 -0
    outer loop
      vertex -178 -190 3
      vertex -178.222 -190 5.42431
      vertex -178 -190 5.48384
    endloop
  endfacet
  facet normal 0 1 0
    outer loop
      vertex -178.778 -190 5.42431
      vertex -181.714 -190 3.16978
      vertex -182.33 -190 3.78606
    endloop
  endfacet
  facet normal 0 1 0
    outer loop
      vertex -178.778 -190 5.42431
      vertex -178 -190 3
      vertex -180.21 -190 2.30154
    endloop
  endfacet
  facet normal 0 1 -0
    outer loop
      vertex -176.79 -190 2.30154
      vertex -178 -190 3
      vertex -176 -190 2.66987
    endloop
  endfacet
  facet normal 0 1 0
    outer loop
      vertex -178.778 -190 5.42431
      vertex -181 -190 2.66987
      vertex -181.714 -190 3.16978
    endloop
  endfacet
  facet normal 0 1 -0
    outer loop
      vertex -177.632 -190 2.07596
      vertex -178 -190 3
      vertex -176.79 -190 2.30154
    endloop
  endfacet
  facet normal 0 1 0
    outer loop
      vertex -178.778 -190 5.42431
      vertex -180.21 -190 2.30154
      vertex -181 -190 2.66987
    endloop
  endfacet
  facet normal 0 1 0
    outer loop
      vertex -178.5 -190 2
      vertex -178 -190 3
      vertex -177.632 -190 2.07596
    endloop
  endfacet
  facet normal 0 1 0
    outer loop
      vertex -178 -190 3
      vertex -179.368 -190 2.07596
      vertex -180.21 -190 2.30154
    endloop
  endfacet
  facet normal 0 1 0
    outer loop
      vertex -178 -190 3
      vertex -178.5 -190 2
      vertex -179.368 -190 2.07596
    endloop
  endfacet
  facet normal 0 1 0
    outer loop
      vertex -178.5 -190 8.6
      vertex -178.5 -190 12
      vertex -177.632 -190 11.924
    endloop
  endfacet
  facet normal 0 1 0
    outer loop
      vertex -178.222 -190 8.57569
      vertex -177.632 -190 11.924
      vertex -176.79 -190 11.6985
    endloop
  endfacet
  facet normal 0 1 0
    outer loop
      vertex -178.5 -190 12
      vertex -178.5 -190 8.6
      vertex -179.368 -190 11.924
    endloop
  endfacet
  facet normal 0 1 0
    outer loop
      vertex -177.953 -190 8.50351
      vertex -176.79 -190 11.6985
      vertex -176 -190 11.3301
    endloop
  endfacet
  facet normal 0 1 -0
    outer loop
      vertex -178.778 -190 8.57569
      vertex -179.368 -190 11.924
      vertex -178.5 -190 8.6
    endloop
  endfacet
  facet normal 0 1 0
    outer loop
      vertex -177.7 -190 8.38564
      vertex -176 -190 11.3301
      vertex -175.286 -190 10.8302
    endloop
  endfacet
  facet normal 0 1 0
    outer loop
      vertex -179.368 -190 11.924
      vertex -178.778 -190 8.57569
      vertex -180.21 -190 11.6985
    endloop
  endfacet
  facet normal 0 1 0
    outer loop
      vertex -177.472 -190 8.22567
      vertex -175.286 -190 10.8302
      vertex -174.67 -190 10.2139
    endloop
  endfacet
  facet normal 0 1 -0
    outer loop
      vertex -179.047 -190 8.50351
      vertex -180.21 -190 11.6985
      vertex -178.778 -190 8.57569
    endloop
  endfacet
  facet normal 0 1 0
    outer loop
      vertex -177.274 -190 8.02846
      vertex -174.67 -190 10.2139
      vertex -174.17 -190 9.5
    endloop
  endfacet
  facet normal 0 1 0
    outer loop
      vertex -180.21 -190 11.6985
      vertex -179.047 -190 8.50351
      vertex -181 -190 11.3301
    endloop
  endfacet
  facet normal 0 1 0
    outer loop
      vertex -177.114 -190 7.8
      vertex -174.17 -190 9.5
      vertex -173.802 -190 8.7101
    endloop
  endfacet
  facet normal 0 1 -0
    outer loop
      vertex -179.3 -190 8.38564
      vertex -181 -190 11.3301
      vertex -179.047 -190 8.50351
    endloop
  endfacet
  facet normal 0 1 0
    outer loop
      vertex -181 -190 11.3301
      vertex -179.3 -190 8.38564
      vertex -181.714 -190 10.8302
    endloop
  endfacet
  facet normal 0 1 0
    outer loop
      vertex -177.632 -190 11.924
      vertex -178.222 -190 8.57569
      vertex -178.5 -190 8.6
    endloop
  endfacet
  facet normal 0 1 0
    outer loop
      vertex -176.79 -190 11.6985
      vertex -177.953 -190 8.50351
      vertex -178.222 -190 8.57569
    endloop
  endfacet
  facet normal 0 1 0
    outer loop
      vertex -176 -190 11.3301
      vertex -177.7 -190 8.38564
      vertex -177.953 -190 8.50351
    endloop
  endfacet
  facet normal 0 1 0
    outer loop
      vertex -175.286 -190 10.8302
      vertex -177.472 -190 8.22567
      vertex -177.7 -190 8.38564
    endloop
  endfacet
  facet normal 0 1 0
    outer loop
      vertex -174.67 -190 10.2139
      vertex -177.274 -190 8.02846
      vertex -177.472 -190 8.22567
    endloop
  endfacet
  facet normal 0 1 0
    outer loop
      vertex -176.996 -190 7.54723
      vertex -173.802 -190 8.7101
      vertex -173.576 -190 7.86824
    endloop
  endfacet
  facet normal 0 1 0
    outer loop
      vertex -174.17 -190 9.5
      vertex -177.114 -190 7.8
      vertex -177.274 -190 8.02846
    endloop
  endfacet
  facet normal 0 1 0
    outer loop
      vertex -173.802 -190 8.7101
      vertex -176.996 -190 7.54723
      vertex -177.114 -190 7.8
    endloop
  endfacet
  facet normal 0 1 0
    outer loop
      vertex -173.576 -190 7.86824
      vertex -176.924 -190 7.27784
      vertex -176.996 -190 7.54723
    endloop
  endfacet
  facet normal 0 1 0
    outer loop
      vertex -173.5 -190 7
      vertex -176.924 -190 7.27784
      vertex -173.576 -190 7.86824
    endloop
  endfacet
  facet normal 0 1 0
    outer loop
      vertex -176.924 -190 7.27784
      vertex -173.5 -190 7
      vertex -176.9 -190 7
    endloop
  endfacet
  facet normal 0 1 -0
    outer loop
      vertex -179.528 -190 8.22567
      vertex -181.714 -190 10.8302
      vertex -179.3 -190 8.38564
    endloop
  endfacet
  facet normal 0 1 0
    outer loop
      vertex -181.714 -190 10.8302
      vertex -179.528 -190 8.22567
      vertex -182.33 -190 10.2139
    endloop
  endfacet
  facet normal 0 1 -0
    outer loop
      vertex -179.726 -190 8.02846
      vertex -182.33 -190 10.2139
      vertex -179.528 -190 8.22567
    endloop
  endfacet
  facet normal 0 1 0
    outer loop
      vertex -182.33 -190 10.2139
      vertex -179.726 -190 8.02846
      vertex -182.83 -190 9.5
    endloop
  endfacet
  facet normal 0 1 -0
    outer loop
      vertex -179.886 -190 7.8
      vertex -182.83 -190 9.5
      vertex -179.726 -190 8.02846
    endloop
  endfacet
  facet normal 0 1 0
    outer loop
      vertex -182.83 -190 9.5
      vertex -179.886 -190 7.8
      vertex -183.198 -190 8.7101
    endloop
  endfacet
  facet normal 0 1 -0
    outer loop
      vertex -180.004 -190 7.54723
      vertex -183.198 -190 8.7101
      vertex -179.886 -190 7.8
    endloop
  endfacet
  facet normal 0 1 0
    outer loop
      vertex -183.198 -190 8.7101
      vertex -180.004 -190 7.54723
      vertex -183.424 -190 7.86824
    endloop
  endfacet
  facet normal 0 1 -0
    outer loop
      vertex -180.076 -190 7.27784
      vertex -183.424 -190 7.86824
      vertex -180.004 -190 7.54723
    endloop
  endfacet
  facet normal 0 1 -0
    outer loop
      vertex -180.1 -190 7
      vertex -183.424 -190 7.86824
      vertex -180.076 -190 7.27784
    endloop
  endfacet
  facet normal 0 1 0
    outer loop
      vertex -180.1 -190 7
      vertex -183.5 -190 7
      vertex -183.424 -190 7.86824
    endloop
  endfacet
  facet normal 0 1 0
    outer loop
      vertex -180.076 -190 6.72216
      vertex -183.5 -190 7
      vertex -180.1 -190 7
    endloop
  endfacet
  facet normal 0 1 0
    outer loop
      vertex -183.424 -190 6.13176
      vertex -180.076 -190 6.72216
      vertex -180.004 -190 6.45277
    endloop
  endfacet
  facet normal 0 1 0
    outer loop
      vertex -183.198 -190 5.2899
      vertex -180.004 -190 6.45277
      vertex -179.886 -190 6.2
    endloop
  endfacet
  facet normal 0 1 0
    outer loop
      vertex -180.076 -190 6.72216
      vertex -183.424 -190 6.13176
      vertex -183.5 -190 7
    endloop
  endfacet
  facet normal 0 1 0
    outer loop
      vertex -182.83 -190 4.5
      vertex -179.886 -190 6.2
      vertex -179.726 -190 5.97154
    endloop
  endfacet
  facet normal 0 1 0
    outer loop
      vertex -182.83 -190 4.5
      vertex -179.726 -190 5.97154
      vertex -179.528 -190 5.77433
    endloop
  endfacet
  facet normal 0 1 0
    outer loop
      vertex -182.83 -190 4.5
      vertex -179.528 -190 5.77433
      vertex -179.3 -190 5.61436
    endloop
  endfacet
  facet normal 0 1 0
    outer loop
      vertex -182.83 -190 4.5
      vertex -179.3 -190 5.61436
      vertex -179.047 -190 5.49649
    endloop
  endfacet
  facet normal 0 1 0
    outer loop
      vertex -182.83 -190 4.5
      vertex -179.047 -190 5.49649
      vertex -178.778 -190 5.42431
    endloop
  endfacet
  facet normal 0 1 0
    outer loop
      vertex -180.004 -190 6.45277
      vertex -183.198 -190 5.2899
      vertex -183.424 -190 6.13176
    endloop
  endfacet
  facet normal 0 1 0
    outer loop
      vertex -178 -190 3
      vertex -178.778 -190 5.42431
      vertex -178.5 -190 5.4
    endloop
  endfacet
  facet normal -0.965804 0 -0.259273
    outer loop
      vertex -183.198 -196 5.2899
      vertex -183.424 -190 6.13176
      vertex -183.198 -190 5.2899
    endloop
  endfacet
  facet normal -0.965804 -0 -0.259273
    outer loop
      vertex -183.424 -190 6.13176
      vertex -183.198 -196 5.2899
      vertex -183.424 -196 6.13176
    endloop
  endfacet
  facet normal 0.996191 -0 0.0872
    outer loop
      vertex -173.576 -140 7.86824
      vertex -173.5 -134 7
      vertex -173.576 -134 7.86824
    endloop
  endfacet
  facet normal 0.996191 0 0.0872
    outer loop
      vertex -173.5 -134 7
      vertex -173.576 -140 7.86824
      vertex -173.5 -140 7
    endloop
  endfacet
  facet normal 0.965804 -0 0.259273
    outer loop
      vertex -173.802 -140 8.7101
      vertex -173.576 -134 7.86824
      vertex -173.802 -134 8.7101
    endloop
  endfacet
  facet normal 0.965804 0 0.259273
    outer loop
      vertex -173.576 -134 7.86824
      vertex -173.802 -140 8.7101
      vertex -173.576 -140 7.86824
    endloop
  endfacet
  facet normal -0.996191 0 0.0872
    outer loop
      vertex -183.5 -140 7
      vertex -183.424 -134 7.86824
      vertex -183.5 -134 7
    endloop
  endfacet
  facet normal -0.996191 0 0.0872
    outer loop
      vertex -183.424 -134 7.86824
      vertex -183.5 -140 7
      vertex -183.424 -140 7.86824
    endloop
  endfacet
  facet normal 0.0872239 -8.33435e-19 0.996189
    outer loop
      vertex -178.5 -134 12
      vertex -177.632 -140 11.924
      vertex -177.632 -134 11.924
    endloop
  endfacet
  facet normal 0.0872239 -8.33435e-19 0.996189
    outer loop
      vertex -177.632 -140 11.924
      vertex -178.5 -134 12
      vertex -178.5 -140 12
    endloop
  endfacet
  facet normal 0.707279 4.60892e-18 0.706935
    outer loop
      vertex -175.286 -134 10.8302
      vertex -174.67 -140 10.2139
      vertex -174.67 -134 10.2139
    endloop
  endfacet
  facet normal 0.707279 4.60892e-18 0.706935
    outer loop
      vertex -174.67 -140 10.2139
      vertex -175.286 -134 10.8302
      vertex -175.286 -140 10.8302
    endloop
  endfacet
  facet normal -0.258698 1.99529e-18 0.965958
    outer loop
      vertex -180.21 -134 11.6985
      vertex -179.368 -140 11.924
      vertex -179.368 -134 11.924
    endloop
  endfacet
  facet normal -0.258698 1.99529e-18 0.965958
    outer loop
      vertex -179.368 -140 11.924
      vertex -180.21 -134 11.6985
      vertex -180.21 -140 11.6985
    endloop
  endfacet
  facet normal 0.906456 -0 0.422301
    outer loop
      vertex -174.17 -140 9.5
      vertex -173.802 -134 8.7101
      vertex -174.17 -134 9.5
    endloop
  endfacet
  facet normal 0.906456 0 0.422301
    outer loop
      vertex -173.802 -134 8.7101
      vertex -174.17 -140 9.5
      vertex -173.802 -140 8.7101
    endloop
  endfacet
  facet normal 0.422634 2.82449e-18 0.9063
    outer loop
      vertex -176.79 -134 11.6985
      vertex -176 -140 11.3301
      vertex -176 -134 11.3301
    endloop
  endfacet
  facet normal 0.422634 2.82449e-18 0.9063
    outer loop
      vertex -176 -140 11.3301
      vertex -176.79 -134 11.6985
      vertex -176.79 -140 11.6985
    endloop
  endfacet
  facet normal 0.573539 -1.45123e-19 0.819178
    outer loop
      vertex -176 -134 11.3301
      vertex -175.286 -140 10.8302
      vertex -175.286 -134 10.8302
    endloop
  endfacet
  facet normal 0.573539 -1.45123e-19 0.819178
    outer loop
      vertex -175.286 -140 10.8302
      vertex -176 -134 11.3301
      vertex -176 -140 11.3301
    endloop
  endfacet
  facet normal -0.819086 0 0.57367
    outer loop
      vertex -182.83 -140 9.5
      vertex -182.33 -134 10.2139
      vertex -182.83 -134 9.5
    endloop
  endfacet
  facet normal -0.819086 0 0.57367
    outer loop
      vertex -182.33 -134 10.2139
      vertex -182.83 -140 9.5
      vertex -182.33 -140 10.2139
    endloop
  endfacet
  facet normal -0.707279 0 0.706935
    outer loop
      vertex -182.33 -140 10.2139
      vertex -181.714 -134 10.8302
      vertex -182.33 -134 10.2139
    endloop
  endfacet
  facet normal -0.707279 0 0.706935
    outer loop
      vertex -181.714 -134 10.8302
      vertex -182.33 -140 10.2139
      vertex -181.714 -140 10.8302
    endloop
  endfacet
  facet normal -0.0872239 8.33435e-19 0.996189
    outer loop
      vertex -179.368 -134 11.924
      vertex -178.5 -140 12
      vertex -178.5 -134 12
    endloop
  endfacet
  facet normal -0.0872239 8.33435e-19 0.996189
    outer loop
      vertex -178.5 -140 12
      vertex -179.368 -134 11.924
      vertex -179.368 -140 11.924
    endloop
  endfacet
  facet normal -0.965804 0 -0.259273
    outer loop
      vertex -183.198 -140 5.2899
      vertex -183.424 -134 6.13176
      vertex -183.198 -134 5.2899
    endloop
  endfacet
  facet normal -0.965804 -0 -0.259273
    outer loop
      vertex -183.424 -134 6.13176
      vertex -183.198 -140 5.2899
      vertex -183.424 -140 6.13176
    endloop
  endfacet
  facet normal 0.0871783 8.59362e-19 -0.996193
    outer loop
      vertex -178.5 -140 2
      vertex -177.632 -134 2.07596
      vertex -177.632 -140 2.07596
    endloop
  endfacet
  facet normal 0.0871783 8.59362e-19 -0.996193
    outer loop
      vertex -177.632 -134 2.07596
      vertex -178.5 -140 2
      vertex -178.5 -134 2
    endloop
  endfacet
  facet normal 0.819086 -0 0.57367
    outer loop
      vertex -174.67 -140 10.2139
      vertex -174.17 -134 9.5
      vertex -174.67 -134 10.2139
    endloop
  endfacet
  facet normal 0.819086 0 0.57367
    outer loop
      vertex -174.17 -134 9.5
      vertex -174.67 -140 10.2139
      vertex -174.17 -140 9.5
    endloop
  endfacet
  facet normal 0.258698 -1.99529e-18 0.965958
    outer loop
      vertex -177.632 -134 11.924
      vertex -176.79 -140 11.6985
      vertex -176.79 -134 11.6985
    endloop
  endfacet
  facet normal 0.258698 -1.99529e-18 0.965958
    outer loop
      vertex -176.79 -140 11.6985
      vertex -177.632 -134 11.924
      vertex -177.632 -140 11.924
    endloop
  endfacet
  facet normal -0.906456 0 0.422301
    outer loop
      vertex -183.198 -140 8.7101
      vertex -182.83 -134 9.5
      vertex -183.198 -134 8.7101
    endloop
  endfacet
  facet normal -0.906456 0 0.422301
    outer loop
      vertex -182.83 -134 9.5
      vertex -183.198 -140 8.7101
      vertex -182.83 -140 9.5
    endloop
  endfacet
  facet normal -0.965804 0 0.259273
    outer loop
      vertex -183.424 -140 7.86824
      vertex -183.198 -134 8.7101
      vertex -183.424 -134 7.86824
    endloop
  endfacet
  facet normal -0.965804 0 0.259273
    outer loop
      vertex -183.198 -134 8.7101
      vertex -183.424 -140 7.86824
      vertex -183.198 -140 8.7101
    endloop
  endfacet
  facet normal -0.422634 -2.82449e-18 0.9063
    outer loop
      vertex -181 -134 11.3301
      vertex -180.21 -140 11.6985
      vertex -180.21 -134 11.6985
    endloop
  endfacet
  facet normal -0.422634 -2.82449e-18 0.9063
    outer loop
      vertex -180.21 -140 11.6985
      vertex -181 -134 11.3301
      vertex -181 -140 11.3301
    endloop
  endfacet
  facet normal -0.573539 1.45123e-19 0.819178
    outer loop
      vertex -181.714 -134 10.8302
      vertex -181 -140 11.3301
      vertex -181 -134 11.3301
    endloop
  endfacet
  facet normal -0.573539 1.45123e-19 0.819178
    outer loop
      vertex -181 -140 11.3301
      vertex -181.714 -134 10.8302
      vertex -181.714 -140 10.8302
    endloop
  endfacet
  facet normal 0.573964 3.48331e-18 -0.818881
    outer loop
      vertex -176 -140 2.66987
      vertex -175.529 -134 3
      vertex -175.529 -140 3
    endloop
  endfacet
  facet normal 0.573964 3.48331e-18 -0.818881
    outer loop
      vertex -175.529 -134 3
      vertex -176 -140 2.66987
      vertex -176 -134 2.66987
    endloop
  endfacet
  facet normal -0.0871783 -8.59362e-19 -0.996193
    outer loop
      vertex -179.368 -140 2.07596
      vertex -178.5 -134 2
      vertex -178.5 -140 2
    endloop
  endfacet
  facet normal -0.0871783 -8.59362e-19 -0.996193
    outer loop
      vertex -178.5 -134 2
      vertex -179.368 -140 2.07596
      vertex -179.368 -134 2.07596
    endloop
  endfacet
  facet normal -0.819101 0 -0.573649
    outer loop
      vertex -182.33 -140 3.78606
      vertex -182.83 -134 4.5
      vertex -182.33 -134 3.78606
    endloop
  endfacet
  facet normal -0.819101 -0 -0.573649
    outer loop
      vertex -182.83 -134 4.5
      vertex -182.33 -140 3.78606
      vertex -182.83 -140 4.5
    endloop
  endfacet
  facet normal -0.996191 0 -0.0872
    outer loop
      vertex -183.424 -140 6.13176
      vertex -183.5 -134 7
      vertex -183.424 -134 6.13176
    endloop
  endfacet
  facet normal -0.996191 -0 -0.0872
    outer loop
      vertex -183.5 -134 7
      vertex -183.424 -140 6.13176
      vertex -183.5 -140 7
    endloop
  endfacet
  facet normal 0.258783 2.64564e-18 -0.965935
    outer loop
      vertex -177.632 -140 2.07596
      vertex -176.79 -134 2.30154
      vertex -176.79 -140 2.30154
    endloop
  endfacet
  facet normal 0.258783 2.64564e-18 -0.965935
    outer loop
      vertex -176.79 -134 2.30154
      vertex -177.632 -140 2.07596
      vertex -177.632 -134 2.07596
    endloop
  endfacet
  facet normal 0 -1 0
    outer loop
      vertex -178.5 -140 8.6
      vertex -178.5 -140 12
      vertex -179.368 -140 11.924
    endloop
  endfacet
  facet normal 0 -1 0
    outer loop
      vertex -178.778 -140 8.57569
      vertex -179.368 -140 11.924
      vertex -180.21 -140 11.6985
    endloop
  endfacet
  facet normal 0 -1 0
    outer loop
      vertex -178.5 -140 12
      vertex -178.5 -140 8.6
      vertex -177.632 -140 11.924
    endloop
  endfacet
  facet normal 0 -1 0
    outer loop
      vertex -179.047 -140 8.50351
      vertex -180.21 -140 11.6985
      vertex -181 -140 11.3301
    endloop
  endfacet
  facet normal 0 -1 0
    outer loop
      vertex -178.222 -140 8.57569
      vertex -177.632 -140 11.924
      vertex -178.5 -140 8.6
    endloop
  endfacet
  facet normal 0 -1 0
    outer loop
      vertex -179.3 -140 8.38564
      vertex -181 -140 11.3301
      vertex -181.714 -140 10.8302
    endloop
  endfacet
  facet normal 0 -1 -0
    outer loop
      vertex -177.632 -140 11.924
      vertex -178.222 -140 8.57569
      vertex -176.79 -140 11.6985
    endloop
  endfacet
  facet normal 0 -1 0
    outer loop
      vertex -179.528 -140 8.22567
      vertex -181.714 -140 10.8302
      vertex -182.33 -140 10.2139
    endloop
  endfacet
  facet normal 0 -1 0
    outer loop
      vertex -177.953 -140 8.50351
      vertex -176.79 -140 11.6985
      vertex -178.222 -140 8.57569
    endloop
  endfacet
  facet normal 0 -1 0
    outer loop
      vertex -179.726 -140 8.02846
      vertex -182.33 -140 10.2139
      vertex -182.83 -140 9.5
    endloop
  endfacet
  facet normal 0 -1 -0
    outer loop
      vertex -176.79 -140 11.6985
      vertex -177.953 -140 8.50351
      vertex -176 -140 11.3301
    endloop
  endfacet
  facet normal 0 -1 0
    outer loop
      vertex -179.886 -140 7.8
      vertex -182.83 -140 9.5
      vertex -183.198 -140 8.7101
    endloop
  endfacet
  facet normal 0 -1 0
    outer loop
      vertex -177.7 -140 8.38564
      vertex -176 -140 11.3301
      vertex -177.953 -140 8.50351
    endloop
  endfacet
  facet normal 0 -1 -0
    outer loop
      vertex -176 -140 11.3301
      vertex -177.7 -140 8.38564
      vertex -175.286 -140 10.8302
    endloop
  endfacet
  facet normal 0 -1 0
    outer loop
      vertex -179.368 -140 11.924
      vertex -178.778 -140 8.57569
      vertex -178.5 -140 8.6
    endloop
  endfacet
  facet normal 0 -1 0
    outer loop
      vertex -180.21 -140 11.6985
      vertex -179.047 -140 8.50351
      vertex -178.778 -140 8.57569
    endloop
  endfacet
  facet normal 0 -1 0
    outer loop
      vertex -181 -140 11.3301
      vertex -179.3 -140 8.38564
      vertex -179.047 -140 8.50351
    endloop
  endfacet
  facet normal 0 -1 0
    outer loop
      vertex -181.714 -140 10.8302
      vertex -179.528 -140 8.22567
      vertex -179.3 -140 8.38564
    endloop
  endfacet
  facet normal 0 -1 0
    outer loop
      vertex -182.33 -140 10.2139
      vertex -179.726 -140 8.02846
      vertex -179.528 -140 8.22567
    endloop
  endfacet
  facet normal 0 -1 0
    outer loop
      vertex -180.004 -140 7.54723
      vertex -183.198 -140 8.7101
      vertex -183.424 -140 7.86824
    endloop
  endfacet
  facet normal 0 -1 0
    outer loop
      vertex -182.83 -140 9.5
      vertex -179.886 -140 7.8
      vertex -179.726 -140 8.02846
    endloop
  endfacet
  facet normal 0 -1 0
    outer loop
      vertex -183.198 -140 8.7101
      vertex -180.004 -140 7.54723
      vertex -179.886 -140 7.8
    endloop
  endfacet
  facet normal 0 -1 0
    outer loop
      vertex -183.424 -140 7.86824
      vertex -180.076 -140 7.27784
      vertex -180.004 -140 7.54723
    endloop
  endfacet
  facet normal 0 -1 0
    outer loop
      vertex -183.5 -140 7
      vertex -180.076 -140 7.27784
      vertex -183.424 -140 7.86824
    endloop
  endfacet
  facet normal 0 -1 0
    outer loop
      vertex -183.5 -140 7
      vertex -180.1 -140 7
      vertex -180.076 -140 7.27784
    endloop
  endfacet
  facet normal 0 -1 0
    outer loop
      vertex -183.5 -140 7
      vertex -180.076 -140 6.72216
      vertex -180.1 -140 7
    endloop
  endfacet
  facet normal 0 -1 0
    outer loop
      vertex -183.424 -140 6.13176
      vertex -180.076 -140 6.72216
      vertex -183.5 -140 7
    endloop
  endfacet
  facet normal 0 -1 -0
    outer loop
      vertex -180.076 -140 6.72216
      vertex -183.424 -140 6.13176
      vertex -180.004 -140 6.45277
    endloop
  endfacet
  facet normal 0 -1 0
    outer loop
      vertex -183.198 -140 5.2899
      vertex -180.004 -140 6.45277
      vertex -183.424 -140 6.13176
    endloop
  endfacet
  facet normal 0 -1 -0
    outer loop
      vertex -180.004 -140 6.45277
      vertex -183.198 -140 5.2899
      vertex -179.886 -140 6.2
    endloop
  endfacet
  facet normal 0 -1 0
    outer loop
      vertex -182.83 -140 4.5
      vertex -179.886 -140 6.2
      vertex -183.198 -140 5.2899
    endloop
  endfacet
  facet normal 0 -1 -0
    outer loop
      vertex -179.886 -140 6.2
      vertex -182.83 -140 4.5
      vertex -179.726 -140 5.97154
    endloop
  endfacet
  facet normal 0 -1 0
    outer loop
      vertex -182.33 -140 3.78606
      vertex -179.726 -140 5.97154
      vertex -182.83 -140 4.5
    endloop
  endfacet
  facet normal 0 -1 -0
    outer loop
      vertex -179.726 -140 5.97154
      vertex -182.33 -140 3.78606
      vertex -179.528 -140 5.77433
    endloop
  endfacet
  facet normal 0 -1 -0
    outer loop
      vertex -179.528 -140 5.77433
      vertex -181.714 -140 3.16978
      vertex -179.3 -140 5.61436
    endloop
  endfacet
  facet normal 0 -1 0
    outer loop
      vertex -181.714 -140 3.16978
      vertex -179.528 -140 5.77433
      vertex -182.33 -140 3.78606
    endloop
  endfacet
  facet normal 0 -1 0
    outer loop
      vertex -177.472 -140 8.22567
      vertex -175.286 -140 10.8302
      vertex -177.7 -140 8.38564
    endloop
  endfacet
  facet normal 0 -1 -0
    outer loop
      vertex -175.286 -140 10.8302
      vertex -177.472 -140 8.22567
      vertex -174.67 -140 10.2139
    endloop
  endfacet
  facet normal 0 -1 0
    outer loop
      vertex -177.274 -140 8.02846
      vertex -174.67 -140 10.2139
      vertex -177.472 -140 8.22567
    endloop
  endfacet
  facet normal 0 -1 -0
    outer loop
      vertex -174.67 -140 10.2139
      vertex -177.274 -140 8.02846
      vertex -174.17 -140 9.5
    endloop
  endfacet
  facet normal 0 -1 0
    outer loop
      vertex -177.114 -140 7.8
      vertex -174.17 -140 9.5
      vertex -177.274 -140 8.02846
    endloop
  endfacet
  facet normal 0 -1 -0
    outer loop
      vertex -174.17 -140 9.5
      vertex -177.114 -140 7.8
      vertex -173.802 -140 8.7101
    endloop
  endfacet
  facet normal 0 -1 0
    outer loop
      vertex -176.996 -140 7.54723
      vertex -173.802 -140 8.7101
      vertex -177.114 -140 7.8
    endloop
  endfacet
  facet normal 0 -1 -0
    outer loop
      vertex -173.802 -140 8.7101
      vertex -176.996 -140 7.54723
      vertex -173.576 -140 7.86824
    endloop
  endfacet
  facet normal 0 -1 0
    outer loop
      vertex -176.924 -140 7.27784
      vertex -173.576 -140 7.86824
      vertex -176.996 -140 7.54723
    endloop
  endfacet
  facet normal 0 -1 0
    outer loop
      vertex -176.9 -140 7
      vertex -173.576 -140 7.86824
      vertex -176.924 -140 7.27784
    endloop
  endfacet
  facet normal 0 -1 -0
    outer loop
      vertex -173.576 -140 7.86824
      vertex -176.9 -140 7
      vertex -173.5 -140 7
    endloop
  endfacet
  facet normal 0 -1 0
    outer loop
      vertex -181 -140 2.66987
      vertex -179.3 -140 5.61436
      vertex -181.714 -140 3.16978
    endloop
  endfacet
  facet normal 0 -1 -0
    outer loop
      vertex -179.3 -140 5.61436
      vertex -181 -140 2.66987
      vertex -179.047 -140 5.49649
    endloop
  endfacet
  facet normal 0 -1 0
    outer loop
      vertex -180.21 -140 2.30154
      vertex -179.047 -140 5.49649
      vertex -181 -140 2.66987
    endloop
  endfacet
  facet normal -0 -1 0
    outer loop
      vertex -178 -140 3
      vertex -179.047 -140 5.49649
      vertex -180.21 -140 2.30154
    endloop
  endfacet
  facet normal 0 -1 0
    outer loop
      vertex -179.047 -140 5.49649
      vertex -178 -140 3
      vertex -178.778 -140 5.42431
    endloop
  endfacet
  facet normal 0 -1 0
    outer loop
      vertex -178.778 -140 5.42431
      vertex -178 -140 3
      vertex -178.5 -140 5.4
    endloop
  endfacet
  facet normal 0 -1 0
    outer loop
      vertex -178.5 -140 5.4
      vertex -178 -140 3
      vertex -178.222 -140 5.42431
    endloop
  endfacet
  facet normal 0 -1 0
    outer loop
      vertex -178.222 -140 5.42431
      vertex -178 -140 3
      vertex -178 -140 5.48384
    endloop
  endfacet
  facet normal 0 -1 0
    outer loop
      vertex -179.368 -140 2.07596
      vertex -178 -140 3
      vertex -180.21 -140 2.30154
    endloop
  endfacet
  facet normal -0 -1 0
    outer loop
      vertex -176 -140 2.66987
      vertex -178 -140 3
      vertex -176.79 -140 2.30154
    endloop
  endfacet
  facet normal 0 -1 0
    outer loop
      vertex -178 -140 3
      vertex -176 -140 2.66987
      vertex -175.529 -140 3
    endloop
  endfacet
  facet normal 0 -1 0
    outer loop
      vertex -178.5 -140 2
      vertex -178 -140 3
      vertex -179.368 -140 2.07596
    endloop
  endfacet
  facet normal 0 -1 0
    outer loop
      vertex -178 -140 3
      vertex -177.632 -140 2.07596
      vertex -176.79 -140 2.30154
    endloop
  endfacet
  facet normal 0 -1 -0
    outer loop
      vertex -178 -140 3
      vertex -178.5 -140 2
      vertex -177.632 -140 2.07596
    endloop
  endfacet
  facet normal -0.906456 0 -0.422301
    outer loop
      vertex -182.83 -140 4.5
      vertex -183.198 -134 5.2899
      vertex -182.83 -134 4.5
    endloop
  endfacet
  facet normal -0.906456 -0 -0.422301
    outer loop
      vertex -183.198 -134 5.2899
      vertex -182.83 -140 4.5
      vertex -183.198 -140 5.2899
    endloop
  endfacet
  facet normal 0.422568 -3.83522e-19 -0.906331
    outer loop
      vertex -176.79 -140 2.30154
      vertex -176 -134 2.66987
      vertex -176 -140 2.66987
    endloop
  endfacet
  facet normal 0.422568 -3.83522e-19 -0.906331
    outer loop
      vertex -176 -134 2.66987
      vertex -176.79 -140 2.30154
      vertex -176.79 -134 2.30154
    endloop
  endfacet
  facet normal -0.422568 3.83522e-19 -0.906331
    outer loop
      vertex -181 -140 2.66987
      vertex -180.21 -134 2.30154
      vertex -180.21 -140 2.30154
    endloop
  endfacet
  facet normal -0.422568 3.83522e-19 -0.906331
    outer loop
      vertex -180.21 -134 2.30154
      vertex -181 -140 2.66987
      vertex -181 -134 2.66987
    endloop
  endfacet
  facet normal -0.707267 0 -0.706946
    outer loop
      vertex -181.714 -140 3.16978
      vertex -182.33 -134 3.78606
      vertex -181.714 -134 3.16978
    endloop
  endfacet
  facet normal -0.707267 -0 -0.706946
    outer loop
      vertex -182.33 -134 3.78606
      vertex -181.714 -140 3.16978
      vertex -182.33 -140 3.78606
    endloop
  endfacet
  facet normal -0.573547 -1.92805e-18 -0.819173
    outer loop
      vertex -181.714 -140 3.16978
      vertex -181 -134 2.66987
      vertex -181 -140 2.66987
    endloop
  endfacet
  facet normal -0.573547 -1.92805e-18 -0.819173
    outer loop
      vertex -181 -134 2.66987
      vertex -181.714 -140 3.16978
      vertex -181.714 -134 3.16978
    endloop
  endfacet
  facet normal 0 1 0
    outer loop
      vertex -175.529 -134 3
      vertex -176 -134 2.66987
      vertex -178 -134 3
    endloop
  endfacet
  facet normal 0 1 0
    outer loop
      vertex -179.886 -134 6.2
      vertex -182.83 -134 4.5
      vertex -183.198 -134 5.2899
    endloop
  endfacet
  facet normal 0 1 0
    outer loop
      vertex -178 -134 3
      vertex -178.5 -134 5.4
      vertex -178.222 -134 5.42431
    endloop
  endfacet
  facet normal 0 1 0
    outer loop
      vertex -178.778 -134 5.42431
      vertex -182.33 -134 3.78606
      vertex -182.83 -134 4.5
    endloop
  endfacet
  facet normal 0 1 -0
    outer loop
      vertex -178 -134 3
      vertex -178.222 -134 5.42431
      vertex -178 -134 5.48384
    endloop
  endfacet
  facet normal 0 1 0
    outer loop
      vertex -178.778 -134 5.42431
      vertex -181.714 -134 3.16978
      vertex -182.33 -134 3.78606
    endloop
  endfacet
  facet normal 0 1 0
    outer loop
      vertex -178.778 -134 5.42431
      vertex -178 -134 3
      vertex -180.21 -134 2.30154
    endloop
  endfacet
  facet normal 0 1 -0
    outer loop
      vertex -176.79 -134 2.30154
      vertex -178 -134 3
      vertex -176 -134 2.66987
    endloop
  endfacet
  facet normal 0 1 0
    outer loop
      vertex -178.778 -134 5.42431
      vertex -181 -134 2.66987
      vertex -181.714 -134 3.16978
    endloop
  endfacet
  facet normal 0 1 -0
    outer loop
      vertex -177.632 -134 2.07596
      vertex -178 -134 3
      vertex -176.79 -134 2.30154
    endloop
  endfacet
  facet normal 0 1 0
    outer loop
      vertex -178.778 -134 5.42431
      vertex -180.21 -134 2.30154
      vertex -181 -134 2.66987
    endloop
  endfacet
  facet normal 0 1 0
    outer loop
      vertex -178.5 -134 2
      vertex -178 -134 3
      vertex -177.632 -134 2.07596
    endloop
  endfacet
  facet normal 0 1 0
    outer loop
      vertex -178 -134 3
      vertex -179.368 -134 2.07596
      vertex -180.21 -134 2.30154
    endloop
  endfacet
  facet normal 0 1 0
    outer loop
      vertex -178 -134 3
      vertex -178.5 -134 2
      vertex -179.368 -134 2.07596
    endloop
  endfacet
  facet normal 0 1 0
    outer loop
      vertex -178.5 -134 8.6
      vertex -178.5 -134 12
      vertex -177.632 -134 11.924
    endloop
  endfacet
  facet normal 0 1 0
    outer loop
      vertex -178.222 -134 8.57569
      vertex -177.632 -134 11.924
      vertex -176.79 -134 11.6985
    endloop
  endfacet
  facet normal 0 1 0
    outer loop
      vertex -178.5 -134 12
      vertex -178.5 -134 8.6
      vertex -179.368 -134 11.924
    endloop
  endfacet
  facet normal 0 1 0
    outer loop
      vertex -177.953 -134 8.50351
      vertex -176.79 -134 11.6985
      vertex -176 -134 11.3301
    endloop
  endfacet
  facet normal 0 1 -0
    outer loop
      vertex -178.778 -134 8.57569
      vertex -179.368 -134 11.924
      vertex -178.5 -134 8.6
    endloop
  endfacet
  facet normal 0 1 0
    outer loop
      vertex -177.7 -134 8.38564
      vertex -176 -134 11.3301
      vertex -175.286 -134 10.8302
    endloop
  endfacet
  facet normal 0 1 0
    outer loop
      vertex -179.368 -134 11.924
      vertex -178.778 -134 8.57569
      vertex -180.21 -134 11.6985
    endloop
  endfacet
  facet normal 0 1 0
    outer loop
      vertex -177.472 -134 8.22567
      vertex -175.286 -134 10.8302
      vertex -174.67 -134 10.2139
    endloop
  endfacet
  facet normal 0 1 -0
    outer loop
      vertex -179.047 -134 8.50351
      vertex -180.21 -134 11.6985
      vertex -178.778 -134 8.57569
    endloop
  endfacet
  facet normal 0 1 0
    outer loop
      vertex -177.274 -134 8.02846
      vertex -174.67 -134 10.2139
      vertex -174.17 -134 9.5
    endloop
  endfacet
  facet normal 0 1 0
    outer loop
      vertex -180.21 -134 11.6985
      vertex -179.047 -134 8.50351
      vertex -181 -134 11.3301
    endloop
  endfacet
  facet normal 0 1 0
    outer loop
      vertex -177.114 -134 7.8
      vertex -174.17 -134 9.5
      vertex -173.802 -134 8.7101
    endloop
  endfacet
  facet normal 0 1 -0
    outer loop
      vertex -179.3 -134 8.38564
      vertex -181 -134 11.3301
      vertex -179.047 -134 8.50351
    endloop
  endfacet
  facet normal 0 1 0
    outer loop
      vertex -181 -134 11.3301
      vertex -179.3 -134 8.38564
      vertex -181.714 -134 10.8302
    endloop
  endfacet
  facet normal 0 1 0
    outer loop
      vertex -177.632 -134 11.924
      vertex -178.222 -134 8.57569
      vertex -178.5 -134 8.6
    endloop
  endfacet
  facet normal 0 1 0
    outer loop
      vertex -176.79 -134 11.6985
      vertex -177.953 -134 8.50351
      vertex -178.222 -134 8.57569
    endloop
  endfacet
  facet normal 0 1 0
    outer loop
      vertex -176 -134 11.3301
      vertex -177.7 -134 8.38564
      vertex -177.953 -134 8.50351
    endloop
  endfacet
  facet normal 0 1 0
    outer loop
      vertex -175.286 -134 10.8302
      vertex -177.472 -134 8.22567
      vertex -177.7 -134 8.38564
    endloop
  endfacet
  facet normal 0 1 0
    outer loop
      vertex -174.67 -134 10.2139
      vertex -177.274 -134 8.02846
      vertex -177.472 -134 8.22567
    endloop
  endfacet
  facet normal 0 1 0
    outer loop
      vertex -176.996 -134 7.54723
      vertex -173.802 -134 8.7101
      vertex -173.576 -134 7.86824
    endloop
  endfacet
  facet normal 0 1 0
    outer loop
      vertex -174.17 -134 9.5
      vertex -177.114 -134 7.8
      vertex -177.274 -134 8.02846
    endloop
  endfacet
  facet normal 0 1 0
    outer loop
      vertex -173.802 -134 8.7101
      vertex -176.996 -134 7.54723
      vertex -177.114 -134 7.8
    endloop
  endfacet
  facet normal 0 1 0
    outer loop
      vertex -173.576 -134 7.86824
      vertex -176.924 -134 7.27784
      vertex -176.996 -134 7.54723
    endloop
  endfacet
  facet normal 0 1 0
    outer loop
      vertex -173.5 -134 7
      vertex -176.924 -134 7.27784
      vertex -173.576 -134 7.86824
    endloop
  endfacet
  facet normal 0 1 0
    outer loop
      vertex -176.924 -134 7.27784
      vertex -173.5 -134 7
      vertex -176.9 -134 7
    endloop
  endfacet
  facet normal 0 1 -0
    outer loop
      vertex -179.528 -134 8.22567
      vertex -181.714 -134 10.8302
      vertex -179.3 -134 8.38564
    endloop
  endfacet
  facet normal 0 1 0
    outer loop
      vertex -181.714 -134 10.8302
      vertex -179.528 -134 8.22567
      vertex -182.33 -134 10.2139
    endloop
  endfacet
  facet normal 0 1 -0
    outer loop
      vertex -179.726 -134 8.02846
      vertex -182.33 -134 10.2139
      vertex -179.528 -134 8.22567
    endloop
  endfacet
  facet normal 0 1 0
    outer loop
      vertex -182.33 -134 10.2139
      vertex -179.726 -134 8.02846
      vertex -182.83 -134 9.5
    endloop
  endfacet
  facet normal 0 1 -0
    outer loop
      vertex -179.886 -134 7.8
      vertex -182.83 -134 9.5
      vertex -179.726 -134 8.02846
    endloop
  endfacet
  facet normal 0 1 0
    outer loop
      vertex -182.83 -134 9.5
      vertex -179.886 -134 7.8
      vertex -183.198 -134 8.7101
    endloop
  endfacet
  facet normal 0 1 -0
    outer loop
      vertex -180.004 -134 7.54723
      vertex -183.198 -134 8.7101
      vertex -179.886 -134 7.8
    endloop
  endfacet
  facet normal 0 1 0
    outer loop
      vertex -183.198 -134 8.7101
      vertex -180.004 -134 7.54723
      vertex -183.424 -134 7.86824
    endloop
  endfacet
  facet normal 0 1 -0
    outer loop
      vertex -180.076 -134 7.27784
      vertex -183.424 -134 7.86824
      vertex -180.004 -134 7.54723
    endloop
  endfacet
  facet normal 0 1 -0
    outer loop
      vertex -180.1 -134 7
      vertex -183.424 -134 7.86824
      vertex -180.076 -134 7.27784
    endloop
  endfacet
  facet normal 0 1 0
    outer loop
      vertex -180.1 -134 7
      vertex -183.5 -134 7
      vertex -183.424 -134 7.86824
    endloop
  endfacet
  facet normal 0 1 0
    outer loop
      vertex -180.076 -134 6.72216
      vertex -183.5 -134 7
      vertex -180.1 -134 7
    endloop
  endfacet
  facet normal 0 1 0
    outer loop
      vertex -183.424 -134 6.13176
      vertex -180.076 -134 6.72216
      vertex -180.004 -134 6.45277
    endloop
  endfacet
  facet normal 0 1 0
    outer loop
      vertex -183.198 -134 5.2899
      vertex -180.004 -134 6.45277
      vertex -179.886 -134 6.2
    endloop
  endfacet
  facet normal 0 1 0
    outer loop
      vertex -180.076 -134 6.72216
      vertex -183.424 -134 6.13176
      vertex -183.5 -134 7
    endloop
  endfacet
  facet normal 0 1 0
    outer loop
      vertex -182.83 -134 4.5
      vertex -179.886 -134 6.2
      vertex -179.726 -134 5.97154
    endloop
  endfacet
  facet normal 0 1 0
    outer loop
      vertex -182.83 -134 4.5
      vertex -179.726 -134 5.97154
      vertex -179.528 -134 5.77433
    endloop
  endfacet
  facet normal 0 1 0
    outer loop
      vertex -182.83 -134 4.5
      vertex -179.528 -134 5.77433
      vertex -179.3 -134 5.61436
    endloop
  endfacet
  facet normal 0 1 0
    outer loop
      vertex -182.83 -134 4.5
      vertex -179.3 -134 5.61436
      vertex -179.047 -134 5.49649
    endloop
  endfacet
  facet normal 0 1 0
    outer loop
      vertex -182.83 -134 4.5
      vertex -179.047 -134 5.49649
      vertex -178.778 -134 5.42431
    endloop
  endfacet
  facet normal 0 1 0
    outer loop
      vertex -180.004 -134 6.45277
      vertex -183.198 -134 5.2899
      vertex -183.424 -134 6.13176
    endloop
  endfacet
  facet normal 0 1 0
    outer loop
      vertex -178 -134 3
      vertex -178.778 -134 5.42431
      vertex -178.5 -134 5.4
    endloop
  endfacet
  facet normal -0.258783 -2.64564e-18 -0.965935
    outer loop
      vertex -180.21 -140 2.30154
      vertex -179.368 -134 2.07596
      vertex -179.368 -140 2.07596
    endloop
  endfacet
  facet normal -0.258783 -2.64564e-18 -0.965935
    outer loop
      vertex -179.368 -134 2.07596
      vertex -180.21 -140 2.30154
      vertex -180.21 -134 2.30154
    endloop
  endfacet
  facet normal 0.996191 -0 0.0872
    outer loop
      vertex -173.576 -116 7.86824
      vertex -173.5 -110 7
      vertex -173.576 -110 7.86824
    endloop
  endfacet
  facet normal 0.996191 0 0.0872
    outer loop
      vertex -173.5 -110 7
      vertex -173.576 -116 7.86824
      vertex -173.5 -116 7
    endloop
  endfacet
  facet normal 0.906456 -0 0.422301
    outer loop
      vertex -174.17 -116 9.5
      vertex -173.802 -110 8.7101
      vertex -174.17 -110 9.5
    endloop
  endfacet
  facet normal 0.906456 0 0.422301
    outer loop
      vertex -173.802 -110 8.7101
      vertex -174.17 -116 9.5
      vertex -173.802 -116 8.7101
    endloop
  endfacet
  facet normal -0.258698 1.99529e-18 0.965958
    outer loop
      vertex -180.21 -110 11.6985
      vertex -179.368 -116 11.924
      vertex -179.368 -110 11.924
    endloop
  endfacet
  facet normal -0.258698 1.99529e-18 0.965958
    outer loop
      vertex -179.368 -116 11.924
      vertex -180.21 -110 11.6985
      vertex -180.21 -116 11.6985
    endloop
  endfacet
  facet normal -0.819086 0 0.57367
    outer loop
      vertex -182.83 -116 9.5
      vertex -182.33 -110 10.2139
      vertex -182.83 -110 9.5
    endloop
  endfacet
  facet normal -0.819086 0 0.57367
    outer loop
      vertex -182.33 -110 10.2139
      vertex -182.83 -116 9.5
      vertex -182.33 -116 10.2139
    endloop
  endfacet
  facet normal 0.258783 2.64564e-18 -0.965935
    outer loop
      vertex -177.632 -116 2.07596
      vertex -176.79 -110 2.30154
      vertex -176.79 -116 2.30154
    endloop
  endfacet
  facet normal 0.258783 2.64564e-18 -0.965935
    outer loop
      vertex -176.79 -110 2.30154
      vertex -177.632 -116 2.07596
      vertex -177.632 -110 2.07596
    endloop
  endfacet
  facet normal 0.707279 4.60892e-18 0.706935
    outer loop
      vertex -175.286 -110 10.8302
      vertex -174.67 -116 10.2139
      vertex -174.67 -110 10.2139
    endloop
  endfacet
  facet normal 0.707279 4.60892e-18 0.706935
    outer loop
      vertex -174.67 -116 10.2139
      vertex -175.286 -110 10.8302
      vertex -175.286 -116 10.8302
    endloop
  endfacet
  facet normal 0.819086 -0 0.57367
    outer loop
      vertex -174.67 -116 10.2139
      vertex -174.17 -110 9.5
      vertex -174.67 -110 10.2139
    endloop
  endfacet
  facet normal 0.819086 0 0.57367
    outer loop
      vertex -174.17 -110 9.5
      vertex -174.67 -116 10.2139
      vertex -174.17 -116 9.5
    endloop
  endfacet
  facet normal 0.0872239 -8.33435e-19 0.996189
    outer loop
      vertex -178.5 -110 12
      vertex -177.632 -116 11.924
      vertex -177.632 -110 11.924
    endloop
  endfacet
  facet normal 0.0872239 -8.33435e-19 0.996189
    outer loop
      vertex -177.632 -116 11.924
      vertex -178.5 -110 12
      vertex -178.5 -116 12
    endloop
  endfacet
  facet normal -0.707279 0 0.706935
    outer loop
      vertex -182.33 -116 10.2139
      vertex -181.714 -110 10.8302
      vertex -182.33 -110 10.2139
    endloop
  endfacet
  facet normal -0.707279 0 0.706935
    outer loop
      vertex -181.714 -110 10.8302
      vertex -182.33 -116 10.2139
      vertex -181.714 -116 10.8302
    endloop
  endfacet
  facet normal -0.573539 1.45123e-19 0.819178
    outer loop
      vertex -181.714 -110 10.8302
      vertex -181 -116 11.3301
      vertex -181 -110 11.3301
    endloop
  endfacet
  facet normal -0.573539 1.45123e-19 0.819178
    outer loop
      vertex -181 -116 11.3301
      vertex -181.714 -110 10.8302
      vertex -181.714 -116 10.8302
    endloop
  endfacet
  facet normal 0.573964 3.48331e-18 -0.818881
    outer loop
      vertex -176 -116 2.66987
      vertex -175.529 -110 3
      vertex -175.529 -116 3
    endloop
  endfacet
  facet normal 0.573964 3.48331e-18 -0.818881
    outer loop
      vertex -175.529 -110 3
      vertex -176 -116 2.66987
      vertex -176 -110 2.66987
    endloop
  endfacet
  facet normal -0.707267 0 -0.706946
    outer loop
      vertex -181.714 -116 3.16978
      vertex -182.33 -110 3.78606
      vertex -181.714 -110 3.16978
    endloop
  endfacet
  facet normal -0.707267 -0 -0.706946
    outer loop
      vertex -182.33 -110 3.78606
      vertex -181.714 -116 3.16978
      vertex -182.33 -116 3.78606
    endloop
  endfacet
  facet normal 0.0871783 8.59362e-19 -0.996193
    outer loop
      vertex -178.5 -116 2
      vertex -177.632 -110 2.07596
      vertex -177.632 -116 2.07596
    endloop
  endfacet
  facet normal 0.0871783 8.59362e-19 -0.996193
    outer loop
      vertex -177.632 -110 2.07596
      vertex -178.5 -116 2
      vertex -178.5 -110 2
    endloop
  endfacet
  facet normal 0.965804 -0 0.259273
    outer loop
      vertex -173.802 -116 8.7101
      vertex -173.576 -110 7.86824
      vertex -173.802 -110 8.7101
    endloop
  endfacet
  facet normal 0.965804 0 0.259273
    outer loop
      vertex -173.576 -110 7.86824
      vertex -173.802 -116 8.7101
      vertex -173.576 -116 7.86824
    endloop
  endfacet
  facet normal 0.258698 -1.99529e-18 0.965958
    outer loop
      vertex -177.632 -110 11.924
      vertex -176.79 -116 11.6985
      vertex -176.79 -110 11.6985
    endloop
  endfacet
  facet normal 0.258698 -1.99529e-18 0.965958
    outer loop
      vertex -176.79 -116 11.6985
      vertex -177.632 -110 11.924
      vertex -177.632 -116 11.924
    endloop
  endfacet
  facet normal 0.573539 -1.45123e-19 0.819178
    outer loop
      vertex -176 -110 11.3301
      vertex -175.286 -116 10.8302
      vertex -175.286 -110 10.8302
    endloop
  endfacet
  facet normal 0.573539 -1.45123e-19 0.819178
    outer loop
      vertex -175.286 -116 10.8302
      vertex -176 -110 11.3301
      vertex -176 -116 11.3301
    endloop
  endfacet
  facet normal 0.422634 2.82449e-18 0.9063
    outer loop
      vertex -176.79 -110 11.6985
      vertex -176 -116 11.3301
      vertex -176 -110 11.3301
    endloop
  endfacet
  facet normal 0.422634 2.82449e-18 0.9063
    outer loop
      vertex -176 -116 11.3301
      vertex -176.79 -110 11.6985
      vertex -176.79 -116 11.6985
    endloop
  endfacet
  facet normal -0.996191 0 0.0872
    outer loop
      vertex -183.5 -116 7
      vertex -183.424 -110 7.86824
      vertex -183.5 -110 7
    endloop
  endfacet
  facet normal -0.996191 0 0.0872
    outer loop
      vertex -183.424 -110 7.86824
      vertex -183.5 -116 7
      vertex -183.424 -116 7.86824
    endloop
  endfacet
  facet normal -0.906456 0 0.422301
    outer loop
      vertex -183.198 -116 8.7101
      vertex -182.83 -110 9.5
      vertex -183.198 -110 8.7101
    endloop
  endfacet
  facet normal -0.906456 0 0.422301
    outer loop
      vertex -182.83 -110 9.5
      vertex -183.198 -116 8.7101
      vertex -182.83 -116 9.5
    endloop
  endfacet
  facet normal -0.0872239 8.33435e-19 0.996189
    outer loop
      vertex -179.368 -110 11.924
      vertex -178.5 -116 12
      vertex -178.5 -110 12
    endloop
  endfacet
  facet normal -0.0872239 8.33435e-19 0.996189
    outer loop
      vertex -178.5 -116 12
      vertex -179.368 -110 11.924
      vertex -179.368 -116 11.924
    endloop
  endfacet
  facet normal -0.422634 -2.82449e-18 0.9063
    outer loop
      vertex -181 -110 11.3301
      vertex -180.21 -116 11.6985
      vertex -180.21 -110 11.6985
    endloop
  endfacet
  facet normal -0.422634 -2.82449e-18 0.9063
    outer loop
      vertex -180.21 -116 11.6985
      vertex -181 -110 11.3301
      vertex -181 -116 11.3301
    endloop
  endfacet
  facet normal -0.996191 0 -0.0872
    outer loop
      vertex -183.424 -116 6.13176
      vertex -183.5 -110 7
      vertex -183.424 -110 6.13176
    endloop
  endfacet
  facet normal -0.996191 -0 -0.0872
    outer loop
      vertex -183.5 -110 7
      vertex -183.424 -116 6.13176
      vertex -183.5 -116 7
    endloop
  endfacet
  facet normal -0.965804 0 -0.259273
    outer loop
      vertex -183.198 -116 5.2899
      vertex -183.424 -110 6.13176
      vertex -183.198 -110 5.2899
    endloop
  endfacet
  facet normal -0.965804 -0 -0.259273
    outer loop
      vertex -183.424 -110 6.13176
      vertex -183.198 -116 5.2899
      vertex -183.424 -116 6.13176
    endloop
  endfacet
  facet normal 0.422568 -3.83522e-19 -0.906331
    outer loop
      vertex -176.79 -116 2.30154
      vertex -176 -110 2.66987
      vertex -176 -116 2.66987
    endloop
  endfacet
  facet normal 0.422568 -3.83522e-19 -0.906331
    outer loop
      vertex -176 -110 2.66987
      vertex -176.79 -116 2.30154
      vertex -176.79 -110 2.30154
    endloop
  endfacet
  facet normal 0 -1 0
    outer loop
      vertex -178.5 -116 8.6
      vertex -178.5 -116 12
      vertex -179.368 -116 11.924
    endloop
  endfacet
  facet normal 0 -1 0
    outer loop
      vertex -178.778 -116 8.57569
      vertex -179.368 -116 11.924
      vertex -180.21 -116 11.6985
    endloop
  endfacet
  facet normal 0 -1 0
    outer loop
      vertex -178.5 -116 12
      vertex -178.5 -116 8.6
      vertex -177.632 -116 11.924
    endloop
  endfacet
  facet normal 0 -1 0
    outer loop
      vertex -179.047 -116 8.50351
      vertex -180.21 -116 11.6985
      vertex -181 -116 11.3301
    endloop
  endfacet
  facet normal 0 -1 0
    outer loop
      vertex -178.222 -116 8.57569
      vertex -177.632 -116 11.924
      vertex -178.5 -116 8.6
    endloop
  endfacet
  facet normal 0 -1 0
    outer loop
      vertex -179.3 -116 8.38564
      vertex -181 -116 11.3301
      vertex -181.714 -116 10.8302
    endloop
  endfacet
  facet normal 0 -1 -0
    outer loop
      vertex -177.632 -116 11.924
      vertex -178.222 -116 8.57569
      vertex -176.79 -116 11.6985
    endloop
  endfacet
  facet normal 0 -1 0
    outer loop
      vertex -179.528 -116 8.22567
      vertex -181.714 -116 10.8302
      vertex -182.33 -116 10.2139
    endloop
  endfacet
  facet normal 0 -1 0
    outer loop
      vertex -177.953 -116 8.50351
      vertex -176.79 -116 11.6985
      vertex -178.222 -116 8.57569
    endloop
  endfacet
  facet normal 0 -1 0
    outer loop
      vertex -179.726 -116 8.02846
      vertex -182.33 -116 10.2139
      vertex -182.83 -116 9.5
    endloop
  endfacet
  facet normal 0 -1 -0
    outer loop
      vertex -176.79 -116 11.6985
      vertex -177.953 -116 8.50351
      vertex -176 -116 11.3301
    endloop
  endfacet
  facet normal 0 -1 0
    outer loop
      vertex -179.886 -116 7.8
      vertex -182.83 -116 9.5
      vertex -183.198 -116 8.7101
    endloop
  endfacet
  facet normal 0 -1 0
    outer loop
      vertex -177.7 -116 8.38564
      vertex -176 -116 11.3301
      vertex -177.953 -116 8.50351
    endloop
  endfacet
  facet normal 0 -1 -0
    outer loop
      vertex -176 -116 11.3301
      vertex -177.7 -116 8.38564
      vertex -175.286 -116 10.8302
    endloop
  endfacet
  facet normal 0 -1 0
    outer loop
      vertex -179.368 -116 11.924
      vertex -178.778 -116 8.57569
      vertex -178.5 -116 8.6
    endloop
  endfacet
  facet normal 0 -1 0
    outer loop
      vertex -180.21 -116 11.6985
      vertex -179.047 -116 8.50351
      vertex -178.778 -116 8.57569
    endloop
  endfacet
  facet normal 0 -1 0
    outer loop
      vertex -181 -116 11.3301
      vertex -179.3 -116 8.38564
      vertex -179.047 -116 8.50351
    endloop
  endfacet
  facet normal 0 -1 0
    outer loop
      vertex -181.714 -116 10.8302
      vertex -179.528 -116 8.22567
      vertex -179.3 -116 8.38564
    endloop
  endfacet
  facet normal 0 -1 0
    outer loop
      vertex -182.33 -116 10.2139
      vertex -179.726 -116 8.02846
      vertex -179.528 -116 8.22567
    endloop
  endfacet
  facet normal 0 -1 0
    outer loop
      vertex -180.004 -116 7.54723
      vertex -183.198 -116 8.7101
      vertex -183.424 -116 7.86824
    endloop
  endfacet
  facet normal 0 -1 0
    outer loop
      vertex -182.83 -116 9.5
      vertex -179.886 -116 7.8
      vertex -179.726 -116 8.02846
    endloop
  endfacet
  facet normal 0 -1 0
    outer loop
      vertex -183.198 -116 8.7101
      vertex -180.004 -116 7.54723
      vertex -179.886 -116 7.8
    endloop
  endfacet
  facet normal 0 -1 0
    outer loop
      vertex -183.424 -116 7.86824
      vertex -180.076 -116 7.27784
      vertex -180.004 -116 7.54723
    endloop
  endfacet
  facet normal 0 -1 0
    outer loop
      vertex -183.5 -116 7
      vertex -180.076 -116 7.27784
      vertex -183.424 -116 7.86824
    endloop
  endfacet
  facet normal 0 -1 0
    outer loop
      vertex -183.5 -116 7
      vertex -180.1 -116 7
      vertex -180.076 -116 7.27784
    endloop
  endfacet
  facet normal 0 -1 0
    outer loop
      vertex -183.5 -116 7
      vertex -180.076 -116 6.72216
      vertex -180.1 -116 7
    endloop
  endfacet
  facet normal 0 -1 0
    outer loop
      vertex -183.424 -116 6.13176
      vertex -180.076 -116 6.72216
      vertex -183.5 -116 7
    endloop
  endfacet
  facet normal 0 -1 -0
    outer loop
      vertex -180.076 -116 6.72216
      vertex -183.424 -116 6.13176
      vertex -180.004 -116 6.45277
    endloop
  endfacet
  facet normal 0 -1 0
    outer loop
      vertex -183.198 -116 5.2899
      vertex -180.004 -116 6.45277
      vertex -183.424 -116 6.13176
    endloop
  endfacet
  facet normal 0 -1 -0
    outer loop
      vertex -180.004 -116 6.45277
      vertex -183.198 -116 5.2899
      vertex -179.886 -116 6.2
    endloop
  endfacet
  facet normal 0 -1 0
    outer loop
      vertex -182.83 -116 4.5
      vertex -179.886 -116 6.2
      vertex -183.198 -116 5.2899
    endloop
  endfacet
  facet normal 0 -1 -0
    outer loop
      vertex -179.886 -116 6.2
      vertex -182.83 -116 4.5
      vertex -179.726 -116 5.97154
    endloop
  endfacet
  facet normal 0 -1 0
    outer loop
      vertex -182.33 -116 3.78606
      vertex -179.726 -116 5.97154
      vertex -182.83 -116 4.5
    endloop
  endfacet
  facet normal 0 -1 -0
    outer loop
      vertex -179.726 -116 5.97154
      vertex -182.33 -116 3.78606
      vertex -179.528 -116 5.77433
    endloop
  endfacet
  facet normal 0 -1 -0
    outer loop
      vertex -179.528 -116 5.77433
      vertex -181.714 -116 3.16978
      vertex -179.3 -116 5.61436
    endloop
  endfacet
  facet normal 0 -1 0
    outer loop
      vertex -181.714 -116 3.16978
      vertex -179.528 -116 5.77433
      vertex -182.33 -116 3.78606
    endloop
  endfacet
  facet normal 0 -1 0
    outer loop
      vertex -177.472 -116 8.22567
      vertex -175.286 -116 10.8302
      vertex -177.7 -116 8.38564
    endloop
  endfacet
  facet normal 0 -1 -0
    outer loop
      vertex -175.286 -116 10.8302
      vertex -177.472 -116 8.22567
      vertex -174.67 -116 10.2139
    endloop
  endfacet
  facet normal 0 -1 0
    outer loop
      vertex -177.274 -116 8.02846
      vertex -174.67 -116 10.2139
      vertex -177.472 -116 8.22567
    endloop
  endfacet
  facet normal 0 -1 -0
    outer loop
      vertex -174.67 -116 10.2139
      vertex -177.274 -116 8.02846
      vertex -174.17 -116 9.5
    endloop
  endfacet
  facet normal 0 -1 0
    outer loop
      vertex -177.114 -116 7.8
      vertex -174.17 -116 9.5
      vertex -177.274 -116 8.02846
    endloop
  endfacet
  facet normal 0 -1 -0
    outer loop
      vertex -174.17 -116 9.5
      vertex -177.114 -116 7.8
      vertex -173.802 -116 8.7101
    endloop
  endfacet
  facet normal 0 -1 0
    outer loop
      vertex -176.996 -116 7.54723
      vertex -173.802 -116 8.7101
      vertex -177.114 -116 7.8
    endloop
  endfacet
  facet normal 0 -1 -0
    outer loop
      vertex -173.802 -116 8.7101
      vertex -176.996 -116 7.54723
      vertex -173.576 -116 7.86824
    endloop
  endfacet
  facet normal 0 -1 0
    outer loop
      vertex -176.924 -116 7.27784
      vertex -173.576 -116 7.86824
      vertex -176.996 -116 7.54723
    endloop
  endfacet
  facet normal 0 -1 0
    outer loop
      vertex -176.9 -116 7
      vertex -173.576 -116 7.86824
      vertex -176.924 -116 7.27784
    endloop
  endfacet
  facet normal 0 -1 -0
    outer loop
      vertex -173.576 -116 7.86824
      vertex -176.9 -116 7
      vertex -173.5 -116 7
    endloop
  endfacet
  facet normal 0 -1 0
    outer loop
      vertex -181 -116 2.66987
      vertex -179.3 -116 5.61436
      vertex -181.714 -116 3.16978
    endloop
  endfacet
  facet normal 0 -1 -0
    outer loop
      vertex -179.3 -116 5.61436
      vertex -181 -116 2.66987
      vertex -179.047 -116 5.49649
    endloop
  endfacet
  facet normal 0 -1 0
    outer loop
      vertex -180.21 -116 2.30154
      vertex -179.047 -116 5.49649
      vertex -181 -116 2.66987
    endloop
  endfacet
  facet normal -0 -1 0
    outer loop
      vertex -178 -116 3
      vertex -179.047 -116 5.49649
      vertex -180.21 -116 2.30154
    endloop
  endfacet
  facet normal 0 -1 0
    outer loop
      vertex -179.047 -116 5.49649
      vertex -178 -116 3
      vertex -178.778 -116 5.42431
    endloop
  endfacet
  facet normal 0 -1 0
    outer loop
      vertex -178.778 -116 5.42431
      vertex -178 -116 3
      vertex -178.5 -116 5.4
    endloop
  endfacet
  facet normal 0 -1 0
    outer loop
      vertex -178.5 -116 5.4
      vertex -178 -116 3
      vertex -178.222 -116 5.42431
    endloop
  endfacet
  facet normal 0 -1 0
    outer loop
      vertex -178.222 -116 5.42431
      vertex -178 -116 3
      vertex -178 -116 5.48384
    endloop
  endfacet
  facet normal 0 -1 0
    outer loop
      vertex -179.368 -116 2.07596
      vertex -178 -116 3
      vertex -180.21 -116 2.30154
    endloop
  endfacet
  facet normal -0 -1 0
    outer loop
      vertex -176 -116 2.66987
      vertex -178 -116 3
      vertex -176.79 -116 2.30154
    endloop
  endfacet
  facet normal 0 -1 0
    outer loop
      vertex -178 -116 3
      vertex -176 -116 2.66987
      vertex -175.529 -116 3
    endloop
  endfacet
  facet normal 0 -1 0
    outer loop
      vertex -178.5 -116 2
      vertex -178 -116 3
      vertex -179.368 -116 2.07596
    endloop
  endfacet
  facet normal 0 -1 0
    outer loop
      vertex -178 -116 3
      vertex -177.632 -116 2.07596
      vertex -176.79 -116 2.30154
    endloop
  endfacet
  facet normal 0 -1 -0
    outer loop
      vertex -178 -116 3
      vertex -178.5 -116 2
      vertex -177.632 -116 2.07596
    endloop
  endfacet
  facet normal -0.965804 0 0.259273
    outer loop
      vertex -183.424 -116 7.86824
      vertex -183.198 -110 8.7101
      vertex -183.424 -110 7.86824
    endloop
  endfacet
  facet normal -0.965804 0 0.259273
    outer loop
      vertex -183.198 -110 8.7101
      vertex -183.424 -116 7.86824
      vertex -183.198 -116 8.7101
    endloop
  endfacet
  facet normal -0.0871783 -8.59362e-19 -0.996193
    outer loop
      vertex -179.368 -116 2.07596
      vertex -178.5 -110 2
      vertex -178.5 -116 2
    endloop
  endfacet
  facet normal -0.0871783 -8.59362e-19 -0.996193
    outer loop
      vertex -178.5 -110 2
      vertex -179.368 -116 2.07596
      vertex -179.368 -110 2.07596
    endloop
  endfacet
  facet normal 0 1 0
    outer loop
      vertex -175.529 -110 3
      vertex -176 -110 2.66987
      vertex -178 -110 3
    endloop
  endfacet
  facet normal 0 1 0
    outer loop
      vertex -179.886 -110 6.2
      vertex -182.83 -110 4.5
      vertex -183.198 -110 5.2899
    endloop
  endfacet
  facet normal 0 1 0
    outer loop
      vertex -178 -110 3
      vertex -178.5 -110 5.4
      vertex -178.222 -110 5.42431
    endloop
  endfacet
  facet normal 0 1 0
    outer loop
      vertex -178.778 -110 5.42431
      vertex -182.33 -110 3.78606
      vertex -182.83 -110 4.5
    endloop
  endfacet
  facet normal 0 1 -0
    outer loop
      vertex -178 -110 3
      vertex -178.222 -110 5.42431
      vertex -178 -110 5.48384
    endloop
  endfacet
  facet normal 0 1 0
    outer loop
      vertex -178.778 -110 5.42431
      vertex -181.714 -110 3.16978
      vertex -182.33 -110 3.78606
    endloop
  endfacet
  facet normal 0 1 0
    outer loop
      vertex -178.778 -110 5.42431
      vertex -178 -110 3
      vertex -180.21 -110 2.30154
    endloop
  endfacet
  facet normal 0 1 -0
    outer loop
      vertex -176.79 -110 2.30154
      vertex -178 -110 3
      vertex -176 -110 2.66987
    endloop
  endfacet
  facet normal 0 1 0
    outer loop
      vertex -178.778 -110 5.42431
      vertex -181 -110 2.66987
      vertex -181.714 -110 3.16978
    endloop
  endfacet
  facet normal 0 1 -0
    outer loop
      vertex -177.632 -110 2.07596
      vertex -178 -110 3
      vertex -176.79 -110 2.30154
    endloop
  endfacet
  facet normal 0 1 0
    outer loop
      vertex -178.778 -110 5.42431
      vertex -180.21 -110 2.30154
      vertex -181 -110 2.66987
    endloop
  endfacet
  facet normal 0 1 0
    outer loop
      vertex -178.5 -110 2
      vertex -178 -110 3
      vertex -177.632 -110 2.07596
    endloop
  endfacet
  facet normal 0 1 0
    outer loop
      vertex -178 -110 3
      vertex -179.368 -110 2.07596
      vertex -180.21 -110 2.30154
    endloop
  endfacet
  facet normal 0 1 0
    outer loop
      vertex -178 -110 3
      vertex -178.5 -110 2
      vertex -179.368 -110 2.07596
    endloop
  endfacet
  facet normal 0 1 0
    outer loop
      vertex -178.5 -110 8.6
      vertex -178.5 -110 12
      vertex -177.632 -110 11.924
    endloop
  endfacet
  facet normal 0 1 0
    outer loop
      vertex -178.222 -110 8.57569
      vertex -177.632 -110 11.924
      vertex -176.79 -110 11.6985
    endloop
  endfacet
  facet normal 0 1 0
    outer loop
      vertex -178.5 -110 12
      vertex -178.5 -110 8.6
      vertex -179.368 -110 11.924
    endloop
  endfacet
  facet normal 0 1 0
    outer loop
      vertex -177.953 -110 8.50351
      vertex -176.79 -110 11.6985
      vertex -176 -110 11.3301
    endloop
  endfacet
  facet normal 0 1 -0
    outer loop
      vertex -178.778 -110 8.57569
      vertex -179.368 -110 11.924
      vertex -178.5 -110 8.6
    endloop
  endfacet
  facet normal 0 1 0
    outer loop
      vertex -177.7 -110 8.38564
      vertex -176 -110 11.3301
      vertex -175.286 -110 10.8302
    endloop
  endfacet
  facet normal 0 1 0
    outer loop
      vertex -179.368 -110 11.924
      vertex -178.778 -110 8.57569
      vertex -180.21 -110 11.6985
    endloop
  endfacet
  facet normal 0 1 0
    outer loop
      vertex -177.472 -110 8.22567
      vertex -175.286 -110 10.8302
      vertex -174.67 -110 10.2139
    endloop
  endfacet
  facet normal 0 1 -0
    outer loop
      vertex -179.047 -110 8.50351
      vertex -180.21 -110 11.6985
      vertex -178.778 -110 8.57569
    endloop
  endfacet
  facet normal 0 1 0
    outer loop
      vertex -177.274 -110 8.02846
      vertex -174.67 -110 10.2139
      vertex -174.17 -110 9.5
    endloop
  endfacet
  facet normal 0 1 0
    outer loop
      vertex -180.21 -110 11.6985
      vertex -179.047 -110 8.50351
      vertex -181 -110 11.3301
    endloop
  endfacet
  facet normal 0 1 0
    outer loop
      vertex -177.114 -110 7.8
      vertex -174.17 -110 9.5
      vertex -173.802 -110 8.7101
    endloop
  endfacet
  facet normal 0 1 -0
    outer loop
      vertex -179.3 -110 8.38564
      vertex -181 -110 11.3301
      vertex -179.047 -110 8.50351
    endloop
  endfacet
  facet normal 0 1 0
    outer loop
      vertex -181 -110 11.3301
      vertex -179.3 -110 8.38564
      vertex -181.714 -110 10.8302
    endloop
  endfacet
  facet normal 0 1 0
    outer loop
      vertex -177.632 -110 11.924
      vertex -178.222 -110 8.57569
      vertex -178.5 -110 8.6
    endloop
  endfacet
  facet normal 0 1 0
    outer loop
      vertex -176.79 -110 11.6985
      vertex -177.953 -110 8.50351
      vertex -178.222 -110 8.57569
    endloop
  endfacet
  facet normal 0 1 0
    outer loop
      vertex -176 -110 11.3301
      vertex -177.7 -110 8.38564
      vertex -177.953 -110 8.50351
    endloop
  endfacet
  facet normal 0 1 0
    outer loop
      vertex -175.286 -110 10.8302
      vertex -177.472 -110 8.22567
      vertex -177.7 -110 8.38564
    endloop
  endfacet
  facet normal 0 1 0
    outer loop
      vertex -174.67 -110 10.2139
      vertex -177.274 -110 8.02846
      vertex -177.472 -110 8.22567
    endloop
  endfacet
  facet normal 0 1 0
    outer loop
      vertex -176.996 -110 7.54723
      vertex -173.802 -110 8.7101
      vertex -173.576 -110 7.86824
    endloop
  endfacet
  facet normal 0 1 0
    outer loop
      vertex -174.17 -110 9.5
      vertex -177.114 -110 7.8
      vertex -177.274 -110 8.02846
    endloop
  endfacet
  facet normal 0 1 0
    outer loop
      vertex -173.802 -110 8.7101
      vertex -176.996 -110 7.54723
      vertex -177.114 -110 7.8
    endloop
  endfacet
  facet normal 0 1 0
    outer loop
      vertex -173.576 -110 7.86824
      vertex -176.924 -110 7.27784
      vertex -176.996 -110 7.54723
    endloop
  endfacet
  facet normal 0 1 0
    outer loop
      vertex -173.5 -110 7
      vertex -176.924 -110 7.27784
      vertex -173.576 -110 7.86824
    endloop
  endfacet
  facet normal 0 1 0
    outer loop
      vertex -176.924 -110 7.27784
      vertex -173.5 -110 7
      vertex -176.9 -110 7
    endloop
  endfacet
  facet normal 0 1 -0
    outer loop
      vertex -179.528 -110 8.22567
      vertex -181.714 -110 10.8302
      vertex -179.3 -110 8.38564
    endloop
  endfacet
  facet normal 0 1 0
    outer loop
      vertex -181.714 -110 10.8302
      vertex -179.528 -110 8.22567
      vertex -182.33 -110 10.2139
    endloop
  endfacet
  facet normal 0 1 -0
    outer loop
      vertex -179.726 -110 8.02846
      vertex -182.33 -110 10.2139
      vertex -179.528 -110 8.22567
    endloop
  endfacet
  facet normal 0 1 0
    outer loop
      vertex -182.33 -110 10.2139
      vertex -179.726 -110 8.02846
      vertex -182.83 -110 9.5
    endloop
  endfacet
  facet normal 0 1 -0
    outer loop
      vertex -179.886 -110 7.8
      vertex -182.83 -110 9.5
      vertex -179.726 -110 8.02846
    endloop
  endfacet
  facet normal 0 1 0
    outer loop
      vertex -182.83 -110 9.5
      vertex -179.886 -110 7.8
      vertex -183.198 -110 8.7101
    endloop
  endfacet
  facet normal 0 1 -0
    outer loop
      vertex -180.004 -110 7.54723
      vertex -183.198 -110 8.7101
      vertex -179.886 -110 7.8
    endloop
  endfacet
  facet normal 0 1 0
    outer loop
      vertex -183.198 -110 8.7101
      vertex -180.004 -110 7.54723
      vertex -183.424 -110 7.86824
    endloop
  endfacet
  facet normal 0 1 -0
    outer loop
      vertex -180.076 -110 7.27784
      vertex -183.424 -110 7.86824
      vertex -180.004 -110 7.54723
    endloop
  endfacet
  facet normal 0 1 -0
    outer loop
      vertex -180.1 -110 7
      vertex -183.424 -110 7.86824
      vertex -180.076 -110 7.27784
    endloop
  endfacet
  facet normal 0 1 0
    outer loop
      vertex -180.1 -110 7
      vertex -183.5 -110 7
      vertex -183.424 -110 7.86824
    endloop
  endfacet
  facet normal 0 1 0
    outer loop
      vertex -180.076 -110 6.72216
      vertex -183.5 -110 7
      vertex -180.1 -110 7
    endloop
  endfacet
  facet normal 0 1 0
    outer loop
      vertex -183.424 -110 6.13176
      vertex -180.076 -110 6.72216
      vertex -180.004 -110 6.45277
    endloop
  endfacet
  facet normal 0 1 0
    outer loop
      vertex -183.198 -110 5.2899
      vertex -180.004 -110 6.45277
      vertex -179.886 -110 6.2
    endloop
  endfacet
  facet normal 0 1 0
    outer loop
      vertex -180.076 -110 6.72216
      vertex -183.424 -110 6.13176
      vertex -183.5 -110 7
    endloop
  endfacet
  facet normal 0 1 0
    outer loop
      vertex -182.83 -110 4.5
      vertex -179.886 -110 6.2
      vertex -179.726 -110 5.97154
    endloop
  endfacet
  facet normal 0 1 0
    outer loop
      vertex -182.83 -110 4.5
      vertex -179.726 -110 5.97154
      vertex -179.528 -110 5.77433
    endloop
  endfacet
  facet normal 0 1 0
    outer loop
      vertex -182.83 -110 4.5
      vertex -179.528 -110 5.77433
      vertex -179.3 -110 5.61436
    endloop
  endfacet
  facet normal 0 1 0
    outer loop
      vertex -182.83 -110 4.5
      vertex -179.3 -110 5.61436
      vertex -179.047 -110 5.49649
    endloop
  endfacet
  facet normal 0 1 0
    outer loop
      vertex -182.83 -110 4.5
      vertex -179.047 -110 5.49649
      vertex -178.778 -110 5.42431
    endloop
  endfacet
  facet normal 0 1 0
    outer loop
      vertex -180.004 -110 6.45277
      vertex -183.198 -110 5.2899
      vertex -183.424 -110 6.13176
    endloop
  endfacet
  facet normal 0 1 0
    outer loop
      vertex -178 -110 3
      vertex -178.778 -110 5.42431
      vertex -178.5 -110 5.4
    endloop
  endfacet
  facet normal -0.819101 0 -0.573649
    outer loop
      vertex -182.33 -116 3.78606
      vertex -182.83 -110 4.5
      vertex -182.33 -110 3.78606
    endloop
  endfacet
  facet normal -0.819101 -0 -0.573649
    outer loop
      vertex -182.83 -110 4.5
      vertex -182.33 -116 3.78606
      vertex -182.83 -116 4.5
    endloop
  endfacet
  facet normal -0.573547 -1.92805e-18 -0.819173
    outer loop
      vertex -181.714 -116 3.16978
      vertex -181 -110 2.66987
      vertex -181 -116 2.66987
    endloop
  endfacet
  facet normal -0.573547 -1.92805e-18 -0.819173
    outer loop
      vertex -181 -110 2.66987
      vertex -181.714 -116 3.16978
      vertex -181.714 -110 3.16978
    endloop
  endfacet
  facet normal -0.422568 3.83522e-19 -0.906331
    outer loop
      vertex -181 -116 2.66987
      vertex -180.21 -110 2.30154
      vertex -180.21 -116 2.30154
    endloop
  endfacet
  facet normal -0.422568 3.83522e-19 -0.906331
    outer loop
      vertex -180.21 -110 2.30154
      vertex -181 -116 2.66987
      vertex -181 -110 2.66987
    endloop
  endfacet
  facet normal -0.258783 -2.64564e-18 -0.965935
    outer loop
      vertex -180.21 -116 2.30154
      vertex -179.368 -110 2.07596
      vertex -179.368 -116 2.07596
    endloop
  endfacet
  facet normal -0.258783 -2.64564e-18 -0.965935
    outer loop
      vertex -179.368 -110 2.07596
      vertex -180.21 -116 2.30154
      vertex -180.21 -110 2.30154
    endloop
  endfacet
  facet normal -0.906456 0 -0.422301
    outer loop
      vertex -182.83 -116 4.5
      vertex -183.198 -110 5.2899
      vertex -182.83 -110 4.5
    endloop
  endfacet
  facet normal -0.906456 -0 -0.422301
    outer loop
      vertex -183.198 -110 5.2899
      vertex -182.83 -116 4.5
      vertex -183.198 -116 5.2899
    endloop
  endfacet
  facet normal -1 0 0
    outer loop
      vertex -178 -223 3
      vertex -178 -220 5.48384
      vertex -178 -220 3
    endloop
  endfacet
  facet normal -1 -0 0
    outer loop
      vertex -178 -220 5.48384
      vertex -178 -223 3
      vertex -178 -223 5.48384
    endloop
  endfacet
  facet normal -1 0 0
    outer loop
      vertex -178 -190 3
      vertex -178 -187 5.48384
      vertex -178 -187 3
    endloop
  endfacet
  facet normal -1 -0 0
    outer loop
      vertex -178 -187 5.48384
      vertex -178 -190 3
      vertex -178 -190 5.48384
    endloop
  endfacet
  facet normal -1 0 0
    outer loop
      vertex -178 -214 3
      vertex -178 -196 5.48384
      vertex -178 -196 3
    endloop
  endfacet
  facet normal -1 -0 0
    outer loop
      vertex -178 -196 5.48384
      vertex -178 -214 3
      vertex -178 -214 5.48384
    endloop
  endfacet
  facet normal -0 0 1
    outer loop
      vertex -176.9 -196 7
      vertex -173.5 -214 7
      vertex -173.5 -196 7
    endloop
  endfacet
  facet normal 0 0 1
    outer loop
      vertex -173.5 -214 7
      vertex -176.9 -196 7
      vertex -176.9 -214 7
    endloop
  endfacet
  facet normal 0 0 1
    outer loop
      vertex -173.5 -196 7
      vertex -152 -187 7
      vertex -173.5 -190 7
    endloop
  endfacet
  facet normal -0 0 1
    outer loop
      vertex -176.9 -187 7
      vertex -173.5 -190 7
      vertex -152 -187 7
    endloop
  endfacet
  facet normal 0 0 1
    outer loop
      vertex -173.5 -190 7
      vertex -176.9 -187 7
      vertex -176.9 -190 7
    endloop
  endfacet
  facet normal 0 0 1
    outer loop
      vertex -152 -187 7
      vertex -173.5 -196 7
      vertex -152 -223 7
    endloop
  endfacet
  facet normal -0 0 1
    outer loop
      vertex -173.5 -214 7
      vertex -152 -223 7
      vertex -173.5 -196 7
    endloop
  endfacet
  facet normal -0 0 1
    outer loop
      vertex -173.5 -220 7
      vertex -152 -223 7
      vertex -173.5 -214 7
    endloop
  endfacet
  facet normal 0 0 1
    outer loop
      vertex -176.9 -223 7
      vertex -173.5 -220 7
      vertex -176.9 -220 7
    endloop
  endfacet
  facet normal 0 0 1
    outer loop
      vertex -173.5 -220 7
      vertex -176.9 -223 7
      vertex -152 -223 7
    endloop
  endfacet
  facet normal 1 -0 0
    outer loop
      vertex -152 -223 7
      vertex -152 -187 6.5
      vertex -152 -187 7
    endloop
  endfacet
  facet normal 1 0 0
    outer loop
      vertex -152 -187 6.5
      vertex -152 -223 7
      vertex -152 -223 6.5
    endloop
  endfacet
  facet normal 0 1 -0
    outer loop
      vertex -176.5 -187 6.5
      vertex -176.9 -187 7
      vertex -152 -187 7
    endloop
  endfacet
  facet normal 0 1 0
    outer loop
      vertex -176.5 -187 6.5
      vertex -152 -187 7
      vertex -152 -187 6.5
    endloop
  endfacet
  facet normal 0 1 0
    outer loop
      vertex -176.9 -187 7
      vertex -176.5 -187 6.5
      vertex -176.924 -187 6.72216
    endloop
  endfacet
  facet normal 0 1 0
    outer loop
      vertex -176.5 -187 6.5
      vertex -176.996 -187 6.45277
      vertex -176.924 -187 6.72216
    endloop
  endfacet
  facet normal 0 1 0
    outer loop
      vertex -176.5 -187 6.5
      vertex -177.114 -187 6.2
      vertex -176.996 -187 6.45277
    endloop
  endfacet
  facet normal 0 1 0
    outer loop
      vertex -176.5 -187 6.5
      vertex -177.274 -187 5.97154
      vertex -177.114 -187 6.2
    endloop
  endfacet
  facet normal 0 1 -0
    outer loop
      vertex -176.5 -187 3
      vertex -177.274 -187 5.97154
      vertex -176.5 -187 6.5
    endloop
  endfacet
  facet normal 0 1 0
    outer loop
      vertex -177.274 -187 5.97154
      vertex -176.5 -187 3
      vertex -177.472 -187 5.77433
    endloop
  endfacet
  facet normal 0 1 0
    outer loop
      vertex -176.5 -187 3
      vertex -177.7 -187 5.61436
      vertex -177.472 -187 5.77433
    endloop
  endfacet
  facet normal 0 1 0
    outer loop
      vertex -176.5 -187 3
      vertex -177.953 -187 5.49649
      vertex -177.7 -187 5.61436
    endloop
  endfacet
  facet normal 0 1 0
    outer loop
      vertex -178 -187 3
      vertex -177.953 -187 5.49649
      vertex -176.5 -187 3
    endloop
  endfacet
  facet normal 0 1 0
    outer loop
      vertex -177.953 -187 5.49649
      vertex -178 -187 3
      vertex -178 -187 5.48384
    endloop
  endfacet
  facet normal 0 0 -1
    outer loop
      vertex 88 -321.5 3
      vertex 89.5 -320 3
      vertex 89.4772 -320.26 3
    endloop
  endfacet
  facet normal 0 0 -1
    outer loop
      vertex 175 -236.5 3
      vertex 176.5 -235 3
      vertex 176.477 -235.26 3
    endloop
  endfacet
  facet normal 0 0 -1
    outer loop
      vertex 175 -236.5 3
      vertex 176.477 -235.26 3
      vertex 176.41 -235.513 3
    endloop
  endfacet
  facet normal 0 0 -1
    outer loop
      vertex 175 -236.5 3
      vertex 176.41 -235.513 3
      vertex 176.299 -235.75 3
    endloop
  endfacet
  facet normal 0 0 -1
    outer loop
      vertex 175 -236.5 3
      vertex 176.299 -235.75 3
      vertex 176.149 -235.964 3
    endloop
  endfacet
  facet normal 0 0 -1
    outer loop
      vertex 175 -236.5 3
      vertex 176.149 -235.964 3
      vertex 175.964 -236.149 3
    endloop
  endfacet
  facet normal 0 0 -1
    outer loop
      vertex 175 -236.5 3
      vertex 175.964 -236.149 3
      vertex 175.75 -236.299 3
    endloop
  endfacet
  facet normal 0 0 -1
    outer loop
      vertex 175 -236.5 3
      vertex 175.75 -236.299 3
      vertex 175.513 -236.41 3
    endloop
  endfacet
  facet normal 0 0 -1
    outer loop
      vertex 175 -236.5 3
      vertex 175.513 -236.41 3
      vertex 175.26 -236.477 3
    endloop
  endfacet
  facet normal -0 0 -1
    outer loop
      vertex 176.5 -235 3
      vertex 175 -236.5 3
      vertex 171.4 -231.4 3
    endloop
  endfacet
  facet normal 0 0 -1
    outer loop
      vertex 176.5 -235 3
      vertex 171.4 -231.4 3
      vertex 176.5 -177 3
    endloop
  endfacet
  facet normal -0 0 -1
    outer loop
      vertex 174.5 -177 3
      vertex 171.4 -231.4 3
      vertex 174.5 -153 3
    endloop
  endfacet
  facet normal -0 0 -1
    outer loop
      vertex 176.5 -177 3
      vertex 171.4 -231.4 3
      vertex 174.5 -177 3
    endloop
  endfacet
  facet normal 0 0 -1
    outer loop
      vertex 89.5 -236.5 3
      vertex 171.4 -231.4 3
      vertex 175 -236.5 3
    endloop
  endfacet
  facet normal 0 0 -1
    outer loop
      vertex 88 -321.5 3
      vertex 89.4772 -320.26 3
      vertex 89.4095 -320.513 3
    endloop
  endfacet
  facet normal 0 0 -1
    outer loop
      vertex 88 -321.5 3
      vertex 89.4095 -320.513 3
      vertex 89.299 -320.75 3
    endloop
  endfacet
  facet normal 0 0 -1
    outer loop
      vertex 88 -321.5 3
      vertex 89.299 -320.75 3
      vertex 89.1491 -320.964 3
    endloop
  endfacet
  facet normal 0 0 -1
    outer loop
      vertex 88 -321.5 3
      vertex 89.1491 -320.964 3
      vertex 88.9642 -321.149 3
    endloop
  endfacet
  facet normal 0 0 -1
    outer loop
      vertex 88 -321.5 3
      vertex 88.9642 -321.149 3
      vertex 88.75 -321.299 3
    endloop
  endfacet
  facet normal 0 0 -1
    outer loop
      vertex 88 -321.5 3
      vertex 88.75 -321.299 3
      vertex 88.513 -321.41 3
    endloop
  endfacet
  facet normal 0 0 -1
    outer loop
      vertex 88 -321.5 3
      vertex 88.513 -321.41 3
      vertex 88.2605 -321.477 3
    endloop
  endfacet
  facet normal -0 0 -1
    outer loop
      vertex 89.5 -320 3
      vertex 88 -321.5 3
      vertex 84.4 -316.4 3
    endloop
  endfacet
  facet normal 0 0 -1
    outer loop
      vertex 89.5 -236.5 3
      vertex 88 -231.4 3
      vertex 171.4 -231.4 3
    endloop
  endfacet
  facet normal 0 0 -1
    outer loop
      vertex 89.5 -320 3
      vertex 84.4 -316.4 3
      vertex 89.5 -236.5 3
    endloop
  endfacet
  facet normal 0 0 -1
    outer loop
      vertex 84.4 -235 3
      vertex 89.5 -236.5 3
      vertex 84.4 -316.4 3
    endloop
  endfacet
  facet normal 0 -0 -1
    outer loop
      vertex 84.4547 -234.375 3
      vertex 89.5 -236.5 3
      vertex 84.4 -235 3
    endloop
  endfacet
  facet normal 0 0 -1
    outer loop
      vertex 89.5 -236.5 3
      vertex 86.7687 -231.617 3
      vertex 87.3749 -231.455 3
    endloop
  endfacet
  facet normal 0 0 -1
    outer loop
      vertex 89.5 -236.5 3
      vertex 86.2 -231.882 3
      vertex 86.7687 -231.617 3
    endloop
  endfacet
  facet normal 0 0 -1
    outer loop
      vertex 89.5 -236.5 3
      vertex 85.686 -232.242 3
      vertex 86.2 -231.882 3
    endloop
  endfacet
  facet normal 0 0 -1
    outer loop
      vertex 89.5 -236.5 3
      vertex 85.2422 -232.686 3
      vertex 85.686 -232.242 3
    endloop
  endfacet
  facet normal 0 0 -1
    outer loop
      vertex 89.5 -236.5 3
      vertex 84.8823 -233.2 3
      vertex 85.2422 -232.686 3
    endloop
  endfacet
  facet normal 0 0 -1
    outer loop
      vertex 89.5 -236.5 3
      vertex 84.6171 -233.769 3
      vertex 84.8823 -233.2 3
    endloop
  endfacet
  facet normal 0 0 -1
    outer loop
      vertex 89.5 -236.5 3
      vertex 87.3749 -231.455 3
      vertex 88 -231.4 3
    endloop
  endfacet
  facet normal 0 0 -1
    outer loop
      vertex 88 -321.5 3
      vertex -84.4 -316.4 3
      vertex 84.4 -316.4 3
    endloop
  endfacet
  facet normal 0 0 -1
    outer loop
      vertex -89.5 -236.5 3
      vertex -84.4 -235 3
      vertex -84.4 -316.4 3
    endloop
  endfacet
  facet normal -0 0 -1
    outer loop
      vertex -84.4 -235 3
      vertex -89.5 -236.5 3
      vertex -84.4547 -234.375 3
    endloop
  endfacet
  facet normal -0 0 -1
    outer loop
      vertex -84.4547 -234.375 3
      vertex -89.5 -236.5 3
      vertex -84.6171 -233.769 3
    endloop
  endfacet
  facet normal -0 0 -1
    outer loop
      vertex -84.6171 -233.769 3
      vertex -89.5 -236.5 3
      vertex -84.8823 -233.2 3
    endloop
  endfacet
  facet normal -0 0 -1
    outer loop
      vertex -84.8823 -233.2 3
      vertex -89.5 -236.5 3
      vertex -85.2422 -232.686 3
    endloop
  endfacet
  facet normal -0 0 -1
    outer loop
      vertex -85.2422 -232.686 3
      vertex -89.5 -236.5 3
      vertex -85.686 -232.242 3
    endloop
  endfacet
  facet normal -0 0 -1
    outer loop
      vertex -85.686 -232.242 3
      vertex -89.5 -236.5 3
      vertex -86.2 -231.882 3
    endloop
  endfacet
  facet normal -0 0 -1
    outer loop
      vertex -86.2 -231.882 3
      vertex -89.5 -236.5 3
      vertex -86.7687 -231.617 3
    endloop
  endfacet
  facet normal 0 0 -1
    outer loop
      vertex -88 -321.5 3
      vertex -84.4 -316.4 3
      vertex 88 -321.5 3
    endloop
  endfacet
  facet normal 0 0 -1
    outer loop
      vertex -89.5 -320 3
      vertex -84.4 -316.4 3
      vertex -88 -321.5 3
    endloop
  endfacet
  facet normal -0 0 -1
    outer loop
      vertex -86.7687 -231.617 3
      vertex -89.5 -236.5 3
      vertex -87.3749 -231.455 3
    endloop
  endfacet
  facet normal 0 0 -1
    outer loop
      vertex -89.5 -320 3
      vertex -88 -321.5 3
      vertex -88.2605 -321.477 3
    endloop
  endfacet
  facet normal 0 0 -1
    outer loop
      vertex -89.5 -320 3
      vertex -88.2605 -321.477 3
      vertex -88.513 -321.41 3
    endloop
  endfacet
  facet normal 0 0 -1
    outer loop
      vertex -89.5 -320 3
      vertex -88.513 -321.41 3
      vertex -88.75 -321.299 3
    endloop
  endfacet
  facet normal 0 0 -1
    outer loop
      vertex -89.5 -320 3
      vertex -88.75 -321.299 3
      vertex -88.9642 -321.149 3
    endloop
  endfacet
  facet normal 0 0 -1
    outer loop
      vertex -89.5 -320 3
      vertex -88.9642 -321.149 3
      vertex -89.1491 -320.964 3
    endloop
  endfacet
  facet normal 0 0 -1
    outer loop
      vertex -89.5 -320 3
      vertex -89.1491 -320.964 3
      vertex -89.299 -320.75 3
    endloop
  endfacet
  facet normal 0 0 -1
    outer loop
      vertex -89.5 -320 3
      vertex -89.299 -320.75 3
      vertex -89.4095 -320.513 3
    endloop
  endfacet
  facet normal 0 0 -1
    outer loop
      vertex -89.5 -320 3
      vertex -89.4095 -320.513 3
      vertex -89.4772 -320.26 3
    endloop
  endfacet
  facet normal -0 0 -1
    outer loop
      vertex -84.4 -316.4 3
      vertex -89.5 -320 3
      vertex -89.5 -236.5 3
    endloop
  endfacet
  facet normal -0 0 -1
    outer loop
      vertex -87.3749 -231.455 3
      vertex -89.5 -236.5 3
      vertex -88 -231.4 3
    endloop
  endfacet
  facet normal 0 0 -1
    outer loop
      vertex -89.5 -236.5 3
      vertex -171.4 -231.4 3
      vertex -88 -231.4 3
    endloop
  endfacet
  facet normal 0 0 -1
    outer loop
      vertex -176.5 -235 3
      vertex -171.4 -231.4 3
      vertex -175 -236.5 3
    endloop
  endfacet
  facet normal 0 0 -1
    outer loop
      vertex -175 -236.5 3
      vertex -171.4 -231.4 3
      vertex -89.5 -236.5 3
    endloop
  endfacet
  facet normal 0 0 -1
    outer loop
      vertex 171.4 -98.6 3
      vertex 176.5 -95 3
      vertex 176.5 -153 3
    endloop
  endfacet
  facet normal 0 -0 -1
    outer loop
      vertex 175 -93.5 3
      vertex 176.5 -95 3
      vertex 171.4 -98.6 3
    endloop
  endfacet
  facet normal 0 0 -1
    outer loop
      vertex 176.5 -95 3
      vertex 175 -93.5 3
      vertex 176.477 -94.7395 3
    endloop
  endfacet
  facet normal 0 0 -1
    outer loop
      vertex 176.477 -94.7395 3
      vertex 175 -93.5 3
      vertex 176.41 -94.487 3
    endloop
  endfacet
  facet normal 0 0 -1
    outer loop
      vertex 176.41 -94.487 3
      vertex 175 -93.5 3
      vertex 176.299 -94.25 3
    endloop
  endfacet
  facet normal 0 0 -1
    outer loop
      vertex 176.299 -94.25 3
      vertex 175 -93.5 3
      vertex 176.149 -94.0358 3
    endloop
  endfacet
  facet normal 0 0 -1
    outer loop
      vertex 176.149 -94.0358 3
      vertex 175 -93.5 3
      vertex 175.964 -93.8509 3
    endloop
  endfacet
  facet normal 0 0 -1
    outer loop
      vertex 175.964 -93.8509 3
      vertex 175 -93.5 3
      vertex 175.75 -93.701 3
    endloop
  endfacet
  facet normal 0 0 -1
    outer loop
      vertex 175.75 -93.701 3
      vertex 175 -93.5 3
      vertex 175.513 -93.5905 3
    endloop
  endfacet
  facet normal 0 0 -1
    outer loop
      vertex 171.4 -98.6 3
      vertex 176.5 -153 3
      vertex 174.5 -153 3
    endloop
  endfacet
  facet normal 0 0 -1
    outer loop
      vertex 171.4 -98.6 3
      vertex 174.5 -153 3
      vertex 171.4 -231.4 3
    endloop
  endfacet
  facet normal 0 0 -1
    outer loop
      vertex 175.513 -93.5905 3
      vertex 175 -93.5 3
      vertex 175.26 -93.5228 3
    endloop
  endfacet
  facet normal 0 0 -1
    outer loop
      vertex 171.4 -98.6 3
      vertex 89.5 -93.5 3
      vertex 175 -93.5 3
    endloop
  endfacet
  facet normal 0 0 -1
    outer loop
      vertex 84.4 -13.6 3
      vertex 89.5 -10 3
      vertex 89.5 -93.5 3
    endloop
  endfacet
  facet normal 0 -0 -1
    outer loop
      vertex 88 -8.5 3
      vertex 89.5 -10 3
      vertex 84.4 -13.6 3
    endloop
  endfacet
  facet normal 0 0 -1
    outer loop
      vertex 89.5 -10 3
      vertex 88 -8.5 3
      vertex 89.4772 -9.73953 3
    endloop
  endfacet
  facet normal 0 0 -1
    outer loop
      vertex 89.4772 -9.73953 3
      vertex 88 -8.5 3
      vertex 89.4095 -9.48697 3
    endloop
  endfacet
  facet normal 0 0 -1
    outer loop
      vertex 89.4095 -9.48697 3
      vertex 88 -8.5 3
      vertex 89.299 -9.25 3
    endloop
  endfacet
  facet normal 0 0 -1
    outer loop
      vertex 89.299 -9.25 3
      vertex 88 -8.5 3
      vertex 89.1491 -9.03581 3
    endloop
  endfacet
  facet normal 0 0 -1
    outer loop
      vertex 89.1491 -9.03581 3
      vertex 88 -8.5 3
      vertex 88.9642 -8.85094 3
    endloop
  endfacet
  facet normal 0 0 -1
    outer loop
      vertex 88.9642 -8.85094 3
      vertex 88 -8.5 3
      vertex 88.75 -8.70096 3
    endloop
  endfacet
  facet normal 0 0 -1
    outer loop
      vertex 88 -98.6 3
      vertex 89.5 -93.5 3
      vertex 171.4 -98.6 3
    endloop
  endfacet
  facet normal 0 0 -1
    outer loop
      vertex 87.3749 -98.5453 3
      vertex 89.5 -93.5 3
      vertex 88 -98.6 3
    endloop
  endfacet
  facet normal 0 0 -1
    outer loop
      vertex 88.75 -8.70096 3
      vertex 88 -8.5 3
      vertex 88.513 -8.59045 3
    endloop
  endfacet
  facet normal 0 0 -1
    outer loop
      vertex 86.7687 -98.3829 3
      vertex 89.5 -93.5 3
      vertex 87.3749 -98.5453 3
    endloop
  endfacet
  facet normal 0 0 -1
    outer loop
      vertex 86.2 -98.1177 3
      vertex 89.5 -93.5 3
      vertex 86.7687 -98.3829 3
    endloop
  endfacet
  facet normal 0 0 -1
    outer loop
      vertex 85.686 -97.7578 3
      vertex 89.5 -93.5 3
      vertex 86.2 -98.1177 3
    endloop
  endfacet
  facet normal 0 0 -1
    outer loop
      vertex 85.2422 -97.314 3
      vertex 89.5 -93.5 3
      vertex 85.686 -97.7578 3
    endloop
  endfacet
  facet normal 0 0 -1
    outer loop
      vertex 84.8823 -96.8 3
      vertex 89.5 -93.5 3
      vertex 85.2422 -97.314 3
    endloop
  endfacet
  facet normal 0 0 -1
    outer loop
      vertex 84.6171 -96.2313 3
      vertex 89.5 -93.5 3
      vertex 84.8823 -96.8 3
    endloop
  endfacet
  facet normal 0 0 -1
    outer loop
      vertex 84.4547 -95.6251 3
      vertex 89.5 -93.5 3
      vertex 84.6171 -96.2313 3
    endloop
  endfacet
  facet normal 0 0 -1
    outer loop
      vertex 89.5 -93.5 3
      vertex 84.4547 -95.6251 3
      vertex 84.4 -95 3
    endloop
  endfacet
  facet normal -0 0 -1
    outer loop
      vertex 89.5 -93.5 3
      vertex 84.4 -95 3
      vertex 84.4 -13.6 3
    endloop
  endfacet
  facet normal 0 0 -1
    outer loop
      vertex 88.513 -8.59045 3
      vertex 88 -8.5 3
      vertex 88.2605 -8.52278 3
    endloop
  endfacet
  facet normal 0 0 -1
    outer loop
      vertex -84.4 -13.6 3
      vertex 88 -8.5 3
      vertex 84.4 -13.6 3
    endloop
  endfacet
  facet normal 0 0 -1
    outer loop
      vertex -84.4547 -95.6251 3
      vertex -89.5 -93.5 3
      vertex -84.4 -95 3
    endloop
  endfacet
  facet normal 0 0 -1
    outer loop
      vertex -89.5 -93.5 3
      vertex -84.6171 -96.2313 3
      vertex -84.8823 -96.8 3
    endloop
  endfacet
  facet normal 0 0 -1
    outer loop
      vertex -89.5 -93.5 3
      vertex -84.8823 -96.8 3
      vertex -85.2422 -97.314 3
    endloop
  endfacet
  facet normal 0 0 -1
    outer loop
      vertex -89.5 -93.5 3
      vertex -85.2422 -97.314 3
      vertex -85.686 -97.7578 3
    endloop
  endfacet
  facet normal 0 0 -1
    outer loop
      vertex -89.5 -93.5 3
      vertex -85.686 -97.7578 3
      vertex -86.2 -98.1177 3
    endloop
  endfacet
  facet normal 0 0 -1
    outer loop
      vertex -89.5 -93.5 3
      vertex -86.2 -98.1177 3
      vertex -86.7687 -98.3829 3
    endloop
  endfacet
  facet normal 0 0 -1
    outer loop
      vertex -89.5 -93.5 3
      vertex -86.7687 -98.3829 3
      vertex -87.3749 -98.5453 3
    endloop
  endfacet
  facet normal 0 0 -1
    outer loop
      vertex -89.5 -93.5 3
      vertex -87.3749 -98.5453 3
      vertex -88 -98.6 3
    endloop
  endfacet
  facet normal 0 0 -1
    outer loop
      vertex -84.4 -13.6 3
      vertex -88 -8.5 3
      vertex 88 -8.5 3
    endloop
  endfacet
  facet normal 0 0 -1
    outer loop
      vertex -84.4 -95 3
      vertex -89.5 -93.5 3
      vertex -84.4 -13.6 3
    endloop
  endfacet
  facet normal 0 0 -1
    outer loop
      vertex -89.5 -10 3
      vertex -84.4 -13.6 3
      vertex -89.5 -93.5 3
    endloop
  endfacet
  facet normal 0 0 -1
    outer loop
      vertex -84.4 -13.6 3
      vertex -89.5 -10 3
      vertex -88 -8.5 3
    endloop
  endfacet
  facet normal 0 0 -1
    outer loop
      vertex -88 -8.5 3
      vertex -89.5 -10 3
      vertex -88.2605 -8.52278 3
    endloop
  endfacet
  facet normal 0 0 -1
    outer loop
      vertex -88.2605 -8.52278 3
      vertex -89.5 -10 3
      vertex -88.513 -8.59045 3
    endloop
  endfacet
  facet normal 0 0 -1
    outer loop
      vertex -88.513 -8.59045 3
      vertex -89.5 -10 3
      vertex -88.75 -8.70096 3
    endloop
  endfacet
  facet normal 0 0 -1
    outer loop
      vertex -88.75 -8.70096 3
      vertex -89.5 -10 3
      vertex -88.9642 -8.85094 3
    endloop
  endfacet
  facet normal 0 0 -1
    outer loop
      vertex -89.1491 -9.03581 3
      vertex -89.5 -10 3
      vertex -89.299 -9.25 3
    endloop
  endfacet
  facet normal 0 0 -1
    outer loop
      vertex -89.299 -9.25 3
      vertex -89.5 -10 3
      vertex -89.4095 -9.48697 3
    endloop
  endfacet
  facet normal 0 0 -1
    outer loop
      vertex -88.9642 -8.85094 3
      vertex -89.5 -10 3
      vertex -89.1491 -9.03581 3
    endloop
  endfacet
  facet normal 0 0 -1
    outer loop
      vertex -171.4 -98.6 3
      vertex -89.5 -93.5 3
      vertex -88 -98.6 3
    endloop
  endfacet
  facet normal 0 0 -1
    outer loop
      vertex -171.4 -98.6 3
      vertex -175 -93.5 3
      vertex -89.5 -93.5 3
    endloop
  endfacet
  facet normal 0 0 -1
    outer loop
      vertex -175.529 -190 3
      vertex -171.4 -231.4 3
      vertex -175.529 -196 3
    endloop
  endfacet
  facet normal 0 0 -1
    outer loop
      vertex -176.5 -235 3
      vertex -175 -236.5 3
      vertex -175.26 -236.477 3
    endloop
  endfacet
  facet normal 0 0 -1
    outer loop
      vertex -171.4 -231.4 3
      vertex -175.529 -214 3
      vertex -175.529 -196 3
    endloop
  endfacet
  facet normal 0 0 -1
    outer loop
      vertex -176.5 -235 3
      vertex -175.26 -236.477 3
      vertex -175.513 -236.41 3
    endloop
  endfacet
  facet normal 0 0 -1
    outer loop
      vertex -171.4 -231.4 3
      vertex -175.529 -220 3
      vertex -175.529 -214 3
    endloop
  endfacet
  facet normal 0 0 -1
    outer loop
      vertex -171.4 -231.4 3
      vertex -175.529 -190 3
      vertex -171.4 -98.6 3
    endloop
  endfacet
  facet normal 0 0 -1
    outer loop
      vertex -176.5 -235 3
      vertex -175.513 -236.41 3
      vertex -175.75 -236.299 3
    endloop
  endfacet
  facet normal 0 0 -1
    outer loop
      vertex -176.5 -235 3
      vertex -175.75 -236.299 3
      vertex -175.964 -236.149 3
    endloop
  endfacet
  facet normal 0 0 -1
    outer loop
      vertex -176.5 -235 3
      vertex -175.964 -236.149 3
      vertex -176.149 -235.964 3
    endloop
  endfacet
  facet normal 0 0 -1
    outer loop
      vertex -176.5 -235 3
      vertex -176.149 -235.964 3
      vertex -176.299 -235.75 3
    endloop
  endfacet
  facet normal 0 0 -1
    outer loop
      vertex -176.5 -235 3
      vertex -176.299 -235.75 3
      vertex -176.41 -235.513 3
    endloop
  endfacet
  facet normal 0 0 -1
    outer loop
      vertex -176.5 -235 3
      vertex -176.41 -235.513 3
      vertex -176.477 -235.26 3
    endloop
  endfacet
  facet normal -0 0 -1
    outer loop
      vertex -171.4 -231.4 3
      vertex -176.5 -235 3
      vertex -176.5 -223 3
    endloop
  endfacet
  facet normal 0 0 -1
    outer loop
      vertex -171.4 -231.4 3
      vertex -176.5 -223 3
      vertex -175.529 -220 3
    endloop
  endfacet
  facet normal 0 0 -1
    outer loop
      vertex -178 -220 3
      vertex -176.5 -223 3
      vertex -178 -223 3
    endloop
  endfacet
  facet normal 0 0 -1
    outer loop
      vertex -176.5 -223 3
      vertex -178 -220 3
      vertex -175.529 -220 3
    endloop
  endfacet
  facet normal 0 0 -1
    outer loop
      vertex -178 -134 3
      vertex -175.529 -116 3
      vertex -175.529 -134 3
    endloop
  endfacet
  facet normal -0 0 -1
    outer loop
      vertex -175.529 -116 3
      vertex -178 -134 3
      vertex -178 -116 3
    endloop
  endfacet
  facet normal 0 0 -1
    outer loop
      vertex -175.529 -190 3
      vertex -176.5 -187 3
      vertex -175.529 -140 3
    endloop
  endfacet
  facet normal 0 0 -1
    outer loop
      vertex -178 -190 3
      vertex -176.5 -187 3
      vertex -175.529 -190 3
    endloop
  endfacet
  facet normal -0 0 -1
    outer loop
      vertex -176.5 -187 3
      vertex -178 -190 3
      vertex -178 -187 3
    endloop
  endfacet
  facet normal 0 0 -1
    outer loop
      vertex -178 -214 3
      vertex -175.529 -196 3
      vertex -175.529 -214 3
    endloop
  endfacet
  facet normal -0 0 -1
    outer loop
      vertex -175.529 -196 3
      vertex -178 -214 3
      vertex -178 -196 3
    endloop
  endfacet
  facet normal 0 0 -1
    outer loop
      vertex -175.529 -140 3
      vertex -171.4 -98.6 3
      vertex -175.529 -190 3
    endloop
  endfacet
  facet normal 0 0 -1
    outer loop
      vertex -175.529 -134 3
      vertex -171.4 -98.6 3
      vertex -175.529 -140 3
    endloop
  endfacet
  facet normal 0 0 -1
    outer loop
      vertex -175.529 -116 3
      vertex -171.4 -98.6 3
      vertex -175.529 -134 3
    endloop
  endfacet
  facet normal 0 0 -1
    outer loop
      vertex -175.529 -110 3
      vertex -171.4 -98.6 3
      vertex -175.529 -116 3
    endloop
  endfacet
  facet normal 0 0 -1
    outer loop
      vertex -176.5 -107 3
      vertex -171.4 -98.6 3
      vertex -175.529 -110 3
    endloop
  endfacet
  facet normal 0 0 -1
    outer loop
      vertex -176.5 -95 3
      vertex -171.4 -98.6 3
      vertex -176.5 -107 3
    endloop
  endfacet
  facet normal 0 0 -1
    outer loop
      vertex -171.4 -98.6 3
      vertex -176.5 -95 3
      vertex -175 -93.5 3
    endloop
  endfacet
  facet normal 0 0 -1
    outer loop
      vertex -175 -93.5 3
      vertex -176.5 -95 3
      vertex -175.26 -93.5228 3
    endloop
  endfacet
  facet normal 0 0 -1
    outer loop
      vertex -175.26 -93.5228 3
      vertex -176.5 -95 3
      vertex -175.513 -93.5905 3
    endloop
  endfacet
  facet normal 0 0 -1
    outer loop
      vertex -175.513 -93.5905 3
      vertex -176.5 -95 3
      vertex -175.75 -93.701 3
    endloop
  endfacet
  facet normal 0 0 -1
    outer loop
      vertex -175.75 -93.701 3
      vertex -176.5 -95 3
      vertex -175.964 -93.8509 3
    endloop
  endfacet
  facet normal 0 0 -1
    outer loop
      vertex -176.149 -94.0358 3
      vertex -176.5 -95 3
      vertex -176.299 -94.25 3
    endloop
  endfacet
  facet normal 0 0 -1
    outer loop
      vertex -176.299 -94.25 3
      vertex -176.5 -95 3
      vertex -176.41 -94.487 3
    endloop
  endfacet
  facet normal 0 0 -1
    outer loop
      vertex -175.964 -93.8509 3
      vertex -176.5 -95 3
      vertex -176.149 -94.0358 3
    endloop
  endfacet
  facet normal 0 0 -1
    outer loop
      vertex -178 -110 3
      vertex -176.5 -107 3
      vertex -175.529 -110 3
    endloop
  endfacet
  facet normal -0 0 -1
    outer loop
      vertex -176.5 -107 3
      vertex -178 -110 3
      vertex -178 -107 3
    endloop
  endfacet
  facet normal 0 0 -1
    outer loop
      vertex -176.5 -143 3
      vertex -175.529 -140 3
      vertex -176.5 -187 3
    endloop
  endfacet
  facet normal 0 0 -1
    outer loop
      vertex -178 -140 3
      vertex -176.5 -143 3
      vertex -178 -143 3
    endloop
  endfacet
  facet normal 0 0 -1
    outer loop
      vertex -176.5 -143 3
      vertex -178 -140 3
      vertex -175.529 -140 3
    endloop
  endfacet
  facet normal 0 0 -1
    outer loop
      vertex -176.41 -94.487 3
      vertex -176.5 -95 3
      vertex -176.477 -94.7395 3
    endloop
  endfacet
  facet normal 0 0 -1
    outer loop
      vertex -89.5 -93.5 3
      vertex -84.4547 -95.6251 3
      vertex -84.6171 -96.2313 3
    endloop
  endfacet
  facet normal 0 0 -1
    outer loop
      vertex 89.5 -236.5 3
      vertex 84.4547 -234.375 3
      vertex 84.6171 -233.769 3
    endloop
  endfacet
  facet normal 0 0 -1
    outer loop
      vertex -89.4095 -9.48697 3
      vertex -89.5 -10 3
      vertex -89.4772 -9.73953 3
    endloop
  endfacet
  facet normal 0 -1 0
    outer loop
      vertex -176.996 -223 6.45277
      vertex -176.5 -223 6.5
      vertex -176.924 -223 6.72216
    endloop
  endfacet
  facet normal 0 -1 0
    outer loop
      vertex -177.114 -223 6.2
      vertex -176.5 -223 6.5
      vertex -176.996 -223 6.45277
    endloop
  endfacet
  facet normal 0 -1 0
    outer loop
      vertex -177.274 -223 5.97154
      vertex -176.5 -223 6.5
      vertex -177.114 -223 6.2
    endloop
  endfacet
  facet normal 0 -1 0
    outer loop
      vertex -176.5 -223 3
      vertex -177.274 -223 5.97154
      vertex -177.472 -223 5.77433
    endloop
  endfacet
  facet normal 0 -1 0
    outer loop
      vertex -178 -223 3
      vertex -177.953 -223 5.49649
      vertex -178 -223 5.48384
    endloop
  endfacet
  facet normal 0 -1 0
    outer loop
      vertex -176.5 -223 3
      vertex -177.953 -223 5.49649
      vertex -178 -223 3
    endloop
  endfacet
  facet normal 0 -1 0
    outer loop
      vertex -177.953 -223 5.49649
      vertex -176.5 -223 3
      vertex -177.7 -223 5.61436
    endloop
  endfacet
  facet normal 0 -1 0
    outer loop
      vertex -177.7 -223 5.61436
      vertex -176.5 -223 3
      vertex -177.472 -223 5.77433
    endloop
  endfacet
  facet normal 0 -1 0
    outer loop
      vertex -177.274 -223 5.97154
      vertex -176.5 -223 3
      vertex -176.5 -223 6.5
    endloop
  endfacet
  facet normal 0 -1 0
    outer loop
      vertex -176.5 -223 6.5
      vertex -176.9 -223 7
      vertex -176.924 -223 6.72216
    endloop
  endfacet
  facet normal 0 -1 0
    outer loop
      vertex -176.9 -223 7
      vertex -176.5 -223 6.5
      vertex -152 -223 7
    endloop
  endfacet
  facet normal 0 -1 -0
    outer loop
      vertex -152 -223 7
      vertex -176.5 -223 6.5
      vertex -152 -223 6.5
    endloop
  endfacet
  facet normal -1 0 0
    outer loop
      vertex -178 -143 3
      vertex -178 -140 5.48384
      vertex -178 -140 3
    endloop
  endfacet
  facet normal -1 -0 0
    outer loop
      vertex -178 -140 5.48384
      vertex -178 -143 3
      vertex -178 -143 5.48384
    endloop
  endfacet
  facet normal -1 0 0
    outer loop
      vertex -178 -110 3
      vertex -178 -107 5.48384
      vertex -178 -107 3
    endloop
  endfacet
  facet normal -1 -0 0
    outer loop
      vertex -178 -107 5.48384
      vertex -178 -110 3
      vertex -178 -110 5.48384
    endloop
  endfacet
  facet normal -1 0 0
    outer loop
      vertex -178 -134 3
      vertex -178 -116 5.48384
      vertex -178 -116 3
    endloop
  endfacet
  facet normal -1 -0 0
    outer loop
      vertex -178 -116 5.48384
      vertex -178 -134 3
      vertex -178 -134 5.48384
    endloop
  endfacet
  facet normal -0 0 1
    outer loop
      vertex -176.9 -116 7
      vertex -173.5 -134 7
      vertex -173.5 -116 7
    endloop
  endfacet
  facet normal 0 0 1
    outer loop
      vertex -173.5 -134 7
      vertex -176.9 -116 7
      vertex -176.9 -134 7
    endloop
  endfacet
  facet normal 0 0 1
    outer loop
      vertex -173.5 -116 7
      vertex -152 -107 7
      vertex -173.5 -110 7
    endloop
  endfacet
  facet normal -0 0 1
    outer loop
      vertex -176.9 -107 7
      vertex -173.5 -110 7
      vertex -152 -107 7
    endloop
  endfacet
  facet normal 0 0 1
    outer loop
      vertex -173.5 -110 7
      vertex -176.9 -107 7
      vertex -176.9 -110 7
    endloop
  endfacet
  facet normal 0 0 1
    outer loop
      vertex -152 -107 7
      vertex -173.5 -116 7
      vertex -152 -143 7
    endloop
  endfacet
  facet normal -0 0 1
    outer loop
      vertex -173.5 -134 7
      vertex -152 -143 7
      vertex -173.5 -116 7
    endloop
  endfacet
  facet normal -0 0 1
    outer loop
      vertex -173.5 -140 7
      vertex -152 -143 7
      vertex -173.5 -134 7
    endloop
  endfacet
  facet normal 0 0 1
    outer loop
      vertex -176.9 -143 7
      vertex -173.5 -140 7
      vertex -176.9 -140 7
    endloop
  endfacet
  facet normal 0 0 1
    outer loop
      vertex -173.5 -140 7
      vertex -176.9 -143 7
      vertex -152 -143 7
    endloop
  endfacet
  facet normal 1 -0 0
    outer loop
      vertex -152 -143 7
      vertex -152 -107 6.5
      vertex -152 -107 7
    endloop
  endfacet
  facet normal 1 0 0
    outer loop
      vertex -152 -107 6.5
      vertex -152 -143 7
      vertex -152 -143 6.5
    endloop
  endfacet
  facet normal 0 1 -0
    outer loop
      vertex -176.5 -107 6.5
      vertex -176.9 -107 7
      vertex -152 -107 7
    endloop
  endfacet
  facet normal 0 1 0
    outer loop
      vertex -176.5 -107 6.5
      vertex -152 -107 7
      vertex -152 -107 6.5
    endloop
  endfacet
  facet normal 0 1 0
    outer loop
      vertex -176.9 -107 7
      vertex -176.5 -107 6.5
      vertex -176.924 -107 6.72216
    endloop
  endfacet
  facet normal 0 1 0
    outer loop
      vertex -176.5 -107 6.5
      vertex -176.996 -107 6.45277
      vertex -176.924 -107 6.72216
    endloop
  endfacet
  facet normal 0 1 0
    outer loop
      vertex -176.5 -107 6.5
      vertex -177.114 -107 6.2
      vertex -176.996 -107 6.45277
    endloop
  endfacet
  facet normal 0 1 0
    outer loop
      vertex -176.5 -107 6.5
      vertex -177.274 -107 5.97154
      vertex -177.114 -107 6.2
    endloop
  endfacet
  facet normal 0 1 -0
    outer loop
      vertex -176.5 -107 3
      vertex -177.274 -107 5.97154
      vertex -176.5 -107 6.5
    endloop
  endfacet
  facet normal 0 1 0
    outer loop
      vertex -177.274 -107 5.97154
      vertex -176.5 -107 3
      vertex -177.472 -107 5.77433
    endloop
  endfacet
  facet normal 0 1 0
    outer loop
      vertex -176.5 -107 3
      vertex -177.7 -107 5.61436
      vertex -177.472 -107 5.77433
    endloop
  endfacet
  facet normal 0 1 0
    outer loop
      vertex -176.5 -107 3
      vertex -177.953 -107 5.49649
      vertex -177.7 -107 5.61436
    endloop
  endfacet
  facet normal 0 1 0
    outer loop
      vertex -178 -107 3
      vertex -177.953 -107 5.49649
      vertex -176.5 -107 3
    endloop
  endfacet
  facet normal 0 1 0
    outer loop
      vertex -177.953 -107 5.49649
      vertex -178 -107 3
      vertex -178 -107 5.48384
    endloop
  endfacet
  facet normal 0 -1 0
    outer loop
      vertex -176.996 -143 6.45277
      vertex -176.5 -143 6.5
      vertex -176.924 -143 6.72216
    endloop
  endfacet
  facet normal 0 -1 0
    outer loop
      vertex -177.114 -143 6.2
      vertex -176.5 -143 6.5
      vertex -176.996 -143 6.45277
    endloop
  endfacet
  facet normal 0 -1 0
    outer loop
      vertex -177.274 -143 5.97154
      vertex -176.5 -143 6.5
      vertex -177.114 -143 6.2
    endloop
  endfacet
  facet normal 0 -1 0
    outer loop
      vertex -176.5 -143 3
      vertex -177.274 -143 5.97154
      vertex -177.472 -143 5.77433
    endloop
  endfacet
  facet normal 0 -1 0
    outer loop
      vertex -178 -143 3
      vertex -177.953 -143 5.49649
      vertex -178 -143 5.48384
    endloop
  endfacet
  facet normal 0 -1 0
    outer loop
      vertex -176.5 -143 3
      vertex -177.953 -143 5.49649
      vertex -178 -143 3
    endloop
  endfacet
  facet normal 0 -1 0
    outer loop
      vertex -177.953 -143 5.49649
      vertex -176.5 -143 3
      vertex -177.7 -143 5.61436
    endloop
  endfacet
  facet normal 0 -1 0
    outer loop
      vertex -177.7 -143 5.61436
      vertex -176.5 -143 3
      vertex -177.472 -143 5.77433
    endloop
  endfacet
  facet normal 0 -1 0
    outer loop
      vertex -177.274 -143 5.97154
      vertex -176.5 -143 3
      vertex -176.5 -143 6.5
    endloop
  endfacet
  facet normal 0 -1 0
    outer loop
      vertex -176.5 -143 6.5
      vertex -176.9 -143 7
      vertex -176.924 -143 6.72216
    endloop
  endfacet
  facet normal 0 -1 0
    outer loop
      vertex -176.9 -143 7
      vertex -176.5 -143 6.5
      vertex -152 -143 7
    endloop
  endfacet
  facet normal 0 -1 -0
    outer loop
      vertex -152 -143 7
      vertex -176.5 -143 6.5
      vertex -152 -143 6.5
    endloop
  endfacet
  facet normal 0 1 -0
    outer loop
      vertex 27 -88 6.5
      vertex -27 -88 7.5
      vertex 27 -88 7.5
    endloop
  endfacet
  facet normal 0 1 0
    outer loop
      vertex -27 -88 7.5
      vertex 27 -88 6.5
      vertex -27 -88 6.5
    endloop
  endfacet
  facet normal 0 0 1
    outer loop
      vertex 27 -88 7.5
      vertex 23 -92 7.5
      vertex 27 -242 7.5
    endloop
  endfacet
  facet normal 0 0 1
    outer loop
      vertex 27 -88 7.5
      vertex -23 -92 7.5
      vertex 23 -92 7.5
    endloop
  endfacet
  facet normal 0 0 1
    outer loop
      vertex -23 -92 7.5
      vertex -27 -88 7.5
      vertex -23 -238 7.5
    endloop
  endfacet
  facet normal -0 0 1
    outer loop
      vertex -27 -88 7.5
      vertex -23 -92 7.5
      vertex 27 -88 7.5
    endloop
  endfacet
  facet normal -0 0 1
    outer loop
      vertex 23 -238 7.5
      vertex 27 -242 7.5
      vertex 23 -92 7.5
    endloop
  endfacet
  facet normal -0 0 1
    outer loop
      vertex -23 -238 7.5
      vertex 27 -242 7.5
      vertex 23 -238 7.5
    endloop
  endfacet
  facet normal 0 0 1
    outer loop
      vertex -23 -238 7.5
      vertex -27 -242 7.5
      vertex 27 -242 7.5
    endloop
  endfacet
  facet normal 0 0 1
    outer loop
      vertex -27 -242 7.5
      vertex -23 -238 7.5
      vertex -27 -88 7.5
    endloop
  endfacet
  facet normal 0 -1 0
    outer loop
      vertex -27 -242 6.5
      vertex 27 -242 7.5
      vertex -27 -242 7.5
    endloop
  endfacet
  facet normal 0 -1 -0
    outer loop
      vertex 27 -242 7.5
      vertex -27 -242 6.5
      vertex 27 -242 6.5
    endloop
  endfacet
  facet normal 1 -0 0
    outer loop
      vertex 27 -242 7.5
      vertex 27 -88 6.5
      vertex 27 -88 7.5
    endloop
  endfacet
  facet normal 1 0 0
    outer loop
      vertex 27 -88 6.5
      vertex 27 -242 7.5
      vertex 27 -242 6.5
    endloop
  endfacet
  facet normal -1 0 0
    outer loop
      vertex -27 -242 6.5
      vertex -27 -88 7.5
      vertex -27 -88 6.5
    endloop
  endfacet
  facet normal -1 -0 0
    outer loop
      vertex -27 -88 7.5
      vertex -27 -242 6.5
      vertex -27 -242 7.5
    endloop
  endfacet
  facet normal 0 -1 0
    outer loop
      vertex -23 -92 6.5
      vertex 23 -92 7.5
      vertex -23 -92 7.5
    endloop
  endfacet
  facet normal 0 -1 -0
    outer loop
      vertex 23 -92 7.5
      vertex -23 -92 6.5
      vertex 23 -92 6.5
    endloop
  endfacet
  facet normal 0 1 -0
    outer loop
      vertex 23 -238 6.5
      vertex -23 -238 7.5
      vertex 23 -238 7.5
    endloop
  endfacet
  facet normal 0 1 0
    outer loop
      vertex -23 -238 7.5
      vertex 23 -238 6.5
      vertex -23 -238 6.5
    endloop
  endfacet
  facet normal -1 0 0
    outer loop
      vertex 23 -238 6.5
      vertex 23 -92 7.5
      vertex 23 -92 6.5
    endloop
  endfacet
  facet normal -1 -0 0
    outer loop
      vertex 23 -92 7.5
      vertex 23 -238 6.5
      vertex 23 -238 7.5
    endloop
  endfacet
  facet normal 1 -0 0
    outer loop
      vertex -23 -238 7.5
      vertex -23 -92 6.5
      vertex -23 -92 7.5
    endloop
  endfacet
  facet normal 1 0 0
    outer loop
      vertex -23 -92 6.5
      vertex -23 -238 7.5
      vertex -23 -238 6.5
    endloop
  endfacet
  facet normal -0 0 1
    outer loop
      vertex -176.5 -143 6.5
      vertex -152 -187 6.5
      vertex -152 -143 6.5
    endloop
  endfacet
  facet normal 0 0 1
    outer loop
      vertex -152 -187 6.5
      vertex -176.5 -143 6.5
      vertex -176.5 -187 6.5
    endloop
  endfacet
  facet normal 0 0 1
    outer loop
      vertex -152 -143 6.5
      vertex -89.5 -93.5 6.5
      vertex -152 -107 6.5
    endloop
  endfacet
  facet normal -0 0 1
    outer loop
      vertex -175 -93.5 6.5
      vertex -152 -107 6.5
      vertex -89.5 -93.5 6.5
    endloop
  endfacet
  facet normal 0 0 1
    outer loop
      vertex -176.5 -95 6.5
      vertex -175 -93.5 6.5
      vertex -175.26 -93.5228 6.5
    endloop
  endfacet
  facet normal 0 0 1
    outer loop
      vertex -176.5 -95 6.5
      vertex -175.26 -93.5228 6.5
      vertex -175.513 -93.5905 6.5
    endloop
  endfacet
  facet normal 0 0 1
    outer loop
      vertex -176.5 -95 6.5
      vertex -175.513 -93.5905 6.5
      vertex -175.75 -93.701 6.5
    endloop
  endfacet
  facet normal 0 0 1
    outer loop
      vertex -176.5 -95 6.5
      vertex -175.75 -93.701 6.5
      vertex -175.964 -93.8509 6.5
    endloop
  endfacet
  facet normal 0 0 1
    outer loop
      vertex -176.5 -95 6.5
      vertex -175.964 -93.8509 6.5
      vertex -176.149 -94.0358 6.5
    endloop
  endfacet
  facet normal 0 0 1
    outer loop
      vertex -176.5 -95 6.5
      vertex -176.149 -94.0358 6.5
      vertex -176.299 -94.25 6.5
    endloop
  endfacet
  facet normal 0 0 1
    outer loop
      vertex -176.5 -95 6.5
      vertex -176.299 -94.25 6.5
      vertex -176.41 -94.487 6.5
    endloop
  endfacet
  facet normal 0 0 1
    outer loop
      vertex -176.5 -95 6.5
      vertex -176.41 -94.487 6.5
      vertex -176.477 -94.7395 6.5
    endloop
  endfacet
  facet normal 0 0 1
    outer loop
      vertex -175 -93.5 6.5
      vertex -176.5 -95 6.5
      vertex -176.5 -107 6.5
    endloop
  endfacet
  facet normal 0 0 1
    outer loop
      vertex -175 -93.5 6.5
      vertex -176.5 -107 6.5
      vertex -152 -107 6.5
    endloop
  endfacet
  facet normal 0 0 1
    outer loop
      vertex -89.5 -93.5 6.5
      vertex -152 -143 6.5
      vertex -89.5 -236.5 6.5
    endloop
  endfacet
  facet normal -0 0 1
    outer loop
      vertex -152 -187 6.5
      vertex -89.5 -236.5 6.5
      vertex -152 -143 6.5
    endloop
  endfacet
  facet normal -0 0 1
    outer loop
      vertex -152 -223 6.5
      vertex -89.5 -236.5 6.5
      vertex -152 -187 6.5
    endloop
  endfacet
  facet normal 0 0 1
    outer loop
      vertex -152 -223 6.5
      vertex -175 -236.5 6.5
      vertex -89.5 -236.5 6.5
    endloop
  endfacet
  facet normal -0 0 1
    outer loop
      vertex -176.5 -223 6.5
      vertex -175 -236.5 6.5
      vertex -152 -223 6.5
    endloop
  endfacet
  facet normal -0 0 1
    outer loop
      vertex -176.5 -235 6.5
      vertex -175 -236.5 6.5
      vertex -176.5 -223 6.5
    endloop
  endfacet
  facet normal 0 0 1
    outer loop
      vertex -175 -236.5 6.5
      vertex -176.5 -235 6.5
      vertex -175.26 -236.477 6.5
    endloop
  endfacet
  facet normal 0 0 1
    outer loop
      vertex -175.26 -236.477 6.5
      vertex -176.5 -235 6.5
      vertex -175.513 -236.41 6.5
    endloop
  endfacet
  facet normal 0 0 1
    outer loop
      vertex -175.75 -236.299 6.5
      vertex -176.5 -235 6.5
      vertex -175.964 -236.149 6.5
    endloop
  endfacet
  facet normal 0 0 1
    outer loop
      vertex -175.964 -236.149 6.5
      vertex -176.5 -235 6.5
      vertex -176.149 -235.964 6.5
    endloop
  endfacet
  facet normal 0 0 1
    outer loop
      vertex -176.149 -235.964 6.5
      vertex -176.5 -235 6.5
      vertex -176.299 -235.75 6.5
    endloop
  endfacet
  facet normal 0 0 1
    outer loop
      vertex -176.299 -235.75 6.5
      vertex -176.5 -235 6.5
      vertex -176.41 -235.513 6.5
    endloop
  endfacet
  facet normal 0 0 1
    outer loop
      vertex -175.513 -236.41 6.5
      vertex -176.5 -235 6.5
      vertex -175.75 -236.299 6.5
    endloop
  endfacet
  facet normal 0 0 1
    outer loop
      vertex -176.41 -235.513 6.5
      vertex -176.5 -235 6.5
      vertex -176.477 -235.26 6.5
    endloop
  endfacet
  facet normal -0 0 1
    outer loop
      vertex 27 -88 6.5
      vertex 89.5 -93.5 6.5
      vertex 89.5 -10 6.5
    endloop
  endfacet
  facet normal 0 0 1
    outer loop
      vertex 89.5 -93.5 6.5
      vertex 27 -88 6.5
      vertex 89.5 -236.5 6.5
    endloop
  endfacet
  facet normal 0 0 1
    outer loop
      vertex 88 -8.5 6.5
      vertex 89.5 -10 6.5
      vertex 89.4772 -9.73953 6.5
    endloop
  endfacet
  facet normal 0 0 1
    outer loop
      vertex 27 -242 6.5
      vertex 89.5 -236.5 6.5
      vertex 27 -88 6.5
    endloop
  endfacet
  facet normal 0 0 1
    outer loop
      vertex 88 -8.5 6.5
      vertex 89.4772 -9.73953 6.5
      vertex 89.4095 -9.48697 6.5
    endloop
  endfacet
  facet normal 0 0 1
    outer loop
      vertex 89.5 -236.5 6.5
      vertex 27 -242 6.5
      vertex 89.5 -320 6.5
    endloop
  endfacet
  facet normal 0 0 1
    outer loop
      vertex 88 -8.5 6.5
      vertex 89.4095 -9.48697 6.5
      vertex 89.299 -9.25 6.5
    endloop
  endfacet
  facet normal 0 -0 1
    outer loop
      vertex 88 -321.5 6.5
      vertex 89.5 -320 6.5
      vertex 27 -242 6.5
    endloop
  endfacet
  facet normal 0 0 1
    outer loop
      vertex 88 -8.5 6.5
      vertex 89.299 -9.25 6.5
      vertex 89.1491 -9.03581 6.5
    endloop
  endfacet
  facet normal 0 0 1
    outer loop
      vertex 89.5 -320 6.5
      vertex 88 -321.5 6.5
      vertex 89.4772 -320.26 6.5
    endloop
  endfacet
  facet normal 0 0 1
    outer loop
      vertex 88 -8.5 6.5
      vertex 89.1491 -9.03581 6.5
      vertex 88.9642 -8.85094 6.5
    endloop
  endfacet
  facet normal 0 0 1
    outer loop
      vertex 89.4772 -320.26 6.5
      vertex 88 -321.5 6.5
      vertex 89.4095 -320.513 6.5
    endloop
  endfacet
  facet normal 0 0 1
    outer loop
      vertex 88 -8.5 6.5
      vertex 88.9642 -8.85094 6.5
      vertex 88.75 -8.70096 6.5
    endloop
  endfacet
  facet normal 0 0 1
    outer loop
      vertex 89.4095 -320.513 6.5
      vertex 88 -321.5 6.5
      vertex 89.299 -320.75 6.5
    endloop
  endfacet
  facet normal 0 0 1
    outer loop
      vertex 88 -8.5 6.5
      vertex 88.75 -8.70096 6.5
      vertex 88.513 -8.59045 6.5
    endloop
  endfacet
  facet normal 0 0 1
    outer loop
      vertex 89.299 -320.75 6.5
      vertex 88 -321.5 6.5
      vertex 89.1491 -320.964 6.5
    endloop
  endfacet
  facet normal 0 0 1
    outer loop
      vertex 88 -8.5 6.5
      vertex 88.513 -8.59045 6.5
      vertex 88.2605 -8.52278 6.5
    endloop
  endfacet
  facet normal 0 0 1
    outer loop
      vertex 89.1491 -320.964 6.5
      vertex 88 -321.5 6.5
      vertex 88.9642 -321.149 6.5
    endloop
  endfacet
  facet normal 0 0 1
    outer loop
      vertex 89.5 -10 6.5
      vertex 88 -8.5 6.5
      vertex 27 -88 6.5
    endloop
  endfacet
  facet normal 0 0 1
    outer loop
      vertex 88.9642 -321.149 6.5
      vertex 88 -321.5 6.5
      vertex 88.75 -321.299 6.5
    endloop
  endfacet
  facet normal 0 0 1
    outer loop
      vertex 88.75 -321.299 6.5
      vertex 88 -321.5 6.5
      vertex 88.513 -321.41 6.5
    endloop
  endfacet
  facet normal 0 0 1
    outer loop
      vertex 88 -8.5 6.5
      vertex -27 -88 6.5
      vertex 27 -88 6.5
    endloop
  endfacet
  facet normal -0 0 1
    outer loop
      vertex -89.5 -10 6.5
      vertex -27 -88 6.5
      vertex -88 -8.5 6.5
    endloop
  endfacet
  facet normal -0 0 1
    outer loop
      vertex -88 -8.5 6.5
      vertex -27 -88 6.5
      vertex 88 -8.5 6.5
    endloop
  endfacet
  facet normal 0 0 1
    outer loop
      vertex 88.513 -321.41 6.5
      vertex 88 -321.5 6.5
      vertex 88.2605 -321.477 6.5
    endloop
  endfacet
  facet normal -0 0 1
    outer loop
      vertex -27 -242 6.5
      vertex 88 -321.5 6.5
      vertex 27 -242 6.5
    endloop
  endfacet
  facet normal 0 0 1
    outer loop
      vertex -27 -242 6.5
      vertex -88 -321.5 6.5
      vertex 88 -321.5 6.5
    endloop
  endfacet
  facet normal 0 0 1
    outer loop
      vertex -27 -88 6.5
      vertex -89.5 -93.5 6.5
      vertex -27 -242 6.5
    endloop
  endfacet
  facet normal 0 0 1
    outer loop
      vertex -89.5 -10 6.5
      vertex -88 -8.5 6.5
      vertex -88.2605 -8.52278 6.5
    endloop
  endfacet
  facet normal -0 0 1
    outer loop
      vertex -89.5 -236.5 6.5
      vertex -27 -242 6.5
      vertex -89.5 -93.5 6.5
    endloop
  endfacet
  facet normal 0 0 1
    outer loop
      vertex -89.5 -10 6.5
      vertex -88.2605 -8.52278 6.5
      vertex -88.513 -8.59045 6.5
    endloop
  endfacet
  facet normal 0 0 1
    outer loop
      vertex -89.5 -320 6.5
      vertex -27 -242 6.5
      vertex -89.5 -236.5 6.5
    endloop
  endfacet
  facet normal 0 0 1
    outer loop
      vertex -89.5 -10 6.5
      vertex -88.513 -8.59045 6.5
      vertex -88.75 -8.70096 6.5
    endloop
  endfacet
  facet normal 0 0 1
    outer loop
      vertex -27 -242 6.5
      vertex -89.5 -320 6.5
      vertex -88 -321.5 6.5
    endloop
  endfacet
  facet normal 0 0 1
    outer loop
      vertex -89.5 -10 6.5
      vertex -88.75 -8.70096 6.5
      vertex -88.9642 -8.85094 6.5
    endloop
  endfacet
  facet normal 0 0 1
    outer loop
      vertex -88 -321.5 6.5
      vertex -89.5 -320 6.5
      vertex -88.2605 -321.477 6.5
    endloop
  endfacet
  facet normal 0 0 1
    outer loop
      vertex -89.5 -10 6.5
      vertex -88.9642 -8.85094 6.5
      vertex -89.1491 -9.03581 6.5
    endloop
  endfacet
  facet normal 0 0 1
    outer loop
      vertex -88.2605 -321.477 6.5
      vertex -89.5 -320 6.5
      vertex -88.513 -321.41 6.5
    endloop
  endfacet
  facet normal 0 0 1
    outer loop
      vertex -89.5 -10 6.5
      vertex -89.1491 -9.03581 6.5
      vertex -89.299 -9.25 6.5
    endloop
  endfacet
  facet normal 0 0 1
    outer loop
      vertex -88.513 -321.41 6.5
      vertex -89.5 -320 6.5
      vertex -88.75 -321.299 6.5
    endloop
  endfacet
  facet normal 0 0 1
    outer loop
      vertex -89.5 -10 6.5
      vertex -89.299 -9.25 6.5
      vertex -89.4095 -9.48697 6.5
    endloop
  endfacet
  facet normal 0 0 1
    outer loop
      vertex -88.75 -321.299 6.5
      vertex -89.5 -320 6.5
      vertex -88.9642 -321.149 6.5
    endloop
  endfacet
  facet normal 0 0 1
    outer loop
      vertex -89.5 -10 6.5
      vertex -89.4095 -9.48697 6.5
      vertex -89.4772 -9.73953 6.5
    endloop
  endfacet
  facet normal 0 0 1
    outer loop
      vertex -88.9642 -321.149 6.5
      vertex -89.5 -320 6.5
      vertex -89.1491 -320.964 6.5
    endloop
  endfacet
  facet normal 0 0 1
    outer loop
      vertex -27 -88 6.5
      vertex -89.5 -10 6.5
      vertex -89.5 -93.5 6.5
    endloop
  endfacet
  facet normal 0 0 1
    outer loop
      vertex -89.1491 -320.964 6.5
      vertex -89.5 -320 6.5
      vertex -89.299 -320.75 6.5
    endloop
  endfacet
  facet normal 0 0 1
    outer loop
      vertex -89.299 -320.75 6.5
      vertex -89.5 -320 6.5
      vertex -89.4095 -320.513 6.5
    endloop
  endfacet
  facet normal 0 0 1
    outer loop
      vertex -89.4095 -320.513 6.5
      vertex -89.5 -320 6.5
      vertex -89.4772 -320.26 6.5
    endloop
  endfacet
  facet normal 0 0 1
    outer loop
      vertex 175 -93.5 6.5
      vertex 176.5 -95 6.5
      vertex 176.477 -94.7395 6.5
    endloop
  endfacet
  facet normal 0 0 1
    outer loop
      vertex 176.5 -95 6.5
      vertex 168 -141 6.5
      vertex 176.5 -235 6.5
    endloop
  endfacet
  facet normal 0 0 1
    outer loop
      vertex 175 -93.5 6.5
      vertex 176.477 -94.7395 6.5
      vertex 176.41 -94.487 6.5
    endloop
  endfacet
  facet normal -0 0 1
    outer loop
      vertex 168 -189 6.5
      vertex 176.5 -235 6.5
      vertex 168 -141 6.5
    endloop
  endfacet
  facet normal 0 0 1
    outer loop
      vertex 175 -93.5 6.5
      vertex 176.41 -94.487 6.5
      vertex 176.299 -94.25 6.5
    endloop
  endfacet
  facet normal -0 0 1
    outer loop
      vertex 152 -189 6.5
      vertex 176.5 -235 6.5
      vertex 168 -189 6.5
    endloop
  endfacet
  facet normal 0 0 1
    outer loop
      vertex 175 -93.5 6.5
      vertex 176.299 -94.25 6.5
      vertex 176.149 -94.0358 6.5
    endloop
  endfacet
  facet normal 0 -0 1
    outer loop
      vertex 175 -236.5 6.5
      vertex 176.5 -235 6.5
      vertex 152 -189 6.5
    endloop
  endfacet
  facet normal 0 0 1
    outer loop
      vertex 175 -93.5 6.5
      vertex 176.149 -94.0358 6.5
      vertex 175.964 -93.8509 6.5
    endloop
  endfacet
  facet normal 0 0 1
    outer loop
      vertex 176.477 -235.26 6.5
      vertex 175 -236.5 6.5
      vertex 176.41 -235.513 6.5
    endloop
  endfacet
  facet normal 0 0 1
    outer loop
      vertex 175 -93.5 6.5
      vertex 175.964 -93.8509 6.5
      vertex 175.75 -93.701 6.5
    endloop
  endfacet
  facet normal 0 0 1
    outer loop
      vertex 176.41 -235.513 6.5
      vertex 175 -236.5 6.5
      vertex 176.299 -235.75 6.5
    endloop
  endfacet
  facet normal 0 0 1
    outer loop
      vertex 175 -93.5 6.5
      vertex 175.75 -93.701 6.5
      vertex 175.513 -93.5905 6.5
    endloop
  endfacet
  facet normal 0 0 1
    outer loop
      vertex 176.299 -235.75 6.5
      vertex 175 -236.5 6.5
      vertex 176.149 -235.964 6.5
    endloop
  endfacet
  facet normal 0 0 1
    outer loop
      vertex 175 -93.5 6.5
      vertex 175.513 -93.5905 6.5
      vertex 175.26 -93.5228 6.5
    endloop
  endfacet
  facet normal 0 0 1
    outer loop
      vertex 176.149 -235.964 6.5
      vertex 175 -236.5 6.5
      vertex 175.964 -236.149 6.5
    endloop
  endfacet
  facet normal 0 0 1
    outer loop
      vertex 176.5 -95 6.5
      vertex 175 -93.5 6.5
      vertex 152 -141 6.5
    endloop
  endfacet
  facet normal 0 0 1
    outer loop
      vertex 175.964 -236.149 6.5
      vertex 175 -236.5 6.5
      vertex 175.75 -236.299 6.5
    endloop
  endfacet
  facet normal 0 0 1
    outer loop
      vertex 175.75 -236.299 6.5
      vertex 175 -236.5 6.5
      vertex 175.513 -236.41 6.5
    endloop
  endfacet
  facet normal 0 0 1
    outer loop
      vertex 176.5 -95 6.5
      vertex 152 -141 6.5
      vertex 168 -141 6.5
    endloop
  endfacet
  facet normal 0 0 1
    outer loop
      vertex 152 -141 6.5
      vertex 89.5 -93.5 6.5
      vertex 152 -189 6.5
    endloop
  endfacet
  facet normal -0 0 1
    outer loop
      vertex 89.5 -93.5 6.5
      vertex 152 -141 6.5
      vertex 175 -93.5 6.5
    endloop
  endfacet
  facet normal 0 0 1
    outer loop
      vertex 175.513 -236.41 6.5
      vertex 175 -236.5 6.5
      vertex 175.26 -236.477 6.5
    endloop
  endfacet
  facet normal 0 0 1
    outer loop
      vertex 176.5 -235 6.5
      vertex 175 -236.5 6.5
      vertex 176.477 -235.26 6.5
    endloop
  endfacet
  facet normal 0 0 1
    outer loop
      vertex 89.5 -236.5 6.5
      vertex 152 -189 6.5
      vertex 89.5 -93.5 6.5
    endloop
  endfacet
  facet normal 0 0 1
    outer loop
      vertex 152 -189 6.5
      vertex 89.5 -236.5 6.5
      vertex 175 -236.5 6.5
    endloop
  endfacet
  facet normal 0 0 1
    outer loop
      vertex 6.04031 -207.984 6.5
      vertex 11.7475 -216.633 6.5
      vertex 11.629 -214.89 6.5
    endloop
  endfacet
  facet normal 0 0 1
    outer loop
      vertex 7.50615 -208.681 6.5
      vertex 11.629 -214.89 6.5
      vertex 11.2735 -213.313 6.5
    endloop
  endfacet
  facet normal 0 0 1
    outer loop
      vertex 4.38724 -207.486 6.5
      vertex 11.7475 -216.633 6.5
      vertex 6.04031 -207.984 6.5
    endloop
  endfacet
  facet normal 0 0 1
    outer loop
      vertex 8.78474 -209.578 6.5
      vertex 11.2735 -213.313 6.5
      vertex 10.6809 -211.902 6.5
    endloop
  endfacet
  facet normal 0 0 1
    outer loop
      vertex 11.7475 -216.633 6.5
      vertex 6.0098 -225.213 6.5
      vertex 11.6281 -218.351 6.5
    endloop
  endfacet
  facet normal 0 0 1
    outer loop
      vertex 8.78474 -209.578 6.5
      vertex 10.6809 -211.902 6.5
      vertex 9.85133 -210.657 6.5
    endloop
  endfacet
  facet normal 0 0 1
    outer loop
      vertex 11.2735 -213.313 6.5
      vertex 8.78474 -209.578 6.5
      vertex 7.50615 -208.681 6.5
    endloop
  endfacet
  facet normal 0 0 1
    outer loop
      vertex 11.629 -214.89 6.5
      vertex 7.50615 -208.681 6.5
      vertex 6.04031 -207.984 6.5
    endloop
  endfacet
  facet normal 0 0 1
    outer loop
      vertex 10.6726 -221.306 6.5
      vertex 8.76163 -223.619 6.5
      vertex 9.83653 -222.543 6.5
    endloop
  endfacet
  facet normal 0 -0 1
    outer loop
      vertex 7.47656 -224.515 6.5
      vertex 11.6281 -218.351 6.5
      vertex 6.0098 -225.213 6.5
    endloop
  endfacet
  facet normal 0 0 1
    outer loop
      vertex 11.2698 -219.909 6.5
      vertex 8.76163 -223.619 6.5
      vertex 10.6726 -221.306 6.5
    endloop
  endfacet
  facet normal 0 -0 1
    outer loop
      vertex 8.76163 -223.619 6.5
      vertex 11.2698 -219.909 6.5
      vertex 7.47656 -224.515 6.5
    endloop
  endfacet
  facet normal 0 0 1
    outer loop
      vertex 11.6281 -218.351 6.5
      vertex 7.47656 -224.515 6.5
      vertex 11.2698 -219.909 6.5
    endloop
  endfacet
  facet normal 0 0 1
    outer loop
      vertex 11.7475 -216.633 6.5
      vertex 4.38724 -207.486 6.5
      vertex 6.0098 -225.213 6.5
    endloop
  endfacet
  facet normal 0 0 1
    outer loop
      vertex 4.38724 -207.486 6.5
      vertex 4.36134 -225.711 6.5
      vertex 6.0098 -225.213 6.5
    endloop
  endfacet
  facet normal 0 0 1
    outer loop
      vertex 2.54691 -207.187 6.5
      vertex 4.36134 -225.711 6.5
      vertex 4.38724 -207.486 6.5
    endloop
  endfacet
  facet normal 0 0 1
    outer loop
      vertex 2.54691 -207.187 6.5
      vertex 2.53119 -226.009 6.5
      vertex 4.36134 -225.711 6.5
    endloop
  endfacet
  facet normal 0 0 1
    outer loop
      vertex 0.519348 -207.088 6.5
      vertex 2.53119 -226.009 6.5
      vertex 2.54691 -207.187 6.5
    endloop
  endfacet
  facet normal 0 0 1
    outer loop
      vertex 0.519348 -207.088 6.5
      vertex 0.519348 -226.109 6.5
      vertex 2.53119 -226.009 6.5
    endloop
  endfacet
  facet normal -0 0 1
    outer loop
      vertex -1.52948 -207.19 6.5
      vertex 0.519348 -226.109 6.5
      vertex 0.519348 -207.088 6.5
    endloop
  endfacet
  facet normal 0 0 1
    outer loop
      vertex -1.52948 -207.19 6.5
      vertex -1.58427 -226.01 6.5
      vertex 0.519348 -226.109 6.5
    endloop
  endfacet
  facet normal -0 0 1
    outer loop
      vertex -3.39662 -207.495 6.5
      vertex -1.58427 -226.01 6.5
      vertex -1.52948 -207.19 6.5
    endloop
  endfacet
  facet normal 0 0 1
    outer loop
      vertex -3.39662 -207.495 6.5
      vertex -3.48688 -225.713 6.5
      vertex -1.58427 -226.01 6.5
    endloop
  endfacet
  facet normal -0 0 1
    outer loop
      vertex -5.08208 -208.005 6.5
      vertex -3.48688 -225.713 6.5
      vertex -3.39662 -207.495 6.5
    endloop
  endfacet
  facet normal 0 0 1
    outer loop
      vertex -5.08208 -208.005 6.5
      vertex -5.18845 -225.217 6.5
      vertex -3.48688 -225.713 6.5
    endloop
  endfacet
  facet normal 0 0 1
    outer loop
      vertex -10.9859 -216.587 6.5
      vertex -5.08208 -208.005 6.5
      vertex -6.58583 -208.718 6.5
    endloop
  endfacet
  facet normal 0 0 1
    outer loop
      vertex -5.08208 -208.005 6.5
      vertex -10.9859 -216.587 6.5
      vertex -5.18845 -225.217 6.5
    endloop
  endfacet
  facet normal 0 0 1
    outer loop
      vertex -10.8628 -214.899 6.5
      vertex -6.58583 -208.718 6.5
      vertex -7.90788 -209.635 6.5
    endloop
  endfacet
  facet normal -0 -0 1
    outer loop
      vertex -10.866 -218.329 6.5
      vertex -5.18845 -225.217 6.5
      vertex -10.9859 -216.587 6.5
    endloop
  endfacet
  facet normal 0 0 1
    outer loop
      vertex -10.8628 -214.899 6.5
      vertex -7.90788 -209.635 6.5
      vertex -9.01598 -210.729 6.5
    endloop
  endfacet
  facet normal 0 0 1
    outer loop
      vertex -5.18845 -225.217 6.5
      vertex -10.866 -218.329 6.5
      vertex -6.68896 -224.523 6.5
    endloop
  endfacet
  facet normal 0 0 1
    outer loop
      vertex -10.8628 -214.899 6.5
      vertex -9.01598 -210.729 6.5
      vertex -9.87781 -211.97 6.5
    endloop
  endfacet
  facet normal 0 0 1
    outer loop
      vertex -6.68896 -224.523 6.5
      vertex -10.866 -218.329 6.5
      vertex -7.98846 -223.631 6.5
    endloop
  endfacet
  facet normal 0 0 1
    outer loop
      vertex -10.8628 -214.899 6.5
      vertex -9.87781 -211.97 6.5
      vertex -10.4934 -213.361 6.5
    endloop
  endfacet
  facet normal -0 -0 1
    outer loop
      vertex -10.5063 -219.905 6.5
      vertex -7.98846 -223.631 6.5
      vertex -10.866 -218.329 6.5
    endloop
  endfacet
  facet normal 0 0 1
    outer loop
      vertex -6.58583 -208.718 6.5
      vertex -10.8628 -214.899 6.5
      vertex -10.9859 -216.587 6.5
    endloop
  endfacet
  facet normal 0 0 1
    outer loop
      vertex -7.98846 -223.631 6.5
      vertex -10.5063 -219.905 6.5
      vertex -9.06754 -222.556 6.5
    endloop
  endfacet
  facet normal 0 0 1
    outer loop
      vertex -9.06754 -222.556 6.5
      vertex -10.5063 -219.905 6.5
      vertex -9.90683 -221.314 6.5
    endloop
  endfacet
  facet normal 0 0 1
    outer loop
      vertex -4.27473 -117.687 6.5
      vertex -6.37088 -118.827 6.5
      vertex -5.87564 -118.729 6.5
    endloop
  endfacet
  facet normal 0 -0 1
    outer loop
      vertex -11.0662 -114.3 6.5
      vertex -2.313 -112.968 6.5
      vertex -11.2395 -111.736 6.5
    endloop
  endfacet
  facet normal -0 0 1
    outer loop
      vertex -9.55287 -105.639 6.5
      vertex -1.67093 -110.03 6.5
      vertex -8.91693 -105.017 6.5
    endloop
  endfacet
  facet normal -0 0 1
    outer loop
      vertex -10.0754 -106.363 6.5
      vertex -1.67093 -110.03 6.5
      vertex -9.55287 -105.639 6.5
    endloop
  endfacet
  facet normal 0 0 1
    outer loop
      vertex -2.313 -112.968 6.5
      vertex -11.193 -110.422 6.5
      vertex -11.2395 -111.736 6.5
    endloop
  endfacet
  facet normal -0 0 1
    outer loop
      vertex -10.8204 -108.153 6.5
      vertex -1.67093 -110.03 6.5
      vertex -10.4945 -107.198 6.5
    endloop
  endfacet
  facet normal -0 0 1
    outer loop
      vertex -10.4945 -107.198 6.5
      vertex -1.67093 -110.03 6.5
      vertex -10.0754 -106.363 6.5
    endloop
  endfacet
  facet normal 0 0 1
    outer loop
      vertex -2.313 -112.968 6.5
      vertex -10.546 -116.295 6.5
      vertex -6.37088 -118.827 6.5
    endloop
  endfacet
  facet normal -0 0 1
    outer loop
      vertex -11.0533 -109.227 6.5
      vertex -1.67093 -110.03 6.5
      vertex -10.8204 -108.153 6.5
    endloop
  endfacet
  facet normal 0 0 1
    outer loop
      vertex -1.67093 -110.03 6.5
      vertex -11.0533 -109.227 6.5
      vertex -2.00212 -111.608 6.5
    endloop
  endfacet
  facet normal 0 0 1
    outer loop
      vertex -6.37088 -118.827 6.5
      vertex -10.546 -116.295 6.5
      vertex -6.90488 -118.86 6.5
    endloop
  endfacet
  facet normal -0 0 1
    outer loop
      vertex -11.193 -110.422 6.5
      vertex -2.00212 -111.608 6.5
      vertex -11.0533 -109.227 6.5
    endloop
  endfacet
  facet normal 0 0 1
    outer loop
      vertex -2.00212 -111.608 6.5
      vertex -11.193 -110.422 6.5
      vertex -2.313 -112.968 6.5
    endloop
  endfacet
  facet normal -0 -0 1
    outer loop
      vertex -9.67906 -117.72 6.5
      vertex -6.90488 -118.86 6.5
      vertex -10.546 -116.295 6.5
    endloop
  endfacet
  facet normal 0 -0 1
    outer loop
      vertex -10.546 -116.295 6.5
      vertex -2.313 -112.968 6.5
      vertex -11.0662 -114.3 6.5
    endloop
  endfacet
  facet normal 0 0 1
    outer loop
      vertex -6.90488 -118.86 6.5
      vertex -9.67906 -117.72 6.5
      vertex -8.46536 -118.575 6.5
    endloop
  endfacet
  facet normal -0 0 1
    outer loop
      vertex 8.89967 -168.911 6.5
      vertex 2.24858 -171.278 6.5
      vertex 10.8944 -168.811 6.5
    endloop
  endfacet
  facet normal -0 0 1
    outer loop
      vertex 7.19447 -168.988 6.5
      vertex 2.24858 -171.278 6.5
      vertex 8.89967 -168.911 6.5
    endloop
  endfacet
  facet normal -0 0 1
    outer loop
      vertex 5.77885 -169.044 6.5
      vertex 2.24858 -171.278 6.5
      vertex 7.19447 -168.988 6.5
    endloop
  endfacet
  facet normal -0 0 1
    outer loop
      vertex 4.6528 -169.077 6.5
      vertex 2.24858 -171.278 6.5
      vertex 5.77885 -169.044 6.5
    endloop
  endfacet
  facet normal -0 0 1
    outer loop
      vertex 3.81633 -169.088 6.5
      vertex 2.24858 -171.278 6.5
      vertex 4.6528 -169.077 6.5
    endloop
  endfacet
  facet normal -0 0 1
    outer loop
      vertex -15.8737 -169.088 6.5
      vertex 2.24858 -171.278 6.5
      vertex 3.81633 -169.088 6.5
    endloop
  endfacet
  facet normal 0 0 1
    outer loop
      vertex 2.24858 -171.278 6.5
      vertex -15.8737 -169.088 6.5
      vertex -15.8737 -177.135 6.5
    endloop
  endfacet
  facet normal 0 0 1
    outer loop
      vertex 8.56398 -189.633 6.5
      vertex 9.04173 -190.178 6.5
      vertex 10.8944 -190.254 6.5
    endloop
  endfacet
  facet normal 0 0 1
    outer loop
      vertex 8.56398 -189.633 6.5
      vertex 7.54128 -190.119 6.5
      vertex 9.04173 -190.178 6.5
    endloop
  endfacet
  facet normal 0 0 1
    outer loop
      vertex 6.53418 -189.08 6.5
      vertex 7.54128 -190.119 6.5
      vertex 8.56398 -189.633 6.5
    endloop
  endfacet
  facet normal 0 0 1
    outer loop
      vertex 6.53418 -189.08 6.5
      vertex 6.3931 -190.075 6.5
      vertex 7.54128 -190.119 6.5
    endloop
  endfacet
  facet normal 0 0 1
    outer loop
      vertex 6.53418 -189.08 6.5
      vertex 5.59718 -190.047 6.5
      vertex 6.3931 -190.075 6.5
    endloop
  endfacet
  facet normal 0 0 1
    outer loop
      vertex 4.80501 -188.596 6.5
      vertex 5.59718 -190.047 6.5
      vertex 6.53418 -189.08 6.5
    endloop
  endfacet
  facet normal 0 0 1
    outer loop
      vertex 5.59718 -190.047 6.5
      vertex 4.80501 -188.596 6.5
      vertex 5.15355 -190.035 6.5
    endloop
  endfacet
  facet normal 0 0 1
    outer loop
      vertex 5.15355 -190.035 6.5
      vertex 4.80501 -188.596 6.5
      vertex 4.88605 -190.03 6.5
    endloop
  endfacet
  facet normal 0 0 1
    outer loop
      vertex 4.80501 -188.596 6.5
      vertex 4.61858 -190.027 6.5
      vertex 4.88605 -190.03 6.5
    endloop
  endfacet
  facet normal 0 0 1
    outer loop
      vertex 4.80501 -188.596 6.5
      vertex 4.35114 -190.025 6.5
      vertex 4.61858 -190.027 6.5
    endloop
  endfacet
  facet normal 0 0 1
    outer loop
      vertex 4.80501 -188.596 6.5
      vertex 4.08371 -190.024 6.5
      vertex 4.35114 -190.025 6.5
    endloop
  endfacet
  facet normal 0 0 1
    outer loop
      vertex 4.80501 -188.596 6.5
      vertex 3.81633 -190.023 6.5
      vertex 4.08371 -190.024 6.5
    endloop
  endfacet
  facet normal 0 0 1
    outer loop
      vertex 3.37646 -188.18 6.5
      vertex 3.81633 -190.023 6.5
      vertex 4.80501 -188.596 6.5
    endloop
  endfacet
  facet normal 0 0 1
    outer loop
      vertex 2.24858 -187.833 6.5
      vertex 3.81633 -190.023 6.5
      vertex 3.37646 -188.18 6.5
    endloop
  endfacet
  facet normal 0 0 1
    outer loop
      vertex -15.8737 -190.023 6.5
      vertex 2.24858 -187.833 6.5
      vertex -15.8737 -181.976 6.5
    endloop
  endfacet
  facet normal 0 0 1
    outer loop
      vertex 2.24858 -187.833 6.5
      vertex -15.8737 -190.023 6.5
      vertex 3.81633 -190.023 6.5
    endloop
  endfacet
  facet normal -0 0 1
    outer loop
      vertex 4.45944 -109.388 6.5
      vertex 12.2779 -111.505 6.5
      vertex 12.123 -109.281 6.5
    endloop
  endfacet
  facet normal 0 0 1
    outer loop
      vertex 12.2779 -111.505 6.5
      vertex 4.17587 -110.435 6.5
      vertex 12.2355 -112.613 6.5
    endloop
  endfacet
  facet normal -0 0 1
    outer loop
      vertex 3.86925 -111.694 6.5
      vertex 12.2355 -112.613 6.5
      vertex 4.17587 -110.435 6.5
    endloop
  endfacet
  facet normal -0 0 1
    outer loop
      vertex 4.95737 -107.931 6.5
      vertex 12.123 -109.281 6.5
      vertex 11.6582 -107.551 6.5
    endloop
  endfacet
  facet normal 0 0 1
    outer loop
      vertex 12.2355 -112.613 6.5
      vertex 3.86925 -111.694 6.5
      vertex 12.1082 -113.613 6.5
    endloop
  endfacet
  facet normal 0 0 1
    outer loop
      vertex 12.1082 -113.613 6.5
      vertex 3.86925 -111.694 6.5
      vertex 11.896 -114.506 6.5
    endloop
  endfacet
  facet normal 0 0 1
    outer loop
      vertex 8.40462 -105.326 6.5
      vertex 11.6582 -107.551 6.5
      vertex 10.8835 -106.315 6.5
    endloop
  endfacet
  facet normal 0 0 1
    outer loop
      vertex 12.2779 -111.505 6.5
      vertex 4.45944 -109.388 6.5
      vertex 4.17587 -110.435 6.5
    endloop
  endfacet
  facet normal 0 0 1
    outer loop
      vertex 11.896 -114.506 6.5
      vertex 3.53957 -113.165 6.5
      vertex 11.599 -115.29 6.5
    endloop
  endfacet
  facet normal 0 0 1
    outer loop
      vertex 8.40462 -105.326 6.5
      vertex 10.8835 -106.315 6.5
      vertex 9.799 -105.573 6.5
    endloop
  endfacet
  facet normal -0 0 1
    outer loop
      vertex 3.53957 -113.165 6.5
      vertex 11.896 -114.506 6.5
      vertex 3.86925 -111.694 6.5
    endloop
  endfacet
  facet normal 0 0 1
    outer loop
      vertex 11.2171 -115.966 6.5
      vertex 3.53957 -113.165 6.5
      vertex 10.7514 -116.547 6.5
    endloop
  endfacet
  facet normal 0 0 1
    outer loop
      vertex 11.6582 -107.551 6.5
      vertex 8.40462 -105.326 6.5
      vertex 5.4481 -107 6.5
    endloop
  endfacet
  facet normal 0 0 1
    outer loop
      vertex 11.599 -115.29 6.5
      vertex 3.53957 -113.165 6.5
      vertex 11.2171 -115.966 6.5
    endloop
  endfacet
  facet normal 0 0 1
    outer loop
      vertex 5.72249 -106.61 6.5
      vertex 8.40462 -105.326 6.5
      vertex 7.91579 -105.352 6.5
    endloop
  endfacet
  facet normal -0 0 1
    outer loop
      vertex -1.55566 -177.965 6.5
      vertex 16.6126 -187.003 6.5
      vertex 16.6126 -172.154 6.5
    endloop
  endfacet
  facet normal 0 0 1
    outer loop
      vertex -1.55566 -177.965 6.5
      vertex -2.45496 -181.031 6.5
      vertex 16.6126 -187.003 6.5
    endloop
  endfacet
  facet normal -0 0 1
    outer loop
      vertex -3.30803 -178.472 6.5
      vertex -2.45496 -181.031 6.5
      vertex -1.55566 -177.965 6.5
    endloop
  endfacet
  facet normal 0 0 1
    outer loop
      vertex -2.45496 -181.031 6.5
      vertex -3.30803 -178.472 6.5
      vertex -7.6658 -179.579 6.5
    endloop
  endfacet
  facet normal -0 0 1
    outer loop
      vertex -3.35426 -157.804 6.5
      vertex 16.6126 -163.047 6.5
      vertex 16.6126 -157.804 6.5
    endloop
  endfacet
  facet normal 0 0 1
    outer loop
      vertex -15.8737 -163.047 6.5
      vertex -3.35426 -157.804 6.5
      vertex -5.71478 -157.651 6.5
    endloop
  endfacet
  facet normal 0 0 1
    outer loop
      vertex -15.8737 -163.047 6.5
      vertex -5.71478 -157.651 6.5
      vertex -7.85303 -157.193 6.5
    endloop
  endfacet
  facet normal 0 0 1
    outer loop
      vertex -3.35426 -157.804 6.5
      vertex -15.8737 -163.047 6.5
      vertex 16.6126 -163.047 6.5
    endloop
  endfacet
  facet normal 0 0 1
    outer loop
      vertex -9.769 -156.43 6.5
      vertex -15.8737 -163.047 6.5
      vertex -7.85303 -157.193 6.5
    endloop
  endfacet
  facet normal 0 0 1
    outer loop
      vertex -11.4627 -155.361 6.5
      vertex -15.8737 -163.047 6.5
      vertex -9.769 -156.43 6.5
    endloop
  endfacet
  facet normal 0 0 1
    outer loop
      vertex -12.9341 -153.988 6.5
      vertex -15.8737 -163.047 6.5
      vertex -11.4627 -155.361 6.5
    endloop
  endfacet
  facet normal 0 0 1
    outer loop
      vertex -14.1583 -152.337 6.5
      vertex -15.8737 -163.047 6.5
      vertex -12.9341 -153.988 6.5
    endloop
  endfacet
  facet normal 0 0 1
    outer loop
      vertex -15.1105 -150.439 6.5
      vertex -15.8737 -163.047 6.5
      vertex -14.1583 -152.337 6.5
    endloop
  endfacet
  facet normal 0 0 1
    outer loop
      vertex -15.7907 -148.292 6.5
      vertex -15.8737 -163.047 6.5
      vertex -15.1105 -150.439 6.5
    endloop
  endfacet
  facet normal 0 0 1
    outer loop
      vertex -23 -238 6.5
      vertex -15.8737 -169.088 6.5
      vertex -15.8737 -163.047 6.5
    endloop
  endfacet
  facet normal 0 0 1
    outer loop
      vertex -15.8737 -169.088 6.5
      vertex -23 -238 6.5
      vertex -15.8737 -177.135 6.5
    endloop
  endfacet
  facet normal 0 0 1
    outer loop
      vertex -15.8737 -177.135 6.5
      vertex -23 -238 6.5
      vertex -15.8737 -181.976 6.5
    endloop
  endfacet
  facet normal 0 0 1
    outer loop
      vertex -15.8737 -181.976 6.5
      vertex -23 -238 6.5
      vertex -15.8737 -190.023 6.5
    endloop
  endfacet
  facet normal 0 0 1
    outer loop
      vertex -15.8737 -190.023 6.5
      vertex -23 -238 6.5
      vertex -15.8737 -196.064 6.5
    endloop
  endfacet
  facet normal 0 0 1
    outer loop
      vertex -16.1988 -145.898 6.5
      vertex -15.8737 -163.047 6.5
      vertex -15.7907 -148.292 6.5
    endloop
  endfacet
  facet normal 0 0 1
    outer loop
      vertex -23 -238 6.5
      vertex -15.8737 -163.047 6.5
      vertex -16.1988 -145.898 6.5
    endloop
  endfacet
  facet normal 0 0 1
    outer loop
      vertex -23 -238 6.5
      vertex -16.1988 -145.898 6.5
      vertex -16.3348 -143.255 6.5
    endloop
  endfacet
  facet normal 0 0 1
    outer loop
      vertex -15.8737 -196.064 6.5
      vertex -23 -238 6.5
      vertex -16.1545 -213.657 6.5
    endloop
  endfacet
  facet normal 0 0 1
    outer loop
      vertex 16.6126 -136.223 6.5
      vertex -2.93912 -151.002 6.5
      vertex 16.6126 -151.002 6.5
    endloop
  endfacet
  facet normal -0 0 1
    outer loop
      vertex -3.16965 -136.223 6.5
      vertex -2.93912 -151.002 6.5
      vertex 16.6126 -136.223 6.5
    endloop
  endfacet
  facet normal 0 0 1
    outer loop
      vertex -3.16965 -136.223 6.5
      vertex -4.42531 -150.924 6.5
      vertex -2.93912 -151.002 6.5
    endloop
  endfacet
  facet normal -0 0 1
    outer loop
      vertex -4.6356 -136.296 6.5
      vertex -4.42531 -150.924 6.5
      vertex -3.16965 -136.223 6.5
    endloop
  endfacet
  facet normal -0 0 1
    outer loop
      vertex -11.009 -143.44 6.5
      vertex -4.42531 -150.924 6.5
      vertex -4.6356 -136.296 6.5
    endloop
  endfacet
  facet normal 0 0 1
    outer loop
      vertex -11.009 -143.44 6.5
      vertex -4.6356 -136.296 6.5
      vertex -5.95308 -136.516 6.5
    endloop
  endfacet
  facet normal -0 -0 1
    outer loop
      vertex -10.9256 -144.829 6.5
      vertex -4.42531 -150.924 6.5
      vertex -11.009 -143.44 6.5
    endloop
  endfacet
  facet normal 0 0 1
    outer loop
      vertex -10.9292 -142.088 6.5
      vertex -5.95308 -136.516 6.5
      vertex -7.12206 -136.883 6.5
    endloop
  endfacet
  facet normal 0 0 1
    outer loop
      vertex -4.42531 -150.924 6.5
      vertex -10.9256 -144.829 6.5
      vertex -5.76672 -150.688 6.5
    endloop
  endfacet
  facet normal 0 0 1
    outer loop
      vertex -10.6899 -140.874 6.5
      vertex -7.12206 -136.883 6.5
      vertex -8.14256 -137.396 6.5
    endloop
  endfacet
  facet normal 0 0 1
    outer loop
      vertex -5.76672 -150.688 6.5
      vertex -10.9256 -144.829 6.5
      vertex -6.96339 -150.296 6.5
    endloop
  endfacet
  facet normal 0 0 1
    outer loop
      vertex -10.291 -139.797 6.5
      vertex -8.14256 -137.396 6.5
      vertex -9.01459 -138.056 6.5
    endloop
  endfacet
  facet normal -0 -0 1
    outer loop
      vertex -10.6752 -146.085 6.5
      vertex -6.96339 -150.296 6.5
      vertex -10.9256 -144.829 6.5
    endloop
  endfacet
  facet normal 0 0 1
    outer loop
      vertex -10.291 -139.797 6.5
      vertex -9.01459 -138.056 6.5
      vertex -9.73257 -138.858 6.5
    endloop
  endfacet
  facet normal 0 0 1
    outer loop
      vertex -6.96339 -150.296 6.5
      vertex -10.6752 -146.085 6.5
      vertex -8.01529 -149.748 6.5
    endloop
  endfacet
  facet normal 0 0 1
    outer loop
      vertex -8.14256 -137.396 6.5
      vertex -10.291 -139.797 6.5
      vertex -10.6899 -140.874 6.5
    endloop
  endfacet
  facet normal 0 0 1
    outer loop
      vertex -8.01529 -149.748 6.5
      vertex -10.6752 -146.085 6.5
      vertex -8.92244 -149.042 6.5
    endloop
  endfacet
  facet normal 0 0 1
    outer loop
      vertex -7.12206 -136.883 6.5
      vertex -10.6899 -140.874 6.5
      vertex -10.9292 -142.088 6.5
    endloop
  endfacet
  facet normal 0 0 1
    outer loop
      vertex -8.92244 -149.042 6.5
      vertex -10.6752 -146.085 6.5
      vertex -9.67361 -148.191 6.5
    endloop
  endfacet
  facet normal 0 0 1
    outer loop
      vertex -5.95308 -136.516 6.5
      vertex -10.9292 -142.088 6.5
      vertex -11.009 -143.44 6.5
    endloop
  endfacet
  facet normal 0 0 1
    outer loop
      vertex -9.67361 -148.191 6.5
      vertex -10.6752 -146.085 6.5
      vertex -10.2579 -147.205 6.5
    endloop
  endfacet
  facet normal -0 0 1
    outer loop
      vertex 16.4161 -117.809 6.5
      vertex 16.6126 -129.421 6.5
      vertex 16.7942 -115.994 6.5
    endloop
  endfacet
  facet normal -0 0 1
    outer loop
      vertex 15.8866 -119.383 6.5
      vertex 16.6126 -129.421 6.5
      vertex 16.4161 -117.809 6.5
    endloop
  endfacet
  facet normal -0 0 1
    outer loop
      vertex 15.206 -120.716 6.5
      vertex 16.6126 -129.421 6.5
      vertex 15.8866 -119.383 6.5
    endloop
  endfacet
  facet normal -0 0 1
    outer loop
      vertex 14.3511 -121.842 6.5
      vertex 16.6126 -129.421 6.5
      vertex 15.206 -120.716 6.5
    endloop
  endfacet
  facet normal -0 0 1
    outer loop
      vertex 13.2989 -122.797 6.5
      vertex 16.6126 -129.421 6.5
      vertex 14.3511 -121.842 6.5
    endloop
  endfacet
  facet normal -0 0 1
    outer loop
      vertex 12.0492 -123.578 6.5
      vertex 16.6126 -129.421 6.5
      vertex 13.2989 -122.797 6.5
    endloop
  endfacet
  facet normal -0 0 1
    outer loop
      vertex 10.6022 -124.187 6.5
      vertex 16.6126 -129.421 6.5
      vertex 12.0492 -123.578 6.5
    endloop
  endfacet
  facet normal -0 0 1
    outer loop
      vertex 8.95781 -124.624 6.5
      vertex 16.6126 -129.421 6.5
      vertex 10.6022 -124.187 6.5
    endloop
  endfacet
  facet normal 0 0 1
    outer loop
      vertex 6.0162 -106.271 6.5
      vertex 7.91579 -105.352 6.5
      vertex 7.46382 -105.431 6.5
    endloop
  endfacet
  facet normal 0 0 1
    outer loop
      vertex 6.0162 -106.271 6.5
      vertex 7.46382 -105.431 6.5
      vertex 7.04875 -105.563 6.5
    endloop
  endfacet
  facet normal 0 0 1
    outer loop
      vertex 6.32927 -105.983 6.5
      vertex 7.04875 -105.563 6.5
      vertex 6.67056 -105.746 6.5
    endloop
  endfacet
  facet normal 0 0 1
    outer loop
      vertex 7.04875 -105.563 6.5
      vertex 6.32927 -105.983 6.5
      vertex 6.0162 -106.271 6.5
    endloop
  endfacet
  facet normal 0 0 1
    outer loop
      vertex 10.7514 -116.547 6.5
      vertex 3.53957 -113.165 6.5
      vertex 10.2027 -117.044 6.5
    endloop
  endfacet
  facet normal 0 0 1
    outer loop
      vertex 7.91579 -105.352 6.5
      vertex 6.0162 -106.271 6.5
      vertex 5.72249 -106.61 6.5
    endloop
  endfacet
  facet normal 0 0 1
    outer loop
      vertex 8.40462 -105.326 6.5
      vertex 5.72249 -106.61 6.5
      vertex 5.4481 -107 6.5
    endloop
  endfacet
  facet normal 0 0 1
    outer loop
      vertex 11.6582 -107.551 6.5
      vertex 5.4481 -107 6.5
      vertex 5.19307 -107.44 6.5
    endloop
  endfacet
  facet normal 0 0 1
    outer loop
      vertex 11.6582 -107.551 6.5
      vertex 5.19307 -107.44 6.5
      vertex 4.95737 -107.931 6.5
    endloop
  endfacet
  facet normal 0 0 1
    outer loop
      vertex 12.123 -109.281 6.5
      vertex 4.95737 -107.931 6.5
      vertex 4.71994 -108.554 6.5
    endloop
  endfacet
  facet normal 0 0 1
    outer loop
      vertex 12.123 -109.281 6.5
      vertex 4.71994 -108.554 6.5
      vertex 4.45944 -109.388 6.5
    endloop
  endfacet
  facet normal 0 0 1
    outer loop
      vertex 10.2027 -117.044 6.5
      vertex 3.53957 -113.165 6.5
      vertex 9.57098 -117.456 6.5
    endloop
  endfacet
  facet normal 0 0 1
    outer loop
      vertex 9.57098 -117.456 6.5
      vertex 3.53957 -113.165 6.5
      vertex 8.85625 -117.785 6.5
    endloop
  endfacet
  facet normal 0 0 1
    outer loop
      vertex 8.85625 -117.785 6.5
      vertex 3.53957 -113.165 6.5
      vertex 8.0585 -118.03 6.5
    endloop
  endfacet
  facet normal -0 0 1
    outer loop
      vertex 3.14899 -114.931 6.5
      vertex 8.0585 -118.03 6.5
      vertex 3.53957 -113.165 6.5
    endloop
  endfacet
  facet normal -0 0 1
    outer loop
      vertex 2.7704 -116.483 6.5
      vertex 8.0585 -118.03 6.5
      vertex 3.14899 -114.931 6.5
    endloop
  endfacet
  facet normal -0 0 1
    outer loop
      vertex 2.40381 -117.823 6.5
      vertex 8.0585 -118.03 6.5
      vertex 2.7704 -116.483 6.5
    endloop
  endfacet
  facet normal 0 0 1
    outer loop
      vertex 2.04922 -118.949 6.5
      vertex 8.0585 -118.03 6.5
      vertex 2.40381 -117.823 6.5
    endloop
  endfacet
  facet normal 0 0 1
    outer loop
      vertex 1.70662 -119.863 6.5
      vertex 8.0585 -118.03 6.5
      vertex 2.04922 -118.949 6.5
    endloop
  endfacet
  facet normal 0 0 1
    outer loop
      vertex 8.0585 -118.03 6.5
      vertex 1.70662 -119.863 6.5
      vertex 8.95781 -124.624 6.5
    endloop
  endfacet
  facet normal -0 0 1
    outer loop
      vertex 1.35895 -120.636 6.5
      vertex 8.95781 -124.624 6.5
      vertex 1.70662 -119.863 6.5
    endloop
  endfacet
  facet normal -0 0 1
    outer loop
      vertex 0.989136 -121.342 6.5
      vertex 8.95781 -124.624 6.5
      vertex 1.35895 -120.636 6.5
    endloop
  endfacet
  facet normal -0 0 1
    outer loop
      vertex 0.597183 -121.981 6.5
      vertex 8.95781 -124.624 6.5
      vertex 0.989136 -121.342 6.5
    endloop
  endfacet
  facet normal -0 0 1
    outer loop
      vertex 0.18309 -122.552 6.5
      vertex 8.95781 -124.624 6.5
      vertex 0.597183 -121.981 6.5
    endloop
  endfacet
  facet normal -0 0 1
    outer loop
      vertex -0.253128 -123.056 6.5
      vertex 8.95781 -124.624 6.5
      vertex 0.18309 -122.552 6.5
    endloop
  endfacet
  facet normal -0 0 1
    outer loop
      vertex -0.717957 -123.504 6.5
      vertex 8.95781 -124.624 6.5
      vertex -0.253128 -123.056 6.5
    endloop
  endfacet
  facet normal 0 0 1
    outer loop
      vertex -3.70004 -129.421 6.5
      vertex 8.95781 -124.624 6.5
      vertex -0.717957 -123.504 6.5
    endloop
  endfacet
  facet normal 0 0 1
    outer loop
      vertex -3.70004 -129.421 6.5
      vertex -0.717957 -123.504 6.5
      vertex -1.21785 -123.908 6.5
    endloop
  endfacet
  facet normal 0 0 1
    outer loop
      vertex -3.70004 -129.421 6.5
      vertex -1.21785 -123.908 6.5
      vertex -1.75281 -124.268 6.5
    endloop
  endfacet
  facet normal 0 0 1
    outer loop
      vertex -3.70004 -129.421 6.5
      vertex -1.75281 -124.268 6.5
      vertex -2.32283 -124.583 6.5
    endloop
  endfacet
  facet normal 0 0 1
    outer loop
      vertex -3.70004 -129.421 6.5
      vertex -2.32283 -124.583 6.5
      vertex -2.9279 -124.855 6.5
    endloop
  endfacet
  facet normal 0 0 1
    outer loop
      vertex -3.70004 -129.421 6.5
      vertex -2.9279 -124.855 6.5
      vertex -3.56927 -125.079 6.5
    endloop
  endfacet
  facet normal 0 0 1
    outer loop
      vertex 8.95781 -124.624 6.5
      vertex -3.70004 -129.421 6.5
      vertex 16.6126 -129.421 6.5
    endloop
  endfacet
  facet normal -0 0 1
    outer loop
      vertex -4.24846 -125.253 6.5
      vertex -3.70004 -129.421 6.5
      vertex -3.56927 -125.079 6.5
    endloop
  endfacet
  facet normal -0 0 1
    outer loop
      vertex -4.96545 -125.378 6.5
      vertex -3.70004 -129.421 6.5
      vertex -4.24846 -125.253 6.5
    endloop
  endfacet
  facet normal 0 0 1
    outer loop
      vertex -6.02222 -129.564 6.5
      vertex -4.96545 -125.378 6.5
      vertex -5.72026 -125.452 6.5
    endloop
  endfacet
  facet normal 0 0 1
    outer loop
      vertex -4.96545 -125.378 6.5
      vertex -6.02222 -129.564 6.5
      vertex -3.70004 -129.421 6.5
    endloop
  endfacet
  facet normal -0 0 1
    outer loop
      vertex -6.51286 -125.477 6.5
      vertex -6.02222 -129.564 6.5
      vertex -5.72026 -125.452 6.5
    endloop
  endfacet
  facet normal 0 0 1
    outer loop
      vertex -6.51286 -125.477 6.5
      vertex -8.11938 -129.991 6.5
      vertex -6.02222 -129.564 6.5
    endloop
  endfacet
  facet normal 0 0 1
    outer loop
      vertex -8.33199 -125.336 6.5
      vertex -8.11938 -129.991 6.5
      vertex -6.51286 -125.477 6.5
    endloop
  endfacet
  facet normal 0 0 1
    outer loop
      vertex -9.97128 -124.911 6.5
      vertex -8.11938 -129.991 6.5
      vertex -8.33199 -125.336 6.5
    endloop
  endfacet
  facet normal 0 0 1
    outer loop
      vertex -9.97128 -124.911 6.5
      vertex -9.99156 -130.704 6.5
      vertex -8.11938 -129.991 6.5
    endloop
  endfacet
  facet normal 0 0 1
    outer loop
      vertex -11.4308 -124.203 6.5
      vertex -9.99156 -130.704 6.5
      vertex -9.97128 -124.911 6.5
    endloop
  endfacet
  facet normal 0 0 1
    outer loop
      vertex -11.4308 -124.203 6.5
      vertex -11.6387 -131.701 6.5
      vertex -9.99156 -130.704 6.5
    endloop
  endfacet
  facet normal 0 0 1
    outer loop
      vertex -12.7104 -123.212 6.5
      vertex -11.6387 -131.701 6.5
      vertex -11.4308 -124.203 6.5
    endloop
  endfacet
  facet normal 0 0 1
    outer loop
      vertex -12.7104 -123.212 6.5
      vertex -13.0609 -132.984 6.5
      vertex -11.6387 -131.701 6.5
    endloop
  endfacet
  facet normal 0 0 1
    outer loop
      vertex -13.8103 -121.938 6.5
      vertex -13.0609 -132.984 6.5
      vertex -12.7104 -123.212 6.5
    endloop
  endfacet
  facet normal 0 0 1
    outer loop
      vertex -13.8103 -121.938 6.5
      vertex -14.2395 -134.534 6.5
      vertex -13.0609 -132.984 6.5
    endloop
  endfacet
  facet normal 0 0 1
    outer loop
      vertex -14.7191 -120.39 6.5
      vertex -14.2395 -134.534 6.5
      vertex -13.8103 -121.938 6.5
    endloop
  endfacet
  facet normal 0 0 1
    outer loop
      vertex -14.7191 -120.39 6.5
      vertex -15.1562 -136.337 6.5
      vertex -14.2395 -134.534 6.5
    endloop
  endfacet
  facet normal 0 0 1
    outer loop
      vertex -15.426 -118.577 6.5
      vertex -15.1562 -136.337 6.5
      vertex -14.7191 -120.39 6.5
    endloop
  endfacet
  facet normal 0 0 1
    outer loop
      vertex -15.426 -118.577 6.5
      vertex -15.811 -138.391 6.5
      vertex -15.1562 -136.337 6.5
    endloop
  endfacet
  facet normal 0 0 1
    outer loop
      vertex -15.9309 -116.5 6.5
      vertex -15.811 -138.391 6.5
      vertex -15.426 -118.577 6.5
    endloop
  endfacet
  facet normal 0 0 1
    outer loop
      vertex -15.9309 -116.5 6.5
      vertex -16.2038 -140.697 6.5
      vertex -15.811 -138.391 6.5
    endloop
  endfacet
  facet normal 0 0 1
    outer loop
      vertex -23 -92 6.5
      vertex -15.9309 -116.5 6.5
      vertex -16.2338 -114.158 6.5
    endloop
  endfacet
  facet normal 0 0 1
    outer loop
      vertex -23 -92 6.5
      vertex -16.2338 -114.158 6.5
      vertex -16.3348 -111.551 6.5
    endloop
  endfacet
  facet normal 0 0 1
    outer loop
      vertex -15.9309 -116.5 6.5
      vertex -23 -92 6.5
      vertex -16.2038 -140.697 6.5
    endloop
  endfacet
  facet normal 0 0 1
    outer loop
      vertex 16.6126 -129.421 6.5
      vertex 23 -92 6.5
      vertex 17.0211 -113.939 6.5
    endloop
  endfacet
  facet normal 0 0 1
    outer loop
      vertex 16.6126 -157.804 6.5
      vertex 23 -92 6.5
      vertex 16.6126 -151.002 6.5
    endloop
  endfacet
  facet normal 0 0 1
    outer loop
      vertex 16.6126 -129.421 6.5
      vertex 17.0211 -113.939 6.5
      vertex 16.7942 -115.994 6.5
    endloop
  endfacet
  facet normal 0 0 1
    outer loop
      vertex 23 -92 6.5
      vertex 16.6126 -129.421 6.5
      vertex 16.6126 -136.223 6.5
    endloop
  endfacet
  facet normal 0 0 1
    outer loop
      vertex 23 -92 6.5
      vertex 16.6126 -136.223 6.5
      vertex 16.6126 -151.002 6.5
    endloop
  endfacet
  facet normal 0 0 1
    outer loop
      vertex 16.6126 -163.047 6.5
      vertex 23 -92 6.5
      vertex 16.6126 -157.804 6.5
    endloop
  endfacet
  facet normal 0 0 1
    outer loop
      vertex 16.6126 -172.154 6.5
      vertex 23 -92 6.5
      vertex 16.6126 -163.047 6.5
    endloop
  endfacet
  facet normal 0 0 1
    outer loop
      vertex 16.6126 -187.003 6.5
      vertex 23 -92 6.5
      vertex 16.6126 -172.154 6.5
    endloop
  endfacet
  facet normal 0 0 1
    outer loop
      vertex 23 -92 6.5
      vertex 16.6126 -187.003 6.5
      vertex 17.0967 -216.633 6.5
    endloop
  endfacet
  facet normal -0 0 1
    outer loop
      vertex 16.6126 -196.064 6.5
      vertex 17.0967 -216.633 6.5
      vertex 16.6126 -187.003 6.5
    endloop
  endfacet
  facet normal 0 0 1
    outer loop
      vertex 17.0967 -216.633 6.5
      vertex 16.6126 -196.064 6.5
      vertex 16.9215 -213.679 6.5
    endloop
  endfacet
  facet normal 0 0 1
    outer loop
      vertex 16.6126 -196.064 6.5
      vertex 16.3958 -210.996 6.5
      vertex 16.9215 -213.679 6.5
    endloop
  endfacet
  facet normal 0 0 1
    outer loop
      vertex 16.6126 -196.064 6.5
      vertex 15.5196 -208.585 6.5
      vertex 16.3958 -210.996 6.5
    endloop
  endfacet
  facet normal 0 0 1
    outer loop
      vertex 16.6126 -196.064 6.5
      vertex 14.293 -206.444 6.5
      vertex 15.5196 -208.585 6.5
    endloop
  endfacet
  facet normal 0 0 1
    outer loop
      vertex 16.6126 -196.064 6.5
      vertex 12.7158 -204.575 6.5
      vertex 14.293 -206.444 6.5
    endloop
  endfacet
  facet normal 0 0 1
    outer loop
      vertex 16.6126 -196.064 6.5
      vertex 10.8262 -203.014 6.5
      vertex 12.7158 -204.575 6.5
    endloop
  endfacet
  facet normal 0 0 1
    outer loop
      vertex 16.6126 -196.064 6.5
      vertex 8.66171 -201.8 6.5
      vertex 10.8262 -203.014 6.5
    endloop
  endfacet
  facet normal 0 0 1
    outer loop
      vertex 16.6126 -196.064 6.5
      vertex 6.22243 -200.933 6.5
      vertex 8.66171 -201.8 6.5
    endloop
  endfacet
  facet normal 0 0 1
    outer loop
      vertex 16.6126 -196.064 6.5
      vertex 3.5083 -200.413 6.5
      vertex 6.22243 -200.933 6.5
    endloop
  endfacet
  facet normal 0 0 1
    outer loop
      vertex 16.6126 -196.064 6.5
      vertex 0.519348 -200.24 6.5
      vertex 3.5083 -200.413 6.5
    endloop
  endfacet
  facet normal -0 0 1
    outer loop
      vertex -15.8737 -196.064 6.5
      vertex 0.519348 -200.24 6.5
      vertex 16.6126 -196.064 6.5
    endloop
  endfacet
  facet normal 0 0 1
    outer loop
      vertex 0.519348 -200.24 6.5
      vertex -15.8737 -196.064 6.5
      vertex -2.48311 -200.414 6.5
    endloop
  endfacet
  facet normal 0 0 1
    outer loop
      vertex -2.48311 -200.414 6.5
      vertex -15.8737 -196.064 6.5
      vertex -5.21902 -200.935 6.5
    endloop
  endfacet
  facet normal 0 0 1
    outer loop
      vertex -15.8737 -196.064 6.5
      vertex -7.68839 -201.805 6.5
      vertex -5.21902 -200.935 6.5
    endloop
  endfacet
  facet normal 0 0 1
    outer loop
      vertex -15.8737 -196.064 6.5
      vertex -9.89117 -203.021 6.5
      vertex -7.68839 -201.805 6.5
    endloop
  endfacet
  facet normal 0 0 1
    outer loop
      vertex -15.8737 -196.064 6.5
      vertex -11.8274 -204.586 6.5
      vertex -9.89117 -203.021 6.5
    endloop
  endfacet
  facet normal 0 0 1
    outer loop
      vertex -15.8737 -196.064 6.5
      vertex -13.4501 -206.457 6.5
      vertex -11.8274 -204.586 6.5
    endloop
  endfacet
  facet normal 0 0 1
    outer loop
      vertex -15.8737 -196.064 6.5
      vertex -14.7121 -208.592 6.5
      vertex -13.4501 -206.457 6.5
    endloop
  endfacet
  facet normal 0 0 1
    outer loop
      vertex -15.8737 -196.064 6.5
      vertex -15.6136 -210.993 6.5
      vertex -14.7121 -208.592 6.5
    endloop
  endfacet
  facet normal 0 0 1
    outer loop
      vertex -15.6136 -210.993 6.5
      vertex -15.8737 -196.064 6.5
      vertex -16.1545 -213.657 6.5
    endloop
  endfacet
  facet normal 0 0 1
    outer loop
      vertex 17.0211 -113.939 6.5
      vertex 23 -92 6.5
      vertex 17.0967 -111.643 6.5
    endloop
  endfacet
  facet normal 0 0 1
    outer loop
      vertex 23 -92 6.5
      vertex 17.0031 -109.237 6.5
      vertex 17.0967 -111.643 6.5
    endloop
  endfacet
  facet normal 0 0 1
    outer loop
      vertex 23 -92 6.5
      vertex 16.7223 -107.071 6.5
      vertex 17.0031 -109.237 6.5
    endloop
  endfacet
  facet normal 0 0 1
    outer loop
      vertex 23 -92 6.5
      vertex 16.2542 -105.146 6.5
      vertex 16.7223 -107.071 6.5
    endloop
  endfacet
  facet normal 0 0 1
    outer loop
      vertex 23 -92 6.5
      vertex 15.599 -103.461 6.5
      vertex 16.2542 -105.146 6.5
    endloop
  endfacet
  facet normal 0 0 1
    outer loop
      vertex 23 -92 6.5
      vertex 14.7565 -102.018 6.5
      vertex 15.599 -103.461 6.5
    endloop
  endfacet
  facet normal 0 0 1
    outer loop
      vertex 23 -92 6.5
      vertex 13.7379 -100.826 6.5
      vertex 14.7565 -102.018 6.5
    endloop
  endfacet
  facet normal 0 0 1
    outer loop
      vertex 23 -92 6.5
      vertex 12.5542 -99.9 6.5
      vertex 13.7379 -100.826 6.5
    endloop
  endfacet
  facet normal 0 0 1
    outer loop
      vertex 23 -92 6.5
      vertex 11.2054 -99.2383 6.5
      vertex 12.5542 -99.9 6.5
    endloop
  endfacet
  facet normal 0 0 1
    outer loop
      vertex 23 -92 6.5
      vertex 9.69154 -98.8413 6.5
      vertex 11.2054 -99.2383 6.5
    endloop
  endfacet
  facet normal 0 0 1
    outer loop
      vertex 23 -92 6.5
      vertex 8.0126 -98.709 6.5
      vertex 9.69154 -98.8413 6.5
    endloop
  endfacet
  facet normal 0 0 1
    outer loop
      vertex 23 -92 6.5
      vertex 7.33659 -98.7269 6.5
      vertex 8.0126 -98.709 6.5
    endloop
  endfacet
  facet normal 0 0 1
    outer loop
      vertex 23 -92 6.5
      vertex 6.69194 -98.7809 6.5
      vertex 7.33659 -98.7269 6.5
    endloop
  endfacet
  facet normal -0 0 1
    outer loop
      vertex -7.41216 -97.1871 6.5
      vertex 6.69194 -98.7809 6.5
      vertex 23 -92 6.5
    endloop
  endfacet
  facet normal 0 0 1
    outer loop
      vertex 6.69194 -98.7809 6.5
      vertex -7.41216 -97.1871 6.5
      vertex 6.07864 -98.8708 6.5
    endloop
  endfacet
  facet normal 0 0 1
    outer loop
      vertex 6.07864 -98.8708 6.5
      vertex -7.41216 -97.1871 6.5
      vertex 5.4967 -98.9966 6.5
    endloop
  endfacet
  facet normal 0 0 1
    outer loop
      vertex 5.4967 -98.9966 6.5
      vertex -7.41216 -97.1871 6.5
      vertex 4.94614 -99.1584 6.5
    endloop
  endfacet
  facet normal 0 0 1
    outer loop
      vertex -1.34308 -108.661 6.5
      vertex -7.30479 -104.076 6.5
      vertex -1.67093 -110.03 6.5
    endloop
  endfacet
  facet normal -0 0 1
    outer loop
      vertex -8.16757 -104.496 6.5
      vertex -1.67093 -110.03 6.5
      vertex -7.30479 -104.076 6.5
    endloop
  endfacet
  facet normal -0 0 1
    outer loop
      vertex -8.91693 -105.017 6.5
      vertex -1.67093 -110.03 6.5
      vertex -8.16757 -104.496 6.5
    endloop
  endfacet
  facet normal -0 0 1
    outer loop
      vertex -7.30479 -104.076 6.5
      vertex -1.34308 -108.661 6.5
      vertex -6.32858 -103.758 6.5
    endloop
  endfacet
  facet normal 0 0 1
    outer loop
      vertex -2.313 -112.968 6.5
      vertex -6.37088 -118.827 6.5
      vertex -2.60358 -114.109 6.5
    endloop
  endfacet
  facet normal 0 0 1
    outer loop
      vertex -6.37088 -118.827 6.5
      vertex -2.87381 -115.032 6.5
      vertex -2.60358 -114.109 6.5
    endloop
  endfacet
  facet normal 0 0 1
    outer loop
      vertex -6.32858 -103.758 6.5
      vertex -1.34308 -108.661 6.5
      vertex -1.04201 -107.469 6.5
    endloop
  endfacet
  facet normal 0 0 1
    outer loop
      vertex -6.37088 -118.827 6.5
      vertex -3.12375 -115.736 6.5
      vertex -2.87381 -115.032 6.5
    endloop
  endfacet
  facet normal 0 0 1
    outer loop
      vertex -6.32858 -103.758 6.5
      vertex -1.04201 -107.469 6.5
      vertex -0.767685 -106.455 6.5
    endloop
  endfacet
  facet normal 0 0 1
    outer loop
      vertex -6.37088 -118.827 6.5
      vertex -3.3755 -116.304 6.5
      vertex -3.12375 -115.736 6.5
    endloop
  endfacet
  facet normal 0 0 1
    outer loop
      vertex -6.37088 -118.827 6.5
      vertex -3.65126 -116.819 6.5
      vertex -3.3755 -116.304 6.5
    endloop
  endfacet
  facet normal 0 0 1
    outer loop
      vertex -6.32858 -103.758 6.5
      vertex -0.767685 -106.455 6.5
      vertex -0.520142 -105.617 6.5
    endloop
  endfacet
  facet normal 0 0 1
    outer loop
      vertex -6.37088 -118.827 6.5
      vertex -3.951 -117.28 6.5
      vertex -3.65126 -116.819 6.5
    endloop
  endfacet
  facet normal 0 0 1
    outer loop
      vertex -6.37088 -118.827 6.5
      vertex -4.27473 -117.687 6.5
      vertex -3.951 -117.28 6.5
    endloop
  endfacet
  facet normal 0 0 1
    outer loop
      vertex -6.32858 -103.758 6.5
      vertex -0.520142 -105.617 6.5
      vertex -0.299362 -104.957 6.5
    endloop
  endfacet
  facet normal 0 0 1
    outer loop
      vertex -4.27473 -117.687 6.5
      vertex -5.87564 -118.729 6.5
      vertex -4.62247 -118.041 6.5
    endloop
  endfacet
  facet normal 0 0 1
    outer loop
      vertex -4.62247 -118.041 6.5
      vertex -5.87564 -118.729 6.5
      vertex -5.00142 -118.336 6.5
    endloop
  endfacet
  facet normal 0 0 1
    outer loop
      vertex -6.32858 -103.758 6.5
      vertex -0.299362 -104.957 6.5
      vertex -0.0844574 -104.396 6.5
    endloop
  endfacet
  facet normal 0 0 1
    outer loop
      vertex -5.00142 -118.336 6.5
      vertex -5.87564 -118.729 6.5
      vertex -5.41914 -118.565 6.5
    endloop
  endfacet
  facet normal 0 0 1
    outer loop
      vertex 0.145172 -103.858 6.5
      vertex -6.32858 -103.758 6.5
      vertex -0.0844574 -104.396 6.5
    endloop
  endfacet
  facet normal 0 0 1
    outer loop
      vertex 0.389572 -103.341 6.5
      vertex -6.32858 -103.758 6.5
      vertex 0.145172 -103.858 6.5
    endloop
  endfacet
  facet normal 0 0 1
    outer loop
      vertex 0.648712 -102.847 6.5
      vertex -6.32858 -103.758 6.5
      vertex 0.389572 -103.341 6.5
    endloop
  endfacet
  facet normal 0 0 1
    outer loop
      vertex 0.922577 -102.374 6.5
      vertex -6.32858 -103.758 6.5
      vertex 0.648712 -102.847 6.5
    endloop
  endfacet
  facet normal 0 0 1
    outer loop
      vertex -7.41216 -97.1871 6.5
      vertex 0.922577 -102.374 6.5
      vertex 1.21548 -101.927 6.5
    endloop
  endfacet
  facet normal 0 0 1
    outer loop
      vertex -7.41216 -97.1871 6.5
      vertex 1.21548 -101.927 6.5
      vertex 1.53143 -101.508 6.5
    endloop
  endfacet
  facet normal 0 0 1
    outer loop
      vertex -7.41216 -97.1871 6.5
      vertex 1.53143 -101.508 6.5
      vertex 1.87041 -101.116 6.5
    endloop
  endfacet
  facet normal 0 0 1
    outer loop
      vertex -7.41216 -97.1871 6.5
      vertex 1.87041 -101.116 6.5
      vertex 2.23242 -100.751 6.5
    endloop
  endfacet
  facet normal 0 0 1
    outer loop
      vertex -7.41216 -97.1871 6.5
      vertex 2.23242 -100.751 6.5
      vertex 2.61748 -100.415 6.5
    endloop
  endfacet
  facet normal 0 0 1
    outer loop
      vertex -7.41216 -97.1871 6.5
      vertex 2.61748 -100.415 6.5
      vertex 3.02789 -100.106 6.5
    endloop
  endfacet
  facet normal 0 0 1
    outer loop
      vertex -7.41216 -97.1871 6.5
      vertex 3.02789 -100.106 6.5
      vertex 3.46596 -99.8264 6.5
    endloop
  endfacet
  facet normal 0 0 1
    outer loop
      vertex -7.41216 -97.1871 6.5
      vertex 3.46596 -99.8264 6.5
      vertex 3.93169 -99.5752 6.5
    endloop
  endfacet
  facet normal 0 0 1
    outer loop
      vertex -7.41216 -97.1871 6.5
      vertex 3.93169 -99.5752 6.5
      vertex 4.42508 -99.3525 6.5
    endloop
  endfacet
  facet normal 0 0 1
    outer loop
      vertex 0.922577 -102.374 6.5
      vertex -7.41216 -97.1871 6.5
      vertex -6.32858 -103.758 6.5
    endloop
  endfacet
  facet normal 0 0 1
    outer loop
      vertex 4.94614 -99.1584 6.5
      vertex -7.41216 -97.1871 6.5
      vertex 4.42508 -99.3525 6.5
    endloop
  endfacet
  facet normal 0 0 1
    outer loop
      vertex -16.2038 -140.697 6.5
      vertex -23 -92 6.5
      vertex -16.3348 -143.255 6.5
    endloop
  endfacet
  facet normal 0 0 1
    outer loop
      vertex -23 -238 6.5
      vertex -16.3348 -143.255 6.5
      vertex -23 -92 6.5
    endloop
  endfacet
  facet normal 0 0 1
    outer loop
      vertex -16.2462 -109.16 6.5
      vertex -23 -92 6.5
      vertex -16.3348 -111.551 6.5
    endloop
  endfacet
  facet normal 0 0 1
    outer loop
      vertex -15.9806 -106.984 6.5
      vertex -23 -92 6.5
      vertex -16.2462 -109.16 6.5
    endloop
  endfacet
  facet normal 0 0 1
    outer loop
      vertex -15.538 -105.024 6.5
      vertex -23 -92 6.5
      vertex -15.9806 -106.984 6.5
    endloop
  endfacet
  facet normal 0 0 1
    outer loop
      vertex -14.9182 -103.28 6.5
      vertex -23 -92 6.5
      vertex -15.538 -105.024 6.5
    endloop
  endfacet
  facet normal 0 0 1
    outer loop
      vertex -14.1214 -101.752 6.5
      vertex -23 -92 6.5
      vertex -14.9182 -103.28 6.5
    endloop
  endfacet
  facet normal 0 0 1
    outer loop
      vertex -13.1447 -100.433 6.5
      vertex -23 -92 6.5
      vertex -14.1214 -101.752 6.5
    endloop
  endfacet
  facet normal 0 0 1
    outer loop
      vertex -11.9855 -99.3176 6.5
      vertex -23 -92 6.5
      vertex -13.1447 -100.433 6.5
    endloop
  endfacet
  facet normal 0 0 1
    outer loop
      vertex -10.6436 -98.4045 6.5
      vertex -23 -92 6.5
      vertex -11.9855 -99.3176 6.5
    endloop
  endfacet
  facet normal 0 0 1
    outer loop
      vertex -9.11919 -97.6944 6.5
      vertex -23 -92 6.5
      vertex -10.6436 -98.4045 6.5
    endloop
  endfacet
  facet normal 0 0 1
    outer loop
      vertex -7.41216 -97.1871 6.5
      vertex -23 -92 6.5
      vertex -9.11919 -97.6944 6.5
    endloop
  endfacet
  facet normal -0 0 1
    outer loop
      vertex -23 -92 6.5
      vertex -7.41216 -97.1871 6.5
      vertex 23 -92 6.5
    endloop
  endfacet
  facet normal 0 0 1
    outer loop
      vertex 23 -92 6.5
      vertex 17.0967 -216.633 6.5
      vertex 23 -238 6.5
    endloop
  endfacet
  facet normal -0 0 1
    outer loop
      vertex 16.9196 -219.587 6.5
      vertex 23 -238 6.5
      vertex 17.0967 -216.633 6.5
    endloop
  endfacet
  facet normal -0 0 1
    outer loop
      vertex 16.3884 -222.272 6.5
      vertex 23 -238 6.5
      vertex 16.9196 -219.587 6.5
    endloop
  endfacet
  facet normal -0 0 1
    outer loop
      vertex 15.5031 -224.685 6.5
      vertex 23 -238 6.5
      vertex 16.3884 -222.272 6.5
    endloop
  endfacet
  facet normal -0 0 1
    outer loop
      vertex 14.2636 -226.829 6.5
      vertex 23 -238 6.5
      vertex 15.5031 -224.685 6.5
    endloop
  endfacet
  facet normal -0 0 1
    outer loop
      vertex 12.6699 -228.703 6.5
      vertex 23 -238 6.5
      vertex 14.2636 -226.829 6.5
    endloop
  endfacet
  facet normal -0 0 1
    outer loop
      vertex 10.7673 -230.267 6.5
      vertex 23 -238 6.5
      vertex 12.6699 -228.703 6.5
    endloop
  endfacet
  facet normal -0 0 1
    outer loop
      vertex 8.60097 -231.484 6.5
      vertex 23 -238 6.5
      vertex 10.7673 -230.267 6.5
    endloop
  endfacet
  facet normal -0 0 1
    outer loop
      vertex 6.17085 -232.353 6.5
      vertex 23 -238 6.5
      vertex 8.60097 -231.484 6.5
    endloop
  endfacet
  facet normal -0 0 1
    outer loop
      vertex 3.47697 -232.875 6.5
      vertex 23 -238 6.5
      vertex 6.17085 -232.353 6.5
    endloop
  endfacet
  facet normal -0 0 1
    outer loop
      vertex 0.519348 -233.049 6.5
      vertex 23 -238 6.5
      vertex 3.47697 -232.875 6.5
    endloop
  endfacet
  facet normal 0 0 1
    outer loop
      vertex -23 -238 6.5
      vertex 0.519348 -233.049 6.5
      vertex -1.46075 -232.969 6.5
    endloop
  endfacet
  facet normal 0 0 1
    outer loop
      vertex -23 -238 6.5
      vertex -1.46075 -232.969 6.5
      vertex -3.34309 -232.728 6.5
    endloop
  endfacet
  facet normal 0 0 1
    outer loop
      vertex -16.1545 -213.657 6.5
      vertex -23 -238 6.5
      vertex -16.3348 -216.587 6.5
    endloop
  endfacet
  facet normal 0 0 1
    outer loop
      vertex 0.519348 -233.049 6.5
      vertex -23 -238 6.5
      vertex 23 -238 6.5
    endloop
  endfacet
  facet normal 0 0 1
    outer loop
      vertex -5.12769 -232.327 6.5
      vertex -23 -238 6.5
      vertex -3.34309 -232.728 6.5
    endloop
  endfacet
  facet normal 0 0 1
    outer loop
      vertex -6.81453 -231.765 6.5
      vertex -23 -238 6.5
      vertex -5.12769 -232.327 6.5
    endloop
  endfacet
  facet normal 0 0 1
    outer loop
      vertex -8.40359 -231.043 6.5
      vertex -23 -238 6.5
      vertex -6.81453 -231.765 6.5
    endloop
  endfacet
  facet normal 0 0 1
    outer loop
      vertex -9.87129 -230.171 6.5
      vertex -23 -238 6.5
      vertex -8.40359 -231.043 6.5
    endloop
  endfacet
  facet normal 0 0 1
    outer loop
      vertex -11.1942 -229.162 6.5
      vertex -23 -238 6.5
      vertex -9.87129 -230.171 6.5
    endloop
  endfacet
  facet normal 0 0 1
    outer loop
      vertex -12.3724 -228.013 6.5
      vertex -23 -238 6.5
      vertex -11.1942 -229.162 6.5
    endloop
  endfacet
  facet normal 0 0 1
    outer loop
      vertex -13.4058 -226.727 6.5
      vertex -23 -238 6.5
      vertex -12.3724 -228.013 6.5
    endloop
  endfacet
  facet normal 0 0 1
    outer loop
      vertex -14.2944 -225.302 6.5
      vertex -23 -238 6.5
      vertex -13.4058 -226.727 6.5
    endloop
  endfacet
  facet normal 0 0 1
    outer loop
      vertex -15.029 -223.758 6.5
      vertex -23 -238 6.5
      vertex -14.2944 -225.302 6.5
    endloop
  endfacet
  facet normal 0 0 1
    outer loop
      vertex -15.6003 -222.115 6.5
      vertex -23 -238 6.5
      vertex -15.029 -223.758 6.5
    endloop
  endfacet
  facet normal 0 0 1
    outer loop
      vertex -16.0083 -220.372 6.5
      vertex -23 -238 6.5
      vertex -15.6003 -222.115 6.5
    endloop
  endfacet
  facet normal 0 0 1
    outer loop
      vertex -16.2532 -218.529 6.5
      vertex -23 -238 6.5
      vertex -16.0083 -220.372 6.5
    endloop
  endfacet
  facet normal 0 0 1
    outer loop
      vertex -16.3348 -216.587 6.5
      vertex -23 -238 6.5
      vertex -16.2532 -218.529 6.5
    endloop
  endfacet
  facet normal 0 0 1
    outer loop
      vertex 16.6126 -129.421 8.7
      vertex -3.16965 -136.223 8.7
      vertex 16.6126 -136.223 8.7
    endloop
  endfacet
  facet normal -0 0 1
    outer loop
      vertex -3.70004 -129.421 8.7
      vertex -3.16965 -136.223 8.7
      vertex 16.6126 -129.421 8.7
    endloop
  endfacet
  facet normal 0 0 1
    outer loop
      vertex -3.70004 -129.421 8.7
      vertex -4.6356 -136.296 8.7
      vertex -3.16965 -136.223 8.7
    endloop
  endfacet
  facet normal -0 0 1
    outer loop
      vertex -6.02222 -129.564 8.7
      vertex -4.6356 -136.296 8.7
      vertex -3.70004 -129.421 8.7
    endloop
  endfacet
  facet normal 0 0 1
    outer loop
      vertex -4.6356 -136.296 8.7
      vertex -6.02222 -129.564 8.7
      vertex -5.95308 -136.516 8.7
    endloop
  endfacet
  facet normal -0 0 1
    outer loop
      vertex -8.11938 -129.991 8.7
      vertex -5.95308 -136.516 8.7
      vertex -6.02222 -129.564 8.7
    endloop
  endfacet
  facet normal 0 0 1
    outer loop
      vertex -5.95308 -136.516 8.7
      vertex -8.11938 -129.991 8.7
      vertex -7.12206 -136.883 8.7
    endloop
  endfacet
  facet normal -0 0 1
    outer loop
      vertex -9.99156 -130.704 8.7
      vertex -7.12206 -136.883 8.7
      vertex -8.11938 -129.991 8.7
    endloop
  endfacet
  facet normal -0 0 1
    outer loop
      vertex -11.6387 -131.701 8.7
      vertex -7.12206 -136.883 8.7
      vertex -9.99156 -130.704 8.7
    endloop
  endfacet
  facet normal 0 0 1
    outer loop
      vertex -7.12206 -136.883 8.7
      vertex -11.6387 -131.701 8.7
      vertex -8.14256 -137.396 8.7
    endloop
  endfacet
  facet normal -0 0 1
    outer loop
      vertex -13.0609 -132.984 8.7
      vertex -8.14256 -137.396 8.7
      vertex -11.6387 -131.701 8.7
    endloop
  endfacet
  facet normal 0 0 1
    outer loop
      vertex -8.14256 -137.396 8.7
      vertex -13.0609 -132.984 8.7
      vertex -9.01459 -138.056 8.7
    endloop
  endfacet
  facet normal -0 0 1
    outer loop
      vertex -14.2395 -134.534 8.7
      vertex -9.01459 -138.056 8.7
      vertex -13.0609 -132.984 8.7
    endloop
  endfacet
  facet normal 0 0 1
    outer loop
      vertex -9.01459 -138.056 8.7
      vertex -14.2395 -134.534 8.7
      vertex -9.73257 -138.858 8.7
    endloop
  endfacet
  facet normal -0 0 1
    outer loop
      vertex -15.1562 -136.337 8.7
      vertex -9.73257 -138.858 8.7
      vertex -14.2395 -134.534 8.7
    endloop
  endfacet
  facet normal 0 0 1
    outer loop
      vertex -9.73257 -138.858 8.7
      vertex -15.1562 -136.337 8.7
      vertex -10.291 -139.797 8.7
    endloop
  endfacet
  facet normal -0 0 1
    outer loop
      vertex -15.811 -138.391 8.7
      vertex -10.291 -139.797 8.7
      vertex -15.1562 -136.337 8.7
    endloop
  endfacet
  facet normal 0 -0 1
    outer loop
      vertex -16.1988 -145.898 8.7
      vertex -11.009 -143.44 8.7
      vertex -16.3348 -143.255 8.7
    endloop
  endfacet
  facet normal 0 0 1
    outer loop
      vertex -10.291 -139.797 8.7
      vertex -15.811 -138.391 8.7
      vertex -10.6899 -140.874 8.7
    endloop
  endfacet
  facet normal 0 -0 1
    outer loop
      vertex -15.7907 -148.292 8.7
      vertex -11.009 -143.44 8.7
      vertex -16.1988 -145.898 8.7
    endloop
  endfacet
  facet normal -0 0 1
    outer loop
      vertex -16.2038 -140.697 8.7
      vertex -10.6899 -140.874 8.7
      vertex -15.811 -138.391 8.7
    endloop
  endfacet
  facet normal 0 -0 1
    outer loop
      vertex -15.1105 -150.439 8.7
      vertex -11.009 -143.44 8.7
      vertex -15.7907 -148.292 8.7
    endloop
  endfacet
  facet normal 0 0 1
    outer loop
      vertex -10.6899 -140.874 8.7
      vertex -16.2038 -140.697 8.7
      vertex -10.9292 -142.088 8.7
    endloop
  endfacet
  facet normal 0 -0 1
    outer loop
      vertex -14.1583 -152.337 8.7
      vertex -11.009 -143.44 8.7
      vertex -15.1105 -150.439 8.7
    endloop
  endfacet
  facet normal 0 0 1
    outer loop
      vertex -16.3348 -143.255 8.7
      vertex -10.9292 -142.088 8.7
      vertex -16.2038 -140.697 8.7
    endloop
  endfacet
  facet normal 0 0 1
    outer loop
      vertex -11.009 -143.44 8.7
      vertex -14.1583 -152.337 8.7
      vertex -12.9341 -153.988 8.7
    endloop
  endfacet
  facet normal 0 0 1
    outer loop
      vertex -10.9292 -142.088 8.7
      vertex -16.3348 -143.255 8.7
      vertex -11.009 -143.44 8.7
    endloop
  endfacet
  facet normal 0 0 1
    outer loop
      vertex -11.009 -143.44 8.7
      vertex -12.9341 -153.988 8.7
      vertex -11.4627 -155.361 8.7
    endloop
  endfacet
  facet normal -0 0 1
    outer loop
      vertex -2.93912 -151.002 8.7
      vertex 16.6126 -157.804 8.7
      vertex 16.6126 -151.002 8.7
    endloop
  endfacet
  facet normal 0 0 1
    outer loop
      vertex -2.93912 -151.002 8.7
      vertex -3.35426 -157.804 8.7
      vertex 16.6126 -157.804 8.7
    endloop
  endfacet
  facet normal 0 0 1
    outer loop
      vertex -4.42531 -150.924 8.7
      vertex -3.35426 -157.804 8.7
      vertex -2.93912 -151.002 8.7
    endloop
  endfacet
  facet normal 0 0 1
    outer loop
      vertex -4.42531 -150.924 8.7
      vertex -5.71478 -157.651 8.7
      vertex -3.35426 -157.804 8.7
    endloop
  endfacet
  facet normal 0 0 1
    outer loop
      vertex -5.76672 -150.688 8.7
      vertex -5.71478 -157.651 8.7
      vertex -4.42531 -150.924 8.7
    endloop
  endfacet
  facet normal 0 0 1
    outer loop
      vertex -7.85303 -157.193 8.7
      vertex -5.76672 -150.688 8.7
      vertex -6.96339 -150.296 8.7
    endloop
  endfacet
  facet normal 0 0 1
    outer loop
      vertex -5.76672 -150.688 8.7
      vertex -7.85303 -157.193 8.7
      vertex -5.71478 -157.651 8.7
    endloop
  endfacet
  facet normal 0 0 1
    outer loop
      vertex -11.4627 -155.361 8.7
      vertex -6.96339 -150.296 8.7
      vertex -8.01529 -149.748 8.7
    endloop
  endfacet
  facet normal 0 0 1
    outer loop
      vertex -11.4627 -155.361 8.7
      vertex -8.01529 -149.748 8.7
      vertex -8.92244 -149.042 8.7
    endloop
  endfacet
  facet normal 0 0 1
    outer loop
      vertex -11.4627 -155.361 8.7
      vertex -8.92244 -149.042 8.7
      vertex -9.67361 -148.191 8.7
    endloop
  endfacet
  facet normal 0 0 1
    outer loop
      vertex -6.96339 -150.296 8.7
      vertex -9.769 -156.43 8.7
      vertex -7.85303 -157.193 8.7
    endloop
  endfacet
  facet normal 0 0 1
    outer loop
      vertex -11.4627 -155.361 8.7
      vertex -9.67361 -148.191 8.7
      vertex -10.2579 -147.205 8.7
    endloop
  endfacet
  facet normal 0 0 1
    outer loop
      vertex -11.4627 -155.361 8.7
      vertex -10.2579 -147.205 8.7
      vertex -10.6752 -146.085 8.7
    endloop
  endfacet
  facet normal 0 0 1
    outer loop
      vertex -11.4627 -155.361 8.7
      vertex -10.6752 -146.085 8.7
      vertex -10.9256 -144.829 8.7
    endloop
  endfacet
  facet normal 0 0 1
    outer loop
      vertex -6.96339 -150.296 8.7
      vertex -11.4627 -155.361 8.7
      vertex -9.769 -156.43 8.7
    endloop
  endfacet
  facet normal 0 0 1
    outer loop
      vertex -11.4627 -155.361 8.7
      vertex -10.9256 -144.829 8.7
      vertex -11.009 -143.44 8.7
    endloop
  endfacet
  facet normal -0 0 1
    outer loop
      vertex -9.11919 -97.6944 8.7
      vertex -6.32858 -103.758 8.7
      vertex -7.41216 -97.1871 8.7
    endloop
  endfacet
  facet normal 0 0 1
    outer loop
      vertex -6.32858 -103.758 8.7
      vertex -9.11919 -97.6944 8.7
      vertex -7.30479 -104.076 8.7
    endloop
  endfacet
  facet normal -0 0 1
    outer loop
      vertex -10.6436 -98.4045 8.7
      vertex -7.30479 -104.076 8.7
      vertex -9.11919 -97.6944 8.7
    endloop
  endfacet
  facet normal 0 0 1
    outer loop
      vertex -7.30479 -104.076 8.7
      vertex -10.6436 -98.4045 8.7
      vertex -8.16757 -104.496 8.7
    endloop
  endfacet
  facet normal -0 0 1
    outer loop
      vertex -11.9855 -99.3176 8.7
      vertex -8.16757 -104.496 8.7
      vertex -10.6436 -98.4045 8.7
    endloop
  endfacet
  facet normal 0 0 1
    outer loop
      vertex -8.16757 -104.496 8.7
      vertex -11.9855 -99.3176 8.7
      vertex -8.91693 -105.017 8.7
    endloop
  endfacet
  facet normal -0 0 1
    outer loop
      vertex -13.1447 -100.433 8.7
      vertex -8.91693 -105.017 8.7
      vertex -11.9855 -99.3176 8.7
    endloop
  endfacet
  facet normal -0 0 1
    outer loop
      vertex -14.1214 -101.752 8.7
      vertex -8.91693 -105.017 8.7
      vertex -13.1447 -100.433 8.7
    endloop
  endfacet
  facet normal 0 0 1
    outer loop
      vertex -8.91693 -105.017 8.7
      vertex -14.1214 -101.752 8.7
      vertex -9.55287 -105.639 8.7
    endloop
  endfacet
  facet normal -0 0 1
    outer loop
      vertex -14.9182 -103.28 8.7
      vertex -9.55287 -105.639 8.7
      vertex -14.1214 -101.752 8.7
    endloop
  endfacet
  facet normal 0 0 1
    outer loop
      vertex -9.55287 -105.639 8.7
      vertex -14.9182 -103.28 8.7
      vertex -10.0754 -106.363 8.7
    endloop
  endfacet
  facet normal -0 0 1
    outer loop
      vertex -15.538 -105.024 8.7
      vertex -10.0754 -106.363 8.7
      vertex -14.9182 -103.28 8.7
    endloop
  endfacet
  facet normal 0 0 1
    outer loop
      vertex -10.0754 -106.363 8.7
      vertex -15.538 -105.024 8.7
      vertex -10.4945 -107.198 8.7
    endloop
  endfacet
  facet normal -0 0 1
    outer loop
      vertex -15.9806 -106.984 8.7
      vertex -10.4945 -107.198 8.7
      vertex -15.538 -105.024 8.7
    endloop
  endfacet
  facet normal 0 -0 1
    outer loop
      vertex -16.2338 -114.158 8.7
      vertex -11.2395 -111.736 8.7
      vertex -16.3348 -111.551 8.7
    endloop
  endfacet
  facet normal 0 0 1
    outer loop
      vertex -10.4945 -107.198 8.7
      vertex -15.9806 -106.984 8.7
      vertex -10.8204 -108.153 8.7
    endloop
  endfacet
  facet normal 0 -0 1
    outer loop
      vertex -15.9309 -116.5 8.7
      vertex -11.2395 -111.736 8.7
      vertex -16.2338 -114.158 8.7
    endloop
  endfacet
  facet normal 0 0 1
    outer loop
      vertex -10.8204 -108.153 8.7
      vertex -15.9806 -106.984 8.7
      vertex -11.0533 -109.227 8.7
    endloop
  endfacet
  facet normal 0 -0 1
    outer loop
      vertex -15.426 -118.577 8.7
      vertex -11.2395 -111.736 8.7
      vertex -15.9309 -116.5 8.7
    endloop
  endfacet
  facet normal -0 0 1
    outer loop
      vertex -16.2462 -109.16 8.7
      vertex -11.0533 -109.227 8.7
      vertex -15.9806 -106.984 8.7
    endloop
  endfacet
  facet normal 0 -0 1
    outer loop
      vertex -14.7191 -120.39 8.7
      vertex -11.2395 -111.736 8.7
      vertex -15.426 -118.577 8.7
    endloop
  endfacet
  facet normal 0 0 1
    outer loop
      vertex -11.0533 -109.227 8.7
      vertex -16.2462 -109.16 8.7
      vertex -11.193 -110.422 8.7
    endloop
  endfacet
  facet normal 0 -0 1
    outer loop
      vertex -13.8103 -121.938 8.7
      vertex -11.2395 -111.736 8.7
      vertex -14.7191 -120.39 8.7
    endloop
  endfacet
  facet normal 0 0 1
    outer loop
      vertex -16.3348 -111.551 8.7
      vertex -11.193 -110.422 8.7
      vertex -16.2462 -109.16 8.7
    endloop
  endfacet
  facet normal 0 0 1
    outer loop
      vertex -11.2395 -111.736 8.7
      vertex -12.7104 -123.212 8.7
      vertex -11.4308 -124.203 8.7
    endloop
  endfacet
  facet normal 0 0 1
    outer loop
      vertex -11.193 -110.422 8.7
      vertex -16.3348 -111.551 8.7
      vertex -11.2395 -111.736 8.7
    endloop
  endfacet
  facet normal 0 -0 1
    outer loop
      vertex -12.7104 -123.212 8.7
      vertex -11.2395 -111.736 8.7
      vertex -13.8103 -121.938 8.7
    endloop
  endfacet
  facet normal 0 0 1
    outer loop
      vertex 17.0031 -109.237 8.7
      vertex 12.123 -109.281 8.7
      vertex 12.2779 -111.505 8.7
    endloop
  endfacet
  facet normal 0 0 1
    outer loop
      vertex 13.7379 -100.826 8.7
      vertex 11.6582 -107.551 8.7
      vertex 12.123 -109.281 8.7
    endloop
  endfacet
  facet normal 0 0 1
    outer loop
      vertex 9.799 -105.573 8.7
      vertex 12.5542 -99.9 8.7
      vertex 11.2054 -99.2383 8.7
    endloop
  endfacet
  facet normal 0 0 1
    outer loop
      vertex 13.7379 -100.826 8.7
      vertex 10.8835 -106.315 8.7
      vertex 11.6582 -107.551 8.7
    endloop
  endfacet
  facet normal 0 0 1
    outer loop
      vertex 13.7379 -100.826 8.7
      vertex 9.799 -105.573 8.7
      vertex 10.8835 -106.315 8.7
    endloop
  endfacet
  facet normal 0 0 1
    outer loop
      vertex 8.40462 -105.326 8.7
      vertex 11.2054 -99.2383 8.7
      vertex 9.69154 -98.8413 8.7
    endloop
  endfacet
  facet normal 0 0 1
    outer loop
      vertex 11.2054 -99.2383 8.7
      vertex 8.40462 -105.326 8.7
      vertex 9.799 -105.573 8.7
    endloop
  endfacet
  facet normal 0 0 1
    outer loop
      vertex 8.0126 -98.709 8.7
      vertex 8.40462 -105.326 8.7
      vertex 9.69154 -98.8413 8.7
    endloop
  endfacet
  facet normal 0 0 1
    outer loop
      vertex 8.0126 -98.709 8.7
      vertex 7.91579 -105.352 8.7
      vertex 8.40462 -105.326 8.7
    endloop
  endfacet
  facet normal -0 0 1
    outer loop
      vertex 7.33659 -98.7269 8.7
      vertex 7.91579 -105.352 8.7
      vertex 8.0126 -98.709 8.7
    endloop
  endfacet
  facet normal -0 0 1
    outer loop
      vertex 6.69194 -98.7809 8.7
      vertex 7.91579 -105.352 8.7
      vertex 7.33659 -98.7269 8.7
    endloop
  endfacet
  facet normal 0 0 1
    outer loop
      vertex 7.91579 -105.352 8.7
      vertex 6.69194 -98.7809 8.7
      vertex 7.46382 -105.431 8.7
    endloop
  endfacet
  facet normal -0 0 1
    outer loop
      vertex 6.07864 -98.8708 8.7
      vertex 7.46382 -105.431 8.7
      vertex 6.69194 -98.7809 8.7
    endloop
  endfacet
  facet normal -0 0 1
    outer loop
      vertex 5.4967 -98.9966 8.7
      vertex 7.46382 -105.431 8.7
      vertex 6.07864 -98.8708 8.7
    endloop
  endfacet
  facet normal 0 0 1
    outer loop
      vertex 7.46382 -105.431 8.7
      vertex 5.4967 -98.9966 8.7
      vertex 7.04875 -105.563 8.7
    endloop
  endfacet
  facet normal -0 0 1
    outer loop
      vertex 4.94614 -99.1584 8.7
      vertex 7.04875 -105.563 8.7
      vertex 5.4967 -98.9966 8.7
    endloop
  endfacet
  facet normal -0 0 1
    outer loop
      vertex 4.42508 -99.3525 8.7
      vertex 7.04875 -105.563 8.7
      vertex 4.94614 -99.1584 8.7
    endloop
  endfacet
  facet normal -0 0 1
    outer loop
      vertex 3.93169 -99.5752 8.7
      vertex 7.04875 -105.563 8.7
      vertex 4.42508 -99.3525 8.7
    endloop
  endfacet
  facet normal 0 0 1
    outer loop
      vertex 7.04875 -105.563 8.7
      vertex 3.93169 -99.5752 8.7
      vertex 6.67056 -105.746 8.7
    endloop
  endfacet
  facet normal -0 0 1
    outer loop
      vertex 3.46596 -99.8264 8.7
      vertex 6.67056 -105.746 8.7
      vertex 3.93169 -99.5752 8.7
    endloop
  endfacet
  facet normal -0 0 1
    outer loop
      vertex 3.02789 -100.106 8.7
      vertex 6.67056 -105.746 8.7
      vertex 3.46596 -99.8264 8.7
    endloop
  endfacet
  facet normal -0 0 1
    outer loop
      vertex 2.61748 -100.415 8.7
      vertex 6.67056 -105.746 8.7
      vertex 3.02789 -100.106 8.7
    endloop
  endfacet
  facet normal -0 0 1
    outer loop
      vertex 2.23242 -100.751 8.7
      vertex 6.67056 -105.746 8.7
      vertex 2.61748 -100.415 8.7
    endloop
  endfacet
  facet normal 0 0 1
    outer loop
      vertex 6.67056 -105.746 8.7
      vertex 2.23242 -100.751 8.7
      vertex 6.32927 -105.983 8.7
    endloop
  endfacet
  facet normal -0 0 1
    outer loop
      vertex 1.87041 -101.116 8.7
      vertex 6.32927 -105.983 8.7
      vertex 2.23242 -100.751 8.7
    endloop
  endfacet
  facet normal -0 0 1
    outer loop
      vertex 1.53143 -101.508 8.7
      vertex 6.32927 -105.983 8.7
      vertex 1.87041 -101.116 8.7
    endloop
  endfacet
  facet normal -0 0 1
    outer loop
      vertex 1.21548 -101.927 8.7
      vertex 6.32927 -105.983 8.7
      vertex 1.53143 -101.508 8.7
    endloop
  endfacet
  facet normal 0 0 1
    outer loop
      vertex 6.32927 -105.983 8.7
      vertex 1.21548 -101.927 8.7
      vertex 6.0162 -106.271 8.7
    endloop
  endfacet
  facet normal -0 0 1
    outer loop
      vertex 0.922577 -102.374 8.7
      vertex 6.0162 -106.271 8.7
      vertex 1.21548 -101.927 8.7
    endloop
  endfacet
  facet normal -0 0 1
    outer loop
      vertex 0.648712 -102.847 8.7
      vertex 6.0162 -106.271 8.7
      vertex 0.922577 -102.374 8.7
    endloop
  endfacet
  facet normal 0 0 1
    outer loop
      vertex 6.0162 -106.271 8.7
      vertex 0.648712 -102.847 8.7
      vertex 5.72249 -106.61 8.7
    endloop
  endfacet
  facet normal 0 0 1
    outer loop
      vertex 5.19307 -107.44 8.7
      vertex -0.520142 -105.617 8.7
      vertex 4.95737 -107.931 8.7
    endloop
  endfacet
  facet normal -0 0 1
    outer loop
      vertex 0.389572 -103.341 8.7
      vertex 5.72249 -106.61 8.7
      vertex 0.648712 -102.847 8.7
    endloop
  endfacet
  facet normal 0 0 1
    outer loop
      vertex 4.95737 -107.931 8.7
      vertex -0.767685 -106.455 8.7
      vertex 4.71994 -108.554 8.7
    endloop
  endfacet
  facet normal -0 0 1
    outer loop
      vertex 0.145172 -103.858 8.7
      vertex 5.72249 -106.61 8.7
      vertex 0.389572 -103.341 8.7
    endloop
  endfacet
  facet normal -0 0 1
    outer loop
      vertex -1.34308 -108.661 8.7
      vertex 4.45944 -109.388 8.7
      vertex -1.04201 -107.469 8.7
    endloop
  endfacet
  facet normal 0 0 1
    outer loop
      vertex 5.72249 -106.61 8.7
      vertex 0.145172 -103.858 8.7
      vertex 5.4481 -107 8.7
    endloop
  endfacet
  facet normal 0 0 1
    outer loop
      vertex 4.17587 -110.435 8.7
      vertex -1.67093 -110.03 8.7
      vertex 3.86925 -111.694 8.7
    endloop
  endfacet
  facet normal -0 0 1
    outer loop
      vertex -0.0844574 -104.396 8.7
      vertex 5.4481 -107 8.7
      vertex 0.145172 -103.858 8.7
    endloop
  endfacet
  facet normal -0 0 1
    outer loop
      vertex -2.00212 -111.608 8.7
      vertex 3.86925 -111.694 8.7
      vertex -1.67093 -110.03 8.7
    endloop
  endfacet
  facet normal 0 0 1
    outer loop
      vertex 5.4481 -107 8.7
      vertex -0.0844574 -104.396 8.7
      vertex 5.19307 -107.44 8.7
    endloop
  endfacet
  facet normal -0 0 1
    outer loop
      vertex -2.313 -112.968 8.7
      vertex 3.53957 -113.165 8.7
      vertex -2.00212 -111.608 8.7
    endloop
  endfacet
  facet normal -0 0 1
    outer loop
      vertex -0.299362 -104.957 8.7
      vertex 5.19307 -107.44 8.7
      vertex -0.0844574 -104.396 8.7
    endloop
  endfacet
  facet normal 0 0 1
    outer loop
      vertex 3.53957 -113.165 8.7
      vertex -2.313 -112.968 8.7
      vertex 3.14899 -114.931 8.7
    endloop
  endfacet
  facet normal -0 0 1
    outer loop
      vertex -0.520142 -105.617 8.7
      vertex 5.19307 -107.44 8.7
      vertex -0.299362 -104.957 8.7
    endloop
  endfacet
  facet normal -0 0 1
    outer loop
      vertex -0.767685 -106.455 8.7
      vertex 4.95737 -107.931 8.7
      vertex -0.520142 -105.617 8.7
    endloop
  endfacet
  facet normal -0 0 1
    outer loop
      vertex -2.60358 -114.109 8.7
      vertex 3.14899 -114.931 8.7
      vertex -2.313 -112.968 8.7
    endloop
  endfacet
  facet normal -0 0 1
    outer loop
      vertex -1.04201 -107.469 8.7
      vertex 4.71994 -108.554 8.7
      vertex -0.767685 -106.455 8.7
    endloop
  endfacet
  facet normal 0 0 1
    outer loop
      vertex 3.14899 -114.931 8.7
      vertex -2.60358 -114.109 8.7
      vertex 2.7704 -116.483 8.7
    endloop
  endfacet
  facet normal 0 0 1
    outer loop
      vertex 4.71994 -108.554 8.7
      vertex -1.04201 -107.469 8.7
      vertex 4.45944 -109.388 8.7
    endloop
  endfacet
  facet normal 0 0 1
    outer loop
      vertex 4.45944 -109.388 8.7
      vertex -1.34308 -108.661 8.7
      vertex 4.17587 -110.435 8.7
    endloop
  endfacet
  facet normal -0 0 1
    outer loop
      vertex -2.87381 -115.032 8.7
      vertex 2.7704 -116.483 8.7
      vertex -2.60358 -114.109 8.7
    endloop
  endfacet
  facet normal -0 0 1
    outer loop
      vertex -1.67093 -110.03 8.7
      vertex 4.17587 -110.435 8.7
      vertex -1.34308 -108.661 8.7
    endloop
  endfacet
  facet normal 0 0 1
    outer loop
      vertex 3.86925 -111.694 8.7
      vertex -2.00212 -111.608 8.7
      vertex 3.53957 -113.165 8.7
    endloop
  endfacet
  facet normal 0 0 1
    outer loop
      vertex 2.7704 -116.483 8.7
      vertex -2.87381 -115.032 8.7
      vertex 2.40381 -117.823 8.7
    endloop
  endfacet
  facet normal -0 0 1
    outer loop
      vertex -3.12375 -115.736 8.7
      vertex 2.40381 -117.823 8.7
      vertex -2.87381 -115.032 8.7
    endloop
  endfacet
  facet normal -0 0 1
    outer loop
      vertex -3.3755 -116.304 8.7
      vertex 2.40381 -117.823 8.7
      vertex -3.12375 -115.736 8.7
    endloop
  endfacet
  facet normal 0 0 1
    outer loop
      vertex 2.40381 -117.823 8.7
      vertex -3.3755 -116.304 8.7
      vertex 2.04922 -118.949 8.7
    endloop
  endfacet
  facet normal -0 0 1
    outer loop
      vertex -3.65126 -116.819 8.7
      vertex 2.04922 -118.949 8.7
      vertex -3.3755 -116.304 8.7
    endloop
  endfacet
  facet normal 0 0 1
    outer loop
      vertex 2.04922 -118.949 8.7
      vertex -3.65126 -116.819 8.7
      vertex 1.70662 -119.863 8.7
    endloop
  endfacet
  facet normal -0 0 1
    outer loop
      vertex -3.951 -117.28 8.7
      vertex 1.70662 -119.863 8.7
      vertex -3.65126 -116.819 8.7
    endloop
  endfacet
  facet normal 0 0 1
    outer loop
      vertex 1.70662 -119.863 8.7
      vertex -3.951 -117.28 8.7
      vertex 1.35895 -120.636 8.7
    endloop
  endfacet
  facet normal -0 0 1
    outer loop
      vertex -4.27473 -117.687 8.7
      vertex 1.35895 -120.636 8.7
      vertex -3.951 -117.28 8.7
    endloop
  endfacet
  facet normal 0 0 1
    outer loop
      vertex 1.35895 -120.636 8.7
      vertex -4.27473 -117.687 8.7
      vertex 0.989136 -121.342 8.7
    endloop
  endfacet
  facet normal 0 0 1
    outer loop
      vertex 0.989136 -121.342 8.7
      vertex -4.27473 -117.687 8.7
      vertex 0.597183 -121.981 8.7
    endloop
  endfacet
  facet normal -0 0 1
    outer loop
      vertex -4.62247 -118.041 8.7
      vertex 0.597183 -121.981 8.7
      vertex -4.27473 -117.687 8.7
    endloop
  endfacet
  facet normal 0 0 1
    outer loop
      vertex 0.597183 -121.981 8.7
      vertex -4.62247 -118.041 8.7
      vertex 0.18309 -122.552 8.7
    endloop
  endfacet
  facet normal 0 0 1
    outer loop
      vertex 0.18309 -122.552 8.7
      vertex -4.62247 -118.041 8.7
      vertex -0.253128 -123.056 8.7
    endloop
  endfacet
  facet normal -0 0 1
    outer loop
      vertex -5.00142 -118.336 8.7
      vertex -0.253128 -123.056 8.7
      vertex -4.62247 -118.041 8.7
    endloop
  endfacet
  facet normal 0 0 1
    outer loop
      vertex -0.253128 -123.056 8.7
      vertex -5.00142 -118.336 8.7
      vertex -0.717957 -123.504 8.7
    endloop
  endfacet
  facet normal 0 0 1
    outer loop
      vertex -0.717957 -123.504 8.7
      vertex -5.00142 -118.336 8.7
      vertex -1.21785 -123.908 8.7
    endloop
  endfacet
  facet normal 0 0 1
    outer loop
      vertex -1.21785 -123.908 8.7
      vertex -5.00142 -118.336 8.7
      vertex -1.75281 -124.268 8.7
    endloop
  endfacet
  facet normal -0 0 1
    outer loop
      vertex -5.41914 -118.565 8.7
      vertex -1.75281 -124.268 8.7
      vertex -5.00142 -118.336 8.7
    endloop
  endfacet
  facet normal 0 0 1
    outer loop
      vertex -1.75281 -124.268 8.7
      vertex -5.41914 -118.565 8.7
      vertex -2.32283 -124.583 8.7
    endloop
  endfacet
  facet normal 0 0 1
    outer loop
      vertex -2.32283 -124.583 8.7
      vertex -5.41914 -118.565 8.7
      vertex -2.9279 -124.855 8.7
    endloop
  endfacet
  facet normal 0 0 1
    outer loop
      vertex -2.9279 -124.855 8.7
      vertex -5.41914 -118.565 8.7
      vertex -3.56927 -125.079 8.7
    endloop
  endfacet
  facet normal -0 0 1
    outer loop
      vertex -5.87564 -118.729 8.7
      vertex -3.56927 -125.079 8.7
      vertex -5.41914 -118.565 8.7
    endloop
  endfacet
  facet normal 0 0 1
    outer loop
      vertex -3.56927 -125.079 8.7
      vertex -5.87564 -118.729 8.7
      vertex -4.24846 -125.253 8.7
    endloop
  endfacet
  facet normal 0 0 1
    outer loop
      vertex -4.24846 -125.253 8.7
      vertex -5.87564 -118.729 8.7
      vertex -4.96545 -125.378 8.7
    endloop
  endfacet
  facet normal -0 0 1
    outer loop
      vertex -6.37088 -118.827 8.7
      vertex -4.96545 -125.378 8.7
      vertex -5.87564 -118.729 8.7
    endloop
  endfacet
  facet normal 0 0 1
    outer loop
      vertex -4.96545 -125.378 8.7
      vertex -6.37088 -118.827 8.7
      vertex -5.72026 -125.452 8.7
    endloop
  endfacet
  facet normal 0 0 1
    outer loop
      vertex -6.37088 -118.827 8.7
      vertex -6.51286 -125.477 8.7
      vertex -5.72026 -125.452 8.7
    endloop
  endfacet
  facet normal -0 0 1
    outer loop
      vertex -6.90488 -118.86 8.7
      vertex -6.51286 -125.477 8.7
      vertex -6.37088 -118.827 8.7
    endloop
  endfacet
  facet normal 0 0 1
    outer loop
      vertex -6.90488 -118.86 8.7
      vertex -8.33199 -125.336 8.7
      vertex -6.51286 -125.477 8.7
    endloop
  endfacet
  facet normal 0 0 1
    outer loop
      vertex -8.46536 -118.575 8.7
      vertex -8.33199 -125.336 8.7
      vertex -6.90488 -118.86 8.7
    endloop
  endfacet
  facet normal 0 0 1
    outer loop
      vertex -11.4308 -124.203 8.7
      vertex -8.46536 -118.575 8.7
      vertex -9.67906 -117.72 8.7
    endloop
  endfacet
  facet normal 0 0 1
    outer loop
      vertex -8.46536 -118.575 8.7
      vertex -9.97128 -124.911 8.7
      vertex -8.33199 -125.336 8.7
    endloop
  endfacet
  facet normal 0 0 1
    outer loop
      vertex -11.4308 -124.203 8.7
      vertex -9.67906 -117.72 8.7
      vertex -10.546 -116.295 8.7
    endloop
  endfacet
  facet normal 0 0 1
    outer loop
      vertex -11.4308 -124.203 8.7
      vertex -10.546 -116.295 8.7
      vertex -11.0662 -114.3 8.7
    endloop
  endfacet
  facet normal 0 0 1
    outer loop
      vertex -8.46536 -118.575 8.7
      vertex -11.4308 -124.203 8.7
      vertex -9.97128 -124.911 8.7
    endloop
  endfacet
  facet normal 0 0 1
    outer loop
      vertex -11.4308 -124.203 8.7
      vertex -11.0662 -114.3 8.7
      vertex -11.2395 -111.736 8.7
    endloop
  endfacet
  facet normal -0 0 1
    outer loop
      vertex 12.2779 -111.505 8.7
      vertex 17.0967 -111.643 8.7
      vertex 17.0031 -109.237 8.7
    endloop
  endfacet
  facet normal 0 0 1
    outer loop
      vertex 12.2355 -112.613 8.7
      vertex 17.0967 -111.643 8.7
      vertex 12.2779 -111.505 8.7
    endloop
  endfacet
  facet normal 0 0 1
    outer loop
      vertex 12.123 -109.281 8.7
      vertex 17.0031 -109.237 8.7
      vertex 16.7223 -107.071 8.7
    endloop
  endfacet
  facet normal 0 0 1
    outer loop
      vertex 17.0967 -111.643 8.7
      vertex 12.2355 -112.613 8.7
      vertex 17.0211 -113.939 8.7
    endloop
  endfacet
  facet normal 0 0 1
    outer loop
      vertex 12.123 -109.281 8.7
      vertex 16.7223 -107.071 8.7
      vertex 16.2542 -105.146 8.7
    endloop
  endfacet
  facet normal -0 0 1
    outer loop
      vertex 12.1082 -113.613 8.7
      vertex 17.0211 -113.939 8.7
      vertex 12.2355 -112.613 8.7
    endloop
  endfacet
  facet normal 0 0 1
    outer loop
      vertex 12.123 -109.281 8.7
      vertex 16.2542 -105.146 8.7
      vertex 15.599 -103.461 8.7
    endloop
  endfacet
  facet normal 0 0 1
    outer loop
      vertex 11.896 -114.506 8.7
      vertex 17.0211 -113.939 8.7
      vertex 12.1082 -113.613 8.7
    endloop
  endfacet
  facet normal 0 0 1
    outer loop
      vertex 12.123 -109.281 8.7
      vertex 15.599 -103.461 8.7
      vertex 14.7565 -102.018 8.7
    endloop
  endfacet
  facet normal 0 0 1
    outer loop
      vertex 17.0211 -113.939 8.7
      vertex 11.896 -114.506 8.7
      vertex 16.7942 -115.994 8.7
    endloop
  endfacet
  facet normal 0 0 1
    outer loop
      vertex 12.123 -109.281 8.7
      vertex 14.7565 -102.018 8.7
      vertex 13.7379 -100.826 8.7
    endloop
  endfacet
  facet normal -0 0 1
    outer loop
      vertex 11.599 -115.29 8.7
      vertex 16.7942 -115.994 8.7
      vertex 11.896 -114.506 8.7
    endloop
  endfacet
  facet normal 0 0 1
    outer loop
      vertex 9.799 -105.573 8.7
      vertex 13.7379 -100.826 8.7
      vertex 12.5542 -99.9 8.7
    endloop
  endfacet
  facet normal 0 0 1
    outer loop
      vertex 16.7942 -115.994 8.7
      vertex 11.599 -115.29 8.7
      vertex 16.4161 -117.809 8.7
    endloop
  endfacet
  facet normal -0 0 1
    outer loop
      vertex 11.2171 -115.966 8.7
      vertex 16.4161 -117.809 8.7
      vertex 11.599 -115.29 8.7
    endloop
  endfacet
  facet normal 0 0 1
    outer loop
      vertex 16.4161 -117.809 8.7
      vertex 11.2171 -115.966 8.7
      vertex 15.8866 -119.383 8.7
    endloop
  endfacet
  facet normal -0 0 1
    outer loop
      vertex 10.7514 -116.547 8.7
      vertex 15.8866 -119.383 8.7
      vertex 11.2171 -115.966 8.7
    endloop
  endfacet
  facet normal 0 0 1
    outer loop
      vertex 15.8866 -119.383 8.7
      vertex 10.7514 -116.547 8.7
      vertex 15.206 -120.716 8.7
    endloop
  endfacet
  facet normal -0 0 1
    outer loop
      vertex 10.2027 -117.044 8.7
      vertex 15.206 -120.716 8.7
      vertex 10.7514 -116.547 8.7
    endloop
  endfacet
  facet normal 0 0 1
    outer loop
      vertex 15.206 -120.716 8.7
      vertex 10.2027 -117.044 8.7
      vertex 14.3511 -121.842 8.7
    endloop
  endfacet
  facet normal 0 0 1
    outer loop
      vertex 14.3511 -121.842 8.7
      vertex 10.2027 -117.044 8.7
      vertex 13.2989 -122.797 8.7
    endloop
  endfacet
  facet normal -0 0 1
    outer loop
      vertex 9.57098 -117.456 8.7
      vertex 13.2989 -122.797 8.7
      vertex 10.2027 -117.044 8.7
    endloop
  endfacet
  facet normal 0 0 1
    outer loop
      vertex 13.2989 -122.797 8.7
      vertex 9.57098 -117.456 8.7
      vertex 12.0492 -123.578 8.7
    endloop
  endfacet
  facet normal -0 0 1
    outer loop
      vertex 8.85625 -117.785 8.7
      vertex 12.0492 -123.578 8.7
      vertex 9.57098 -117.456 8.7
    endloop
  endfacet
  facet normal 0 0 1
    outer loop
      vertex 12.0492 -123.578 8.7
      vertex 8.85625 -117.785 8.7
      vertex 10.6022 -124.187 8.7
    endloop
  endfacet
  facet normal -0 0 1
    outer loop
      vertex 8.0585 -118.03 8.7
      vertex 10.6022 -124.187 8.7
      vertex 8.85625 -117.785 8.7
    endloop
  endfacet
  facet normal 0 0 1
    outer loop
      vertex 10.6022 -124.187 8.7
      vertex 8.0585 -118.03 8.7
      vertex 8.95781 -124.624 8.7
    endloop
  endfacet
  facet normal -0 0 1
    outer loop
      vertex 11.629 -214.89 8.7
      vertex 17.0967 -216.633 8.7
      vertex 16.9215 -213.679 8.7
    endloop
  endfacet
  facet normal -0 0 1
    outer loop
      vertex 11.2735 -213.313 8.7
      vertex 16.9215 -213.679 8.7
      vertex 16.3958 -210.996 8.7
    endloop
  endfacet
  facet normal 0 0 1
    outer loop
      vertex 17.0967 -216.633 8.7
      vertex 11.629 -214.89 8.7
      vertex 11.7475 -216.633 8.7
    endloop
  endfacet
  facet normal 0 0 1
    outer loop
      vertex 10.6809 -211.902 8.7
      vertex 16.3958 -210.996 8.7
      vertex 15.5196 -208.585 8.7
    endloop
  endfacet
  facet normal 0 0 1
    outer loop
      vertex 17.0967 -216.633 8.7
      vertex 11.6281 -218.351 8.7
      vertex 16.9196 -219.587 8.7
    endloop
  endfacet
  facet normal 0 0 1
    outer loop
      vertex 9.85133 -210.657 8.7
      vertex 15.5196 -208.585 8.7
      vertex 14.293 -206.444 8.7
    endloop
  endfacet
  facet normal 0 0 1
    outer loop
      vertex 11.2698 -219.909 8.7
      vertex 16.9196 -219.587 8.7
      vertex 11.6281 -218.351 8.7
    endloop
  endfacet
  facet normal 0 0 1
    outer loop
      vertex 8.78474 -209.578 8.7
      vertex 14.293 -206.444 8.7
      vertex 12.7158 -204.575 8.7
    endloop
  endfacet
  facet normal 0 0 1
    outer loop
      vertex 16.9196 -219.587 8.7
      vertex 11.2698 -219.909 8.7
      vertex 16.3884 -222.272 8.7
    endloop
  endfacet
  facet normal -0 0 1
    outer loop
      vertex 10.6726 -221.306 8.7
      vertex 16.3884 -222.272 8.7
      vertex 11.2698 -219.909 8.7
    endloop
  endfacet
  facet normal 0 0 1
    outer loop
      vertex 11.6281 -218.351 8.7
      vertex 17.0967 -216.633 8.7
      vertex 11.7475 -216.633 8.7
    endloop
  endfacet
  facet normal 0 0 1
    outer loop
      vertex 16.9215 -213.679 8.7
      vertex 11.2735 -213.313 8.7
      vertex 11.629 -214.89 8.7
    endloop
  endfacet
  facet normal 0 0 1
    outer loop
      vertex 7.50615 -208.681 8.7
      vertex 12.7158 -204.575 8.7
      vertex 10.8262 -203.014 8.7
    endloop
  endfacet
  facet normal 0 0 1
    outer loop
      vertex 16.3958 -210.996 8.7
      vertex 10.6809 -211.902 8.7
      vertex 11.2735 -213.313 8.7
    endloop
  endfacet
  facet normal 0 0 1
    outer loop
      vertex 15.5196 -208.585 8.7
      vertex 9.85133 -210.657 8.7
      vertex 10.6809 -211.902 8.7
    endloop
  endfacet
  facet normal 0 0 1
    outer loop
      vertex 14.293 -206.444 8.7
      vertex 8.78474 -209.578 8.7
      vertex 9.85133 -210.657 8.7
    endloop
  endfacet
  facet normal 0 0 1
    outer loop
      vertex 6.04031 -207.984 8.7
      vertex 10.8262 -203.014 8.7
      vertex 8.66171 -201.8 8.7
    endloop
  endfacet
  facet normal 0 0 1
    outer loop
      vertex 12.7158 -204.575 8.7
      vertex 7.50615 -208.681 8.7
      vertex 8.78474 -209.578 8.7
    endloop
  endfacet
  facet normal 0 0 1
    outer loop
      vertex 6.04031 -207.984 8.7
      vertex 8.66171 -201.8 8.7
      vertex 6.22243 -200.933 8.7
    endloop
  endfacet
  facet normal 0 0 1
    outer loop
      vertex 10.8262 -203.014 8.7
      vertex 6.04031 -207.984 8.7
      vertex 7.50615 -208.681 8.7
    endloop
  endfacet
  facet normal 0 0 1
    outer loop
      vertex 6.22243 -200.933 8.7
      vertex 4.38724 -207.486 8.7
      vertex 6.04031 -207.984 8.7
    endloop
  endfacet
  facet normal 0 0 1
    outer loop
      vertex 3.5083 -200.413 8.7
      vertex 4.38724 -207.486 8.7
      vertex 6.22243 -200.933 8.7
    endloop
  endfacet
  facet normal 0 0 1
    outer loop
      vertex 3.5083 -200.413 8.7
      vertex 2.54691 -207.187 8.7
      vertex 4.38724 -207.486 8.7
    endloop
  endfacet
  facet normal 0 0 1
    outer loop
      vertex 0.519348 -200.24 8.7
      vertex 2.54691 -207.187 8.7
      vertex 3.5083 -200.413 8.7
    endloop
  endfacet
  facet normal 0 0 1
    outer loop
      vertex 0.519348 -200.24 8.7
      vertex 0.519348 -207.088 8.7
      vertex 2.54691 -207.187 8.7
    endloop
  endfacet
  facet normal 0 0 1
    outer loop
      vertex 0.519348 -200.24 8.7
      vertex -1.52948 -207.19 8.7
      vertex 0.519348 -207.088 8.7
    endloop
  endfacet
  facet normal -0 0 1
    outer loop
      vertex -2.48311 -200.414 8.7
      vertex -1.52948 -207.19 8.7
      vertex 0.519348 -200.24 8.7
    endloop
  endfacet
  facet normal 0 0 1
    outer loop
      vertex -2.48311 -200.414 8.7
      vertex -3.39662 -207.495 8.7
      vertex -1.52948 -207.19 8.7
    endloop
  endfacet
  facet normal -0 0 1
    outer loop
      vertex -5.21902 -200.935 8.7
      vertex -3.39662 -207.495 8.7
      vertex -2.48311 -200.414 8.7
    endloop
  endfacet
  facet normal 0 0 1
    outer loop
      vertex -3.39662 -207.495 8.7
      vertex -5.21902 -200.935 8.7
      vertex -5.08208 -208.005 8.7
    endloop
  endfacet
  facet normal -0 0 1
    outer loop
      vertex -7.68839 -201.805 8.7
      vertex -5.08208 -208.005 8.7
      vertex -5.21902 -200.935 8.7
    endloop
  endfacet
  facet normal -0 0 1
    outer loop
      vertex -9.89117 -203.021 8.7
      vertex -5.08208 -208.005 8.7
      vertex -7.68839 -201.805 8.7
    endloop
  endfacet
  facet normal 0 0 1
    outer loop
      vertex -5.08208 -208.005 8.7
      vertex -9.89117 -203.021 8.7
      vertex -6.58583 -208.718 8.7
    endloop
  endfacet
  facet normal -0 0 1
    outer loop
      vertex -11.8274 -204.586 8.7
      vertex -6.58583 -208.718 8.7
      vertex -9.89117 -203.021 8.7
    endloop
  endfacet
  facet normal 0 0 1
    outer loop
      vertex -6.58583 -208.718 8.7
      vertex -11.8274 -204.586 8.7
      vertex -7.90788 -209.635 8.7
    endloop
  endfacet
  facet normal -0 0 1
    outer loop
      vertex -13.4501 -206.457 8.7
      vertex -7.90788 -209.635 8.7
      vertex -11.8274 -204.586 8.7
    endloop
  endfacet
  facet normal 0 0 1
    outer loop
      vertex -7.90788 -209.635 8.7
      vertex -13.4501 -206.457 8.7
      vertex -9.01598 -210.729 8.7
    endloop
  endfacet
  facet normal -0 0 1
    outer loop
      vertex -14.7121 -208.592 8.7
      vertex -9.01598 -210.729 8.7
      vertex -13.4501 -206.457 8.7
    endloop
  endfacet
  facet normal 0 0 1
    outer loop
      vertex -9.01598 -210.729 8.7
      vertex -14.7121 -208.592 8.7
      vertex -9.87781 -211.97 8.7
    endloop
  endfacet
  facet normal -0 0 1
    outer loop
      vertex -15.6136 -210.993 8.7
      vertex -9.87781 -211.97 8.7
      vertex -14.7121 -208.592 8.7
    endloop
  endfacet
  facet normal 0 0 1
    outer loop
      vertex -9.87781 -211.97 8.7
      vertex -15.6136 -210.993 8.7
      vertex -10.4934 -213.361 8.7
    endloop
  endfacet
  facet normal 0 -0 1
    outer loop
      vertex -16.2532 -218.529 8.7
      vertex -10.9859 -216.587 8.7
      vertex -16.3348 -216.587 8.7
    endloop
  endfacet
  facet normal 0 -0 1
    outer loop
      vertex -16.0083 -220.372 8.7
      vertex -10.9859 -216.587 8.7
      vertex -16.2532 -218.529 8.7
    endloop
  endfacet
  facet normal 0 0 1
    outer loop
      vertex -16.1545 -213.657 8.7
      vertex -10.4934 -213.361 8.7
      vertex -15.6136 -210.993 8.7
    endloop
  endfacet
  facet normal 0 -0 1
    outer loop
      vertex -15.6003 -222.115 8.7
      vertex -10.9859 -216.587 8.7
      vertex -16.0083 -220.372 8.7
    endloop
  endfacet
  facet normal 0 0 1
    outer loop
      vertex -10.4934 -213.361 8.7
      vertex -16.1545 -213.657 8.7
      vertex -10.8628 -214.899 8.7
    endloop
  endfacet
  facet normal 0 0 1
    outer loop
      vertex -10.9859 -216.587 8.7
      vertex -12.3724 -228.013 8.7
      vertex -11.1942 -229.162 8.7
    endloop
  endfacet
  facet normal 0 0 1
    outer loop
      vertex -10.9859 -216.587 8.7
      vertex -14.2944 -225.302 8.7
      vertex -13.4058 -226.727 8.7
    endloop
  endfacet
  facet normal 0 0 1
    outer loop
      vertex -16.3348 -216.587 8.7
      vertex -10.8628 -214.899 8.7
      vertex -16.1545 -213.657 8.7
    endloop
  endfacet
  facet normal 0 0 1
    outer loop
      vertex -10.9859 -216.587 8.7
      vertex -15.6003 -222.115 8.7
      vertex -15.029 -223.758 8.7
    endloop
  endfacet
  facet normal 0 0 1
    outer loop
      vertex -10.8628 -214.899 8.7
      vertex -16.3348 -216.587 8.7
      vertex -10.9859 -216.587 8.7
    endloop
  endfacet
  facet normal 0 0 1
    outer loop
      vertex -10.9859 -216.587 8.7
      vertex -15.029 -223.758 8.7
      vertex -14.2944 -225.302 8.7
    endloop
  endfacet
  facet normal 0 0 1
    outer loop
      vertex -10.9859 -216.587 8.7
      vertex -13.4058 -226.727 8.7
      vertex -12.3724 -228.013 8.7
    endloop
  endfacet
  facet normal 0 0 1
    outer loop
      vertex 16.3884 -222.272 8.7
      vertex 10.6726 -221.306 8.7
      vertex 15.5031 -224.685 8.7
    endloop
  endfacet
  facet normal -0 0 1
    outer loop
      vertex 9.83653 -222.543 8.7
      vertex 15.5031 -224.685 8.7
      vertex 10.6726 -221.306 8.7
    endloop
  endfacet
  facet normal 0 0 1
    outer loop
      vertex 15.5031 -224.685 8.7
      vertex 9.83653 -222.543 8.7
      vertex 14.2636 -226.829 8.7
    endloop
  endfacet
  facet normal -0 0 1
    outer loop
      vertex 8.76163 -223.619 8.7
      vertex 14.2636 -226.829 8.7
      vertex 9.83653 -222.543 8.7
    endloop
  endfacet
  facet normal 0 0 1
    outer loop
      vertex 14.2636 -226.829 8.7
      vertex 8.76163 -223.619 8.7
      vertex 12.6699 -228.703 8.7
    endloop
  endfacet
  facet normal -0 0 1
    outer loop
      vertex 7.47656 -224.515 8.7
      vertex 12.6699 -228.703 8.7
      vertex 8.76163 -223.619 8.7
    endloop
  endfacet
  facet normal 0 0 1
    outer loop
      vertex 12.6699 -228.703 8.7
      vertex 7.47656 -224.515 8.7
      vertex 10.7673 -230.267 8.7
    endloop
  endfacet
  facet normal -0 0 1
    outer loop
      vertex 6.0098 -225.213 8.7
      vertex 10.7673 -230.267 8.7
      vertex 7.47656 -224.515 8.7
    endloop
  endfacet
  facet normal 0 0 1
    outer loop
      vertex 10.7673 -230.267 8.7
      vertex 6.0098 -225.213 8.7
      vertex 8.60097 -231.484 8.7
    endloop
  endfacet
  facet normal 0 0 1
    outer loop
      vertex 8.60097 -231.484 8.7
      vertex 6.0098 -225.213 8.7
      vertex 6.17085 -232.353 8.7
    endloop
  endfacet
  facet normal -0 0 1
    outer loop
      vertex 4.36134 -225.711 8.7
      vertex 6.17085 -232.353 8.7
      vertex 6.0098 -225.213 8.7
    endloop
  endfacet
  facet normal 0 0 1
    outer loop
      vertex 4.36134 -225.711 8.7
      vertex 3.47697 -232.875 8.7
      vertex 6.17085 -232.353 8.7
    endloop
  endfacet
  facet normal -0 0 1
    outer loop
      vertex 2.53119 -226.009 8.7
      vertex 3.47697 -232.875 8.7
      vertex 4.36134 -225.711 8.7
    endloop
  endfacet
  facet normal 0 0 1
    outer loop
      vertex 0.519348 -233.049 8.7
      vertex 2.53119 -226.009 8.7
      vertex 0.519348 -226.109 8.7
    endloop
  endfacet
  facet normal 0 0 1
    outer loop
      vertex 2.53119 -226.009 8.7
      vertex 0.519348 -233.049 8.7
      vertex 3.47697 -232.875 8.7
    endloop
  endfacet
  facet normal 0 0 1
    outer loop
      vertex 0.519348 -226.109 8.7
      vertex -1.46075 -232.969 8.7
      vertex 0.519348 -233.049 8.7
    endloop
  endfacet
  facet normal 0 0 1
    outer loop
      vertex -1.58427 -226.01 8.7
      vertex -1.46075 -232.969 8.7
      vertex 0.519348 -226.109 8.7
    endloop
  endfacet
  facet normal 0 0 1
    outer loop
      vertex -1.58427 -226.01 8.7
      vertex -3.34309 -232.728 8.7
      vertex -1.46075 -232.969 8.7
    endloop
  endfacet
  facet normal 0 0 1
    outer loop
      vertex -3.48688 -225.713 8.7
      vertex -3.34309 -232.728 8.7
      vertex -1.58427 -226.01 8.7
    endloop
  endfacet
  facet normal 0 0 1
    outer loop
      vertex -3.48688 -225.713 8.7
      vertex -5.12769 -232.327 8.7
      vertex -3.34309 -232.728 8.7
    endloop
  endfacet
  facet normal 0 0 1
    outer loop
      vertex -6.81453 -231.765 8.7
      vertex -3.48688 -225.713 8.7
      vertex -5.18845 -225.217 8.7
    endloop
  endfacet
  facet normal 0 0 1
    outer loop
      vertex -8.40359 -231.043 8.7
      vertex -5.18845 -225.217 8.7
      vertex -6.68896 -224.523 8.7
    endloop
  endfacet
  facet normal 0 0 1
    outer loop
      vertex -3.48688 -225.713 8.7
      vertex -6.81453 -231.765 8.7
      vertex -5.12769 -232.327 8.7
    endloop
  endfacet
  facet normal 0 0 1
    outer loop
      vertex -11.1942 -229.162 8.7
      vertex -6.68896 -224.523 8.7
      vertex -7.98846 -223.631 8.7
    endloop
  endfacet
  facet normal 0 0 1
    outer loop
      vertex -5.18845 -225.217 8.7
      vertex -8.40359 -231.043 8.7
      vertex -6.81453 -231.765 8.7
    endloop
  endfacet
  facet normal 0 0 1
    outer loop
      vertex -11.1942 -229.162 8.7
      vertex -7.98846 -223.631 8.7
      vertex -9.06754 -222.556 8.7
    endloop
  endfacet
  facet normal 0 0 1
    outer loop
      vertex -6.68896 -224.523 8.7
      vertex -9.87129 -230.171 8.7
      vertex -8.40359 -231.043 8.7
    endloop
  endfacet
  facet normal 0 0 1
    outer loop
      vertex -11.1942 -229.162 8.7
      vertex -9.06754 -222.556 8.7
      vertex -9.90683 -221.314 8.7
    endloop
  endfacet
  facet normal 0 0 1
    outer loop
      vertex -11.1942 -229.162 8.7
      vertex -9.90683 -221.314 8.7
      vertex -10.5063 -219.905 8.7
    endloop
  endfacet
  facet normal 0 0 1
    outer loop
      vertex -11.1942 -229.162 8.7
      vertex -10.5063 -219.905 8.7
      vertex -10.866 -218.329 8.7
    endloop
  endfacet
  facet normal 0 0 1
    outer loop
      vertex -6.68896 -224.523 8.7
      vertex -11.1942 -229.162 8.7
      vertex -9.87129 -230.171 8.7
    endloop
  endfacet
  facet normal 0 0 1
    outer loop
      vertex -11.1942 -229.162 8.7
      vertex -10.866 -218.329 8.7
      vertex -10.9859 -216.587 8.7
    endloop
  endfacet
  facet normal 0 0 1
    outer loop
      vertex 16.6126 -163.047 8.7
      vertex 10.8944 -168.811 8.7
      vertex 16.6126 -172.154 8.7
    endloop
  endfacet
  facet normal 0 0 1
    outer loop
      vertex 16.6126 -163.047 8.7
      vertex 8.89967 -168.911 8.7
      vertex 10.8944 -168.811 8.7
    endloop
  endfacet
  facet normal 0 0 1
    outer loop
      vertex 16.6126 -163.047 8.7
      vertex 7.19447 -168.988 8.7
      vertex 8.89967 -168.911 8.7
    endloop
  endfacet
  facet normal 0 0 1
    outer loop
      vertex 16.6126 -163.047 8.7
      vertex 5.77885 -169.044 8.7
      vertex 7.19447 -168.988 8.7
    endloop
  endfacet
  facet normal 0 0 1
    outer loop
      vertex 16.6126 -163.047 8.7
      vertex 4.6528 -169.077 8.7
      vertex 5.77885 -169.044 8.7
    endloop
  endfacet
  facet normal 0 0 1
    outer loop
      vertex 16.6126 -163.047 8.7
      vertex 3.81633 -169.088 8.7
      vertex 4.6528 -169.077 8.7
    endloop
  endfacet
  facet normal -0 0 1
    outer loop
      vertex -15.8737 -163.047 8.7
      vertex 3.81633 -169.088 8.7
      vertex 16.6126 -163.047 8.7
    endloop
  endfacet
  facet normal 0 0 1
    outer loop
      vertex 3.81633 -169.088 8.7
      vertex -15.8737 -163.047 8.7
      vertex -15.8737 -169.088 8.7
    endloop
  endfacet
  facet normal -0 0 1
    outer loop
      vertex 2.24858 -171.278 8.7
      vertex 16.6126 -172.154 8.7
      vertex 10.8944 -168.811 8.7
    endloop
  endfacet
  facet normal 0 0 1
    outer loop
      vertex 2.24858 -171.278 8.7
      vertex -1.55566 -177.965 8.7
      vertex 16.6126 -172.154 8.7
    endloop
  endfacet
  facet normal 0 0 1
    outer loop
      vertex 2.24858 -171.278 8.7
      vertex -3.30803 -178.472 8.7
      vertex -1.55566 -177.965 8.7
    endloop
  endfacet
  facet normal 0 0 1
    outer loop
      vertex 2.24858 -171.278 8.7
      vertex -7.6658 -179.579 8.7
      vertex -3.30803 -178.472 8.7
    endloop
  endfacet
  facet normal 0 -0 1
    outer loop
      vertex -7.6658 -179.579 8.7
      vertex 2.24858 -171.278 8.7
      vertex -15.8737 -177.135 8.7
    endloop
  endfacet
  facet normal 0 0 1
    outer loop
      vertex 16.6126 -187.003 8.7
      vertex 10.8944 -190.254 8.7
      vertex 16.6126 -196.064 8.7
    endloop
  endfacet
  facet normal 0 0 1
    outer loop
      vertex 16.6126 -187.003 8.7
      vertex 8.56398 -189.633 8.7
      vertex 10.8944 -190.254 8.7
    endloop
  endfacet
  facet normal 0 0 1
    outer loop
      vertex 16.6126 -187.003 8.7
      vertex 6.53418 -189.08 8.7
      vertex 8.56398 -189.633 8.7
    endloop
  endfacet
  facet normal 0 0 1
    outer loop
      vertex -2.45496 -181.031 8.7
      vertex 6.53418 -189.08 8.7
      vertex 16.6126 -187.003 8.7
    endloop
  endfacet
  facet normal 0 0 1
    outer loop
      vertex 6.53418 -189.08 8.7
      vertex -2.45496 -181.031 8.7
      vertex 4.80501 -188.596 8.7
    endloop
  endfacet
  facet normal 0 0 1
    outer loop
      vertex 4.80501 -188.596 8.7
      vertex -2.45496 -181.031 8.7
      vertex 3.37646 -188.18 8.7
    endloop
  endfacet
  facet normal 0 0 1
    outer loop
      vertex 3.37646 -188.18 8.7
      vertex -2.45496 -181.031 8.7
      vertex 2.24858 -187.833 8.7
    endloop
  endfacet
  facet normal 0 0 1
    outer loop
      vertex -7.6658 -179.579 8.7
      vertex 2.24858 -187.833 8.7
      vertex -2.45496 -181.031 8.7
    endloop
  endfacet
  facet normal 0 0 1
    outer loop
      vertex -15.8737 -181.976 8.7
      vertex -7.6658 -179.579 8.7
      vertex -15.8737 -177.135 8.7
    endloop
  endfacet
  facet normal 0 0 1
    outer loop
      vertex -7.6658 -179.579 8.7
      vertex -15.8737 -181.976 8.7
      vertex 2.24858 -187.833 8.7
    endloop
  endfacet
  facet normal 0 0 1
    outer loop
      vertex 9.04173 -190.178 8.7
      vertex 16.6126 -196.064 8.7
      vertex 10.8944 -190.254 8.7
    endloop
  endfacet
  facet normal 0 0 1
    outer loop
      vertex 7.54128 -190.119 8.7
      vertex 16.6126 -196.064 8.7
      vertex 9.04173 -190.178 8.7
    endloop
  endfacet
  facet normal 0 0 1
    outer loop
      vertex 6.3931 -190.075 8.7
      vertex 16.6126 -196.064 8.7
      vertex 7.54128 -190.119 8.7
    endloop
  endfacet
  facet normal 0 0 1
    outer loop
      vertex 5.59718 -190.047 8.7
      vertex 16.6126 -196.064 8.7
      vertex 6.3931 -190.075 8.7
    endloop
  endfacet
  facet normal 0 0 1
    outer loop
      vertex 5.15355 -190.035 8.7
      vertex 16.6126 -196.064 8.7
      vertex 5.59718 -190.047 8.7
    endloop
  endfacet
  facet normal 0 0 1
    outer loop
      vertex 4.88605 -190.03 8.7
      vertex 16.6126 -196.064 8.7
      vertex 5.15355 -190.035 8.7
    endloop
  endfacet
  facet normal 0 0 1
    outer loop
      vertex 4.61858 -190.027 8.7
      vertex 16.6126 -196.064 8.7
      vertex 4.88605 -190.03 8.7
    endloop
  endfacet
  facet normal 0 0 1
    outer loop
      vertex 4.35114 -190.025 8.7
      vertex 16.6126 -196.064 8.7
      vertex 4.61858 -190.027 8.7
    endloop
  endfacet
  facet normal 0 0 1
    outer loop
      vertex 4.08371 -190.024 8.7
      vertex 16.6126 -196.064 8.7
      vertex 4.35114 -190.025 8.7
    endloop
  endfacet
  facet normal 0 0 1
    outer loop
      vertex 3.81633 -190.023 8.7
      vertex 16.6126 -196.064 8.7
      vertex 4.08371 -190.024 8.7
    endloop
  endfacet
  facet normal 0 0 1
    outer loop
      vertex -15.8737 -196.064 8.7
      vertex 3.81633 -190.023 8.7
      vertex -15.8737 -190.023 8.7
    endloop
  endfacet
  facet normal 0 0 1
    outer loop
      vertex 3.81633 -190.023 8.7
      vertex -15.8737 -196.064 8.7
      vertex 16.6126 -196.064 8.7
    endloop
  endfacet
  facet normal -0.99174 -0.128266 5.7285e-18
    outer loop
      vertex -15.9309 -116.5 6.5
      vertex -16.2338 -114.158 8.7
      vertex -16.2338 -114.158 6.5
    endloop
  endfacet
  facet normal -0.99174 -0.128266 5.7285e-18
    outer loop
      vertex -16.2338 -114.158 8.7
      vertex -15.9309 -116.5 6.5
      vertex -15.9309 -116.5 8.7
    endloop
  endfacet
  facet normal -0.971702 -0.236212 -1.96437e-17
    outer loop
      vertex -15.426 -118.577 6.5
      vertex -15.9309 -116.5 8.7
      vertex -15.9309 -116.5 6.5
    endloop
  endfacet
  facet normal -0.971702 -0.236212 -1.96437e-17
    outer loop
      vertex -15.9309 -116.5 8.7
      vertex -15.426 -118.577 6.5
      vertex -15.426 -118.577 8.7
    endloop
  endfacet
  facet normal -0.931684 -0.363269 -1.53219e-17
    outer loop
      vertex -14.7191 -120.39 6.5
      vertex -15.426 -118.577 8.7
      vertex -15.426 -118.577 6.5
    endloop
  endfacet
  facet normal -0.931684 -0.363269 -1.53219e-17
    outer loop
      vertex -15.426 -118.577 8.7
      vertex -14.7191 -120.39 6.5
      vertex -14.7191 -120.39 8.7
    endloop
  endfacet
  facet normal -0.862369 -0.50628 2.08652e-18
    outer loop
      vertex -13.8103 -121.938 6.5
      vertex -14.7191 -120.39 8.7
      vertex -14.7191 -120.39 6.5
    endloop
  endfacet
  facet normal -0.862369 -0.50628 2.08652e-18
    outer loop
      vertex -14.7191 -120.39 8.7
      vertex -13.8103 -121.938 6.5
      vertex -13.8103 -121.938 8.7
    endloop
  endfacet
  facet normal -0.756933 -0.653493 -6.17814e-18
    outer loop
      vertex -12.7104 -123.212 6.5
      vertex -13.8103 -121.938 8.7
      vertex -13.8103 -121.938 6.5
    endloop
  endfacet
  facet normal -0.756933 -0.653493 -6.17814e-18
    outer loop
      vertex -13.8103 -121.938 8.7
      vertex -12.7104 -123.212 6.5
      vertex -12.7104 -123.212 8.7
    endloop
  endfacet
  facet normal -0.612305 -0.790621 0
    outer loop
      vertex -12.7104 -123.212 6.5
      vertex -11.4308 -124.203 8.7
      vertex -12.7104 -123.212 8.7
    endloop
  endfacet
  facet normal -0.612305 -0.790621 -0
    outer loop
      vertex -11.4308 -124.203 8.7
      vertex -12.7104 -123.212 6.5
      vertex -11.4308 -124.203 6.5
    endloop
  endfacet
  facet normal -0.43645 -0.899728 0
    outer loop
      vertex -11.4308 -124.203 6.5
      vertex -9.97128 -124.911 8.7
      vertex -11.4308 -124.203 8.7
    endloop
  endfacet
  facet normal -0.43645 -0.899728 -0
    outer loop
      vertex -9.97128 -124.911 8.7
      vertex -11.4308 -124.203 6.5
      vertex -9.97128 -124.911 6.5
    endloop
  endfacet
  facet normal -0.250962 -0.967997 0
    outer loop
      vertex -9.97128 -124.911 6.5
      vertex -8.33199 -125.336 8.7
      vertex -9.97128 -124.911 8.7
    endloop
  endfacet
  facet normal -0.250962 -0.967997 -0
    outer loop
      vertex -8.33199 -125.336 8.7
      vertex -9.97128 -124.911 6.5
      vertex -8.33199 -125.336 6.5
    endloop
  endfacet
  facet normal -0.0772778 -0.99701 0
    outer loop
      vertex -8.33199 -125.336 6.5
      vertex -6.51286 -125.477 8.7
      vertex -8.33199 -125.336 8.7
    endloop
  endfacet
  facet normal -0.0772778 -0.99701 -0
    outer loop
      vertex -6.51286 -125.477 8.7
      vertex -8.33199 -125.336 6.5
      vertex -6.51286 -125.477 6.5
    endloop
  endfacet
  facet normal 0.0315261 -0.999503 0
    outer loop
      vertex -6.51286 -125.477 6.5
      vertex -5.72026 -125.452 8.7
      vertex -6.51286 -125.477 8.7
    endloop
  endfacet
  facet normal 0.0315261 -0.999503 0
    outer loop
      vertex -5.72026 -125.452 8.7
      vertex -6.51286 -125.477 6.5
      vertex -5.72026 -125.452 6.5
    endloop
  endfacet
  facet normal 0.0975701 -0.995229 0
    outer loop
      vertex -5.72026 -125.452 6.5
      vertex -4.96545 -125.378 8.7
      vertex -5.72026 -125.452 8.7
    endloop
  endfacet
  facet normal 0.0975701 -0.995229 0
    outer loop
      vertex -4.96545 -125.378 8.7
      vertex -5.72026 -125.452 6.5
      vertex -4.96545 -125.378 6.5
    endloop
  endfacet
  facet normal 0.171749 -0.985141 0
    outer loop
      vertex -4.96545 -125.378 6.5
      vertex -4.24846 -125.253 8.7
      vertex -4.96545 -125.378 8.7
    endloop
  endfacet
  facet normal 0.171749 -0.985141 0
    outer loop
      vertex -4.24846 -125.253 8.7
      vertex -4.96545 -125.378 6.5
      vertex -4.24846 -125.253 6.5
    endloop
  endfacet
  facet normal 0.248173 -0.968716 0
    outer loop
      vertex -4.24846 -125.253 6.5
      vertex -3.56927 -125.079 8.7
      vertex -4.24846 -125.253 8.7
    endloop
  endfacet
  facet normal 0.248173 -0.968716 0
    outer loop
      vertex -3.56927 -125.079 8.7
      vertex -4.24846 -125.253 6.5
      vertex -3.56927 -125.079 6.5
    endloop
  endfacet
  facet normal 0.329722 -0.944078 0
    outer loop
      vertex -3.56927 -125.079 6.5
      vertex -2.9279 -124.855 8.7
      vertex -3.56927 -125.079 8.7
    endloop
  endfacet
  facet normal 0.329722 -0.944078 0
    outer loop
      vertex -2.9279 -124.855 8.7
      vertex -3.56927 -125.079 6.5
      vertex -2.9279 -124.855 6.5
    endloop
  endfacet
  facet normal 0.410012 -0.91208 0
    outer loop
      vertex -2.9279 -124.855 6.5
      vertex -2.32283 -124.583 8.7
      vertex -2.9279 -124.855 8.7
    endloop
  endfacet
  facet normal 0.410012 -0.91208 0
    outer loop
      vertex -2.32283 -124.583 8.7
      vertex -2.9279 -124.855 6.5
      vertex -2.32283 -124.583 6.5
    endloop
  endfacet
  facet normal 0.483673 -0.875249 0
    outer loop
      vertex -2.32283 -124.583 6.5
      vertex -1.75281 -124.268 8.7
      vertex -2.32283 -124.583 8.7
    endloop
  endfacet
  facet normal 0.483673 -0.875249 0
    outer loop
      vertex -1.75281 -124.268 8.7
      vertex -2.32283 -124.583 6.5
      vertex -1.75281 -124.268 6.5
    endloop
  endfacet
  facet normal 0.558302 -0.829637 0
    outer loop
      vertex -1.75281 -124.268 6.5
      vertex -1.21785 -123.908 8.7
      vertex -1.75281 -124.268 8.7
    endloop
  endfacet
  facet normal 0.558302 -0.829637 0
    outer loop
      vertex -1.21785 -123.908 8.7
      vertex -1.75281 -124.268 6.5
      vertex -1.21785 -123.908 6.5
    endloop
  endfacet
  facet normal 0.628563 -0.777758 0
    outer loop
      vertex -1.21785 -123.908 6.5
      vertex -0.717957 -123.504 8.7
      vertex -1.21785 -123.908 8.7
    endloop
  endfacet
  facet normal 0.628563 -0.777758 0
    outer loop
      vertex -0.717957 -123.504 8.7
      vertex -1.21785 -123.908 6.5
      vertex -0.717957 -123.504 6.5
    endloop
  endfacet
  facet normal 0.693953 -0.720021 0
    outer loop
      vertex -0.717957 -123.504 6.5
      vertex -0.253128 -123.056 8.7
      vertex -0.717957 -123.504 8.7
    endloop
  endfacet
  facet normal 0.693953 -0.720021 0
    outer loop
      vertex -0.253128 -123.056 8.7
      vertex -0.717957 -123.504 6.5
      vertex -0.253128 -123.056 6.5
    endloop
  endfacet
  facet normal 0.756121 -0.654432 -1.2994e-17
    outer loop
      vertex -0.253128 -123.056 8.7
      vertex 0.18309 -122.552 6.5
      vertex 0.18309 -122.552 8.7
    endloop
  endfacet
  facet normal 0.756121 -0.654432 -1.2994e-17
    outer loop
      vertex 0.18309 -122.552 6.5
      vertex -0.253128 -123.056 8.7
      vertex -0.253128 -123.056 6.5
    endloop
  endfacet
  facet normal 0.809531 -0.587077 1.56943e-17
    outer loop
      vertex 0.18309 -122.552 8.7
      vertex 0.597183 -121.981 6.5
      vertex 0.597183 -121.981 8.7
    endloop
  endfacet
  facet normal 0.809531 -0.587077 1.56943e-17
    outer loop
      vertex 0.597183 -121.981 6.5
      vertex 0.18309 -122.552 8.7
      vertex 0.18309 -122.552 6.5
    endloop
  endfacet
  facet normal 0.852418 -0.522861 -6.31118e-18
    outer loop
      vertex 0.597183 -121.981 8.7
      vertex 0.989136 -121.342 6.5
      vertex 0.989136 -121.342 8.7
    endloop
  endfacet
  facet normal 0.852418 -0.522861 -6.31118e-18
    outer loop
      vertex 0.989136 -121.342 6.5
      vertex 0.597183 -121.981 8.7
      vertex 0.597183 -121.981 6.5
    endloop
  endfacet
  facet normal 0.885829 -0.464011 -8.90421e-18
    outer loop
      vertex 0.989136 -121.342 8.7
      vertex 1.35895 -120.636 6.5
      vertex 1.35895 -120.636 8.7
    endloop
  endfacet
  facet normal 0.885829 -0.464011 -8.90421e-18
    outer loop
      vertex 1.35895 -120.636 6.5
      vertex 0.989136 -121.342 8.7
      vertex 0.989136 -121.342 6.5
    endloop
  endfacet
  facet normal 0.912001 -0.410188 1.21811e-17
    outer loop
      vertex 1.35895 -120.636 8.7
      vertex 1.70662 -119.863 6.5
      vertex 1.70662 -119.863 8.7
    endloop
  endfacet
  facet normal 0.912001 -0.410188 1.21811e-17
    outer loop
      vertex 1.70662 -119.863 6.5
      vertex 1.35895 -120.636 8.7
      vertex 1.35895 -120.636 6.5
    endloop
  endfacet
  facet normal 0.93638 -0.350989 7.4092e-18
    outer loop
      vertex 1.70662 -119.863 8.7
      vertex 2.04922 -118.949 6.5
      vertex 2.04922 -118.949 8.7
    endloop
  endfacet
  facet normal 0.93638 -0.350989 7.4092e-18
    outer loop
      vertex 2.04922 -118.949 6.5
      vertex 1.70662 -119.863 8.7
      vertex 1.70662 -119.863 6.5
    endloop
  endfacet
  facet normal 0.953823 -0.30037 6.06364e-18
    outer loop
      vertex 2.04922 -118.949 8.7
      vertex 2.40381 -117.823 6.5
      vertex 2.40381 -117.823 8.7
    endloop
  endfacet
  facet normal 0.953823 -0.30037 6.06364e-18
    outer loop
      vertex 2.40381 -117.823 6.5
      vertex 2.04922 -118.949 8.7
      vertex 2.04922 -118.949 6.5
    endloop
  endfacet
  facet normal 0.964556 -0.263878 5.87982e-18
    outer loop
      vertex 2.40381 -117.823 8.7
      vertex 2.7704 -116.483 6.5
      vertex 2.7704 -116.483 8.7
    endloop
  endfacet
  facet normal 0.964556 -0.263878 5.87982e-18
    outer loop
      vertex 2.7704 -116.483 6.5
      vertex 2.40381 -117.823 8.7
      vertex 2.40381 -117.823 6.5
    endloop
  endfacet
  facet normal 0.971513 -0.236988 -8.11335e-18
    outer loop
      vertex 2.7704 -116.483 8.7
      vertex 3.14899 -114.931 6.5
      vertex 3.14899 -114.931 8.7
    endloop
  endfacet
  facet normal 0.971513 -0.236988 -8.11335e-18
    outer loop
      vertex 3.14899 -114.931 6.5
      vertex 2.7704 -116.483 8.7
      vertex 2.7704 -116.483 6.5
    endloop
  endfacet
  facet normal 0.976405 -0.215948 1.17301e-17
    outer loop
      vertex 3.14899 -114.931 8.7
      vertex 3.53957 -113.165 6.5
      vertex 3.53957 -113.165 8.7
    endloop
  endfacet
  facet normal 0.976405 -0.215948 1.17301e-17
    outer loop
      vertex 3.53957 -113.165 6.5
      vertex 3.14899 -114.931 8.7
      vertex 3.14899 -114.931 6.5
    endloop
  endfacet
  facet normal 0.975793 -0.218694 1.51197e-18
    outer loop
      vertex 3.53957 -113.165 8.7
      vertex 3.86925 -111.694 6.5
      vertex 3.86925 -111.694 8.7
    endloop
  endfacet
  facet normal 0.975793 -0.218694 1.51197e-18
    outer loop
      vertex 3.86925 -111.694 6.5
      vertex 3.53957 -113.165 8.7
      vertex 3.53957 -113.165 6.5
    endloop
  endfacet
  facet normal 0.971601 -0.236626 -2.41504e-18
    outer loop
      vertex 3.86925 -111.694 8.7
      vertex 4.17587 -110.435 6.5
      vertex 4.17587 -110.435 8.7
    endloop
  endfacet
  facet normal 0.971601 -0.236626 -2.41504e-18
    outer loop
      vertex 4.17587 -110.435 6.5
      vertex 3.86925 -111.694 8.7
      vertex 3.86925 -111.694 6.5
    endloop
  endfacet
  facet normal 0.965225 -0.261422 2.87362e-18
    outer loop
      vertex 4.17587 -110.435 8.7
      vertex 4.45944 -109.388 6.5
      vertex 4.45944 -109.388 8.7
    endloop
  endfacet
  facet normal 0.965225 -0.261422 2.87362e-18
    outer loop
      vertex 4.45944 -109.388 6.5
      vertex 4.17587 -110.435 8.7
      vertex 4.17587 -110.435 6.5
    endloop
  endfacet
  facet normal 0.954521 -0.298145 5.36539e-18
    outer loop
      vertex 4.45944 -109.388 8.7
      vertex 4.71994 -108.554 6.5
      vertex 4.71994 -108.554 8.7
    endloop
  endfacet
  facet normal 0.954521 -0.298145 5.36539e-18
    outer loop
      vertex 4.71994 -108.554 6.5
      vertex 4.45944 -109.388 8.7
      vertex 4.45944 -109.388 6.5
    endloop
  endfacet
  facet normal 0.934439 -0.356122 6.48631e-18
    outer loop
      vertex 4.71994 -108.554 8.7
      vertex 4.95737 -107.931 6.5
      vertex 4.95737 -107.931 8.7
    endloop
  endfacet
  facet normal 0.934439 -0.356122 6.48631e-18
    outer loop
      vertex 4.95737 -107.931 6.5
      vertex 4.71994 -108.554 8.7
      vertex 4.71994 -108.554 6.5
    endloop
  endfacet
  facet normal 0.901509 -0.432761 5.59875e-19
    outer loop
      vertex 4.95737 -107.931 8.7
      vertex 5.19307 -107.44 6.5
      vertex 5.19307 -107.44 8.7
    endloop
  endfacet
  facet normal 0.901509 -0.432761 5.59875e-19
    outer loop
      vertex 5.19307 -107.44 6.5
      vertex 4.95737 -107.931 8.7
      vertex 4.95737 -107.931 6.5
    endloop
  endfacet
  facet normal 0.865176 -0.501468 -2.67696e-18
    outer loop
      vertex 5.19307 -107.44 8.7
      vertex 5.4481 -107 6.5
      vertex 5.4481 -107 8.7
    endloop
  endfacet
  facet normal 0.865176 -0.501468 -2.67696e-18
    outer loop
      vertex 5.4481 -107 6.5
      vertex 5.19307 -107.44 8.7
      vertex 5.19307 -107.44 6.5
    endloop
  endfacet
  facet normal 0.81786 -0.575417 -4.74755e-18
    outer loop
      vertex 5.4481 -107 8.7
      vertex 5.72249 -106.61 6.5
      vertex 5.72249 -106.61 8.7
    endloop
  endfacet
  facet normal 0.81786 -0.575417 -4.74755e-18
    outer loop
      vertex 5.72249 -106.61 6.5
      vertex 5.4481 -107 8.7
      vertex 5.4481 -107 6.5
    endloop
  endfacet
  facet normal 0.755788 -0.654816 3.72192e-18
    outer loop
      vertex 5.72249 -106.61 8.7
      vertex 6.0162 -106.271 6.5
      vertex 6.0162 -106.271 8.7
    endloop
  endfacet
  facet normal 0.755788 -0.654816 3.72192e-18
    outer loop
      vertex 6.0162 -106.271 6.5
      vertex 5.72249 -106.61 8.7
      vertex 5.72249 -106.61 6.5
    endloop
  endfacet
  facet normal 0.677025 -0.73596 0
    outer loop
      vertex 6.0162 -106.271 6.5
      vertex 6.32927 -105.983 8.7
      vertex 6.0162 -106.271 8.7
    endloop
  endfacet
  facet normal 0.677025 -0.73596 0
    outer loop
      vertex 6.32927 -105.983 8.7
      vertex 6.0162 -106.271 6.5
      vertex 6.32927 -105.983 6.5
    endloop
  endfacet
  facet normal 0.570385 -0.821378 0
    outer loop
      vertex 6.32927 -105.983 6.5
      vertex 6.67056 -105.746 8.7
      vertex 6.32927 -105.983 8.7
    endloop
  endfacet
  facet normal 0.570385 -0.821378 0
    outer loop
      vertex 6.67056 -105.746 8.7
      vertex 6.32927 -105.983 6.5
      vertex 6.67056 -105.746 6.5
    endloop
  endfacet
  facet normal 0.43557 -0.900155 0
    outer loop
      vertex 6.67056 -105.746 6.5
      vertex 7.04875 -105.563 8.7
      vertex 6.67056 -105.746 8.7
    endloop
  endfacet
  facet normal 0.43557 -0.900155 0
    outer loop
      vertex 7.04875 -105.563 8.7
      vertex 6.67056 -105.746 6.5
      vertex 7.04875 -105.563 6.5
    endloop
  endfacet
  facet normal 0.303062 -0.952971 0
    outer loop
      vertex 7.04875 -105.563 6.5
      vertex 7.46382 -105.431 8.7
      vertex 7.04875 -105.563 8.7
    endloop
  endfacet
  facet normal 0.303062 -0.952971 0
    outer loop
      vertex 7.46382 -105.431 8.7
      vertex 7.04875 -105.563 6.5
      vertex 7.46382 -105.431 6.5
    endloop
  endfacet
  facet normal 0.17218 -0.985066 0
    outer loop
      vertex 7.46382 -105.431 6.5
      vertex 7.91579 -105.352 8.7
      vertex 7.46382 -105.431 8.7
    endloop
  endfacet
  facet normal 0.17218 -0.985066 0
    outer loop
      vertex 7.91579 -105.352 8.7
      vertex 7.46382 -105.431 6.5
      vertex 7.91579 -105.352 6.5
    endloop
  endfacet
  facet normal 0.0531131 -0.998589 0
    outer loop
      vertex 7.91579 -105.352 6.5
      vertex 8.40462 -105.326 8.7
      vertex 7.91579 -105.352 8.7
    endloop
  endfacet
  facet normal 0.0531131 -0.998589 0
    outer loop
      vertex 8.40462 -105.326 8.7
      vertex 7.91579 -105.352 6.5
      vertex 8.40462 -105.326 6.5
    endloop
  endfacet
  facet normal -0.174424 -0.984671 0
    outer loop
      vertex 8.40462 -105.326 6.5
      vertex 9.799 -105.573 8.7
      vertex 8.40462 -105.326 8.7
    endloop
  endfacet
  facet normal -0.174424 -0.984671 -0
    outer loop
      vertex 9.799 -105.573 8.7
      vertex 8.40462 -105.326 6.5
      vertex 9.799 -105.573 6.5
    endloop
  endfacet
  facet normal -0.56467 -0.825317 0
    outer loop
      vertex 9.799 -105.573 6.5
      vertex 10.8835 -106.315 8.7
      vertex 9.799 -105.573 8.7
    endloop
  endfacet
  facet normal -0.56467 -0.825317 -0
    outer loop
      vertex 10.8835 -106.315 8.7
      vertex 9.799 -105.573 6.5
      vertex 10.8835 -106.315 6.5
    endloop
  endfacet
  facet normal -0.84732 -0.531083 1.27198e-17
    outer loop
      vertex 11.6582 -107.551 6.5
      vertex 10.8835 -106.315 8.7
      vertex 10.8835 -106.315 6.5
    endloop
  endfacet
  facet normal -0.84732 -0.531083 1.27198e-17
    outer loop
      vertex 10.8835 -106.315 8.7
      vertex 11.6582 -107.551 6.5
      vertex 11.6582 -107.551 8.7
    endloop
  endfacet
  facet normal -0.965751 -0.259469 -9.62886e-18
    outer loop
      vertex 12.123 -109.281 6.5
      vertex 11.6582 -107.551 8.7
      vertex 11.6582 -107.551 6.5
    endloop
  endfacet
  facet normal -0.965751 -0.259469 -9.62886e-18
    outer loop
      vertex 11.6582 -107.551 8.7
      vertex 12.123 -109.281 6.5
      vertex 12.123 -109.281 8.7
    endloop
  endfacet
  facet normal -0.997583 -0.069481 4.86875e-18
    outer loop
      vertex 12.2779 -111.505 6.5
      vertex 12.123 -109.281 8.7
      vertex 12.123 -109.281 6.5
    endloop
  endfacet
  facet normal -0.997583 -0.069481 4.86875e-18
    outer loop
      vertex 12.123 -109.281 8.7
      vertex 12.2779 -111.505 6.5
      vertex 12.2779 -111.505 8.7
    endloop
  endfacet
  facet normal -0.999269 0.0382392 -1.36671e-18
    outer loop
      vertex 12.2355 -112.613 6.5
      vertex 12.2779 -111.505 8.7
      vertex 12.2779 -111.505 6.5
    endloop
  endfacet
  facet normal -0.999269 0.0382392 -1.36671e-18
    outer loop
      vertex 12.2779 -111.505 8.7
      vertex 12.2355 -112.613 6.5
      vertex 12.2355 -112.613 8.7
    endloop
  endfacet
  facet normal -0.991995 0.126281 0
    outer loop
      vertex 12.1082 -113.613 6.5
      vertex 12.2355 -112.613 8.7
      vertex 12.2355 -112.613 6.5
    endloop
  endfacet
  facet normal -0.991995 0.126281 0
    outer loop
      vertex 12.2355 -112.613 8.7
      vertex 12.1082 -113.613 6.5
      vertex 12.1082 -113.613 8.7
    endloop
  endfacet
  facet normal -0.972909 0.231188 6.61081e-18
    outer loop
      vertex 11.896 -114.506 6.5
      vertex 12.1082 -113.613 8.7
      vertex 12.1082 -113.613 6.5
    endloop
  endfacet
  facet normal -0.972909 0.231188 6.61081e-18
    outer loop
      vertex 12.1082 -113.613 8.7
      vertex 11.896 -114.506 6.5
      vertex 11.896 -114.506 8.7
    endloop
  endfacet
  facet normal -0.935147 0.354259 -5.3419e-18
    outer loop
      vertex 11.599 -115.29 6.5
      vertex 11.896 -114.506 8.7
      vertex 11.896 -114.506 6.5
    endloop
  endfacet
  facet normal -0.935147 0.354259 -5.3419e-18
    outer loop
      vertex 11.896 -114.506 8.7
      vertex 11.599 -115.29 6.5
      vertex 11.599 -115.29 8.7
    endloop
  endfacet
  facet normal -0.870666 0.491875 -3.17368e-18
    outer loop
      vertex 11.2171 -115.966 6.5
      vertex 11.599 -115.29 8.7
      vertex 11.599 -115.29 6.5
    endloop
  endfacet
  facet normal -0.870666 0.491875 -3.17368e-18
    outer loop
      vertex 11.599 -115.29 8.7
      vertex 11.2171 -115.966 6.5
      vertex 11.2171 -115.966 8.7
    endloop
  endfacet
  facet normal -0.780279 0.625432 -1.05565e-17
    outer loop
      vertex 10.7514 -116.547 6.5
      vertex 11.2171 -115.966 8.7
      vertex 11.2171 -115.966 6.5
    endloop
  endfacet
  facet normal -0.780279 0.625432 -1.05565e-17
    outer loop
      vertex 11.2171 -115.966 8.7
      vertex 10.7514 -116.547 6.5
      vertex 10.7514 -116.547 8.7
    endloop
  endfacet
  facet normal -0.671327 0.741161 0
    outer loop
      vertex 10.7514 -116.547 6.5
      vertex 10.2027 -117.044 8.7
      vertex 10.7514 -116.547 8.7
    endloop
  endfacet
  facet normal -0.671327 0.741161 0
    outer loop
      vertex 10.2027 -117.044 8.7
      vertex 10.7514 -116.547 6.5
      vertex 10.2027 -117.044 6.5
    endloop
  endfacet
  facet normal -0.546276 0.837605 0
    outer loop
      vertex 10.2027 -117.044 6.5
      vertex 9.57098 -117.456 8.7
      vertex 10.2027 -117.044 8.7
    endloop
  endfacet
  facet normal -0.546276 0.837605 0
    outer loop
      vertex 9.57098 -117.456 8.7
      vertex 10.2027 -117.044 6.5
      vertex 9.57098 -117.456 6.5
    endloop
  endfacet
  facet normal -0.418141 0.908382 0
    outer loop
      vertex 9.57098 -117.456 6.5
      vertex 8.85625 -117.785 8.7
      vertex 9.57098 -117.456 8.7
    endloop
  endfacet
  facet normal -0.418141 0.908382 0
    outer loop
      vertex 8.85625 -117.785 8.7
      vertex 9.57098 -117.456 6.5
      vertex 8.85625 -117.785 6.5
    endloop
  endfacet
  facet normal -0.293581 0.955934 0
    outer loop
      vertex 8.85625 -117.785 6.5
      vertex 8.0585 -118.03 8.7
      vertex 8.85625 -117.785 8.7
    endloop
  endfacet
  facet normal -0.293581 0.955934 0
    outer loop
      vertex 8.0585 -118.03 8.7
      vertex 8.85625 -117.785 6.5
      vertex 8.0585 -118.03 6.5
    endloop
  endfacet
  facet normal -0.990828 -0.135132 1.05746e-17
    outer loop
      vertex 8.95781 -124.624 6.5
      vertex 8.0585 -118.03 8.7
      vertex 8.0585 -118.03 6.5
    endloop
  endfacet
  facet normal -0.990828 -0.135132 1.05746e-17
    outer loop
      vertex 8.0585 -118.03 8.7
      vertex 8.95781 -124.624 6.5
      vertex 8.95781 -124.624 8.7
    endloop
  endfacet
  facet normal 0.256837 -0.966455 0
    outer loop
      vertex 8.95781 -124.624 6.5
      vertex 10.6022 -124.187 8.7
      vertex 8.95781 -124.624 8.7
    endloop
  endfacet
  facet normal 0.256837 -0.966455 0
    outer loop
      vertex 10.6022 -124.187 8.7
      vertex 8.95781 -124.624 6.5
      vertex 10.6022 -124.187 6.5
    endloop
  endfacet
  facet normal 0.387915 -0.921695 0
    outer loop
      vertex 10.6022 -124.187 6.5
      vertex 12.0492 -123.578 8.7
      vertex 10.6022 -124.187 8.7
    endloop
  endfacet
  facet normal 0.387915 -0.921695 0
    outer loop
      vertex 12.0492 -123.578 8.7
      vertex 10.6022 -124.187 6.5
      vertex 12.0492 -123.578 6.5
    endloop
  endfacet
  facet normal 0.529968 -0.848017 0
    outer loop
      vertex 12.0492 -123.578 6.5
      vertex 13.2989 -122.797 8.7
      vertex 12.0492 -123.578 8.7
    endloop
  endfacet
  facet normal 0.529968 -0.848017 0
    outer loop
      vertex 13.2989 -122.797 8.7
      vertex 12.0492 -123.578 6.5
      vertex 13.2989 -122.797 6.5
    endloop
  endfacet
  facet normal 0.672077 -0.740481 0
    outer loop
      vertex 13.2989 -122.797 6.5
      vertex 14.3511 -121.842 8.7
      vertex 13.2989 -122.797 8.7
    endloop
  endfacet
  facet normal 0.672077 -0.740481 0
    outer loop
      vertex 14.3511 -121.842 8.7
      vertex 13.2989 -122.797 6.5
      vertex 14.3511 -121.842 6.5
    endloop
  endfacet
  facet normal 0.796455 -0.604698 6.01312e-18
    outer loop
      vertex 14.3511 -121.842 8.7
      vertex 15.206 -120.716 6.5
      vertex 15.206 -120.716 8.7
    endloop
  endfacet
  facet normal 0.796455 -0.604698 6.01312e-18
    outer loop
      vertex 15.206 -120.716 6.5
      vertex 14.3511 -121.842 8.7
      vertex 14.3511 -121.842 6.5
    endloop
  endfacet
  facet normal 0.890627 -0.454734 -9.87813e-20
    outer loop
      vertex 15.206 -120.716 8.7
      vertex 15.8866 -119.383 6.5
      vertex 15.8866 -119.383 8.7
    endloop
  endfacet
  facet normal 0.890627 -0.454734 -9.87813e-20
    outer loop
      vertex 15.8866 -119.383 6.5
      vertex 15.206 -120.716 8.7
      vertex 15.206 -120.716 6.5
    endloop
  endfacet
  facet normal 0.947807 -0.318846 -1.28348e-17
    outer loop
      vertex 15.8866 -119.383 8.7
      vertex 16.4161 -117.809 6.5
      vertex 16.4161 -117.809 8.7
    endloop
  endfacet
  facet normal 0.947807 -0.318846 -1.28348e-17
    outer loop
      vertex 16.4161 -117.809 6.5
      vertex 15.8866 -119.383 8.7
      vertex 15.8866 -119.383 6.5
    endloop
  endfacet
  facet normal 0.978983 -0.203941 -4.79803e-18
    outer loop
      vertex 16.4161 -117.809 8.7
      vertex 16.7942 -115.994 6.5
      vertex 16.7942 -115.994 8.7
    endloop
  endfacet
  facet normal 0.978983 -0.203941 -4.79803e-18
    outer loop
      vertex 16.7942 -115.994 6.5
      vertex 16.4161 -117.809 8.7
      vertex 16.4161 -117.809 6.5
    endloop
  endfacet
  facet normal 0.99396 -0.109747 1.93672e-18
    outer loop
      vertex 16.7942 -115.994 8.7
      vertex 17.0211 -113.939 6.5
      vertex 17.0211 -113.939 8.7
    endloop
  endfacet
  facet normal 0.99396 -0.109747 1.93672e-18
    outer loop
      vertex 17.0211 -113.939 6.5
      vertex 16.7942 -115.994 8.7
      vertex 16.7942 -115.994 6.5
    endloop
  endfacet
  facet normal 0.999458 -0.032909 2.50728e-18
    outer loop
      vertex 17.0211 -113.939 8.7
      vertex 17.0967 -111.643 6.5
      vertex 17.0967 -111.643 8.7
    endloop
  endfacet
  facet normal 0.999458 -0.032909 2.50728e-18
    outer loop
      vertex 17.0967 -111.643 6.5
      vertex 17.0211 -113.939 8.7
      vertex 17.0211 -113.939 6.5
    endloop
  endfacet
  facet normal 0.999244 0.0388733 1.00546e-18
    outer loop
      vertex 17.0967 -111.643 8.7
      vertex 17.0031 -109.237 6.5
      vertex 17.0031 -109.237 8.7
    endloop
  endfacet
  facet normal 0.999244 0.0388733 1.00546e-18
    outer loop
      vertex 17.0031 -109.237 6.5
      vertex 17.0967 -111.643 8.7
      vertex 17.0967 -111.643 6.5
    endloop
  endfacet
  facet normal 0.991701 0.128564 -5.24606e-18
    outer loop
      vertex 17.0031 -109.237 8.7
      vertex 16.7223 -107.071 6.5
      vertex 16.7223 -107.071 8.7
    endloop
  endfacet
  facet normal 0.991701 0.128564 -5.24606e-18
    outer loop
      vertex 16.7223 -107.071 6.5
      vertex 17.0031 -109.237 8.7
      vertex 17.0031 -109.237 6.5
    endloop
  endfacet
  facet normal 0.971684 0.236283 -4.6767e-18
    outer loop
      vertex 16.7223 -107.071 8.7
      vertex 16.2542 -105.146 6.5
      vertex 16.2542 -105.146 8.7
    endloop
  endfacet
  facet normal 0.971684 0.236283 -4.6767e-18
    outer loop
      vertex 16.2542 -105.146 6.5
      vertex 16.7223 -107.071 8.7
      vertex 16.7223 -107.071 6.5
    endloop
  endfacet
  facet normal 0.932019 0.362409 -9.54071e-18
    outer loop
      vertex 16.2542 -105.146 8.7
      vertex 15.599 -103.461 6.5
      vertex 15.599 -103.461 8.7
    endloop
  endfacet
  facet normal 0.932019 0.362409 -9.54071e-18
    outer loop
      vertex 15.599 -103.461 6.5
      vertex 16.2542 -105.146 8.7
      vertex 16.2542 -105.146 6.5
    endloop
  endfacet
  facet normal 0.863583 0.504206 1.95837e-17
    outer loop
      vertex 15.599 -103.461 8.7
      vertex 14.7565 -102.018 6.5
      vertex 14.7565 -102.018 8.7
    endloop
  endfacet
  facet normal 0.863583 0.504206 1.95837e-17
    outer loop
      vertex 14.7565 -102.018 6.5
      vertex 15.599 -103.461 8.7
      vertex 15.599 -103.461 6.5
    endloop
  endfacet
  facet normal 0.760237 0.649646 2.67165e-18
    outer loop
      vertex 14.7565 -102.018 8.7
      vertex 13.7379 -100.826 6.5
      vertex 13.7379 -100.826 8.7
    endloop
  endfacet
  facet normal 0.760237 0.649646 2.67165e-18
    outer loop
      vertex 13.7379 -100.826 6.5
      vertex 14.7565 -102.018 8.7
      vertex 14.7565 -102.018 6.5
    endloop
  endfacet
  facet normal 0.616154 0.787626 -0
    outer loop
      vertex 13.7379 -100.826 6.5
      vertex 12.5542 -99.9 8.7
      vertex 13.7379 -100.826 8.7
    endloop
  endfacet
  facet normal 0.616154 0.787626 0
    outer loop
      vertex 12.5542 -99.9 8.7
      vertex 13.7379 -100.826 6.5
      vertex 12.5542 -99.9 6.5
    endloop
  endfacet
  facet normal 0.440438 0.897783 -0
    outer loop
      vertex 12.5542 -99.9 6.5
      vertex 11.2054 -99.2383 8.7
      vertex 12.5542 -99.9 8.7
    endloop
  endfacet
  facet normal 0.440438 0.897783 0
    outer loop
      vertex 11.2054 -99.2383 8.7
      vertex 12.5542 -99.9 6.5
      vertex 11.2054 -99.2383 6.5
    endloop
  endfacet
  facet normal 0.253666 0.967292 -0
    outer loop
      vertex 11.2054 -99.2383 6.5
      vertex 9.69154 -98.8413 8.7
      vertex 11.2054 -99.2383 8.7
    endloop
  endfacet
  facet normal 0.253666 0.967292 0
    outer loop
      vertex 9.69154 -98.8413 8.7
      vertex 11.2054 -99.2383 6.5
      vertex 9.69154 -98.8413 6.5
    endloop
  endfacet
  facet normal 0.0785562 0.99691 -0
    outer loop
      vertex 9.69154 -98.8413 6.5
      vertex 8.0126 -98.709 8.7
      vertex 9.69154 -98.8413 8.7
    endloop
  endfacet
  facet normal 0.0785562 0.99691 0
    outer loop
      vertex 8.0126 -98.709 8.7
      vertex 9.69154 -98.8413 6.5
      vertex 8.0126 -98.709 6.5
    endloop
  endfacet
  facet normal -0.0264696 0.99965 0
    outer loop
      vertex 8.0126 -98.709 6.5
      vertex 7.33659 -98.7269 8.7
      vertex 8.0126 -98.709 8.7
    endloop
  endfacet
  facet normal -0.0264696 0.99965 0
    outer loop
      vertex 7.33659 -98.7269 8.7
      vertex 8.0126 -98.709 6.5
      vertex 7.33659 -98.7269 6.5
    endloop
  endfacet
  facet normal -0.083474 0.99651 0
    outer loop
      vertex 7.33659 -98.7269 6.5
      vertex 6.69194 -98.7809 8.7
      vertex 7.33659 -98.7269 8.7
    endloop
  endfacet
  facet normal -0.083474 0.99651 0
    outer loop
      vertex 6.69194 -98.7809 8.7
      vertex 7.33659 -98.7269 6.5
      vertex 6.69194 -98.7809 6.5
    endloop
  endfacet
  facet normal -0.145034 0.989427 0
    outer loop
      vertex 6.69194 -98.7809 6.5
      vertex 6.07864 -98.8708 8.7
      vertex 6.69194 -98.7809 8.7
    endloop
  endfacet
  facet normal -0.145034 0.989427 0
    outer loop
      vertex 6.07864 -98.8708 8.7
      vertex 6.69194 -98.7809 6.5
      vertex 6.07864 -98.8708 6.5
    endloop
  endfacet
  facet normal -0.211293 0.977423 0
    outer loop
      vertex 6.07864 -98.8708 6.5
      vertex 5.4967 -98.9966 8.7
      vertex 6.07864 -98.8708 8.7
    endloop
  endfacet
  facet normal -0.211293 0.977423 0
    outer loop
      vertex 5.4967 -98.9966 8.7
      vertex 6.07864 -98.8708 6.5
      vertex 5.4967 -98.9966 6.5
    endloop
  endfacet
  facet normal -0.281959 0.959427 0
    outer loop
      vertex 5.4967 -98.9966 6.5
      vertex 4.94614 -99.1584 8.7
      vertex 5.4967 -98.9966 8.7
    endloop
  endfacet
  facet normal -0.281959 0.959427 0
    outer loop
      vertex 4.94614 -99.1584 8.7
      vertex 5.4967 -98.9966 6.5
      vertex 4.94614 -99.1584 6.5
    endloop
  endfacet
  facet normal -0.349077 0.937094 0
    outer loop
      vertex 4.94614 -99.1584 6.5
      vertex 4.42508 -99.3525 8.7
      vertex 4.94614 -99.1584 8.7
    endloop
  endfacet
  facet normal -0.349077 0.937094 0
    outer loop
      vertex 4.42508 -99.3525 8.7
      vertex 4.94614 -99.1584 6.5
      vertex 4.42508 -99.3525 6.5
    endloop
  endfacet
  facet normal -0.411401 0.911455 0
    outer loop
      vertex 4.42508 -99.3525 6.5
      vertex 3.93169 -99.5752 8.7
      vertex 4.42508 -99.3525 8.7
    endloop
  endfacet
  facet normal -0.411401 0.911455 0
    outer loop
      vertex 3.93169 -99.5752 8.7
      vertex 4.42508 -99.3525 6.5
      vertex 3.93169 -99.5752 6.5
    endloop
  endfacet
  facet normal -0.474718 0.880138 0
    outer loop
      vertex 3.93169 -99.5752 6.5
      vertex 3.46596 -99.8264 8.7
      vertex 3.93169 -99.5752 8.7
    endloop
  endfacet
  facet normal -0.474718 0.880138 0
    outer loop
      vertex 3.46596 -99.8264 8.7
      vertex 3.93169 -99.5752 6.5
      vertex 3.46596 -99.8264 6.5
    endloop
  endfacet
  facet normal -0.538009 0.842939 0
    outer loop
      vertex 3.46596 -99.8264 6.5
      vertex 3.02789 -100.106 8.7
      vertex 3.46596 -99.8264 8.7
    endloop
  endfacet
  facet normal -0.538009 0.842939 0
    outer loop
      vertex 3.02789 -100.106 8.7
      vertex 3.46596 -99.8264 6.5
      vertex 3.02789 -100.106 6.5
    endloop
  endfacet
  facet normal -0.601485 0.798884 0
    outer loop
      vertex 3.02789 -100.106 6.5
      vertex 2.61748 -100.415 8.7
      vertex 3.02789 -100.106 8.7
    endloop
  endfacet
  facet normal -0.601485 0.798884 0
    outer loop
      vertex 2.61748 -100.415 8.7
      vertex 3.02789 -100.106 6.5
      vertex 2.61748 -100.415 6.5
    endloop
  endfacet
  facet normal -0.657476 0.753475 0
    outer loop
      vertex 2.61748 -100.415 6.5
      vertex 2.23242 -100.751 8.7
      vertex 2.61748 -100.415 8.7
    endloop
  endfacet
  facet normal -0.657476 0.753475 0
    outer loop
      vertex 2.23242 -100.751 8.7
      vertex 2.61748 -100.415 6.5
      vertex 2.23242 -100.751 6.5
    endloop
  endfacet
  facet normal -0.710009 0.704193 4.06226e-18
    outer loop
      vertex 1.87041 -101.116 6.5
      vertex 2.23242 -100.751 8.7
      vertex 2.23242 -100.751 6.5
    endloop
  endfacet
  facet normal -0.710009 0.704193 4.06226e-18
    outer loop
      vertex 2.23242 -100.751 8.7
      vertex 1.87041 -101.116 6.5
      vertex 1.87041 -101.116 8.7
    endloop
  endfacet
  facet normal -0.756408 0.6541 4.49324e-18
    outer loop
      vertex 1.53143 -101.508 6.5
      vertex 1.87041 -101.116 8.7
      vertex 1.87041 -101.116 6.5
    endloop
  endfacet
  facet normal -0.756408 0.6541 4.49324e-18
    outer loop
      vertex 1.87041 -101.116 8.7
      vertex 1.53143 -101.508 6.5
      vertex 1.53143 -101.508 8.7
    endloop
  endfacet
  facet normal -0.798442 0.602071 -9.44981e-18
    outer loop
      vertex 1.21548 -101.927 6.5
      vertex 1.53143 -101.508 8.7
      vertex 1.53143 -101.508 6.5
    endloop
  endfacet
  facet normal -0.798442 0.602071 -9.44981e-18
    outer loop
      vertex 1.53143 -101.508 8.7
      vertex 1.21548 -101.927 6.5
      vertex 1.21548 -101.927 8.7
    endloop
  endfacet
  facet normal -0.836426 0.54808 -6.45514e-19
    outer loop
      vertex 0.922577 -102.374 6.5
      vertex 1.21548 -101.927 8.7
      vertex 1.21548 -101.927 6.5
    endloop
  endfacet
  facet normal -0.836426 0.54808 -6.45514e-19
    outer loop
      vertex 1.21548 -101.927 8.7
      vertex 0.922577 -102.374 6.5
      vertex 0.922577 -102.374 8.7
    endloop
  endfacet
  facet normal -0.865408 0.501068 9.96345e-18
    outer loop
      vertex 0.648712 -102.847 6.5
      vertex 0.922577 -102.374 8.7
      vertex 0.922577 -102.374 6.5
    endloop
  endfacet
  facet normal -0.865408 0.501068 9.96345e-18
    outer loop
      vertex 0.922577 -102.374 8.7
      vertex 0.648712 -102.847 6.5
      vertex 0.648712 -102.847 8.7
    endloop
  endfacet
  facet normal -0.885553 0.464539 1.23681e-18
    outer loop
      vertex 0.389572 -103.341 6.5
      vertex 0.648712 -102.847 8.7
      vertex 0.648712 -102.847 6.5
    endloop
  endfacet
  facet normal -0.885553 0.464539 1.23681e-18
    outer loop
      vertex 0.648712 -102.847 8.7
      vertex 0.389572 -103.341 6.5
      vertex 0.389572 -103.341 8.7
    endloop
  endfacet
  facet normal -0.904072 0.42738 -1.66971e-18
    outer loop
      vertex 0.145172 -103.858 6.5
      vertex 0.389572 -103.341 8.7
      vertex 0.389572 -103.341 6.5
    endloop
  endfacet
  facet normal -0.904072 0.42738 -1.66971e-18
    outer loop
      vertex 0.389572 -103.341 8.7
      vertex 0.145172 -103.858 6.5
      vertex 0.145172 -103.858 8.7
    endloop
  endfacet
  facet normal -0.919727 0.392558 -8.29852e-18
    outer loop
      vertex -0.0844574 -104.396 6.5
      vertex 0.145172 -103.858 8.7
      vertex 0.145172 -103.858 6.5
    endloop
  endfacet
  facet normal -0.919727 0.392558 -8.29852e-18
    outer loop
      vertex 0.145172 -103.858 8.7
      vertex -0.0844574 -104.396 6.5
      vertex -0.0844574 -104.396 8.7
    endloop
  endfacet
  facet normal -0.933827 0.357725 -2.28668e-18
    outer loop
      vertex -0.299362 -104.957 6.5
      vertex -0.0844574 -104.396 8.7
      vertex -0.0844574 -104.396 6.5
    endloop
  endfacet
  facet normal -0.933827 0.357725 -2.28668e-18
    outer loop
      vertex -0.0844574 -104.396 8.7
      vertex -0.299362 -104.957 6.5
      vertex -0.299362 -104.957 8.7
    endloop
  endfacet
  facet normal -0.948347 0.317236 -2.71743e-18
    outer loop
      vertex -0.520142 -105.617 6.5
      vertex -0.299362 -104.957 8.7
      vertex -0.299362 -104.957 6.5
    endloop
  endfacet
  facet normal -0.948347 0.317236 -2.71743e-18
    outer loop
      vertex -0.299362 -104.957 8.7
      vertex -0.520142 -105.617 6.5
      vertex -0.520142 -105.617 8.7
    endloop
  endfacet
  facet normal -0.959033 0.283296 -1.37474e-18
    outer loop
      vertex -0.767685 -106.455 6.5
      vertex -0.520142 -105.617 8.7
      vertex -0.520142 -105.617 6.5
    endloop
  endfacet
  facet normal -0.959033 0.283296 -1.37474e-18
    outer loop
      vertex -0.520142 -105.617 8.7
      vertex -0.767685 -106.455 6.5
      vertex -0.767685 -106.455 8.7
    endloop
  endfacet
  facet normal -0.965298 0.261149 -6.83785e-18
    outer loop
      vertex -1.04201 -107.469 6.5
      vertex -0.767685 -106.455 8.7
      vertex -0.767685 -106.455 6.5
    endloop
  endfacet
  facet normal -0.965298 0.261149 -6.83785e-18
    outer loop
      vertex -0.767685 -106.455 8.7
      vertex -1.04201 -107.469 6.5
      vertex -1.04201 -107.469 8.7
    endloop
  endfacet
  facet normal -0.969552 0.244885 9.39995e-18
    outer loop
      vertex -1.34308 -108.661 6.5
      vertex -1.04201 -107.469 8.7
      vertex -1.04201 -107.469 6.5
    endloop
  endfacet
  facet normal -0.969552 0.244885 9.39995e-18
    outer loop
      vertex -1.04201 -107.469 8.7
      vertex -1.34308 -108.661 6.5
      vertex -1.34308 -108.661 8.7
    endloop
  endfacet
  facet normal -0.972502 0.232896 -2.6694e-18
    outer loop
      vertex -1.67093 -110.03 6.5
      vertex -1.34308 -108.661 8.7
      vertex -1.34308 -108.661 6.5
    endloop
  endfacet
  facet normal -0.972502 0.232896 -2.6694e-18
    outer loop
      vertex -1.34308 -108.661 8.7
      vertex -1.67093 -110.03 6.5
      vertex -1.67093 -110.03 8.7
    endloop
  endfacet
  facet normal -0.978677 0.205404 -2.42989e-18
    outer loop
      vertex -2.00212 -111.608 6.5
      vertex -1.67093 -110.03 8.7
      vertex -1.67093 -110.03 6.5
    endloop
  endfacet
  facet normal -0.978677 0.205404 -2.42989e-18
    outer loop
      vertex -1.67093 -110.03 8.7
      vertex -2.00212 -111.608 6.5
      vertex -2.00212 -111.608 8.7
    endloop
  endfacet
  facet normal -0.974855 0.22284 -7.53317e-18
    outer loop
      vertex -2.313 -112.968 6.5
      vertex -2.00212 -111.608 8.7
      vertex -2.00212 -111.608 6.5
    endloop
  endfacet
  facet normal -0.974855 0.22284 -7.53317e-18
    outer loop
      vertex -2.00212 -111.608 8.7
      vertex -2.313 -112.968 6.5
      vertex -2.313 -112.968 8.7
    endloop
  endfacet
  facet normal -0.969068 0.246794 1.4231e-18
    outer loop
      vertex -2.60358 -114.109 6.5
      vertex -2.313 -112.968 8.7
      vertex -2.313 -112.968 6.5
    endloop
  endfacet
  facet normal -0.969068 0.246794 1.4231e-18
    outer loop
      vertex -2.313 -112.968 8.7
      vertex -2.60358 -114.109 6.5
      vertex -2.60358 -114.109 8.7
    endloop
  endfacet
  facet normal -0.959714 0.280979 -5.63664e-18
    outer loop
      vertex -2.87381 -115.032 6.5
      vertex -2.60358 -114.109 8.7
      vertex -2.60358 -114.109 6.5
    endloop
  endfacet
  facet normal -0.959714 0.280979 -5.63664e-18
    outer loop
      vertex -2.60358 -114.109 8.7
      vertex -2.87381 -115.032 6.5
      vertex -2.87381 -115.032 8.7
    endloop
  endfacet
  facet normal -0.942371 0.334569 4.2055e-19
    outer loop
      vertex -3.12375 -115.736 6.5
      vertex -2.87381 -115.032 8.7
      vertex -2.87381 -115.032 6.5
    endloop
  endfacet
  facet normal -0.942371 0.334569 4.2055e-19
    outer loop
      vertex -2.87381 -115.032 8.7
      vertex -3.12375 -115.736 6.5
      vertex -3.12375 -115.736 8.7
    endloop
  endfacet
  facet normal -0.914226 0.405205 -9.41947e-18
    outer loop
      vertex -3.3755 -116.304 6.5
      vertex -3.12375 -115.736 8.7
      vertex -3.12375 -115.736 6.5
    endloop
  endfacet
  facet normal -0.914226 0.405205 -9.41947e-18
    outer loop
      vertex -3.12375 -115.736 8.7
      vertex -3.3755 -116.304 6.5
      vertex -3.3755 -116.304 8.7
    endloop
  endfacet
  facet normal -0.881575 0.472045 -4.48165e-18
    outer loop
      vertex -3.65126 -116.819 6.5
      vertex -3.3755 -116.304 8.7
      vertex -3.3755 -116.304 6.5
    endloop
  endfacet
  facet normal -0.881575 0.472045 -4.48165e-18
    outer loop
      vertex -3.3755 -116.304 8.7
      vertex -3.65126 -116.819 6.5
      vertex -3.65126 -116.819 8.7
    endloop
  endfacet
  facet normal -0.838369 0.545103 -1.27713e-18
    outer loop
      vertex -3.951 -117.28 6.5
      vertex -3.65126 -116.819 8.7
      vertex -3.65126 -116.819 6.5
    endloop
  endfacet
  facet normal -0.838369 0.545103 -1.27713e-18
    outer loop
      vertex -3.65126 -116.819 8.7
      vertex -3.951 -117.28 6.5
      vertex -3.951 -117.28 8.7
    endloop
  endfacet
  facet normal -0.78262 0.6225 -7.131e-18
    outer loop
      vertex -4.27473 -117.687 6.5
      vertex -3.951 -117.28 8.7
      vertex -3.951 -117.28 6.5
    endloop
  endfacet
  facet normal -0.78262 0.6225 -7.131e-18
    outer loop
      vertex -3.951 -117.28 8.7
      vertex -4.27473 -117.687 6.5
      vertex -4.27473 -117.687 8.7
    endloop
  endfacet
  facet normal -0.713386 0.700771 1.4835e-18
    outer loop
      vertex -4.62247 -118.041 6.5
      vertex -4.27473 -117.687 8.7
      vertex -4.27473 -117.687 6.5
    endloop
  endfacet
  facet normal -0.713386 0.700771 1.4835e-18
    outer loop
      vertex -4.27473 -117.687 8.7
      vertex -4.62247 -118.041 6.5
      vertex -4.62247 -118.041 8.7
    endloop
  endfacet
  facet normal -0.614279 0.789089 0
    outer loop
      vertex -4.62247 -118.041 6.5
      vertex -5.00142 -118.336 8.7
      vertex -4.62247 -118.041 8.7
    endloop
  endfacet
  facet normal -0.614279 0.789089 0
    outer loop
      vertex -5.00142 -118.336 8.7
      vertex -4.62247 -118.041 6.5
      vertex -5.00142 -118.336 6.5
    endloop
  endfacet
  facet normal -0.480716 0.876876 0
    outer loop
      vertex -5.00142 -118.336 6.5
      vertex -5.41914 -118.565 8.7
      vertex -5.00142 -118.336 8.7
    endloop
  endfacet
  facet normal -0.480716 0.876876 0
    outer loop
      vertex -5.41914 -118.565 8.7
      vertex -5.00142 -118.336 6.5
      vertex -5.41914 -118.565 6.5
    endloop
  endfacet
  facet normal -0.338099 0.941111 0
    outer loop
      vertex -5.41914 -118.565 6.5
      vertex -5.87564 -118.729 8.7
      vertex -5.41914 -118.565 8.7
    endloop
  endfacet
  facet normal -0.338099 0.941111 0
    outer loop
      vertex -5.87564 -118.729 8.7
      vertex -5.41914 -118.565 6.5
      vertex -5.87564 -118.729 6.5
    endloop
  endfacet
  facet normal -0.19412 0.980978 0
    outer loop
      vertex -5.87564 -118.729 6.5
      vertex -6.37088 -118.827 8.7
      vertex -5.87564 -118.729 8.7
    endloop
  endfacet
  facet normal -0.19412 0.980978 0
    outer loop
      vertex -6.37088 -118.827 8.7
      vertex -5.87564 -118.729 6.5
      vertex -6.37088 -118.827 6.5
    endloop
  endfacet
  facet normal -0.0616801 0.998096 0
    outer loop
      vertex -6.37088 -118.827 6.5
      vertex -6.90488 -118.86 8.7
      vertex -6.37088 -118.827 8.7
    endloop
  endfacet
  facet normal -0.0616801 0.998096 0
    outer loop
      vertex -6.90488 -118.86 8.7
      vertex -6.37088 -118.827 6.5
      vertex -6.90488 -118.86 6.5
    endloop
  endfacet
  facet normal 0.179664 0.983728 -0
    outer loop
      vertex -6.90488 -118.86 6.5
      vertex -8.46536 -118.575 8.7
      vertex -6.90488 -118.86 8.7
    endloop
  endfacet
  facet normal 0.179664 0.983728 0
    outer loop
      vertex -8.46536 -118.575 8.7
      vertex -6.90488 -118.86 6.5
      vertex -8.46536 -118.575 6.5
    endloop
  endfacet
  facet normal 0.575905 0.817516 -0
    outer loop
      vertex -8.46536 -118.575 6.5
      vertex -9.67906 -117.72 8.7
      vertex -8.46536 -118.575 8.7
    endloop
  endfacet
  facet normal 0.575905 0.817516 0
    outer loop
      vertex -9.67906 -117.72 8.7
      vertex -8.46536 -118.575 6.5
      vertex -9.67906 -117.72 6.5
    endloop
  endfacet
  facet normal 0.854319 0.51975 -1.79637e-17
    outer loop
      vertex -9.67906 -117.72 8.7
      vertex -10.546 -116.295 6.5
      vertex -10.546 -116.295 8.7
    endloop
  endfacet
  facet normal 0.854319 0.51975 -1.79637e-17
    outer loop
      vertex -10.546 -116.295 6.5
      vertex -9.67906 -117.72 8.7
      vertex -9.67906 -117.72 6.5
    endloop
  endfacet
  facet normal 0.967645 0.252315 -1.29079e-18
    outer loop
      vertex -10.546 -116.295 8.7
      vertex -11.0662 -114.3 6.5
      vertex -11.0662 -114.3 8.7
    endloop
  endfacet
  facet normal 0.967645 0.252315 -1.29079e-18
    outer loop
      vertex -11.0662 -114.3 6.5
      vertex -10.546 -116.295 8.7
      vertex -10.546 -116.295 6.5
    endloop
  endfacet
  facet normal 0.997724 0.0674358 -1.77866e-18
    outer loop
      vertex -11.0662 -114.3 8.7
      vertex -11.2395 -111.736 6.5
      vertex -11.2395 -111.736 8.7
    endloop
  endfacet
  facet normal 0.997724 0.0674358 -1.77866e-18
    outer loop
      vertex -11.2395 -111.736 6.5
      vertex -11.0662 -114.3 8.7
      vertex -11.0662 -114.3 6.5
    endloop
  endfacet
  facet normal 0.999374 -0.035366 1.41728e-19
    outer loop
      vertex -11.2395 -111.736 8.7
      vertex -11.193 -110.422 6.5
      vertex -11.193 -110.422 8.7
    endloop
  endfacet
  facet normal 0.999374 -0.035366 1.41728e-19
    outer loop
      vertex -11.193 -110.422 6.5
      vertex -11.2395 -111.736 8.7
      vertex -11.2395 -111.736 6.5
    endloop
  endfacet
  facet normal 0.993236 -0.116113 -2.86728e-19
    outer loop
      vertex -11.193 -110.422 8.7
      vertex -11.0533 -109.227 6.5
      vertex -11.0533 -109.227 8.7
    endloop
  endfacet
  facet normal 0.993236 -0.116113 -2.86728e-19
    outer loop
      vertex -11.0533 -109.227 6.5
      vertex -11.193 -110.422 8.7
      vertex -11.193 -110.422 6.5
    endloop
  endfacet
  facet normal 0.977285 -0.211927 -2.83639e-18
    outer loop
      vertex -11.0533 -109.227 8.7
      vertex -10.8204 -108.153 6.5
      vertex -10.8204 -108.153 8.7
    endloop
  endfacet
  facet normal 0.977285 -0.211927 -2.83639e-18
    outer loop
      vertex -10.8204 -108.153 6.5
      vertex -11.0533 -109.227 8.7
      vertex -11.0533 -109.227 6.5
    endloop
  endfacet
  facet normal 0.94641 -0.322969 -5.46993e-18
    outer loop
      vertex -10.8204 -108.153 8.7
      vertex -10.4945 -107.198 6.5
      vertex -10.4945 -107.198 8.7
    endloop
  endfacet
  facet normal 0.94641 -0.322969 -5.46993e-18
    outer loop
      vertex -10.4945 -107.198 6.5
      vertex -10.8204 -108.153 8.7
      vertex -10.8204 -108.153 6.5
    endloop
  endfacet
  facet normal 0.893741 -0.448583 9.91678e-18
    outer loop
      vertex -10.4945 -107.198 8.7
      vertex -10.0754 -106.363 6.5
      vertex -10.0754 -106.363 8.7
    endloop
  endfacet
  facet normal 0.893741 -0.448583 9.91678e-18
    outer loop
      vertex -10.0754 -106.363 6.5
      vertex -10.4945 -107.198 8.7
      vertex -10.4945 -107.198 6.5
    endloop
  endfacet
  facet normal 0.81087 -0.585226 -8.44484e-18
    outer loop
      vertex -10.0754 -106.363 8.7
      vertex -9.55287 -105.639 6.5
      vertex -9.55287 -105.639 8.7
    endloop
  endfacet
  facet normal 0.81087 -0.585226 -8.44484e-18
    outer loop
      vertex -9.55287 -105.639 6.5
      vertex -10.0754 -106.363 8.7
      vertex -10.0754 -106.363 6.5
    endloop
  endfacet
  facet normal 0.699228 -0.714899 0
    outer loop
      vertex -9.55287 -105.639 6.5
      vertex -8.91693 -105.017 8.7
      vertex -9.55287 -105.639 8.7
    endloop
  endfacet
  facet normal 0.699228 -0.714899 0
    outer loop
      vertex -8.91693 -105.017 8.7
      vertex -9.55287 -105.639 6.5
      vertex -8.91693 -105.017 6.5
    endloop
  endfacet
  facet normal 0.570847 -0.821056 0
    outer loop
      vertex -8.91693 -105.017 6.5
      vertex -8.16757 -104.496 8.7
      vertex -8.91693 -105.017 8.7
    endloop
  endfacet
  facet normal 0.570847 -0.821056 0
    outer loop
      vertex -8.16757 -104.496 8.7
      vertex -8.91693 -105.017 6.5
      vertex -8.16757 -104.496 6.5
    endloop
  endfacet
  facet normal 0.437693 -0.899125 0
    outer loop
      vertex -8.16757 -104.496 6.5
      vertex -7.30479 -104.076 8.7
      vertex -8.16757 -104.496 8.7
    endloop
  endfacet
  facet normal 0.437693 -0.899125 0
    outer loop
      vertex -7.30479 -104.076 8.7
      vertex -8.16757 -104.496 6.5
      vertex -7.30479 -104.076 6.5
    endloop
  endfacet
  facet normal 0.309731 -0.950824 0
    outer loop
      vertex -7.30479 -104.076 6.5
      vertex -6.32858 -103.758 8.7
      vertex -7.30479 -104.076 8.7
    endloop
  endfacet
  facet normal 0.309731 -0.950824 0
    outer loop
      vertex -6.32858 -103.758 8.7
      vertex -7.30479 -104.076 6.5
      vertex -6.32858 -103.758 6.5
    endloop
  endfacet
  facet normal 0.986674 0.162708 8.8801e-20
    outer loop
      vertex -6.32858 -103.758 8.7
      vertex -7.41216 -97.1871 6.5
      vertex -7.41216 -97.1871 8.7
    endloop
  endfacet
  facet normal 0.986674 0.162708 8.8801e-20
    outer loop
      vertex -7.41216 -97.1871 6.5
      vertex -6.32858 -103.758 8.7
      vertex -6.32858 -103.758 6.5
    endloop
  endfacet
  facet normal -0.284869 0.958566 0
    outer loop
      vertex -7.41216 -97.1871 6.5
      vertex -9.11919 -97.6944 8.7
      vertex -7.41216 -97.1871 8.7
    endloop
  endfacet
  facet normal -0.284869 0.958566 0
    outer loop
      vertex -9.11919 -97.6944 8.7
      vertex -7.41216 -97.1871 6.5
      vertex -9.11919 -97.6944 6.5
    endloop
  endfacet
  facet normal -0.422255 0.906477 0
    outer loop
      vertex -9.11919 -97.6944 6.5
      vertex -10.6436 -98.4045 8.7
      vertex -9.11919 -97.6944 8.7
    endloop
  endfacet
  facet normal -0.422255 0.906477 0
    outer loop
      vertex -10.6436 -98.4045 8.7
      vertex -9.11919 -97.6944 6.5
      vertex -10.6436 -98.4045 6.5
    endloop
  endfacet
  facet normal -0.562566 0.826752 0
    outer loop
      vertex -10.6436 -98.4045 6.5
      vertex -11.9855 -99.3176 8.7
      vertex -10.6436 -98.4045 8.7
    endloop
  endfacet
  facet normal -0.562566 0.826752 0
    outer loop
      vertex -11.9855 -99.3176 8.7
      vertex -10.6436 -98.4045 6.5
      vertex -11.9855 -99.3176 6.5
    endloop
  endfacet
  facet normal -0.693362 0.720589 0
    outer loop
      vertex -11.9855 -99.3176 6.5
      vertex -13.1447 -100.433 8.7
      vertex -11.9855 -99.3176 8.7
    endloop
  endfacet
  facet normal -0.693362 0.720589 0
    outer loop
      vertex -13.1447 -100.433 8.7
      vertex -11.9855 -99.3176 6.5
      vertex -13.1447 -100.433 6.5
    endloop
  endfacet
  facet normal -0.803655 0.595095 -2.6604e-17
    outer loop
      vertex -14.1214 -101.752 6.5
      vertex -13.1447 -100.433 8.7
      vertex -13.1447 -100.433 6.5
    endloop
  endfacet
  facet normal -0.803655 0.595095 -2.6604e-17
    outer loop
      vertex -13.1447 -100.433 8.7
      vertex -14.1214 -101.752 6.5
      vertex -14.1214 -101.752 8.7
    endloop
  endfacet
  facet normal -0.886684 0.462376 2.02759e-17
    outer loop
      vertex -14.9182 -103.28 6.5
      vertex -14.1214 -101.752 8.7
      vertex -14.1214 -101.752 6.5
    endloop
  endfacet
  facet normal -0.886684 0.462376 2.02759e-17
    outer loop
      vertex -14.1214 -101.752 8.7
      vertex -14.9182 -103.28 6.5
      vertex -14.9182 -103.28 8.7
    endloop
  endfacet
  facet normal -0.942264 0.334871 1.46446e-18
    outer loop
      vertex -15.538 -105.024 6.5
      vertex -14.9182 -103.28 8.7
      vertex -14.9182 -103.28 6.5
    endloop
  endfacet
  facet normal -0.942264 0.334871 1.46446e-18
    outer loop
      vertex -14.9182 -103.28 8.7
      vertex -15.538 -105.024 6.5
      vertex -15.538 -105.024 8.7
    endloop
  endfacet
  facet normal -0.975439 0.22027 -8.85399e-18
    outer loop
      vertex -15.9806 -106.984 6.5
      vertex -15.538 -105.024 8.7
      vertex -15.538 -105.024 6.5
    endloop
  endfacet
  facet normal -0.975439 0.22027 -8.85399e-18
    outer loop
      vertex -15.538 -105.024 8.7
      vertex -15.9806 -106.984 6.5
      vertex -15.9806 -106.984 8.7
    endloop
  endfacet
  facet normal -0.992633 0.12116 8.29552e-18
    outer loop
      vertex -16.2462 -109.16 6.5
      vertex -15.9806 -106.984 8.7
      vertex -15.9806 -106.984 6.5
    endloop
  endfacet
  facet normal -0.992633 0.12116 8.29552e-18
    outer loop
      vertex -15.9806 -106.984 8.7
      vertex -16.2462 -109.16 6.5
      vertex -16.2462 -109.16 8.7
    endloop
  endfacet
  facet normal -0.999314 0.0370302 -6.77136e-19
    outer loop
      vertex -16.3348 -111.551 6.5
      vertex -16.2462 -109.16 8.7
      vertex -16.2462 -109.16 6.5
    endloop
  endfacet
  facet normal -0.999314 0.0370302 -6.77136e-19
    outer loop
      vertex -16.2462 -109.16 8.7
      vertex -16.3348 -111.551 6.5
      vertex -16.3348 -111.551 8.7
    endloop
  endfacet
  facet normal -0.99925 -0.0387128 -3.33872e-18
    outer loop
      vertex -16.2338 -114.158 6.5
      vertex -16.3348 -111.551 8.7
      vertex -16.3348 -111.551 6.5
    endloop
  endfacet
  facet normal -0.99925 -0.0387128 -3.33872e-18
    outer loop
      vertex -16.3348 -111.551 8.7
      vertex -16.2338 -114.158 6.5
      vertex -16.2338 -114.158 8.7
    endloop
  endfacet
  facet normal -0.991287 -0.131723 1.66332e-18
    outer loop
      vertex -16.0083 -220.372 6.5
      vertex -16.2532 -218.529 8.7
      vertex -16.2532 -218.529 6.5
    endloop
  endfacet
  facet normal -0.991287 -0.131723 1.66332e-18
    outer loop
      vertex -16.2532 -218.529 8.7
      vertex -16.0083 -220.372 6.5
      vertex -16.0083 -220.372 8.7
    endloop
  endfacet
  facet normal -0.97368 -0.227918 1.37925e-17
    outer loop
      vertex -15.6003 -222.115 6.5
      vertex -16.0083 -220.372 8.7
      vertex -16.0083 -220.372 6.5
    endloop
  endfacet
  facet normal -0.97368 -0.227918 1.37925e-17
    outer loop
      vertex -16.0083 -220.372 8.7
      vertex -15.6003 -222.115 6.5
      vertex -15.6003 -222.115 8.7
    endloop
  endfacet
  facet normal -0.944529 -0.328429 4.58966e-18
    outer loop
      vertex -15.029 -223.758 6.5
      vertex -15.6003 -222.115 8.7
      vertex -15.6003 -222.115 6.5
    endloop
  endfacet
  facet normal -0.944529 -0.328429 4.58966e-18
    outer loop
      vertex -15.6003 -222.115 8.7
      vertex -15.029 -223.758 6.5
      vertex -15.029 -223.758 8.7
    endloop
  endfacet
  facet normal -0.903005 -0.429629 1.32583e-18
    outer loop
      vertex -14.2944 -225.302 6.5
      vertex -15.029 -223.758 8.7
      vertex -15.029 -223.758 6.5
    endloop
  endfacet
  facet normal -0.903005 -0.429629 1.32583e-18
    outer loop
      vertex -15.029 -223.758 8.7
      vertex -14.2944 -225.302 6.5
      vertex -14.2944 -225.302 8.7
    endloop
  endfacet
  facet normal -0.84854 -0.529132 -1.8253e-17
    outer loop
      vertex -13.4058 -226.727 6.5
      vertex -14.2944 -225.302 8.7
      vertex -14.2944 -225.302 6.5
    endloop
  endfacet
  facet normal -0.84854 -0.529132 -1.8253e-17
    outer loop
      vertex -14.2944 -225.302 8.7
      vertex -13.4058 -226.727 6.5
      vertex -13.4058 -226.727 8.7
    endloop
  endfacet
  facet normal -0.779507 -0.626394 1.55036e-17
    outer loop
      vertex -12.3724 -228.013 6.5
      vertex -13.4058 -226.727 8.7
      vertex -13.4058 -226.727 6.5
    endloop
  endfacet
  facet normal -0.779507 -0.626394 1.55036e-17
    outer loop
      vertex -13.4058 -226.727 8.7
      vertex -12.3724 -228.013 6.5
      vertex -12.3724 -228.013 8.7
    endloop
  endfacet
  facet normal -0.69818 -0.715923 0
    outer loop
      vertex -12.3724 -228.013 6.5
      vertex -11.1942 -229.162 8.7
      vertex -12.3724 -228.013 8.7
    endloop
  endfacet
  facet normal -0.69818 -0.715923 -0
    outer loop
      vertex -11.1942 -229.162 8.7
      vertex -12.3724 -228.013 6.5
      vertex -11.1942 -229.162 6.5
    endloop
  endfacet
  facet normal -0.606449 -0.795122 0
    outer loop
      vertex -11.1942 -229.162 6.5
      vertex -9.87129 -230.171 8.7
      vertex -11.1942 -229.162 8.7
    endloop
  endfacet
  facet normal -0.606449 -0.795122 -0
    outer loop
      vertex -9.87129 -230.171 8.7
      vertex -11.1942 -229.162 6.5
      vertex -9.87129 -230.171 6.5
    endloop
  endfacet
  facet normal -0.510778 -0.859712 0
    outer loop
      vertex -9.87129 -230.171 6.5
      vertex -8.40359 -231.043 8.7
      vertex -9.87129 -230.171 8.7
    endloop
  endfacet
  facet normal -0.510778 -0.859712 -0
    outer loop
      vertex -8.40359 -231.043 8.7
      vertex -9.87129 -230.171 6.5
      vertex -8.40359 -231.043 6.5
    endloop
  endfacet
  facet normal -0.41366 -0.910431 0
    outer loop
      vertex -8.40359 -231.043 6.5
      vertex -6.81453 -231.765 8.7
      vertex -8.40359 -231.043 8.7
    endloop
  endfacet
  facet normal -0.41366 -0.910431 -0
    outer loop
      vertex -6.81453 -231.765 8.7
      vertex -8.40359 -231.043 6.5
      vertex -6.81453 -231.765 6.5
    endloop
  endfacet
  facet normal -0.316086 -0.948731 0
    outer loop
      vertex -6.81453 -231.765 6.5
      vertex -5.12769 -232.327 8.7
      vertex -6.81453 -231.765 8.7
    endloop
  endfacet
  facet normal -0.316086 -0.948731 -0
    outer loop
      vertex -5.12769 -232.327 8.7
      vertex -6.81453 -231.765 6.5
      vertex -5.12769 -232.327 6.5
    endloop
  endfacet
  facet normal -0.219234 -0.975672 0
    outer loop
      vertex -5.12769 -232.327 6.5
      vertex -3.34309 -232.728 8.7
      vertex -5.12769 -232.327 8.7
    endloop
  endfacet
  facet normal -0.219234 -0.975672 -0
    outer loop
      vertex -3.34309 -232.728 8.7
      vertex -5.12769 -232.327 6.5
      vertex -3.34309 -232.728 6.5
    endloop
  endfacet
  facet normal -0.126995 -0.991903 0
    outer loop
      vertex -3.34309 -232.728 6.5
      vertex -1.46075 -232.969 8.7
      vertex -3.34309 -232.728 8.7
    endloop
  endfacet
  facet normal -0.126995 -0.991903 -0
    outer loop
      vertex -1.46075 -232.969 8.7
      vertex -3.34309 -232.728 6.5
      vertex -1.46075 -232.969 6.5
    endloop
  endfacet
  facet normal -0.0403691 -0.999185 0
    outer loop
      vertex -1.46075 -232.969 6.5
      vertex 0.519348 -233.049 8.7
      vertex -1.46075 -232.969 8.7
    endloop
  endfacet
  facet normal -0.0403691 -0.999185 -0
    outer loop
      vertex 0.519348 -233.049 8.7
      vertex -1.46075 -232.969 6.5
      vertex 0.519348 -233.049 6.5
    endloop
  endfacet
  facet normal 0.0587295 -0.998274 0
    outer loop
      vertex 0.519348 -233.049 6.5
      vertex 3.47697 -232.875 8.7
      vertex 0.519348 -233.049 8.7
    endloop
  endfacet
  facet normal 0.0587295 -0.998274 0
    outer loop
      vertex 3.47697 -232.875 8.7
      vertex 0.519348 -233.049 6.5
      vertex 3.47697 -232.875 6.5
    endloop
  endfacet
  facet normal 0.190234 -0.981739 0
    outer loop
      vertex 3.47697 -232.875 6.5
      vertex 6.17085 -232.353 8.7
      vertex 3.47697 -232.875 8.7
    endloop
  endfacet
  facet normal 0.190234 -0.981739 0
    outer loop
      vertex 6.17085 -232.353 8.7
      vertex 3.47697 -232.875 6.5
      vertex 6.17085 -232.353 6.5
    endloop
  endfacet
  facet normal 0.336714 -0.941607 0
    outer loop
      vertex 6.17085 -232.353 6.5
      vertex 8.60097 -231.484 8.7
      vertex 6.17085 -232.353 8.7
    endloop
  endfacet
  facet normal 0.336714 -0.941607 0
    outer loop
      vertex 8.60097 -231.484 8.7
      vertex 6.17085 -232.353 6.5
      vertex 8.60097 -231.484 6.5
    endloop
  endfacet
  facet normal 0.489784 -0.871844 0
    outer loop
      vertex 8.60097 -231.484 6.5
      vertex 10.7673 -230.267 8.7
      vertex 8.60097 -231.484 8.7
    endloop
  endfacet
  facet normal 0.489784 -0.871844 0
    outer loop
      vertex 10.7673 -230.267 8.7
      vertex 8.60097 -231.484 6.5
      vertex 10.7673 -230.267 6.5
    endloop
  endfacet
  facet normal 0.635018 -0.772497 0
    outer loop
      vertex 10.7673 -230.267 6.5
      vertex 12.6699 -228.703 8.7
      vertex 10.7673 -230.267 8.7
    endloop
  endfacet
  facet normal 0.635018 -0.772497 0
    outer loop
      vertex 12.6699 -228.703 8.7
      vertex 10.7673 -230.267 6.5
      vertex 12.6699 -228.703 6.5
    endloop
  endfacet
  facet normal 0.761779 -0.647837 -1.5145e-17
    outer loop
      vertex 12.6699 -228.703 8.7
      vertex 14.2636 -226.829 6.5
      vertex 14.2636 -226.829 8.7
    endloop
  endfacet
  facet normal 0.761779 -0.647837 -1.5145e-17
    outer loop
      vertex 14.2636 -226.829 6.5
      vertex 12.6699 -228.703 8.7
      vertex 12.6699 -228.703 6.5
    endloop
  endfacet
  facet normal 0.865735 -0.500503 2.8775e-17
    outer loop
      vertex 14.2636 -226.829 8.7
      vertex 15.5031 -224.685 6.5
      vertex 15.5031 -224.685 8.7
    endloop
  endfacet
  facet normal 0.865735 -0.500503 2.8775e-17
    outer loop
      vertex 15.5031 -224.685 6.5
      vertex 14.2636 -226.829 8.7
      vertex 14.2636 -226.829 6.5
    endloop
  endfacet
  facet normal 0.938809 -0.344438 2.09761e-17
    outer loop
      vertex 15.5031 -224.685 8.7
      vertex 16.3884 -222.272 6.5
      vertex 16.3884 -222.272 8.7
    endloop
  endfacet
  facet normal 0.938809 -0.344438 2.09761e-17
    outer loop
      vertex 16.3884 -222.272 6.5
      vertex 15.5031 -224.685 8.7
      vertex 15.5031 -224.685 6.5
    endloop
  endfacet
  facet normal 0.980986 -0.194078 -1.6205e-17
    outer loop
      vertex 16.3884 -222.272 8.7
      vertex 16.9196 -219.587 6.5
      vertex 16.9196 -219.587 8.7
    endloop
  endfacet
  facet normal 0.980986 -0.194078 -1.6205e-17
    outer loop
      vertex 16.9196 -219.587 6.5
      vertex 16.3884 -222.272 8.7
      vertex 16.3884 -222.272 6.5
    endloop
  endfacet
  facet normal 0.998208 -0.0598452 -4.946e-18
    outer loop
      vertex 16.9196 -219.587 8.7
      vertex 17.0967 -216.633 6.5
      vertex 17.0967 -216.633 8.7
    endloop
  endfacet
  facet normal 0.998208 -0.0598452 -4.946e-18
    outer loop
      vertex 17.0967 -216.633 6.5
      vertex 16.9196 -219.587 8.7
      vertex 16.9196 -219.587 6.5
    endloop
  endfacet
  facet normal 0.998246 0.0592054 -5.57904e-19
    outer loop
      vertex 17.0967 -216.633 8.7
      vertex 16.9215 -213.679 6.5
      vertex 16.9215 -213.679 8.7
    endloop
  endfacet
  facet normal 0.998246 0.0592054 -5.57904e-19
    outer loop
      vertex 16.9215 -213.679 6.5
      vertex 17.0967 -216.633 8.7
      vertex 17.0967 -216.633 6.5
    endloop
  endfacet
  facet normal 0.98134 0.192281 -9.22904e-18
    outer loop
      vertex 16.9215 -213.679 8.7
      vertex 16.3958 -210.996 6.5
      vertex 16.3958 -210.996 8.7
    endloop
  endfacet
  facet normal 0.98134 0.192281 -9.22904e-18
    outer loop
      vertex 16.3958 -210.996 6.5
      vertex 16.9215 -213.679 8.7
      vertex 16.9215 -213.679 6.5
    endloop
  endfacet
  facet normal 0.939859 0.341562 2.10554e-17
    outer loop
      vertex 16.3958 -210.996 8.7
      vertex 15.5196 -208.585 6.5
      vertex 15.5196 -208.585 8.7
    endloop
  endfacet
  facet normal 0.939859 0.341562 2.10554e-17
    outer loop
      vertex 15.5196 -208.585 6.5
      vertex 16.3958 -210.996 8.7
      vertex 16.3958 -210.996 6.5
    endloop
  endfacet
  facet normal 0.867689 0.497108 2.10911e-17
    outer loop
      vertex 15.5196 -208.585 8.7
      vertex 14.293 -206.444 6.5
      vertex 14.293 -206.444 8.7
    endloop
  endfacet
  facet normal 0.867689 0.497108 2.10911e-17
    outer loop
      vertex 14.293 -206.444 6.5
      vertex 15.5196 -208.585 8.7
      vertex 15.5196 -208.585 6.5
    endloop
  endfacet
  facet normal 0.764245 0.644926 3.8006e-17
    outer loop
      vertex 14.293 -206.444 8.7
      vertex 12.7158 -204.575 6.5
      vertex 12.7158 -204.575 8.7
    endloop
  endfacet
  facet normal 0.764245 0.644926 3.8006e-17
    outer loop
      vertex 12.7158 -204.575 6.5
      vertex 14.293 -206.444 8.7
      vertex 14.293 -206.444 6.5
    endloop
  endfacet
  facet normal 0.636888 0.770957 -0
    outer loop
      vertex 12.7158 -204.575 6.5
      vertex 10.8262 -203.014 8.7
      vertex 12.7158 -204.575 8.7
    endloop
  endfacet
  facet normal 0.636888 0.770957 0
    outer loop
      vertex 10.8262 -203.014 8.7
      vertex 12.7158 -204.575 6.5
      vertex 10.8262 -203.014 6.5
    endloop
  endfacet
  facet normal 0.489182 0.872182 -0
    outer loop
      vertex 10.8262 -203.014 6.5
      vertex 8.66171 -201.8 8.7
      vertex 10.8262 -203.014 8.7
    endloop
  endfacet
  facet normal 0.489182 0.872182 0
    outer loop
      vertex 8.66171 -201.8 8.7
      vertex 10.8262 -203.014 6.5
      vertex 8.66171 -201.8 6.5
    endloop
  endfacet
  facet normal 0.334907 0.942251 -0
    outer loop
      vertex 8.66171 -201.8 6.5
      vertex 6.22243 -200.933 8.7
      vertex 8.66171 -201.8 8.7
    endloop
  endfacet
  facet normal 0.334907 0.942251 0
    outer loop
      vertex 6.22243 -200.933 8.7
      vertex 8.66171 -201.8 6.5
      vertex 6.22243 -200.933 6.5
    endloop
  endfacet
  facet normal 0.188168 0.982137 -0
    outer loop
      vertex 6.22243 -200.933 6.5
      vertex 3.5083 -200.413 8.7
      vertex 6.22243 -200.933 8.7
    endloop
  endfacet
  facet normal 0.188168 0.982137 0
    outer loop
      vertex 3.5083 -200.413 8.7
      vertex 6.22243 -200.933 6.5
      vertex 3.5083 -200.413 6.5
    endloop
  endfacet
  facet normal 0.0577831 0.998329 -0
    outer loop
      vertex 3.5083 -200.413 6.5
      vertex 0.519348 -200.24 8.7
      vertex 3.5083 -200.413 8.7
    endloop
  endfacet
  facet normal 0.0577831 0.998329 0
    outer loop
      vertex 0.519348 -200.24 8.7
      vertex 3.5083 -200.413 6.5
      vertex 0.519348 -200.24 6.5
    endloop
  endfacet
  facet normal -0.0578554 0.998325 0
    outer loop
      vertex 0.519348 -200.24 6.5
      vertex -2.48311 -200.414 8.7
      vertex 0.519348 -200.24 8.7
    endloop
  endfacet
  facet normal -0.0578554 0.998325 0
    outer loop
      vertex -2.48311 -200.414 8.7
      vertex 0.519348 -200.24 6.5
      vertex -2.48311 -200.414 6.5
    endloop
  endfacet
  facet normal -0.187069 0.982347 0
    outer loop
      vertex -2.48311 -200.414 6.5
      vertex -5.21902 -200.935 8.7
      vertex -2.48311 -200.414 8.7
    endloop
  endfacet
  facet normal -0.187069 0.982347 0
    outer loop
      vertex -5.21902 -200.935 8.7
      vertex -2.48311 -200.414 6.5
      vertex -5.21902 -200.935 6.5
    endloop
  endfacet
  facet normal -0.332296 0.943175 0
    outer loop
      vertex -5.21902 -200.935 6.5
      vertex -7.68839 -201.805 8.7
      vertex -5.21902 -200.935 8.7
    endloop
  endfacet
  facet normal -0.332296 0.943175 0
    outer loop
      vertex -7.68839 -201.805 8.7
      vertex -5.21902 -200.935 6.5
      vertex -7.68839 -201.805 6.5
    endloop
  endfacet
  facet normal -0.483282 0.875465 0
    outer loop
      vertex -7.68839 -201.805 6.5
      vertex -9.89117 -203.021 8.7
      vertex -7.68839 -201.805 8.7
    endloop
  endfacet
  facet normal -0.483282 0.875465 0
    outer loop
      vertex -9.89117 -203.021 8.7
      vertex -7.68839 -201.805 6.5
      vertex -9.89117 -203.021 6.5
    endloop
  endfacet
  facet normal -0.62861 0.777721 0
    outer loop
      vertex -9.89117 -203.021 6.5
      vertex -11.8274 -204.586 8.7
      vertex -9.89117 -203.021 8.7
    endloop
  endfacet
  facet normal -0.62861 0.777721 0
    outer loop
      vertex -11.8274 -204.586 8.7
      vertex -9.89117 -203.021 6.5
      vertex -11.8274 -204.586 6.5
    endloop
  endfacet
  facet normal -0.755456 0.6552 4.05136e-17
    outer loop
      vertex -13.4501 -206.457 6.5
      vertex -11.8274 -204.586 8.7
      vertex -11.8274 -204.586 6.5
    endloop
  endfacet
  facet normal -0.755456 0.6552 4.05136e-17
    outer loop
      vertex -11.8274 -204.586 8.7
      vertex -13.4501 -206.457 6.5
      vertex -13.4501 -206.457 8.7
    endloop
  endfacet
  facet normal -0.860854 0.508852 -1.80826e-17
    outer loop
      vertex -14.7121 -208.592 6.5
      vertex -13.4501 -206.457 8.7
      vertex -13.4501 -206.457 6.5
    endloop
  endfacet
  facet normal -0.860854 0.508852 -1.80826e-17
    outer loop
      vertex -13.4501 -206.457 8.7
      vertex -14.7121 -208.592 6.5
      vertex -14.7121 -208.592 8.7
    endloop
  endfacet
  facet normal -0.936185 0.351508 3.24362e-17
    outer loop
      vertex -15.6136 -210.993 6.5
      vertex -14.7121 -208.592 8.7
      vertex -14.7121 -208.592 6.5
    endloop
  endfacet
  facet normal -0.936185 0.351508 3.24362e-17
    outer loop
      vertex -14.7121 -208.592 8.7
      vertex -15.6136 -210.993 6.5
      vertex -15.6136 -210.993 8.7
    endloop
  endfacet
  facet normal -0.980003 0.19898 -1.34338e-17
    outer loop
      vertex -16.1545 -213.657 6.5
      vertex -15.6136 -210.993 8.7
      vertex -15.6136 -210.993 6.5
    endloop
  endfacet
  facet normal -0.980003 0.19898 -1.34338e-17
    outer loop
      vertex -15.6136 -210.993 8.7
      vertex -16.1545 -213.657 6.5
      vertex -16.1545 -213.657 8.7
    endloop
  endfacet
  facet normal -0.998112 0.0614197 -4.13824e-18
    outer loop
      vertex -16.3348 -216.587 6.5
      vertex -16.1545 -213.657 8.7
      vertex -16.1545 -213.657 6.5
    endloop
  endfacet
  facet normal -0.998112 0.0614197 -4.13824e-18
    outer loop
      vertex -16.1545 -213.657 8.7
      vertex -16.3348 -216.587 6.5
      vertex -16.3348 -216.587 8.7
    endloop
  endfacet
  facet normal -0.999118 -0.0419815 1.49909e-18
    outer loop
      vertex -16.2532 -218.529 6.5
      vertex -16.3348 -216.587 8.7
      vertex -16.3348 -216.587 6.5
    endloop
  endfacet
  facet normal -0.999118 -0.0419815 1.49909e-18
    outer loop
      vertex -16.3348 -216.587 8.7
      vertex -16.2532 -218.529 6.5
      vertex -16.2532 -218.529 8.7
    endloop
  endfacet
  facet normal 0.972347 -0.23354 7.10375e-18
    outer loop
      vertex -10.8628 -214.899 8.7
      vertex -10.4934 -213.361 6.5
      vertex -10.4934 -213.361 8.7
    endloop
  endfacet
  facet normal 0.972347 -0.23354 7.10375e-18
    outer loop
      vertex -10.4934 -213.361 6.5
      vertex -10.8628 -214.899 8.7
      vertex -10.8628 -214.899 6.5
    endloop
  endfacet
  facet normal 0.914453 -0.404693 5.5887e-18
    outer loop
      vertex -10.4934 -213.361 8.7
      vertex -9.87781 -211.97 6.5
      vertex -9.87781 -211.97 8.7
    endloop
  endfacet
  facet normal 0.914453 -0.404693 5.5887e-18
    outer loop
      vertex -9.87781 -211.97 6.5
      vertex -10.4934 -213.361 8.7
      vertex -10.4934 -213.361 6.5
    endloop
  endfacet
  facet normal 0.821362 -0.570407 -7.43679e-18
    outer loop
      vertex -9.87781 -211.97 8.7
      vertex -9.01598 -210.729 6.5
      vertex -9.01598 -210.729 8.7
    endloop
  endfacet
  facet normal 0.821362 -0.570407 -7.43679e-18
    outer loop
      vertex -9.01598 -210.729 6.5
      vertex -9.87781 -211.97 8.7
      vertex -9.87781 -211.97 6.5
    endloop
  endfacet
  facet normal 0.702565 -0.71162 0
    outer loop
      vertex -9.01598 -210.729 6.5
      vertex -7.90788 -209.635 8.7
      vertex -9.01598 -210.729 8.7
    endloop
  endfacet
  facet normal 0.702565 -0.71162 0
    outer loop
      vertex -7.90788 -209.635 8.7
      vertex -9.01598 -210.729 6.5
      vertex -7.90788 -209.635 6.5
    endloop
  endfacet
  facet normal 0.569939 -0.821687 0
    outer loop
      vertex -7.90788 -209.635 6.5
      vertex -6.58583 -208.718 8.7
      vertex -7.90788 -209.635 8.7
    endloop
  endfacet
  facet normal 0.569939 -0.821687 0
    outer loop
      vertex -6.58583 -208.718 8.7
      vertex -7.90788 -209.635 6.5
      vertex -6.58583 -208.718 6.5
    endloop
  endfacet
  facet normal 0.428429 -0.903576 0
    outer loop
      vertex -6.58583 -208.718 6.5
      vertex -5.08208 -208.005 8.7
      vertex -6.58583 -208.718 8.7
    endloop
  endfacet
  facet normal 0.428429 -0.903576 0
    outer loop
      vertex -5.08208 -208.005 8.7
      vertex -6.58583 -208.718 6.5
      vertex -5.08208 -208.005 6.5
    endloop
  endfacet
  facet normal 0.28962 -0.957142 0
    outer loop
      vertex -5.08208 -208.005 6.5
      vertex -3.39662 -207.495 8.7
      vertex -5.08208 -208.005 8.7
    endloop
  endfacet
  facet normal 0.28962 -0.957142 0
    outer loop
      vertex -3.39662 -207.495 8.7
      vertex -5.08208 -208.005 6.5
      vertex -3.39662 -207.495 6.5
    endloop
  endfacet
  facet normal 0.161215 -0.986919 0
    outer loop
      vertex -3.39662 -207.495 6.5
      vertex -1.52948 -207.19 8.7
      vertex -3.39662 -207.495 8.7
    endloop
  endfacet
  facet normal 0.161215 -0.986919 0
    outer loop
      vertex -1.52948 -207.19 8.7
      vertex -3.39662 -207.495 6.5
      vertex -1.52948 -207.19 6.5
    endloop
  endfacet
  facet normal 0.049723 -0.998763 0
    outer loop
      vertex -1.52948 -207.19 6.5
      vertex 0.519348 -207.088 8.7
      vertex -1.52948 -207.19 8.7
    endloop
  endfacet
  facet normal 0.049723 -0.998763 0
    outer loop
      vertex 0.519348 -207.088 8.7
      vertex -1.52948 -207.19 6.5
      vertex 0.519348 -207.088 6.5
    endloop
  endfacet
  facet normal -0.048769 -0.99881 0
    outer loop
      vertex 0.519348 -207.088 6.5
      vertex 2.54691 -207.187 8.7
      vertex 0.519348 -207.088 8.7
    endloop
  endfacet
  facet normal -0.048769 -0.99881 -0
    outer loop
      vertex 2.54691 -207.187 8.7
      vertex 0.519348 -207.088 6.5
      vertex 2.54691 -207.187 6.5
    endloop
  endfacet
  facet normal -0.160368 -0.987057 0
    outer loop
      vertex 2.54691 -207.187 6.5
      vertex 4.38724 -207.486 8.7
      vertex 2.54691 -207.187 8.7
    endloop
  endfacet
  facet normal -0.160368 -0.987057 -0
    outer loop
      vertex 4.38724 -207.486 8.7
      vertex 2.54691 -207.187 6.5
      vertex 4.38724 -207.486 6.5
    endloop
  endfacet
  facet normal -0.288452 -0.957494 0
    outer loop
      vertex 4.38724 -207.486 6.5
      vertex 6.04031 -207.984 8.7
      vertex 4.38724 -207.486 8.7
    endloop
  endfacet
  facet normal -0.288452 -0.957494 -0
    outer loop
      vertex 6.04031 -207.984 8.7
      vertex 4.38724 -207.486 6.5
      vertex 6.04031 -207.984 6.5
    endloop
  endfacet
  facet normal -0.429422 -0.903104 0
    outer loop
      vertex 6.04031 -207.984 6.5
      vertex 7.50615 -208.681 8.7
      vertex 6.04031 -207.984 8.7
    endloop
  endfacet
  facet normal -0.429422 -0.903104 -0
    outer loop
      vertex 7.50615 -208.681 8.7
      vertex 6.04031 -207.984 6.5
      vertex 7.50615 -208.681 6.5
    endloop
  endfacet
  facet normal -0.574316 -0.818634 0
    outer loop
      vertex 7.50615 -208.681 6.5
      vertex 8.78474 -209.578 8.7
      vertex 7.50615 -208.681 8.7
    endloop
  endfacet
  facet normal -0.574316 -0.818634 -0
    outer loop
      vertex 8.78474 -209.578 8.7
      vertex 7.50615 -208.681 6.5
      vertex 8.78474 -209.578 6.5
    endloop
  endfacet
  facet normal -0.711185 -0.703005 2.33224e-17
    outer loop
      vertex 9.85133 -210.657 6.5
      vertex 8.78474 -209.578 8.7
      vertex 8.78474 -209.578 6.5
    endloop
  endfacet
  facet normal -0.711185 -0.703005 2.33224e-17
    outer loop
      vertex 8.78474 -209.578 8.7
      vertex 9.85133 -210.657 6.5
      vertex 9.85133 -210.657 8.7
    endloop
  endfacet
  facet normal -0.832183 -0.554501 8.39996e-18
    outer loop
      vertex 10.6809 -211.902 6.5
      vertex 9.85133 -210.657 8.7
      vertex 9.85133 -210.657 6.5
    endloop
  endfacet
  facet normal -0.832183 -0.554501 8.39996e-18
    outer loop
      vertex 9.85133 -210.657 8.7
      vertex 10.6809 -211.902 6.5
      vertex 10.6809 -211.902 8.7
    endloop
  endfacet
  facet normal -0.921987 -0.387221 6.44044e-20
    outer loop
      vertex 11.2735 -213.313 6.5
      vertex 10.6809 -211.902 8.7
      vertex 10.6809 -211.902 6.5
    endloop
  endfacet
  facet normal -0.921987 -0.387221 6.44044e-20
    outer loop
      vertex 10.6809 -211.902 8.7
      vertex 11.2735 -213.313 6.5
      vertex 11.2735 -213.313 8.7
    endloop
  endfacet
  facet normal -0.97552 -0.21991 6.47815e-18
    outer loop
      vertex 11.629 -214.89 6.5
      vertex 11.2735 -213.313 8.7
      vertex 11.2735 -213.313 6.5
    endloop
  endfacet
  facet normal -0.97552 -0.21991 6.47815e-18
    outer loop
      vertex 11.2735 -213.313 8.7
      vertex 11.629 -214.89 6.5
      vertex 11.629 -214.89 8.7
    endloop
  endfacet
  facet normal -0.997697 -0.0678297 1.00847e-18
    outer loop
      vertex 11.7475 -216.633 6.5
      vertex 11.629 -214.89 8.7
      vertex 11.629 -214.89 6.5
    endloop
  endfacet
  facet normal -0.997697 -0.0678297 1.00847e-18
    outer loop
      vertex 11.629 -214.89 8.7
      vertex 11.7475 -216.633 6.5
      vertex 11.7475 -216.633 8.7
    endloop
  endfacet
  facet normal -0.997594 0.0693322 1.55245e-18
    outer loop
      vertex 11.6281 -218.351 6.5
      vertex 11.7475 -216.633 8.7
      vertex 11.7475 -216.633 6.5
    endloop
  endfacet
  facet normal -0.997594 0.0693322 1.55245e-18
    outer loop
      vertex 11.7475 -216.633 8.7
      vertex 11.6281 -218.351 6.5
      vertex 11.6281 -218.351 8.7
    endloop
  endfacet
  facet normal -0.974561 0.224124 3.59133e-18
    outer loop
      vertex 11.2698 -219.909 6.5
      vertex 11.6281 -218.351 8.7
      vertex 11.6281 -218.351 6.5
    endloop
  endfacet
  facet normal -0.974561 0.224124 3.59133e-18
    outer loop
      vertex 11.6281 -218.351 8.7
      vertex 11.2698 -219.909 6.5
      vertex 11.2698 -219.909 8.7
    endloop
  endfacet
  facet normal -0.919506 0.393077 1.2537e-17
    outer loop
      vertex 10.6726 -221.306 6.5
      vertex 11.2698 -219.909 8.7
      vertex 11.2698 -219.909 6.5
    endloop
  endfacet
  facet normal -0.919506 0.393077 1.2537e-17
    outer loop
      vertex 11.2698 -219.909 8.7
      vertex 10.6726 -221.306 6.5
      vertex 10.6726 -221.306 8.7
    endloop
  endfacet
  facet normal -0.828508 0.559977 7.78981e-18
    outer loop
      vertex 9.83653 -222.543 6.5
      vertex 10.6726 -221.306 8.7
      vertex 10.6726 -221.306 6.5
    endloop
  endfacet
  facet normal -0.828508 0.559977 7.78981e-18
    outer loop
      vertex 10.6726 -221.306 8.7
      vertex 9.83653 -222.543 6.5
      vertex 9.83653 -222.543 8.7
    endloop
  endfacet
  facet normal -0.707468 0.706745 -2.81256e-17
    outer loop
      vertex 8.76163 -223.619 6.5
      vertex 9.83653 -222.543 8.7
      vertex 9.83653 -222.543 6.5
    endloop
  endfacet
  facet normal -0.707468 0.706745 -2.81256e-17
    outer loop
      vertex 9.83653 -222.543 8.7
      vertex 8.76163 -223.619 6.5
      vertex 8.76163 -223.619 8.7
    endloop
  endfacet
  facet normal -0.571941 0.820295 0
    outer loop
      vertex 8.76163 -223.619 6.5
      vertex 7.47656 -224.515 8.7
      vertex 8.76163 -223.619 8.7
    endloop
  endfacet
  facet normal -0.571941 0.820295 0
    outer loop
      vertex 7.47656 -224.515 8.7
      vertex 8.76163 -223.619 6.5
      vertex 7.47656 -224.515 6.5
    endloop
  endfacet
  facet normal -0.429704 0.90297 0
    outer loop
      vertex 7.47656 -224.515 6.5
      vertex 6.0098 -225.213 8.7
      vertex 7.47656 -224.515 8.7
    endloop
  endfacet
  facet normal -0.429704 0.90297 0
    outer loop
      vertex 6.0098 -225.213 8.7
      vertex 7.47656 -224.515 6.5
      vertex 6.0098 -225.213 6.5
    endloop
  endfacet
  facet normal -0.289192 0.957271 0
    outer loop
      vertex 6.0098 -225.213 6.5
      vertex 4.36134 -225.711 8.7
      vertex 6.0098 -225.213 8.7
    endloop
  endfacet
  facet normal -0.289192 0.957271 0
    outer loop
      vertex 4.36134 -225.711 8.7
      vertex 6.0098 -225.213 6.5
      vertex 4.36134 -225.711 6.5
    endloop
  endfacet
  facet normal -0.160712 0.987001 0
    outer loop
      vertex 4.36134 -225.711 6.5
      vertex 2.53119 -226.009 8.7
      vertex 4.36134 -225.711 8.7
    endloop
  endfacet
  facet normal -0.160712 0.987001 0
    outer loop
      vertex 2.53119 -226.009 8.7
      vertex 4.36134 -225.711 6.5
      vertex 2.53119 -226.009 6.5
    endloop
  endfacet
  facet normal -0.0496444 0.998767 0
    outer loop
      vertex 2.53119 -226.009 6.5
      vertex 0.519348 -226.109 8.7
      vertex 2.53119 -226.009 8.7
    endloop
  endfacet
  facet normal -0.0496444 0.998767 0
    outer loop
      vertex 0.519348 -226.109 8.7
      vertex 2.53119 -226.009 6.5
      vertex 0.519348 -226.109 6.5
    endloop
  endfacet
  facet normal 0.0470097 0.998894 -0
    outer loop
      vertex 0.519348 -226.109 6.5
      vertex -1.58427 -226.01 8.7
      vertex 0.519348 -226.109 8.7
    endloop
  endfacet
  facet normal 0.0470097 0.998894 0
    outer loop
      vertex -1.58427 -226.01 8.7
      vertex 0.519348 -226.109 6.5
      vertex -1.58427 -226.01 6.5
    endloop
  endfacet
  facet normal 0.154234 0.988034 -0
    outer loop
      vertex -1.58427 -226.01 6.5
      vertex -3.48688 -225.713 8.7
      vertex -1.58427 -226.01 8.7
    endloop
  endfacet
  facet normal 0.154234 0.988034 0
    outer loop
      vertex -3.48688 -225.713 8.7
      vertex -1.58427 -226.01 6.5
      vertex -3.48688 -225.713 6.5
    endloop
  endfacet
  facet normal 0.279849 0.960044 -0
    outer loop
      vertex -3.48688 -225.713 6.5
      vertex -5.18845 -225.217 8.7
      vertex -3.48688 -225.713 8.7
    endloop
  endfacet
  facet normal 0.279849 0.960044 0
    outer loop
      vertex -5.18845 -225.217 8.7
      vertex -3.48688 -225.713 6.5
      vertex -5.18845 -225.217 6.5
    endloop
  endfacet
  facet normal 0.419785 0.907624 -0
    outer loop
      vertex -5.18845 -225.217 6.5
      vertex -6.68896 -224.523 8.7
      vertex -5.18845 -225.217 8.7
    endloop
  endfacet
  facet normal 0.419785 0.907624 0
    outer loop
      vertex -6.68896 -224.523 8.7
      vertex -5.18845 -225.217 6.5
      vertex -6.68896 -224.523 6.5
    endloop
  endfacet
  facet normal 0.565923 0.824458 -0
    outer loop
      vertex -6.68896 -224.523 6.5
      vertex -7.98846 -223.631 8.7
      vertex -6.68896 -224.523 8.7
    endloop
  endfacet
  facet normal 0.565923 0.824458 0
    outer loop
      vertex -7.98846 -223.631 8.7
      vertex -6.68896 -224.523 6.5
      vertex -7.98846 -223.631 6.5
    endloop
  endfacet
  facet normal 0.705766 0.708445 -0
    outer loop
      vertex -7.98846 -223.631 6.5
      vertex -9.06754 -222.556 8.7
      vertex -7.98846 -223.631 8.7
    endloop
  endfacet
  facet normal 0.705766 0.708445 0
    outer loop
      vertex -9.06754 -222.556 8.7
      vertex -7.98846 -223.631 6.5
      vertex -9.06754 -222.556 6.5
    endloop
  endfacet
  facet normal 0.828558 0.559904 1.35781e-17
    outer loop
      vertex -9.06754 -222.556 8.7
      vertex -9.90683 -221.314 6.5
      vertex -9.90683 -221.314 8.7
    endloop
  endfacet
  facet normal 0.828558 0.559904 1.35781e-17
    outer loop
      vertex -9.90683 -221.314 6.5
      vertex -9.06754 -222.556 8.7
      vertex -9.06754 -222.556 6.5
    endloop
  endfacet
  facet normal 0.920179 0.391497 -1.12646e-17
    outer loop
      vertex -9.90683 -221.314 8.7
      vertex -10.5063 -219.905 6.5
      vertex -10.5063 -219.905 8.7
    endloop
  endfacet
  facet normal 0.920179 0.391497 -1.12646e-17
    outer loop
      vertex -10.5063 -219.905 6.5
      vertex -9.90683 -221.314 8.7
      vertex -9.90683 -221.314 6.5
    endloop
  endfacet
  facet normal 0.974929 0.222514 5.39607e-18
    outer loop
      vertex -10.5063 -219.905 8.7
      vertex -10.866 -218.329 6.5
      vertex -10.866 -218.329 8.7
    endloop
  endfacet
  facet normal 0.974929 0.222514 5.39607e-18
    outer loop
      vertex -10.866 -218.329 6.5
      vertex -10.5063 -219.905 8.7
      vertex -10.5063 -219.905 6.5
    endloop
  endfacet
  facet normal 0.99764 0.0686665 -3.59852e-19
    outer loop
      vertex -10.866 -218.329 8.7
      vertex -10.9859 -216.587 6.5
      vertex -10.9859 -216.587 8.7
    endloop
  endfacet
  facet normal 0.99764 0.0686665 -3.59852e-19
    outer loop
      vertex -10.9859 -216.587 6.5
      vertex -10.866 -218.329 8.7
      vertex -10.866 -218.329 6.5
    endloop
  endfacet
  facet normal 0.997351 -0.0727334 1.41951e-18
    outer loop
      vertex -10.9859 -216.587 8.7
      vertex -10.8628 -214.899 6.5
      vertex -10.8628 -214.899 8.7
    endloop
  endfacet
  facet normal 0.997351 -0.0727334 1.41951e-18
    outer loop
      vertex -10.8628 -214.899 6.5
      vertex -10.9859 -216.587 8.7
      vertex -10.9859 -216.587 6.5
    endloop
  endfacet
  facet normal -0.98578 -0.168044 2.22207e-18
    outer loop
      vertex -15.7907 -148.292 6.5
      vertex -16.1988 -145.898 8.7
      vertex -16.1988 -145.898 6.5
    endloop
  endfacet
  facet normal -0.98578 -0.168044 2.22207e-18
    outer loop
      vertex -16.1988 -145.898 8.7
      vertex -15.7907 -148.292 6.5
      vertex -15.7907 -148.292 8.7
    endloop
  endfacet
  facet normal -0.953302 -0.302019 -2.20351e-17
    outer loop
      vertex -15.1105 -150.439 6.5
      vertex -15.7907 -148.292 8.7
      vertex -15.7907 -148.292 6.5
    endloop
  endfacet
  facet normal -0.953302 -0.302019 -2.20351e-17
    outer loop
      vertex -15.7907 -148.292 8.7
      vertex -15.1105 -150.439 6.5
      vertex -15.1105 -150.439 8.7
    endloop
  endfacet
  facet normal -0.893824 -0.448419 -1.63386e-17
    outer loop
      vertex -14.1583 -152.337 6.5
      vertex -15.1105 -150.439 8.7
      vertex -15.1105 -150.439 6.5
    endloop
  endfacet
  facet normal -0.893824 -0.448419 -1.63386e-17
    outer loop
      vertex -15.1105 -150.439 8.7
      vertex -14.1583 -152.337 6.5
      vertex -14.1583 -152.337 8.7
    endloop
  endfacet
  facet normal -0.803269 -0.595616 3.0691e-17
    outer loop
      vertex -12.9341 -153.988 6.5
      vertex -14.1583 -152.337 8.7
      vertex -14.1583 -152.337 6.5
    endloop
  endfacet
  facet normal -0.803269 -0.595616 3.0691e-17
    outer loop
      vertex -14.1583 -152.337 8.7
      vertex -12.9341 -153.988 6.5
      vertex -12.9341 -153.988 8.7
    endloop
  endfacet
  facet normal -0.682237 -0.731131 0
    outer loop
      vertex -12.9341 -153.988 6.5
      vertex -11.4627 -155.361 8.7
      vertex -12.9341 -153.988 8.7
    endloop
  endfacet
  facet normal -0.682237 -0.731131 -0
    outer loop
      vertex -11.4627 -155.361 8.7
      vertex -12.9341 -153.988 6.5
      vertex -11.4627 -155.361 6.5
    endloop
  endfacet
  facet normal -0.533741 -0.845648 0
    outer loop
      vertex -11.4627 -155.361 6.5
      vertex -9.769 -156.43 8.7
      vertex -11.4627 -155.361 8.7
    endloop
  endfacet
  facet normal -0.533741 -0.845648 -0
    outer loop
      vertex -9.769 -156.43 8.7
      vertex -11.4627 -155.361 6.5
      vertex -9.769 -156.43 6.5
    endloop
  endfacet
  facet normal -0.369974 -0.929042 0
    outer loop
      vertex -9.769 -156.43 6.5
      vertex -7.85303 -157.193 8.7
      vertex -9.769 -156.43 8.7
    endloop
  endfacet
  facet normal -0.369974 -0.929042 -0
    outer loop
      vertex -7.85303 -157.193 8.7
      vertex -9.769 -156.43 6.5
      vertex -7.85303 -157.193 6.5
    endloop
  endfacet
  facet normal -0.209443 -0.977821 0
    outer loop
      vertex -7.85303 -157.193 6.5
      vertex -5.71478 -157.651 8.7
      vertex -7.85303 -157.193 8.7
    endloop
  endfacet
  facet normal -0.209443 -0.977821 -0
    outer loop
      vertex -5.71478 -157.651 8.7
      vertex -7.85303 -157.193 6.5
      vertex -5.71478 -157.651 6.5
    endloop
  endfacet
  facet normal -0.0646805 -0.997906 0
    outer loop
      vertex -5.71478 -157.651 6.5
      vertex -3.35426 -157.804 8.7
      vertex -5.71478 -157.651 8.7
    endloop
  endfacet
  facet normal -0.0646805 -0.997906 -0
    outer loop
      vertex -3.35426 -157.804 8.7
      vertex -5.71478 -157.651 6.5
      vertex -3.35426 -157.804 6.5
    endloop
  endfacet
  facet normal 0 -1 0
    outer loop
      vertex -3.35426 -157.804 6.5
      vertex 16.6126 -157.804 8.7
      vertex -3.35426 -157.804 8.7
    endloop
  endfacet
  facet normal 0 -1 -0
    outer loop
      vertex 16.6126 -157.804 8.7
      vertex -3.35426 -157.804 6.5
      vertex 16.6126 -157.804 6.5
    endloop
  endfacet
  facet normal 1 -0 0
    outer loop
      vertex 16.6126 -157.804 8.7
      vertex 16.6126 -151.002 6.5
      vertex 16.6126 -151.002 8.7
    endloop
  endfacet
  facet normal 1 0 0
    outer loop
      vertex 16.6126 -151.002 6.5
      vertex 16.6126 -157.804 8.7
      vertex 16.6126 -157.804 6.5
    endloop
  endfacet
  facet normal 0 1 -0
    outer loop
      vertex 16.6126 -151.002 6.5
      vertex -2.93912 -151.002 8.7
      vertex 16.6126 -151.002 8.7
    endloop
  endfacet
  facet normal 0 1 0
    outer loop
      vertex -2.93912 -151.002 8.7
      vertex 16.6126 -151.002 6.5
      vertex -2.93912 -151.002 6.5
    endloop
  endfacet
  facet normal 0.0524111 0.998626 -0
    outer loop
      vertex -2.93912 -151.002 6.5
      vertex -4.42531 -150.924 8.7
      vertex -2.93912 -151.002 8.7
    endloop
  endfacet
  facet normal 0.0524111 0.998626 0
    outer loop
      vertex -4.42531 -150.924 8.7
      vertex -2.93912 -151.002 6.5
      vertex -4.42531 -150.924 6.5
    endloop
  endfacet
  facet normal 0.173273 0.984874 -0
    outer loop
      vertex -4.42531 -150.924 6.5
      vertex -5.76672 -150.688 8.7
      vertex -4.42531 -150.924 8.7
    endloop
  endfacet
  facet normal 0.173273 0.984874 0
    outer loop
      vertex -5.76672 -150.688 8.7
      vertex -4.42531 -150.924 6.5
      vertex -5.76672 -150.688 6.5
    endloop
  endfacet
  facet normal 0.311299 0.950312 -0
    outer loop
      vertex -5.76672 -150.688 6.5
      vertex -6.96339 -150.296 8.7
      vertex -5.76672 -150.688 8.7
    endloop
  endfacet
  facet normal 0.311299 0.950312 0
    outer loop
      vertex -6.96339 -150.296 8.7
      vertex -5.76672 -150.688 6.5
      vertex -6.96339 -150.296 6.5
    endloop
  endfacet
  facet normal 0.462024 0.886867 -0
    outer loop
      vertex -6.96339 -150.296 6.5
      vertex -8.01529 -149.748 8.7
      vertex -6.96339 -150.296 8.7
    endloop
  endfacet
  facet normal 0.462024 0.886867 0
    outer loop
      vertex -8.01529 -149.748 8.7
      vertex -6.96339 -150.296 6.5
      vertex -8.01529 -149.748 6.5
    endloop
  endfacet
  facet normal 0.614178 0.789167 -0
    outer loop
      vertex -8.01529 -149.748 6.5
      vertex -8.92244 -149.042 8.7
      vertex -8.01529 -149.748 8.7
    endloop
  endfacet
  facet normal 0.614178 0.789167 0
    outer loop
      vertex -8.92244 -149.042 8.7
      vertex -8.01529 -149.748 6.5
      vertex -8.92244 -149.042 6.5
    endloop
  endfacet
  facet normal 0.749712 0.661764 -7.18539e-18
    outer loop
      vertex -8.92244 -149.042 8.7
      vertex -9.67361 -148.191 6.5
      vertex -9.67361 -148.191 8.7
    endloop
  endfacet
  facet normal 0.749712 0.661764 -7.18539e-18
    outer loop
      vertex -9.67361 -148.191 6.5
      vertex -8.92244 -149.042 8.7
      vertex -8.92244 -149.042 6.5
    endloop
  endfacet
  facet normal 0.860294 0.509798 -7.20232e-18
    outer loop
      vertex -9.67361 -148.191 8.7
      vertex -10.2579 -147.205 6.5
      vertex -10.2579 -147.205 8.7
    endloop
  endfacet
  facet normal 0.860294 0.509798 -7.20232e-18
    outer loop
      vertex -10.2579 -147.205 6.5
      vertex -9.67361 -148.191 8.7
      vertex -9.67361 -148.191 6.5
    endloop
  endfacet
  facet normal 0.93707 0.349142 -1.15451e-18
    outer loop
      vertex -10.2579 -147.205 8.7
      vertex -10.6752 -146.085 6.5
      vertex -10.6752 -146.085 8.7
    endloop
  endfacet
  facet normal 0.93707 0.349142 -1.15451e-18
    outer loop
      vertex -10.6752 -146.085 6.5
      vertex -10.2579 -147.205 8.7
      vertex -10.2579 -147.205 6.5
    endloop
  endfacet
  facet normal 0.980701 0.195515 -6.74361e-18
    outer loop
      vertex -10.6752 -146.085 8.7
      vertex -10.9256 -144.829 6.5
      vertex -10.9256 -144.829 8.7
    endloop
  endfacet
  facet normal 0.980701 0.195515 -6.74361e-18
    outer loop
      vertex -10.9256 -144.829 6.5
      vertex -10.6752 -146.085 8.7
      vertex -10.6752 -146.085 6.5
    endloop
  endfacet
  facet normal 0.998202 0.0599353 -8.21217e-19
    outer loop
      vertex -10.9256 -144.829 8.7
      vertex -11.009 -143.44 6.5
      vertex -11.009 -143.44 8.7
    endloop
  endfacet
  facet normal 0.998202 0.0599353 -8.21217e-19
    outer loop
      vertex -11.009 -143.44 6.5
      vertex -10.9256 -144.829 8.7
      vertex -10.9256 -144.829 6.5
    endloop
  endfacet
  facet normal 0.998263 -0.0589211 -1.87397e-18
    outer loop
      vertex -11.009 -143.44 8.7
      vertex -10.9292 -142.088 6.5
      vertex -10.9292 -142.088 8.7
    endloop
  endfacet
  facet normal 0.998263 -0.0589211 -1.87397e-18
    outer loop
      vertex -10.9292 -142.088 6.5
      vertex -11.009 -143.44 8.7
      vertex -11.009 -143.44 6.5
    endloop
  endfacet
  facet normal 0.981121 -0.193396 6.54179e-18
    outer loop
      vertex -10.9292 -142.088 8.7
      vertex -10.6899 -140.874 6.5
      vertex -10.6899 -140.874 8.7
    endloop
  endfacet
  facet normal 0.981121 -0.193396 6.54179e-18
    outer loop
      vertex -10.6899 -140.874 6.5
      vertex -10.9292 -142.088 8.7
      vertex -10.9292 -142.088 6.5
    endloop
  endfacet
  facet normal 0.937746 -0.347323 -7.1874e-19
    outer loop
      vertex -10.6899 -140.874 8.7
      vertex -10.291 -139.797 6.5
      vertex -10.291 -139.797 8.7
    endloop
  endfacet
  facet normal 0.937746 -0.347323 -7.1874e-19
    outer loop
      vertex -10.291 -139.797 6.5
      vertex -10.6899 -140.874 8.7
      vertex -10.6899 -140.874 6.5
    endloop
  endfacet
  facet normal 0.859493 -0.511147 -2.70655e-18
    outer loop
      vertex -10.291 -139.797 8.7
      vertex -9.73257 -138.858 6.5
      vertex -9.73257 -138.858 8.7
    endloop
  endfacet
  facet normal 0.859493 -0.511147 -2.70655e-18
    outer loop
      vertex -9.73257 -138.858 6.5
      vertex -10.291 -139.797 8.7
      vertex -10.291 -139.797 6.5
    endloop
  endfacet
  facet normal 0.745056 -0.667002 2.0442e-17
    outer loop
      vertex -9.73257 -138.858 8.7
      vertex -9.01459 -138.056 6.5
      vertex -9.01459 -138.056 8.7
    endloop
  endfacet
  facet normal 0.745056 -0.667002 2.0442e-17
    outer loop
      vertex -9.01459 -138.056 6.5
      vertex -9.73257 -138.858 8.7
      vertex -9.73257 -138.858 6.5
    endloop
  endfacet
  facet normal 0.603492 -0.797369 0
    outer loop
      vertex -9.01459 -138.056 6.5
      vertex -8.14256 -137.396 8.7
      vertex -9.01459 -138.056 8.7
    endloop
  endfacet
  facet normal 0.603492 -0.797369 0
    outer loop
      vertex -8.14256 -137.396 8.7
      vertex -9.01459 -138.056 6.5
      vertex -8.14256 -137.396 6.5
    endloop
  endfacet
  facet normal 0.449139 -0.893462 0
    outer loop
      vertex -8.14256 -137.396 6.5
      vertex -7.12206 -136.883 8.7
      vertex -8.14256 -137.396 8.7
    endloop
  endfacet
  facet normal 0.449139 -0.893462 0
    outer loop
      vertex -7.12206 -136.883 8.7
      vertex -8.14256 -137.396 6.5
      vertex -7.12206 -136.883 6.5
    endloop
  endfacet
  facet normal 0.299534 -0.954086 0
    outer loop
      vertex -7.12206 -136.883 6.5
      vertex -5.95308 -136.516 8.7
      vertex -7.12206 -136.883 8.7
    endloop
  endfacet
  facet normal 0.299534 -0.954086 0
    outer loop
      vertex -5.95308 -136.516 8.7
      vertex -7.12206 -136.883 6.5
      vertex -5.95308 -136.516 6.5
    endloop
  endfacet
  facet normal 0.164705 -0.986343 0
    outer loop
      vertex -5.95308 -136.516 6.5
      vertex -4.6356 -136.296 8.7
      vertex -5.95308 -136.516 8.7
    endloop
  endfacet
  facet normal 0.164705 -0.986343 0
    outer loop
      vertex -4.6356 -136.296 8.7
      vertex -5.95308 -136.516 6.5
      vertex -4.6356 -136.296 6.5
    endloop
  endfacet
  facet normal 0.0497354 -0.998762 0
    outer loop
      vertex -4.6356 -136.296 6.5
      vertex -3.16965 -136.223 8.7
      vertex -4.6356 -136.296 8.7
    endloop
  endfacet
  facet normal 0.0497354 -0.998762 0
    outer loop
      vertex -3.16965 -136.223 8.7
      vertex -4.6356 -136.296 6.5
      vertex -3.16965 -136.223 6.5
    endloop
  endfacet
  facet normal 0 -1 0
    outer loop
      vertex -3.16965 -136.223 6.5
      vertex 16.6126 -136.223 8.7
      vertex -3.16965 -136.223 8.7
    endloop
  endfacet
  facet normal 0 -1 -0
    outer loop
      vertex 16.6126 -136.223 8.7
      vertex -3.16965 -136.223 6.5
      vertex 16.6126 -136.223 6.5
    endloop
  endfacet
  facet normal 1 -0 0
    outer loop
      vertex 16.6126 -136.223 8.7
      vertex 16.6126 -129.421 6.5
      vertex 16.6126 -129.421 8.7
    endloop
  endfacet
  facet normal 1 0 0
    outer loop
      vertex 16.6126 -129.421 6.5
      vertex 16.6126 -136.223 8.7
      vertex 16.6126 -136.223 6.5
    endloop
  endfacet
  facet normal 0 1 -0
    outer loop
      vertex 16.6126 -129.421 6.5
      vertex -3.70004 -129.421 8.7
      vertex 16.6126 -129.421 8.7
    endloop
  endfacet
  facet normal 0 1 0
    outer loop
      vertex -3.70004 -129.421 8.7
      vertex 16.6126 -129.421 6.5
      vertex -3.70004 -129.421 6.5
    endloop
  endfacet
  facet normal -0.0614636 0.998109 0
    outer loop
      vertex -3.70004 -129.421 6.5
      vertex -6.02222 -129.564 8.7
      vertex -3.70004 -129.421 8.7
    endloop
  endfacet
  facet normal -0.0614636 0.998109 0
    outer loop
      vertex -6.02222 -129.564 8.7
      vertex -3.70004 -129.421 6.5
      vertex -6.02222 -129.564 6.5
    endloop
  endfacet
  facet normal -0.199515 0.979895 0
    outer loop
      vertex -6.02222 -129.564 6.5
      vertex -8.11938 -129.991 8.7
      vertex -6.02222 -129.564 8.7
    endloop
  endfacet
  facet normal -0.199515 0.979895 0
    outer loop
      vertex -8.11938 -129.991 8.7
      vertex -6.02222 -129.564 6.5
      vertex -8.11938 -129.991 6.5
    endloop
  endfacet
  facet normal -0.355903 0.934523 0
    outer loop
      vertex -8.11938 -129.991 6.5
      vertex -9.99156 -130.704 8.7
      vertex -8.11938 -129.991 8.7
    endloop
  endfacet
  facet normal -0.355903 0.934523 0
    outer loop
      vertex -9.99156 -130.704 8.7
      vertex -8.11938 -129.991 6.5
      vertex -9.99156 -130.704 6.5
    endloop
  endfacet
  facet normal -0.51782 0.855489 0
    outer loop
      vertex -9.99156 -130.704 6.5
      vertex -11.6387 -131.701 8.7
      vertex -9.99156 -130.704 8.7
    endloop
  endfacet
  facet normal -0.51782 0.855489 0
    outer loop
      vertex -11.6387 -131.701 8.7
      vertex -9.99156 -130.704 6.5
      vertex -11.6387 -131.701 6.5
    endloop
  endfacet
  facet normal -0.669835 0.74251 0
    outer loop
      vertex -11.6387 -131.701 6.5
      vertex -13.0609 -132.984 8.7
      vertex -11.6387 -131.701 8.7
    endloop
  endfacet
  facet normal -0.669835 0.74251 0
    outer loop
      vertex -13.0609 -132.984 8.7
      vertex -11.6387 -131.701 6.5
      vertex -13.0609 -132.984 6.5
    endloop
  endfacet
  facet normal -0.796014 0.605279 1.64003e-17
    outer loop
      vertex -14.2395 -134.534 6.5
      vertex -13.0609 -132.984 8.7
      vertex -13.0609 -132.984 6.5
    endloop
  endfacet
  facet normal -0.796014 0.605279 1.64003e-17
    outer loop
      vertex -13.0609 -132.984 8.7
      vertex -14.2395 -134.534 6.5
      vertex -14.2395 -134.534 8.7
    endloop
  endfacet
  facet normal -0.891401 0.453215 -7.16329e-18
    outer loop
      vertex -15.1562 -136.337 6.5
      vertex -14.2395 -134.534 8.7
      vertex -14.2395 -134.534 6.5
    endloop
  endfacet
  facet normal -0.891401 0.453215 -7.16329e-18
    outer loop
      vertex -14.2395 -134.534 8.7
      vertex -15.1562 -136.337 6.5
      vertex -15.1562 -136.337 8.7
    endloop
  endfacet
  facet normal -0.952757 0.303732 7.74942e-18
    outer loop
      vertex -15.811 -138.391 6.5
      vertex -15.1562 -136.337 8.7
      vertex -15.1562 -136.337 6.5
    endloop
  endfacet
  facet normal -0.952757 0.303732 7.74942e-18
    outer loop
      vertex -15.1562 -136.337 8.7
      vertex -15.811 -138.391 6.5
      vertex -15.811 -138.391 8.7
    endloop
  endfacet
  facet normal -0.985801 0.16792 -5.59348e-18
    outer loop
      vertex -16.2038 -140.697 6.5
      vertex -15.811 -138.391 8.7
      vertex -15.811 -138.391 6.5
    endloop
  endfacet
  facet normal -0.985801 0.16792 -5.59348e-18
    outer loop
      vertex -15.811 -138.391 8.7
      vertex -16.2038 -140.697 6.5
      vertex -16.2038 -140.697 8.7
    endloop
  endfacet
  facet normal -0.998691 0.0511449 -1.78937e-18
    outer loop
      vertex -16.3348 -143.255 6.5
      vertex -16.2038 -140.697 8.7
      vertex -16.2038 -140.697 6.5
    endloop
  endfacet
  facet normal -0.998691 0.0511449 -1.78937e-18
    outer loop
      vertex -16.2038 -140.697 8.7
      vertex -16.3348 -143.255 6.5
      vertex -16.3348 -143.255 8.7
    endloop
  endfacet
  facet normal -0.998679 -0.0513887 4.49245e-18
    outer loop
      vertex -16.1988 -145.898 6.5
      vertex -16.3348 -143.255 8.7
      vertex -16.3348 -143.255 6.5
    endloop
  endfacet
  facet normal -0.998679 -0.0513887 4.49245e-18
    outer loop
      vertex -16.3348 -143.255 8.7
      vertex -16.1988 -145.898 6.5
      vertex -16.1988 -145.898 8.7
    endloop
  endfacet
  facet normal 0.0131494 -0.999914 0
    outer loop
      vertex 3.81633 -169.088 6.5
      vertex 4.6528 -169.077 8.7
      vertex 3.81633 -169.088 8.7
    endloop
  endfacet
  facet normal 0.0131494 -0.999914 0
    outer loop
      vertex 4.6528 -169.077 8.7
      vertex 3.81633 -169.088 6.5
      vertex 4.6528 -169.077 6.5
    endloop
  endfacet
  facet normal 0.0292934 -0.999571 0
    outer loop
      vertex 4.6528 -169.077 6.5
      vertex 5.77885 -169.044 8.7
      vertex 4.6528 -169.077 8.7
    endloop
  endfacet
  facet normal 0.0292934 -0.999571 0
    outer loop
      vertex 5.77885 -169.044 8.7
      vertex 4.6528 -169.077 6.5
      vertex 5.77885 -169.044 6.5
    endloop
  endfacet
  facet normal 0.0395277 -0.999218 0
    outer loop
      vertex 5.77885 -169.044 6.5
      vertex 7.19447 -168.988 8.7
      vertex 5.77885 -169.044 8.7
    endloop
  endfacet
  facet normal 0.0395277 -0.999218 0
    outer loop
      vertex 7.19447 -168.988 8.7
      vertex 5.77885 -169.044 6.5
      vertex 7.19447 -168.988 6.5
    endloop
  endfacet
  facet normal 0.04511 -0.998982 0
    outer loop
      vertex 7.19447 -168.988 6.5
      vertex 8.89967 -168.911 8.7
      vertex 7.19447 -168.988 8.7
    endloop
  endfacet
  facet normal 0.04511 -0.998982 0
    outer loop
      vertex 8.89967 -168.911 8.7
      vertex 7.19447 -168.988 6.5
      vertex 8.89967 -168.911 6.5
    endloop
  endfacet
  facet normal 0.0500692 -0.998746 0
    outer loop
      vertex 8.89967 -168.911 6.5
      vertex 10.8944 -168.811 8.7
      vertex 8.89967 -168.911 8.7
    endloop
  endfacet
  facet normal 0.0500692 -0.998746 0
    outer loop
      vertex 10.8944 -168.811 8.7
      vertex 8.89967 -168.911 6.5
      vertex 10.8944 -168.811 6.5
    endloop
  endfacet
  facet normal -0.274389 0.961619 0
    outer loop
      vertex 10.8944 -168.811 6.5
      vertex 2.24858 -171.278 8.7
      vertex 10.8944 -168.811 8.7
    endloop
  endfacet
  facet normal -0.274389 0.961619 0
    outer loop
      vertex 2.24858 -171.278 8.7
      vertex 10.8944 -168.811 6.5
      vertex 2.24858 -171.278 6.5
    endloop
  endfacet
  facet normal -0.307531 0.951538 0
    outer loop
      vertex 2.24858 -171.278 6.5
      vertex -15.8737 -177.135 8.7
      vertex 2.24858 -171.278 8.7
    endloop
  endfacet
  facet normal -0.307531 0.951538 0
    outer loop
      vertex -15.8737 -177.135 8.7
      vertex 2.24858 -171.278 6.5
      vertex -15.8737 -177.135 6.5
    endloop
  endfacet
  facet normal -1 0 0
    outer loop
      vertex -15.8737 -181.976 6.5
      vertex -15.8737 -177.135 8.7
      vertex -15.8737 -177.135 6.5
    endloop
  endfacet
  facet normal -1 -0 0
    outer loop
      vertex -15.8737 -177.135 8.7
      vertex -15.8737 -181.976 6.5
      vertex -15.8737 -181.976 8.7
    endloop
  endfacet
  facet normal -0.307531 -0.951538 0
    outer loop
      vertex -15.8737 -181.976 6.5
      vertex 2.24858 -187.833 8.7
      vertex -15.8737 -181.976 8.7
    endloop
  endfacet
  facet normal -0.307531 -0.951538 -0
    outer loop
      vertex 2.24858 -187.833 8.7
      vertex -15.8737 -181.976 6.5
      vertex 2.24858 -187.833 6.5
    endloop
  endfacet
  facet normal -0.294055 -0.955789 0
    outer loop
      vertex 2.24858 -187.833 6.5
      vertex 3.37646 -188.18 8.7
      vertex 2.24858 -187.833 8.7
    endloop
  endfacet
  facet normal -0.294055 -0.955789 -0
    outer loop
      vertex 3.37646 -188.18 8.7
      vertex 2.24858 -187.833 6.5
      vertex 3.37646 -188.18 6.5
    endloop
  endfacet
  facet normal -0.279591 -0.960119 0
    outer loop
      vertex 3.37646 -188.18 6.5
      vertex 4.80501 -188.596 8.7
      vertex 3.37646 -188.18 8.7
    endloop
  endfacet
  facet normal -0.279591 -0.960119 -0
    outer loop
      vertex 4.80501 -188.596 8.7
      vertex 3.37646 -188.18 6.5
      vertex 4.80501 -188.596 6.5
    endloop
  endfacet
  facet normal -0.269543 -0.962988 0
    outer loop
      vertex 4.80501 -188.596 6.5
      vertex 6.53418 -189.08 8.7
      vertex 4.80501 -188.596 8.7
    endloop
  endfacet
  facet normal -0.269543 -0.962988 -0
    outer loop
      vertex 6.53418 -189.08 8.7
      vertex 4.80501 -188.596 6.5
      vertex 6.53418 -189.08 6.5
    endloop
  endfacet
  facet normal -0.26286 -0.964834 0
    outer loop
      vertex 6.53418 -189.08 6.5
      vertex 8.56398 -189.633 8.7
      vertex 6.53418 -189.08 8.7
    endloop
  endfacet
  facet normal -0.26286 -0.964834 -0
    outer loop
      vertex 8.56398 -189.633 8.7
      vertex 6.53418 -189.08 6.5
      vertex 8.56398 -189.633 6.5
    endloop
  endfacet
  facet normal -0.25749 -0.966281 0
    outer loop
      vertex 8.56398 -189.633 6.5
      vertex 10.8944 -190.254 8.7
      vertex 8.56398 -189.633 8.7
    endloop
  endfacet
  facet normal -0.25749 -0.966281 -0
    outer loop
      vertex 10.8944 -190.254 8.7
      vertex 8.56398 -189.633 6.5
      vertex 10.8944 -190.254 6.5
    endloop
  endfacet
  facet normal 0.0409874 0.99916 -0
    outer loop
      vertex 10.8944 -190.254 6.5
      vertex 9.04173 -190.178 8.7
      vertex 10.8944 -190.254 8.7
    endloop
  endfacet
  facet normal 0.0409874 0.99916 0
    outer loop
      vertex 9.04173 -190.178 8.7
      vertex 10.8944 -190.254 6.5
      vertex 9.04173 -190.178 6.5
    endloop
  endfacet
  facet normal 0.0392912 0.999228 -0
    outer loop
      vertex 9.04173 -190.178 6.5
      vertex 7.54128 -190.119 8.7
      vertex 9.04173 -190.178 8.7
    endloop
  endfacet
  facet normal 0.0392912 0.999228 0
    outer loop
      vertex 7.54128 -190.119 8.7
      vertex 9.04173 -190.178 6.5
      vertex 7.54128 -190.119 6.5
    endloop
  endfacet
  facet normal 0.0382934 0.999267 -0
    outer loop
      vertex 7.54128 -190.119 6.5
      vertex 6.3931 -190.075 8.7
      vertex 7.54128 -190.119 8.7
    endloop
  endfacet
  facet normal 0.0382934 0.999267 0
    outer loop
      vertex 6.3931 -190.075 8.7
      vertex 7.54128 -190.119 6.5
      vertex 6.3931 -190.075 6.5
    endloop
  endfacet
  facet normal 0.0351577 0.999382 -0
    outer loop
      vertex 6.3931 -190.075 6.5
      vertex 5.59718 -190.047 8.7
      vertex 6.3931 -190.075 8.7
    endloop
  endfacet
  facet normal 0.0351577 0.999382 0
    outer loop
      vertex 5.59718 -190.047 8.7
      vertex 6.3931 -190.075 6.5
      vertex 5.59718 -190.047 6.5
    endloop
  endfacet
  facet normal 0.0270397 0.999634 -0
    outer loop
      vertex 5.59718 -190.047 6.5
      vertex 5.15355 -190.035 8.7
      vertex 5.59718 -190.047 8.7
    endloop
  endfacet
  facet normal 0.0270397 0.999634 0
    outer loop
      vertex 5.15355 -190.035 8.7
      vertex 5.59718 -190.047 6.5
      vertex 5.15355 -190.035 6.5
    endloop
  endfacet
  facet normal 0.0186883 0.999825 -0
    outer loop
      vertex 5.15355 -190.035 6.5
      vertex 4.88605 -190.03 8.7
      vertex 5.15355 -190.035 8.7
    endloop
  endfacet
  facet normal 0.0186883 0.999825 0
    outer loop
      vertex 4.88605 -190.03 8.7
      vertex 5.15355 -190.035 6.5
      vertex 4.88605 -190.03 6.5
    endloop
  endfacet
  facet normal 0.0112155 0.999937 -0
    outer loop
      vertex 4.88605 -190.03 6.5
      vertex 4.61858 -190.027 8.7
      vertex 4.88605 -190.03 8.7
    endloop
  endfacet
  facet normal 0.0112155 0.999937 0
    outer loop
      vertex 4.61858 -190.027 8.7
      vertex 4.88605 -190.03 6.5
      vertex 4.61858 -190.027 6.5
    endloop
  endfacet
  facet normal 0.0074781 0.999972 -0
    outer loop
      vertex 4.61858 -190.027 6.5
      vertex 4.35114 -190.025 8.7
      vertex 4.61858 -190.027 8.7
    endloop
  endfacet
  facet normal 0.0074781 0.999972 0
    outer loop
      vertex 4.35114 -190.025 8.7
      vertex 4.61858 -190.027 6.5
      vertex 4.35114 -190.025 6.5
    endloop
  endfacet
  facet normal 0.00373927 0.999993 -0
    outer loop
      vertex 4.35114 -190.025 6.5
      vertex 4.08371 -190.024 8.7
      vertex 4.35114 -190.025 8.7
    endloop
  endfacet
  facet normal 0.00373927 0.999993 0
    outer loop
      vertex 4.08371 -190.024 8.7
      vertex 4.35114 -190.025 6.5
      vertex 4.08371 -190.024 6.5
    endloop
  endfacet
  facet normal 0.00373997 0.999993 -0
    outer loop
      vertex 4.08371 -190.024 6.5
      vertex 3.81633 -190.023 8.7
      vertex 4.08371 -190.024 8.7
    endloop
  endfacet
  facet normal 0.00373997 0.999993 0
    outer loop
      vertex 3.81633 -190.023 8.7
      vertex 4.08371 -190.024 6.5
      vertex 3.81633 -190.023 6.5
    endloop
  endfacet
  facet normal 0 1 -0
    outer loop
      vertex 3.81633 -190.023 6.5
      vertex -15.8737 -190.023 8.7
      vertex 3.81633 -190.023 8.7
    endloop
  endfacet
  facet normal 0 1 0
    outer loop
      vertex -15.8737 -190.023 8.7
      vertex 3.81633 -190.023 6.5
      vertex -15.8737 -190.023 6.5
    endloop
  endfacet
  facet normal -1 0 0
    outer loop
      vertex -15.8737 -196.064 6.5
      vertex -15.8737 -190.023 8.7
      vertex -15.8737 -190.023 6.5
    endloop
  endfacet
  facet normal -1 -0 0
    outer loop
      vertex -15.8737 -190.023 8.7
      vertex -15.8737 -196.064 6.5
      vertex -15.8737 -196.064 8.7
    endloop
  endfacet
  facet normal 0 -1 0
    outer loop
      vertex -15.8737 -196.064 6.5
      vertex 16.6126 -196.064 8.7
      vertex -15.8737 -196.064 8.7
    endloop
  endfacet
  facet normal 0 -1 -0
    outer loop
      vertex 16.6126 -196.064 8.7
      vertex -15.8737 -196.064 6.5
      vertex 16.6126 -196.064 6.5
    endloop
  endfacet
  facet normal 1 -0 0
    outer loop
      vertex 16.6126 -196.064 8.7
      vertex 16.6126 -187.003 6.5
      vertex 16.6126 -187.003 8.7
    endloop
  endfacet
  facet normal 1 0 0
    outer loop
      vertex 16.6126 -187.003 6.5
      vertex 16.6126 -196.064 8.7
      vertex 16.6126 -196.064 6.5
    endloop
  endfacet
  facet normal 0.298885 0.954289 -0
    outer loop
      vertex 16.6126 -187.003 6.5
      vertex -2.45496 -181.031 8.7
      vertex 16.6126 -187.003 8.7
    endloop
  endfacet
  facet normal 0.298885 0.954289 0
    outer loop
      vertex -2.45496 -181.031 8.7
      vertex 16.6126 -187.003 6.5
      vertex -2.45496 -181.031 6.5
    endloop
  endfacet
  facet normal 0.268424 0.963301 -0
    outer loop
      vertex -2.45496 -181.031 6.5
      vertex -7.6658 -179.579 8.7
      vertex -2.45496 -181.031 8.7
    endloop
  endfacet
  facet normal 0.268424 0.963301 0
    outer loop
      vertex -7.6658 -179.579 8.7
      vertex -2.45496 -181.031 6.5
      vertex -7.6658 -179.579 6.5
    endloop
  endfacet
  facet normal 0.246209 -0.969217 0
    outer loop
      vertex -7.6658 -179.579 6.5
      vertex -3.30803 -178.472 8.7
      vertex -7.6658 -179.579 8.7
    endloop
  endfacet
  facet normal 0.246209 -0.969217 0
    outer loop
      vertex -3.30803 -178.472 8.7
      vertex -7.6658 -179.579 6.5
      vertex -3.30803 -178.472 6.5
    endloop
  endfacet
  facet normal 0.277924 -0.960603 0
    outer loop
      vertex -3.30803 -178.472 6.5
      vertex -1.55566 -177.965 8.7
      vertex -3.30803 -178.472 8.7
    endloop
  endfacet
  facet normal 0.277924 -0.960603 0
    outer loop
      vertex -1.55566 -177.965 8.7
      vertex -3.30803 -178.472 6.5
      vertex -1.55566 -177.965 6.5
    endloop
  endfacet
  facet normal 0.304641 -0.952467 0
    outer loop
      vertex -1.55566 -177.965 6.5
      vertex 16.6126 -172.154 8.7
      vertex -1.55566 -177.965 8.7
    endloop
  endfacet
  facet normal 0.304641 -0.952467 0
    outer loop
      vertex 16.6126 -172.154 8.7
      vertex -1.55566 -177.965 6.5
      vertex 16.6126 -172.154 6.5
    endloop
  endfacet
  facet normal 1 -0 0
    outer loop
      vertex 16.6126 -172.154 8.7
      vertex 16.6126 -163.047 6.5
      vertex 16.6126 -163.047 8.7
    endloop
  endfacet
  facet normal 1 0 0
    outer loop
      vertex 16.6126 -163.047 6.5
      vertex 16.6126 -172.154 8.7
      vertex 16.6126 -172.154 6.5
    endloop
  endfacet
  facet normal 0 1 -0
    outer loop
      vertex 16.6126 -163.047 6.5
      vertex -15.8737 -163.047 8.7
      vertex 16.6126 -163.047 8.7
    endloop
  endfacet
  facet normal 0 1 0
    outer loop
      vertex -15.8737 -163.047 8.7
      vertex 16.6126 -163.047 6.5
      vertex -15.8737 -163.047 6.5
    endloop
  endfacet
  facet normal -1 0 0
    outer loop
      vertex -15.8737 -169.088 6.5
      vertex -15.8737 -163.047 8.7
      vertex -15.8737 -163.047 6.5
    endloop
  endfacet
  facet normal -1 -0 0
    outer loop
      vertex -15.8737 -163.047 8.7
      vertex -15.8737 -169.088 6.5
      vertex -15.8737 -169.088 8.7
    endloop
  endfacet
  facet normal 0 -1 0
    outer loop
      vertex -15.8737 -169.088 6.5
      vertex 3.81633 -169.088 8.7
      vertex -15.8737 -169.088 8.7
    endloop
  endfacet
  facet normal 0 -1 -0
    outer loop
      vertex 3.81633 -169.088 8.7
      vertex -15.8737 -169.088 6.5
      vertex 3.81633 -169.088 6.5
    endloop
  endfacet
  facet normal 0.256471 -0.966552 0
    outer loop
      vertex 88.2605 -321.477 3
      vertex 88.513 -321.41 6.5
      vertex 88.2605 -321.477 6.5
    endloop
  endfacet
  facet normal 0.256471 -0.966552 0
    outer loop
      vertex 88.513 -321.41 6.5
      vertex 88.2605 -321.477 3
      vertex 88.513 -321.41 3
    endloop
  endfacet
  facet normal 0.42414 -0.905597 0
    outer loop
      vertex 88.513 -321.41 3
      vertex 88.75 -321.299 6.5
      vertex 88.513 -321.41 6.5
    endloop
  endfacet
  facet normal 0.42414 -0.905597 0
    outer loop
      vertex 88.75 -321.299 6.5
      vertex 88.513 -321.41 3
      vertex 88.75 -321.299 3
    endloop
  endfacet
  facet normal 0.573616 -0.819124 0
    outer loop
      vertex 88.75 -321.299 3
      vertex 88.9642 -321.149 6.5
      vertex 88.75 -321.299 6.5
    endloop
  endfacet
  facet normal 0.573616 -0.819124 0
    outer loop
      vertex 88.9642 -321.149 6.5
      vertex 88.75 -321.299 3
      vertex 88.9642 -321.149 3
    endloop
  endfacet
  facet normal 0.707298 -0.706916 3.12367e-18
    outer loop
      vertex 88.9642 -321.149 6.5
      vertex 89.1491 -320.964 3
      vertex 89.1491 -320.964 6.5
    endloop
  endfacet
  facet normal 0.707298 -0.706916 3.12367e-18
    outer loop
      vertex 89.1491 -320.964 3
      vertex 88.9642 -321.149 6.5
      vertex 88.9642 -321.149 3
    endloop
  endfacet
  facet normal 0.819052 -0.573719 2.78988e-18
    outer loop
      vertex 89.1491 -320.964 6.5
      vertex 89.299 -320.75 3
      vertex 89.299 -320.75 6.5
    endloop
  endfacet
  facet normal 0.819052 -0.573719 2.78988e-18
    outer loop
      vertex 89.299 -320.75 3
      vertex 89.1491 -320.964 6.5
      vertex 89.1491 -320.964 3
    endloop
  endfacet
  facet normal 0.90633 -0.422571 -6.38586e-19
    outer loop
      vertex 89.299 -320.75 6.5
      vertex 89.4095 -320.513 3
      vertex 89.4095 -320.513 6.5
    endloop
  endfacet
  facet normal 0.90633 -0.422571 -6.38586e-19
    outer loop
      vertex 89.4095 -320.513 3
      vertex 89.299 -320.75 6.5
      vertex 89.299 -320.75 3
    endloop
  endfacet
  facet normal 0.966013 -0.258494 -1.45076e-18
    outer loop
      vertex 89.4095 -320.513 6.5
      vertex 89.4772 -320.26 3
      vertex 89.4772 -320.26 6.5
    endloop
  endfacet
  facet normal 0.966013 -0.258494 -1.45076e-18
    outer loop
      vertex 89.4772 -320.26 3
      vertex 89.4095 -320.513 6.5
      vertex 89.4095 -320.513 3
    endloop
  endfacet
  facet normal 0.996177 -0.0873571 2.23467e-19
    outer loop
      vertex 89.4772 -320.26 6.5
      vertex 89.5 -320 3
      vertex 89.5 -320 6.5
    endloop
  endfacet
  facet normal 0.996177 -0.0873571 2.23467e-19
    outer loop
      vertex 89.5 -320 3
      vertex 89.4772 -320.26 6.5
      vertex 89.4772 -320.26 3
    endloop
  endfacet
  facet normal 1 -0 0
    outer loop
      vertex 89.5 -320 6.5
      vertex 89.5 -236.5 3
      vertex 89.5 -236.5 6.5
    endloop
  endfacet
  facet normal 1 0 0
    outer loop
      vertex 89.5 -236.5 3
      vertex 89.5 -320 6.5
      vertex 89.5 -320 3
    endloop
  endfacet
  facet normal 0 -1 0
    outer loop
      vertex 89.5 -236.5 3
      vertex 175 -236.5 6.5
      vertex 89.5 -236.5 6.5
    endloop
  endfacet
  facet normal 0 -1 -0
    outer loop
      vertex 175 -236.5 6.5
      vertex 89.5 -236.5 3
      vertex 175 -236.5 3
    endloop
  endfacet
  facet normal 0.0881174 -0.99611 0
    outer loop
      vertex 175 -236.5 3
      vertex 175.26 -236.477 6.5
      vertex 175 -236.5 6.5
    endloop
  endfacet
  facet normal 0.0881174 -0.99611 0
    outer loop
      vertex 175.26 -236.477 6.5
      vertex 175 -236.5 3
      vertex 175.26 -236.477 3
    endloop
  endfacet
  facet normal 0.255998 -0.966677 0
    outer loop
      vertex 175.26 -236.477 3
      vertex 175.513 -236.41 6.5
      vertex 175.26 -236.477 6.5
    endloop
  endfacet
  facet normal 0.255998 -0.966677 0
    outer loop
      vertex 175.513 -236.41 6.5
      vertex 175.26 -236.477 3
      vertex 175.513 -236.41 3
    endloop
  endfacet
  facet normal 0.42414 -0.905597 0
    outer loop
      vertex 175.513 -236.41 3
      vertex 175.75 -236.299 6.5
      vertex 175.513 -236.41 6.5
    endloop
  endfacet
  facet normal 0.42414 -0.905597 0
    outer loop
      vertex 175.75 -236.299 6.5
      vertex 175.513 -236.41 3
      vertex 175.75 -236.299 3
    endloop
  endfacet
  facet normal 0.573976 -0.818872 0
    outer loop
      vertex 175.75 -236.299 3
      vertex 175.964 -236.149 6.5
      vertex 175.75 -236.299 6.5
    endloop
  endfacet
  facet normal 0.573976 -0.818872 0
    outer loop
      vertex 175.964 -236.149 6.5
      vertex 175.75 -236.299 3
      vertex 175.964 -236.149 3
    endloop
  endfacet
  facet normal 0.707107 -0.707107 -3.49283e-18
    outer loop
      vertex 175.964 -236.149 6.5
      vertex 176.149 -235.964 3
      vertex 176.149 -235.964 6.5
    endloop
  endfacet
  facet normal 0.707107 -0.707107 -3.49283e-18
    outer loop
      vertex 176.149 -235.964 3
      vertex 175.964 -236.149 6.5
      vertex 175.964 -236.149 3
    endloop
  endfacet
  facet normal 0.818872 -0.573976 -2.34106e-18
    outer loop
      vertex 176.149 -235.964 6.5
      vertex 176.299 -235.75 3
      vertex 176.299 -235.75 6.5
    endloop
  endfacet
  facet normal 0.818872 -0.573976 -2.34106e-18
    outer loop
      vertex 176.299 -235.75 3
      vertex 176.149 -235.964 6.5
      vertex 176.149 -235.964 3
    endloop
  endfacet
  facet normal 0.905597 -0.42414 -4.79014e-19
    outer loop
      vertex 176.299 -235.75 6.5
      vertex 176.41 -235.513 3
      vertex 176.41 -235.513 6.5
    endloop
  endfacet
  facet normal 0.905597 -0.42414 -4.79014e-19
    outer loop
      vertex 176.41 -235.513 3
      vertex 176.299 -235.75 6.5
      vertex 176.299 -235.75 3
    endloop
  endfacet
  facet normal 0.966677 -0.255998 7.76735e-20
    outer loop
      vertex 176.41 -235.513 6.5
      vertex 176.477 -235.26 3
      vertex 176.477 -235.26 6.5
    endloop
  endfacet
  facet normal 0.966677 -0.255998 7.76735e-20
    outer loop
      vertex 176.477 -235.26 3
      vertex 176.41 -235.513 6.5
      vertex 176.41 -235.513 3
    endloop
  endfacet
  facet normal 0.99611 -0.0881174 -6.39757e-20
    outer loop
      vertex 176.477 -235.26 6.5
      vertex 176.5 -235 3
      vertex 176.5 -235 6.5
    endloop
  endfacet
  facet normal 0.99611 -0.0881174 -6.39757e-20
    outer loop
      vertex 176.5 -235 3
      vertex 176.477 -235.26 6.5
      vertex 176.477 -235.26 3
    endloop
  endfacet
  facet normal 1 0 0
    outer loop
      vertex 176.5 -95 6.5
      vertex 176.5 -153 4
      vertex 176.5 -95 3
    endloop
  endfacet
  facet normal 1 0 0
    outer loop
      vertex 176.5 -95 6.5
      vertex 176.5 -177 4
      vertex 176.5 -153 4
    endloop
  endfacet
  facet normal 1 -0 0
    outer loop
      vertex 176.5 -235 6.5
      vertex 176.5 -177 4
      vertex 176.5 -95 6.5
    endloop
  endfacet
  facet normal 1 0 0
    outer loop
      vertex 176.5 -235 3
      vertex 176.5 -177 4
      vertex 176.5 -235 6.5
    endloop
  endfacet
  facet normal 1 0 0
    outer loop
      vertex 176.5 -177 4
      vertex 176.5 -235 3
      vertex 176.5 -177 3
    endloop
  endfacet
  facet normal 1 0 0
    outer loop
      vertex 176.5 -95 3
      vertex 176.5 -153 4
      vertex 176.5 -153 3
    endloop
  endfacet
  facet normal 0.996125 0.0879496 -1.06886e-19
    outer loop
      vertex 176.5 -95 6.5
      vertex 176.477 -94.7395 3
      vertex 176.477 -94.7395 6.5
    endloop
  endfacet
  facet normal 0.996125 0.0879496 -1.06886e-19
    outer loop
      vertex 176.477 -94.7395 3
      vertex 176.5 -95 6.5
      vertex 176.5 -95 3
    endloop
  endfacet
  facet normal 0.966552 0.256471 1.83241e-18
    outer loop
      vertex 176.477 -94.7395 6.5
      vertex 176.41 -94.487 3
      vertex 176.41 -94.487 6.5
    endloop
  endfacet
  facet normal 0.966552 0.256471 1.83241e-18
    outer loop
      vertex 176.41 -94.487 3
      vertex 176.477 -94.7395 6.5
      vertex 176.477 -94.7395 3
    endloop
  endfacet
  facet normal 0.905597 0.42414 4.79014e-19
    outer loop
      vertex 176.41 -94.487 6.5
      vertex 176.299 -94.25 3
      vertex 176.299 -94.25 6.5
    endloop
  endfacet
  facet normal 0.905597 0.42414 4.79014e-19
    outer loop
      vertex 176.299 -94.25 3
      vertex 176.41 -94.487 6.5
      vertex 176.41 -94.487 3
    endloop
  endfacet
  facet normal 0.819124 0.573616 -2.48026e-18
    outer loop
      vertex 176.299 -94.25 6.5
      vertex 176.149 -94.0358 3
      vertex 176.149 -94.0358 6.5
    endloop
  endfacet
  facet normal 0.819124 0.573616 -2.48026e-18
    outer loop
      vertex 176.149 -94.0358 3
      vertex 176.299 -94.25 6.5
      vertex 176.299 -94.25 3
    endloop
  endfacet
  facet normal 0.706916 0.707298 -3.12367e-18
    outer loop
      vertex 176.149 -94.0358 6.5
      vertex 175.964 -93.8509 3
      vertex 175.964 -93.8509 6.5
    endloop
  endfacet
  facet normal 0.706916 0.707298 -3.12367e-18
    outer loop
      vertex 175.964 -93.8509 3
      vertex 176.149 -94.0358 6.5
      vertex 176.149 -94.0358 3
    endloop
  endfacet
  facet normal 0.573719 0.819052 -0
    outer loop
      vertex 175.964 -93.8509 3
      vertex 175.75 -93.701 6.5
      vertex 175.964 -93.8509 6.5
    endloop
  endfacet
  facet normal 0.573719 0.819052 0
    outer loop
      vertex 175.75 -93.701 6.5
      vertex 175.964 -93.8509 3
      vertex 175.75 -93.701 3
    endloop
  endfacet
  facet normal 0.422571 0.90633 -0
    outer loop
      vertex 175.75 -93.701 3
      vertex 175.513 -93.5905 6.5
      vertex 175.75 -93.701 6.5
    endloop
  endfacet
  facet normal 0.422571 0.90633 0
    outer loop
      vertex 175.513 -93.5905 6.5
      vertex 175.75 -93.701 3
      vertex 175.513 -93.5905 3
    endloop
  endfacet
  facet normal 0.258494 0.966013 -0
    outer loop
      vertex 175.513 -93.5905 3
      vertex 175.26 -93.5228 6.5
      vertex 175.513 -93.5905 6.5
    endloop
  endfacet
  facet normal 0.258494 0.966013 0
    outer loop
      vertex 175.26 -93.5228 6.5
      vertex 175.513 -93.5905 3
      vertex 175.26 -93.5228 3
    endloop
  endfacet
  facet normal 0.0873571 0.996177 -0
    outer loop
      vertex 175.26 -93.5228 3
      vertex 175 -93.5 6.5
      vertex 175.26 -93.5228 6.5
    endloop
  endfacet
  facet normal 0.0873571 0.996177 0
    outer loop
      vertex 175 -93.5 6.5
      vertex 175.26 -93.5228 3
      vertex 175 -93.5 3
    endloop
  endfacet
  facet normal 0 1 -0
    outer loop
      vertex 175 -93.5 3
      vertex 89.5 -93.5 6.5
      vertex 175 -93.5 6.5
    endloop
  endfacet
  facet normal 0 1 0
    outer loop
      vertex 89.5 -93.5 6.5
      vertex 175 -93.5 3
      vertex 89.5 -93.5 3
    endloop
  endfacet
  facet normal 1 -0 0
    outer loop
      vertex 89.5 -93.5 6.5
      vertex 89.5 -10 3
      vertex 89.5 -10 6.5
    endloop
  endfacet
  facet normal 1 0 0
    outer loop
      vertex 89.5 -10 3
      vertex 89.5 -93.5 6.5
      vertex 89.5 -93.5 3
    endloop
  endfacet
  facet normal 0.996191 0.0872006 4.16977e-19
    outer loop
      vertex 89.5 -10 6.5
      vertex 89.4772 -9.73953 3
      vertex 89.4772 -9.73953 6.5
    endloop
  endfacet
  facet normal 0.996191 0.0872006 4.16977e-19
    outer loop
      vertex 89.4772 -9.73953 3
      vertex 89.5 -10 6.5
      vertex 89.5 -10 3
    endloop
  endfacet
  facet normal 0.9659 0.258915 1.15694e-18
    outer loop
      vertex 89.4772 -9.73953 6.5
      vertex 89.4095 -9.48697 3
      vertex 89.4095 -9.48697 6.5
    endloop
  endfacet
  facet normal 0.9659 0.258915 1.15694e-18
    outer loop
      vertex 89.4095 -9.48697 3
      vertex 89.4772 -9.73953 6.5
      vertex 89.4772 -9.73953 3
    endloop
  endfacet
  facet normal 0.906309 0.422615 1.74195e-18
    outer loop
      vertex 89.4095 -9.48697 6.5
      vertex 89.299 -9.25 3
      vertex 89.299 -9.25 6.5
    endloop
  endfacet
  facet normal 0.906309 0.422615 1.74195e-18
    outer loop
      vertex 89.299 -9.25 3
      vertex 89.4095 -9.48697 6.5
      vertex 89.4095 -9.48697 3
    endloop
  endfacet
  facet normal 0.819291 0.573378 -2.79192e-18
    outer loop
      vertex 89.299 -9.25 6.5
      vertex 89.1491 -9.03581 3
      vertex 89.1491 -9.03581 6.5
    endloop
  endfacet
  facet normal 0.819291 0.573378 -2.79192e-18
    outer loop
      vertex 89.1491 -9.03581 3
      vertex 89.299 -9.25 6.5
      vertex 89.299 -9.25 3
    endloop
  endfacet
  facet normal 0.707049 0.707164 4.96113e-19
    outer loop
      vertex 89.1491 -9.03581 6.5
      vertex 88.9642 -8.85094 3
      vertex 88.9642 -8.85094 6.5
    endloop
  endfacet
  facet normal 0.707049 0.707164 4.96113e-19
    outer loop
      vertex 88.9642 -8.85094 3
      vertex 89.1491 -9.03581 6.5
      vertex 89.1491 -9.03581 3
    endloop
  endfacet
  facet normal 0.573565 0.81916 -0
    outer loop
      vertex 88.9642 -8.85094 3
      vertex 88.75 -8.70096 6.5
      vertex 88.9642 -8.85094 6.5
    endloop
  endfacet
  facet normal 0.573565 0.81916 0
    outer loop
      vertex 88.75 -8.70096 6.5
      vertex 88.9642 -8.85094 3
      vertex 88.75 -8.70096 3
    endloop
  endfacet
  facet normal 0.422603 0.906315 -0
    outer loop
      vertex 88.75 -8.70096 3
      vertex 88.513 -8.59045 6.5
      vertex 88.75 -8.70096 6.5
    endloop
  endfacet
  facet normal 0.422603 0.906315 0
    outer loop
      vertex 88.513 -8.59045 6.5
      vertex 88.75 -8.70096 3
      vertex 88.513 -8.59045 3
    endloop
  endfacet
  facet normal 0.258865 0.965914 -0
    outer loop
      vertex 88.513 -8.59045 3
      vertex 88.2605 -8.52278 6.5
      vertex 88.513 -8.59045 6.5
    endloop
  endfacet
  facet normal 0.258865 0.965914 0
    outer loop
      vertex 88.2605 -8.52278 6.5
      vertex 88.513 -8.59045 3
      vertex 88.2605 -8.52278 3
    endloop
  endfacet
  facet normal 0.0871148 0.996198 -0
    outer loop
      vertex 88.2605 -8.52278 3
      vertex 88 -8.5 6.5
      vertex 88.2605 -8.52278 6.5
    endloop
  endfacet
  facet normal 0.0871148 0.996198 0
    outer loop
      vertex 88 -8.5 6.5
      vertex 88.2605 -8.52278 3
      vertex 88 -8.5 3
    endloop
  endfacet
  facet normal 0 1 -0
    outer loop
      vertex 88 -8.5 3
      vertex -88 -8.5 6.5
      vertex 88 -8.5 6.5
    endloop
  endfacet
  facet normal 0 1 0
    outer loop
      vertex -88 -8.5 6.5
      vertex 88 -8.5 3
      vertex -88 -8.5 3
    endloop
  endfacet
  facet normal -0.0871148 0.996198 0
    outer loop
      vertex -88 -8.5 3
      vertex -88.2605 -8.52278 6.5
      vertex -88 -8.5 6.5
    endloop
  endfacet
  facet normal -0.0871148 0.996198 0
    outer loop
      vertex -88.2605 -8.52278 6.5
      vertex -88 -8.5 3
      vertex -88.2605 -8.52278 3
    endloop
  endfacet
  facet normal -0.258865 0.965914 0
    outer loop
      vertex -88.2605 -8.52278 3
      vertex -88.513 -8.59045 6.5
      vertex -88.2605 -8.52278 6.5
    endloop
  endfacet
  facet normal -0.258865 0.965914 0
    outer loop
      vertex -88.513 -8.59045 6.5
      vertex -88.2605 -8.52278 3
      vertex -88.513 -8.59045 3
    endloop
  endfacet
  facet normal -0.422603 0.906315 0
    outer loop
      vertex -88.513 -8.59045 3
      vertex -88.75 -8.70096 6.5
      vertex -88.513 -8.59045 6.5
    endloop
  endfacet
  facet normal -0.422603 0.906315 0
    outer loop
      vertex -88.75 -8.70096 6.5
      vertex -88.513 -8.59045 3
      vertex -88.75 -8.70096 3
    endloop
  endfacet
  facet normal -0.573565 0.81916 0
    outer loop
      vertex -88.75 -8.70096 3
      vertex -88.9642 -8.85094 6.5
      vertex -88.75 -8.70096 6.5
    endloop
  endfacet
  facet normal -0.573565 0.81916 0
    outer loop
      vertex -88.9642 -8.85094 6.5
      vertex -88.75 -8.70096 3
      vertex -88.9642 -8.85094 3
    endloop
  endfacet
  facet normal -0.707049 0.707164 -4.96113e-19
    outer loop
      vertex -89.1491 -9.03581 3
      vertex -88.9642 -8.85094 6.5
      vertex -88.9642 -8.85094 3
    endloop
  endfacet
  facet normal -0.707049 0.707164 -4.96113e-19
    outer loop
      vertex -88.9642 -8.85094 6.5
      vertex -89.1491 -9.03581 3
      vertex -89.1491 -9.03581 6.5
    endloop
  endfacet
  facet normal -0.819291 0.573378 2.79192e-18
    outer loop
      vertex -89.299 -9.25 3
      vertex -89.1491 -9.03581 6.5
      vertex -89.1491 -9.03581 3
    endloop
  endfacet
  facet normal -0.819291 0.573378 2.79192e-18
    outer loop
      vertex -89.1491 -9.03581 6.5
      vertex -89.299 -9.25 3
      vertex -89.299 -9.25 6.5
    endloop
  endfacet
  facet normal -0.906309 0.422615 -1.74195e-18
    outer loop
      vertex -89.4095 -9.48697 3
      vertex -89.299 -9.25 6.5
      vertex -89.299 -9.25 3
    endloop
  endfacet
  facet normal -0.906309 0.422615 -1.74195e-18
    outer loop
      vertex -89.299 -9.25 6.5
      vertex -89.4095 -9.48697 3
      vertex -89.4095 -9.48697 6.5
    endloop
  endfacet
  facet normal -0.9659 0.258915 -1.15694e-18
    outer loop
      vertex -89.4772 -9.73953 3
      vertex -89.4095 -9.48697 6.5
      vertex -89.4095 -9.48697 3
    endloop
  endfacet
  facet normal -0.9659 0.258915 -1.15694e-18
    outer loop
      vertex -89.4095 -9.48697 6.5
      vertex -89.4772 -9.73953 3
      vertex -89.4772 -9.73953 6.5
    endloop
  endfacet
  facet normal -0.996191 0.0872006 -4.16977e-19
    outer loop
      vertex -89.5 -10 3
      vertex -89.4772 -9.73953 6.5
      vertex -89.4772 -9.73953 3
    endloop
  endfacet
  facet normal -0.996191 0.0872006 -4.16977e-19
    outer loop
      vertex -89.4772 -9.73953 6.5
      vertex -89.5 -10 3
      vertex -89.5 -10 6.5
    endloop
  endfacet
  facet normal -1 0 0
    outer loop
      vertex -89.5 -93.5 3
      vertex -89.5 -10 6.5
      vertex -89.5 -10 3
    endloop
  endfacet
  facet normal -1 -0 0
    outer loop
      vertex -89.5 -10 6.5
      vertex -89.5 -93.5 3
      vertex -89.5 -93.5 6.5
    endloop
  endfacet
  facet normal 0 1 -0
    outer loop
      vertex -89.5 -93.5 3
      vertex -175 -93.5 6.5
      vertex -89.5 -93.5 6.5
    endloop
  endfacet
  facet normal 0 1 0
    outer loop
      vertex -175 -93.5 6.5
      vertex -89.5 -93.5 3
      vertex -175 -93.5 3
    endloop
  endfacet
  facet normal -0.0873571 0.996177 0
    outer loop
      vertex -175 -93.5 3
      vertex -175.26 -93.5228 6.5
      vertex -175 -93.5 6.5
    endloop
  endfacet
  facet normal -0.0873571 0.996177 0
    outer loop
      vertex -175.26 -93.5228 6.5
      vertex -175 -93.5 3
      vertex -175.26 -93.5228 3
    endloop
  endfacet
  facet normal -0.258494 0.966013 0
    outer loop
      vertex -175.26 -93.5228 3
      vertex -175.513 -93.5905 6.5
      vertex -175.26 -93.5228 6.5
    endloop
  endfacet
  facet normal -0.258494 0.966013 0
    outer loop
      vertex -175.513 -93.5905 6.5
      vertex -175.26 -93.5228 3
      vertex -175.513 -93.5905 3
    endloop
  endfacet
  facet normal -0.422571 0.90633 0
    outer loop
      vertex -175.513 -93.5905 3
      vertex -175.75 -93.701 6.5
      vertex -175.513 -93.5905 6.5
    endloop
  endfacet
  facet normal -0.422571 0.90633 0
    outer loop
      vertex -175.75 -93.701 6.5
      vertex -175.513 -93.5905 3
      vertex -175.75 -93.701 3
    endloop
  endfacet
  facet normal -0.573719 0.819052 0
    outer loop
      vertex -175.75 -93.701 3
      vertex -175.964 -93.8509 6.5
      vertex -175.75 -93.701 6.5
    endloop
  endfacet
  facet normal -0.573719 0.819052 0
    outer loop
      vertex -175.964 -93.8509 6.5
      vertex -175.75 -93.701 3
      vertex -175.964 -93.8509 3
    endloop
  endfacet
  facet normal -0.706916 0.707298 3.12367e-18
    outer loop
      vertex -176.149 -94.0358 3
      vertex -175.964 -93.8509 6.5
      vertex -175.964 -93.8509 3
    endloop
  endfacet
  facet normal -0.706916 0.707298 3.12367e-18
    outer loop
      vertex -175.964 -93.8509 6.5
      vertex -176.149 -94.0358 3
      vertex -176.149 -94.0358 6.5
    endloop
  endfacet
  facet normal -0.819124 0.573616 2.48026e-18
    outer loop
      vertex -176.299 -94.25 3
      vertex -176.149 -94.0358 6.5
      vertex -176.149 -94.0358 3
    endloop
  endfacet
  facet normal -0.819124 0.573616 2.48026e-18
    outer loop
      vertex -176.149 -94.0358 6.5
      vertex -176.299 -94.25 3
      vertex -176.299 -94.25 6.5
    endloop
  endfacet
  facet normal -0.905597 0.42414 -4.79014e-19
    outer loop
      vertex -176.41 -94.487 3
      vertex -176.299 -94.25 6.5
      vertex -176.299 -94.25 3
    endloop
  endfacet
  facet normal -0.905597 0.42414 -4.79014e-19
    outer loop
      vertex -176.299 -94.25 6.5
      vertex -176.41 -94.487 3
      vertex -176.41 -94.487 6.5
    endloop
  endfacet
  facet normal -0.966552 0.256471 -1.83241e-18
    outer loop
      vertex -176.477 -94.7395 3
      vertex -176.41 -94.487 6.5
      vertex -176.41 -94.487 3
    endloop
  endfacet
  facet normal -0.966552 0.256471 -1.83241e-18
    outer loop
      vertex -176.41 -94.487 6.5
      vertex -176.477 -94.7395 3
      vertex -176.477 -94.7395 6.5
    endloop
  endfacet
  facet normal -0.996125 0.0879496 1.06886e-19
    outer loop
      vertex -176.5 -95 3
      vertex -176.477 -94.7395 6.5
      vertex -176.477 -94.7395 3
    endloop
  endfacet
  facet normal -0.996125 0.0879496 1.06886e-19
    outer loop
      vertex -176.477 -94.7395 6.5
      vertex -176.5 -95 3
      vertex -176.5 -95 6.5
    endloop
  endfacet
  facet normal -1 0 0
    outer loop
      vertex -176.5 -235 3
      vertex -176.5 -223 6.5
      vertex -176.5 -223 3
    endloop
  endfacet
  facet normal -1 -0 0
    outer loop
      vertex -176.5 -223 6.5
      vertex -176.5 -235 3
      vertex -176.5 -235 6.5
    endloop
  endfacet
  facet normal -1 0 0
    outer loop
      vertex -176.5 -107 3
      vertex -176.5 -95 6.5
      vertex -176.5 -95 3
    endloop
  endfacet
  facet normal -1 -0 0
    outer loop
      vertex -176.5 -95 6.5
      vertex -176.5 -107 3
      vertex -176.5 -107 6.5
    endloop
  endfacet
  facet normal -1 0 0
    outer loop
      vertex -176.5 -187 3
      vertex -176.5 -143 6.5
      vertex -176.5 -143 3
    endloop
  endfacet
  facet normal -1 -0 0
    outer loop
      vertex -176.5 -143 6.5
      vertex -176.5 -187 3
      vertex -176.5 -187 6.5
    endloop
  endfacet
  facet normal -0.99611 -0.0881174 6.39757e-20
    outer loop
      vertex -176.477 -235.26 3
      vertex -176.5 -235 6.5
      vertex -176.5 -235 3
    endloop
  endfacet
  facet normal -0.99611 -0.0881174 6.39757e-20
    outer loop
      vertex -176.5 -235 6.5
      vertex -176.477 -235.26 3
      vertex -176.477 -235.26 6.5
    endloop
  endfacet
  facet normal -0.966677 -0.255998 -7.76735e-20
    outer loop
      vertex -176.41 -235.513 3
      vertex -176.477 -235.26 6.5
      vertex -176.477 -235.26 3
    endloop
  endfacet
  facet normal -0.966677 -0.255998 -7.76735e-20
    outer loop
      vertex -176.477 -235.26 6.5
      vertex -176.41 -235.513 3
      vertex -176.41 -235.513 6.5
    endloop
  endfacet
  facet normal -0.905597 -0.42414 4.79014e-19
    outer loop
      vertex -176.299 -235.75 3
      vertex -176.41 -235.513 6.5
      vertex -176.41 -235.513 3
    endloop
  endfacet
  facet normal -0.905597 -0.42414 4.79014e-19
    outer loop
      vertex -176.41 -235.513 6.5
      vertex -176.299 -235.75 3
      vertex -176.299 -235.75 6.5
    endloop
  endfacet
  facet normal -0.818872 -0.573976 2.34106e-18
    outer loop
      vertex -176.149 -235.964 3
      vertex -176.299 -235.75 6.5
      vertex -176.299 -235.75 3
    endloop
  endfacet
  facet normal -0.818872 -0.573976 2.34106e-18
    outer loop
      vertex -176.299 -235.75 6.5
      vertex -176.149 -235.964 3
      vertex -176.149 -235.964 6.5
    endloop
  endfacet
  facet normal -0.707107 -0.707107 3.49283e-18
    outer loop
      vertex -175.964 -236.149 3
      vertex -176.149 -235.964 6.5
      vertex -176.149 -235.964 3
    endloop
  endfacet
  facet normal -0.707107 -0.707107 3.49283e-18
    outer loop
      vertex -176.149 -235.964 6.5
      vertex -175.964 -236.149 3
      vertex -175.964 -236.149 6.5
    endloop
  endfacet
  facet normal -0.573976 -0.818872 0
    outer loop
      vertex -175.964 -236.149 3
      vertex -175.75 -236.299 6.5
      vertex -175.964 -236.149 6.5
    endloop
  endfacet
  facet normal -0.573976 -0.818872 -0
    outer loop
      vertex -175.75 -236.299 6.5
      vertex -175.964 -236.149 3
      vertex -175.75 -236.299 3
    endloop
  endfacet
  facet normal -0.42414 -0.905597 0
    outer loop
      vertex -175.75 -236.299 3
      vertex -175.513 -236.41 6.5
      vertex -175.75 -236.299 6.5
    endloop
  endfacet
  facet normal -0.42414 -0.905597 -0
    outer loop
      vertex -175.513 -236.41 6.5
      vertex -175.75 -236.299 3
      vertex -175.513 -236.41 3
    endloop
  endfacet
  facet normal -0.255998 -0.966677 0
    outer loop
      vertex -175.513 -236.41 3
      vertex -175.26 -236.477 6.5
      vertex -175.513 -236.41 6.5
    endloop
  endfacet
  facet normal -0.255998 -0.966677 -0
    outer loop
      vertex -175.26 -236.477 6.5
      vertex -175.513 -236.41 3
      vertex -175.26 -236.477 3
    endloop
  endfacet
  facet normal -0.0881174 -0.99611 0
    outer loop
      vertex -175.26 -236.477 3
      vertex -175 -236.5 6.5
      vertex -175.26 -236.477 6.5
    endloop
  endfacet
  facet normal -0.0881174 -0.99611 -0
    outer loop
      vertex -175 -236.5 6.5
      vertex -175.26 -236.477 3
      vertex -175 -236.5 3
    endloop
  endfacet
  facet normal 0 -1 0
    outer loop
      vertex -175 -236.5 3
      vertex -89.5 -236.5 6.5
      vertex -175 -236.5 6.5
    endloop
  endfacet
  facet normal 0 -1 -0
    outer loop
      vertex -89.5 -236.5 6.5
      vertex -175 -236.5 3
      vertex -89.5 -236.5 3
    endloop
  endfacet
  facet normal -1 0 0
    outer loop
      vertex -89.5 -320 3
      vertex -89.5 -236.5 6.5
      vertex -89.5 -236.5 3
    endloop
  endfacet
  facet normal -1 -0 0
    outer loop
      vertex -89.5 -236.5 6.5
      vertex -89.5 -320 3
      vertex -89.5 -320 6.5
    endloop
  endfacet
  facet normal -0.996177 -0.0873571 -2.23467e-19
    outer loop
      vertex -89.4772 -320.26 3
      vertex -89.5 -320 6.5
      vertex -89.5 -320 3
    endloop
  endfacet
  facet normal -0.996177 -0.0873571 -2.23467e-19
    outer loop
      vertex -89.5 -320 6.5
      vertex -89.4772 -320.26 3
      vertex -89.4772 -320.26 6.5
    endloop
  endfacet
  facet normal -0.966013 -0.258494 1.45076e-18
    outer loop
      vertex -89.4095 -320.513 3
      vertex -89.4772 -320.26 6.5
      vertex -89.4772 -320.26 3
    endloop
  endfacet
  facet normal -0.966013 -0.258494 1.45076e-18
    outer loop
      vertex -89.4772 -320.26 6.5
      vertex -89.4095 -320.513 3
      vertex -89.4095 -320.513 6.5
    endloop
  endfacet
  facet normal -0.90633 -0.422571 6.38586e-19
    outer loop
      vertex -89.299 -320.75 3
      vertex -89.4095 -320.513 6.5
      vertex -89.4095 -320.513 3
    endloop
  endfacet
  facet normal -0.90633 -0.422571 6.38586e-19
    outer loop
      vertex -89.4095 -320.513 6.5
      vertex -89.299 -320.75 3
      vertex -89.299 -320.75 6.5
    endloop
  endfacet
  facet normal -0.819052 -0.573719 -2.78988e-18
    outer loop
      vertex -89.1491 -320.964 3
      vertex -89.299 -320.75 6.5
      vertex -89.299 -320.75 3
    endloop
  endfacet
  facet normal -0.819052 -0.573719 -2.78988e-18
    outer loop
      vertex -89.299 -320.75 6.5
      vertex -89.1491 -320.964 3
      vertex -89.1491 -320.964 6.5
    endloop
  endfacet
  facet normal -0.707298 -0.706916 -3.12367e-18
    outer loop
      vertex -88.9642 -321.149 3
      vertex -89.1491 -320.964 6.5
      vertex -89.1491 -320.964 3
    endloop
  endfacet
  facet normal -0.707298 -0.706916 -3.12367e-18
    outer loop
      vertex -89.1491 -320.964 6.5
      vertex -88.9642 -321.149 3
      vertex -88.9642 -321.149 6.5
    endloop
  endfacet
  facet normal -0.573616 -0.819124 0
    outer loop
      vertex -88.9642 -321.149 3
      vertex -88.75 -321.299 6.5
      vertex -88.9642 -321.149 6.5
    endloop
  endfacet
  facet normal -0.573616 -0.819124 -0
    outer loop
      vertex -88.75 -321.299 6.5
      vertex -88.9642 -321.149 3
      vertex -88.75 -321.299 3
    endloop
  endfacet
  facet normal -0.42414 -0.905597 0
    outer loop
      vertex -88.75 -321.299 3
      vertex -88.513 -321.41 6.5
      vertex -88.75 -321.299 6.5
    endloop
  endfacet
  facet normal -0.42414 -0.905597 -0
    outer loop
      vertex -88.513 -321.41 6.5
      vertex -88.75 -321.299 3
      vertex -88.513 -321.41 3
    endloop
  endfacet
  facet normal -0.256471 -0.966552 0
    outer loop
      vertex -88.513 -321.41 3
      vertex -88.2605 -321.477 6.5
      vertex -88.513 -321.41 6.5
    endloop
  endfacet
  facet normal -0.256471 -0.966552 -0
    outer loop
      vertex -88.2605 -321.477 6.5
      vertex -88.513 -321.41 3
      vertex -88.2605 -321.477 3
    endloop
  endfacet
  facet normal -0.0879496 -0.996125 0
    outer loop
      vertex -88.2605 -321.477 3
      vertex -88 -321.5 6.5
      vertex -88.2605 -321.477 6.5
    endloop
  endfacet
  facet normal -0.0879496 -0.996125 -0
    outer loop
      vertex -88 -321.5 6.5
      vertex -88.2605 -321.477 3
      vertex -88 -321.5 3
    endloop
  endfacet
  facet normal 0 -1 0
    outer loop
      vertex -88 -321.5 3
      vertex 88 -321.5 6.5
      vertex -88 -321.5 6.5
    endloop
  endfacet
  facet normal 0 -1 -0
    outer loop
      vertex 88 -321.5 6.5
      vertex -88 -321.5 3
      vertex 88 -321.5 3
    endloop
  endfacet
  facet normal 0.0879496 -0.996125 0
    outer loop
      vertex 88 -321.5 3
      vertex 88.2605 -321.477 6.5
      vertex 88 -321.5 6.5
    endloop
  endfacet
  facet normal 0.0879496 -0.996125 0
    outer loop
      vertex 88.2605 -321.477 6.5
      vertex 88 -321.5 3
      vertex 88.2605 -321.477 3
    endloop
  endfacet
  facet normal 0 0 -1
    outer loop
      vertex 84.4547 -95.6251 0
      vertex -84.4 -95 0
      vertex 84.4 -95 0
    endloop
  endfacet
  facet normal 0 0 -1
    outer loop
      vertex 85.2422 -97.314 0
      vertex -84.4547 -95.6251 0
      vertex -84.4 -95 0
    endloop
  endfacet
  facet normal 0 0 -1
    outer loop
      vertex -85.2422 -232.686 0
      vertex 85.2422 -232.686 0
      vertex -84.8823 -233.2 0
    endloop
  endfacet
  facet normal 0 0 -1
    outer loop
      vertex 85.2422 -97.314 0
      vertex -84.6171 -96.2313 0
      vertex -84.4547 -95.6251 0
    endloop
  endfacet
  facet normal 0 0 -1
    outer loop
      vertex 85.2422 -232.686 0
      vertex -85.2422 -232.686 0
      vertex 85.2422 -97.314 0
    endloop
  endfacet
  facet normal 0 0 -1
    outer loop
      vertex 85.2422 -97.314 0
      vertex -84.8823 -96.8 0
      vertex -84.6171 -96.2313 0
    endloop
  endfacet
  facet normal 0 0 -1
    outer loop
      vertex -85.2422 -97.314 0
      vertex 85.2422 -97.314 0
      vertex -85.2422 -232.686 0
    endloop
  endfacet
  facet normal 0 0 -1
    outer loop
      vertex 85.2422 -97.314 0
      vertex -85.2422 -97.314 0
      vertex -84.8823 -96.8 0
    endloop
  endfacet
  facet normal 0 0 -1
    outer loop
      vertex -85.686 -232.242 0
      vertex -85.2422 -97.314 0
      vertex -85.2422 -232.686 0
    endloop
  endfacet
  facet normal 0 0 -1
    outer loop
      vertex -85.686 -232.242 0
      vertex -85.686 -97.7578 0
      vertex -85.2422 -97.314 0
    endloop
  endfacet
  facet normal 0 0 -1
    outer loop
      vertex -86.2 -231.882 0
      vertex -85.686 -97.7578 0
      vertex -85.686 -232.242 0
    endloop
  endfacet
  facet normal 0 0 -1
    outer loop
      vertex -86.2 -231.882 0
      vertex -86.2 -98.1177 0
      vertex -85.686 -97.7578 0
    endloop
  endfacet
  facet normal 0 0 -1
    outer loop
      vertex -86.7687 -231.617 0
      vertex -86.2 -98.1177 0
      vertex -86.2 -231.882 0
    endloop
  endfacet
  facet normal 0 0 -1
    outer loop
      vertex -86.7687 -231.617 0
      vertex -86.7687 -98.3829 0
      vertex -86.2 -98.1177 0
    endloop
  endfacet
  facet normal 0 0 -1
    outer loop
      vertex -87.3749 -231.455 0
      vertex -86.7687 -98.3829 0
      vertex -86.7687 -231.617 0
    endloop
  endfacet
  facet normal 0 0 -1
    outer loop
      vertex -87.3749 -231.455 0
      vertex -87.3749 -98.5453 0
      vertex -86.7687 -98.3829 0
    endloop
  endfacet
  facet normal 0 0 -1
    outer loop
      vertex -88 -231.4 0
      vertex -87.3749 -98.5453 0
      vertex -87.3749 -231.455 0
    endloop
  endfacet
  facet normal 0 0 -1
    outer loop
      vertex -88 -231.4 0
      vertex -88 -98.6 0
      vertex -87.3749 -98.5453 0
    endloop
  endfacet
  facet normal 0 0 -1
    outer loop
      vertex -171.4 -231.4 0
      vertex -88 -98.6 0
      vertex -88 -231.4 0
    endloop
  endfacet
  facet normal -0 0 -1
    outer loop
      vertex -88 -98.6 0
      vertex -171.4 -231.4 0
      vertex -171.4 -98.6 0
    endloop
  endfacet
  facet normal 0 0 -1
    outer loop
      vertex -84.4 -235 0
      vertex 84.4 -235 0
      vertex 84.4 -316.4 0
    endloop
  endfacet
  facet normal 0 0 -1
    outer loop
      vertex -84.4547 -234.375 0
      vertex 84.4 -235 0
      vertex -84.4 -235 0
    endloop
  endfacet
  facet normal 0 0 -1
    outer loop
      vertex -84.4 -235 0
      vertex 84.4 -316.4 0
      vertex -84.4 -316.4 0
    endloop
  endfacet
  facet normal 0 0 -1
    outer loop
      vertex 84.6171 -96.2313 0
      vertex -84.4 -95 0
      vertex 84.4547 -95.6251 0
    endloop
  endfacet
  facet normal 0 0 -1
    outer loop
      vertex 84.4 -95 0
      vertex -84.4 -95 0
      vertex 84.4 -13.6 0
    endloop
  endfacet
  facet normal -0 0 -1
    outer loop
      vertex 84.4 -13.6 0
      vertex -84.4 -95 0
      vertex -84.4 -13.6 0
    endloop
  endfacet
  facet normal 0 0 -1
    outer loop
      vertex 88 -231.4 0
      vertex 171.4 -98.6 0
      vertex 171.4 -231.4 0
    endloop
  endfacet
  facet normal 0 0 -1
    outer loop
      vertex 88 -231.4 0
      vertex 88 -98.6 0
      vertex 171.4 -98.6 0
    endloop
  endfacet
  facet normal 0 0 -1
    outer loop
      vertex 87.3749 -231.455 0
      vertex 88 -98.6 0
      vertex 88 -231.4 0
    endloop
  endfacet
  facet normal 0 0 -1
    outer loop
      vertex 87.3749 -231.455 0
      vertex 87.3749 -98.5453 0
      vertex 88 -98.6 0
    endloop
  endfacet
  facet normal 0 0 -1
    outer loop
      vertex 86.7687 -231.617 0
      vertex 87.3749 -98.5453 0
      vertex 87.3749 -231.455 0
    endloop
  endfacet
  facet normal 0 0 -1
    outer loop
      vertex 86.7687 -231.617 0
      vertex 86.7687 -98.3829 0
      vertex 87.3749 -98.5453 0
    endloop
  endfacet
  facet normal 0 0 -1
    outer loop
      vertex 86.2 -231.882 0
      vertex 86.7687 -98.3829 0
      vertex 86.7687 -231.617 0
    endloop
  endfacet
  facet normal 0 0 -1
    outer loop
      vertex 86.2 -231.882 0
      vertex 86.2 -98.1177 0
      vertex 86.7687 -98.3829 0
    endloop
  endfacet
  facet normal 0 0 -1
    outer loop
      vertex 85.686 -232.242 0
      vertex 86.2 -98.1177 0
      vertex 86.2 -231.882 0
    endloop
  endfacet
  facet normal 0 0 -1
    outer loop
      vertex 85.686 -232.242 0
      vertex 85.686 -97.7578 0
      vertex 86.2 -98.1177 0
    endloop
  endfacet
  facet normal 0 0 -1
    outer loop
      vertex 85.2422 -232.686 0
      vertex 85.686 -97.7578 0
      vertex 85.686 -232.242 0
    endloop
  endfacet
  facet normal 0 0 -1
    outer loop
      vertex 85.2422 -232.686 0
      vertex 85.2422 -97.314 0
      vertex 85.686 -97.7578 0
    endloop
  endfacet
  facet normal 0 0 -1
    outer loop
      vertex 84.6171 -233.769 0
      vertex -84.6171 -233.769 0
      vertex 84.8823 -233.2 0
    endloop
  endfacet
  facet normal 0 0 -1
    outer loop
      vertex -84.8823 -233.2 0
      vertex 84.8823 -233.2 0
      vertex -84.6171 -233.769 0
    endloop
  endfacet
  facet normal 0 0 -1
    outer loop
      vertex -84.6171 -233.769 0
      vertex 84.6171 -233.769 0
      vertex -84.4547 -234.375 0
    endloop
  endfacet
  facet normal 0 0 -1
    outer loop
      vertex 84.8823 -233.2 0
      vertex -84.8823 -233.2 0
      vertex 85.2422 -232.686 0
    endloop
  endfacet
  facet normal 0 0 -1
    outer loop
      vertex -84.4547 -234.375 0
      vertex 84.6171 -233.769 0
      vertex 84.4547 -234.375 0
    endloop
  endfacet
  facet normal 0 0 -1
    outer loop
      vertex 85.2422 -97.314 0
      vertex -84.4 -95 0
      vertex 84.8823 -96.8 0
    endloop
  endfacet
  facet normal 0 0 -1
    outer loop
      vertex -84.4547 -234.375 0
      vertex 84.4547 -234.375 0
      vertex 84.4 -235 0
    endloop
  endfacet
  facet normal 0 0 -1
    outer loop
      vertex 84.8823 -96.8 0
      vertex -84.4 -95 0
      vertex 84.6171 -96.2313 0
    endloop
  endfacet
  facet normal 0.996192 -0.0871867 0
    outer loop
      vertex 84.4 -235 3
      vertex 84.4547 -234.375 0
      vertex 84.4547 -234.375 3
    endloop
  endfacet
  facet normal 0.996192 -0.0871867 0
    outer loop
      vertex 84.4547 -234.375 0
      vertex 84.4 -235 3
      vertex 84.4 -235 0
    endloop
  endfacet
  facet normal 0.965917 -0.258853 -2.19617e-19
    outer loop
      vertex 84.4547 -234.375 3
      vertex 84.6171 -233.769 0
      vertex 84.6171 -233.769 3
    endloop
  endfacet
  facet normal 0.965917 -0.258853 -2.19617e-19
    outer loop
      vertex 84.6171 -233.769 0
      vertex 84.4547 -234.375 3
      vertex 84.4547 -234.375 0
    endloop
  endfacet
  facet normal 0.906387 -0.422449 6.74279e-18
    outer loop
      vertex 84.6171 -233.769 3
      vertex 84.8823 -233.2 0
      vertex 84.8823 -233.2 3
    endloop
  endfacet
  facet normal 0.906387 -0.422449 6.74279e-18
    outer loop
      vertex 84.8823 -233.2 0
      vertex 84.6171 -233.769 3
      vertex 84.6171 -233.769 0
    endloop
  endfacet
  facet normal 0.819157 -0.573569 -1.11592e-18
    outer loop
      vertex 84.8823 -233.2 3
      vertex 85.2422 -232.686 0
      vertex 85.2422 -232.686 3
    endloop
  endfacet
  facet normal 0.819157 -0.573569 -1.11592e-18
    outer loop
      vertex 85.2422 -232.686 0
      vertex 84.8823 -233.2 3
      vertex 84.8823 -233.2 0
    endloop
  endfacet
  facet normal 0.707266 -0.706947 3.25265e-18
    outer loop
      vertex 85.2422 -232.686 3
      vertex 85.686 -232.242 0
      vertex 85.686 -232.242 3
    endloop
  endfacet
  facet normal 0.707266 -0.706947 3.25265e-18
    outer loop
      vertex 85.686 -232.242 0
      vertex 85.2422 -232.686 3
      vertex 85.2422 -232.686 0
    endloop
  endfacet
  facet normal 0.573676 -0.819082 0
    outer loop
      vertex 85.686 -232.242 0
      vertex 86.2 -231.882 3
      vertex 85.686 -232.242 3
    endloop
  endfacet
  facet normal 0.573676 -0.819082 0
    outer loop
      vertex 86.2 -231.882 3
      vertex 85.686 -232.242 0
      vertex 86.2 -231.882 0
    endloop
  endfacet
  facet normal 0.422371 -0.906423 0
    outer loop
      vertex 86.2 -231.882 0
      vertex 86.7687 -231.617 3
      vertex 86.2 -231.882 3
    endloop
  endfacet
  facet normal 0.422371 -0.906423 0
    outer loop
      vertex 86.7687 -231.617 3
      vertex 86.2 -231.882 0
      vertex 86.7687 -231.617 0
    endloop
  endfacet
  facet normal 0.258178 -0.966097 0
    outer loop
      vertex 86.7687 -231.617 0
      vertex 87.3749 -231.455 3
      vertex 86.7687 -231.617 3
    endloop
  endfacet
  facet normal 0.258178 -0.966097 0
    outer loop
      vertex 87.3749 -231.455 3
      vertex 86.7687 -231.617 0
      vertex 87.3749 -231.455 0
    endloop
  endfacet
  facet normal 0.0876473 -0.996152 0
    outer loop
      vertex 87.3749 -231.455 0
      vertex 88 -231.4 3
      vertex 87.3749 -231.455 3
    endloop
  endfacet
  facet normal 0.0876473 -0.996152 0
    outer loop
      vertex 88 -231.4 3
      vertex 87.3749 -231.455 0
      vertex 88 -231.4 0
    endloop
  endfacet
  facet normal 0 -1 0
    outer loop
      vertex 88 -231.4 0
      vertex 171.4 -231.4 3
      vertex 88 -231.4 3
    endloop
  endfacet
  facet normal 0 -1 -0
    outer loop
      vertex 171.4 -231.4 3
      vertex 88 -231.4 0
      vertex 171.4 -231.4 0
    endloop
  endfacet
  facet normal 1 -0 0
    outer loop
      vertex 171.4 -231.4 3
      vertex 171.4 -98.6 0
      vertex 171.4 -98.6 3
    endloop
  endfacet
  facet normal 1 0 0
    outer loop
      vertex 171.4 -98.6 0
      vertex 171.4 -231.4 3
      vertex 171.4 -231.4 0
    endloop
  endfacet
  facet normal 0 1 -0
    outer loop
      vertex 171.4 -98.6 0
      vertex 88 -98.6 3
      vertex 171.4 -98.6 3
    endloop
  endfacet
  facet normal 0 1 0
    outer loop
      vertex 88 -98.6 3
      vertex 171.4 -98.6 0
      vertex 88 -98.6 0
    endloop
  endfacet
  facet normal 0.0871729 0.996193 -0
    outer loop
      vertex 88 -98.6 0
      vertex 87.3749 -98.5453 3
      vertex 88 -98.6 3
    endloop
  endfacet
  facet normal 0.0871729 0.996193 0
    outer loop
      vertex 87.3749 -98.5453 3
      vertex 88 -98.6 0
      vertex 87.3749 -98.5453 0
    endloop
  endfacet
  facet normal 0.258773 0.965938 -0
    outer loop
      vertex 87.3749 -98.5453 0
      vertex 86.7687 -98.3829 3
      vertex 87.3749 -98.5453 3
    endloop
  endfacet
  facet normal 0.258773 0.965938 0
    outer loop
      vertex 86.7687 -98.3829 3
      vertex 87.3749 -98.5453 0
      vertex 86.7687 -98.3829 0
    endloop
  endfacet
  facet normal 0.422632 0.906301 -0
    outer loop
      vertex 86.7687 -98.3829 0
      vertex 86.2 -98.1177 3
      vertex 86.7687 -98.3829 3
    endloop
  endfacet
  facet normal 0.422632 0.906301 0
    outer loop
      vertex 86.2 -98.1177 3
      vertex 86.7687 -98.3829 0
      vertex 86.2 -98.1177 0
    endloop
  endfacet
  facet normal 0.573569 0.819157 -0
    outer loop
      vertex 86.2 -98.1177 0
      vertex 85.686 -97.7578 3
      vertex 86.2 -98.1177 3
    endloop
  endfacet
  facet normal 0.573569 0.819157 0
    outer loop
      vertex 85.686 -97.7578 3
      vertex 86.2 -98.1177 0
      vertex 85.686 -97.7578 0
    endloop
  endfacet
  facet normal 0.707107 0.707107 4.4842e-18
    outer loop
      vertex 85.686 -97.7578 3
      vertex 85.2422 -97.314 0
      vertex 85.2422 -97.314 3
    endloop
  endfacet
  facet normal 0.707107 0.707107 4.4842e-18
    outer loop
      vertex 85.2422 -97.314 0
      vertex 85.686 -97.7578 3
      vertex 85.686 -97.7578 0
    endloop
  endfacet
  facet normal 0.819157 0.573569 5.07566e-18
    outer loop
      vertex 85.2422 -97.314 3
      vertex 84.8823 -96.8 0
      vertex 84.8823 -96.8 3
    endloop
  endfacet
  facet normal 0.819157 0.573569 5.07566e-18
    outer loop
      vertex 84.8823 -96.8 0
      vertex 85.2422 -97.314 3
      vertex 85.2422 -97.314 0
    endloop
  endfacet
  facet normal 0.906301 0.422632 -3.65003e-18
    outer loop
      vertex 84.8823 -96.8 3
      vertex 84.6171 -96.2313 0
      vertex 84.6171 -96.2313 3
    endloop
  endfacet
  facet normal 0.906301 0.422632 -3.65003e-18
    outer loop
      vertex 84.6171 -96.2313 0
      vertex 84.8823 -96.8 3
      vertex 84.8823 -96.8 0
    endloop
  endfacet
  facet normal 0.965938 0.258773 3.63876e-18
    outer loop
      vertex 84.6171 -96.2313 3
      vertex 84.4547 -95.6251 0
      vertex 84.4547 -95.6251 3
    endloop
  endfacet
  facet normal 0.965938 0.258773 3.63876e-18
    outer loop
      vertex 84.4547 -95.6251 0
      vertex 84.6171 -96.2313 3
      vertex 84.6171 -96.2313 0
    endloop
  endfacet
  facet normal 0.996193 0.0871729 2.05181e-19
    outer loop
      vertex 84.4547 -95.6251 3
      vertex 84.4 -95 0
      vertex 84.4 -95 3
    endloop
  endfacet
  facet normal 0.996193 0.0871729 2.05181e-19
    outer loop
      vertex 84.4 -95 0
      vertex 84.4547 -95.6251 3
      vertex 84.4547 -95.6251 0
    endloop
  endfacet
  facet normal 1 -0 0
    outer loop
      vertex 84.4 -95 3
      vertex 84.4 -13.6 0
      vertex 84.4 -13.6 3
    endloop
  endfacet
  facet normal 1 0 0
    outer loop
      vertex 84.4 -13.6 0
      vertex 84.4 -95 3
      vertex 84.4 -95 0
    endloop
  endfacet
  facet normal 0 1 -0
    outer loop
      vertex 84.4 -13.6 0
      vertex -84.4 -13.6 3
      vertex 84.4 -13.6 3
    endloop
  endfacet
  facet normal 0 1 0
    outer loop
      vertex -84.4 -13.6 3
      vertex 84.4 -13.6 0
      vertex -84.4 -13.6 0
    endloop
  endfacet
  facet normal -1 0 0
    outer loop
      vertex -84.4 -95 0
      vertex -84.4 -13.6 3
      vertex -84.4 -13.6 0
    endloop
  endfacet
  facet normal -1 -0 0
    outer loop
      vertex -84.4 -13.6 3
      vertex -84.4 -95 0
      vertex -84.4 -95 3
    endloop
  endfacet
  facet normal -0.996193 0.0871729 -2.05181e-19
    outer loop
      vertex -84.4547 -95.6251 0
      vertex -84.4 -95 3
      vertex -84.4 -95 0
    endloop
  endfacet
  facet normal -0.996193 0.0871729 -2.05181e-19
    outer loop
      vertex -84.4 -95 3
      vertex -84.4547 -95.6251 0
      vertex -84.4547 -95.6251 3
    endloop
  endfacet
  facet normal -0.965938 0.258773 -3.63876e-18
    outer loop
      vertex -84.6171 -96.2313 0
      vertex -84.4547 -95.6251 3
      vertex -84.4547 -95.6251 0
    endloop
  endfacet
  facet normal -0.965938 0.258773 -3.63876e-18
    outer loop
      vertex -84.4547 -95.6251 3
      vertex -84.6171 -96.2313 0
      vertex -84.6171 -96.2313 3
    endloop
  endfacet
  facet normal -0.906301 0.422632 3.65003e-18
    outer loop
      vertex -84.8823 -96.8 0
      vertex -84.6171 -96.2313 3
      vertex -84.6171 -96.2313 0
    endloop
  endfacet
  facet normal -0.906301 0.422632 3.65003e-18
    outer loop
      vertex -84.6171 -96.2313 3
      vertex -84.8823 -96.8 0
      vertex -84.8823 -96.8 3
    endloop
  endfacet
  facet normal -0.819157 0.573569 -5.07566e-18
    outer loop
      vertex -85.2422 -97.314 0
      vertex -84.8823 -96.8 3
      vertex -84.8823 -96.8 0
    endloop
  endfacet
  facet normal -0.819157 0.573569 -5.07566e-18
    outer loop
      vertex -84.8823 -96.8 3
      vertex -85.2422 -97.314 0
      vertex -85.2422 -97.314 3
    endloop
  endfacet
  facet normal -0.707107 0.707107 -4.4842e-18
    outer loop
      vertex -85.686 -97.7578 0
      vertex -85.2422 -97.314 3
      vertex -85.2422 -97.314 0
    endloop
  endfacet
  facet normal -0.707107 0.707107 -4.4842e-18
    outer loop
      vertex -85.2422 -97.314 3
      vertex -85.686 -97.7578 0
      vertex -85.686 -97.7578 3
    endloop
  endfacet
  facet normal -0.573569 0.819157 0
    outer loop
      vertex -85.686 -97.7578 0
      vertex -86.2 -98.1177 3
      vertex -85.686 -97.7578 3
    endloop
  endfacet
  facet normal -0.573569 0.819157 0
    outer loop
      vertex -86.2 -98.1177 3
      vertex -85.686 -97.7578 0
      vertex -86.2 -98.1177 0
    endloop
  endfacet
  facet normal -0.422632 0.906301 0
    outer loop
      vertex -86.2 -98.1177 0
      vertex -86.7687 -98.3829 3
      vertex -86.2 -98.1177 3
    endloop
  endfacet
  facet normal -0.422632 0.906301 0
    outer loop
      vertex -86.7687 -98.3829 3
      vertex -86.2 -98.1177 0
      vertex -86.7687 -98.3829 0
    endloop
  endfacet
  facet normal -0.258773 0.965938 0
    outer loop
      vertex -86.7687 -98.3829 0
      vertex -87.3749 -98.5453 3
      vertex -86.7687 -98.3829 3
    endloop
  endfacet
  facet normal -0.258773 0.965938 0
    outer loop
      vertex -87.3749 -98.5453 3
      vertex -86.7687 -98.3829 0
      vertex -87.3749 -98.5453 0
    endloop
  endfacet
  facet normal -0.0871729 0.996193 0
    outer loop
      vertex -87.3749 -98.5453 0
      vertex -88 -98.6 3
      vertex -87.3749 -98.5453 3
    endloop
  endfacet
  facet normal -0.0871729 0.996193 0
    outer loop
      vertex -88 -98.6 3
      vertex -87.3749 -98.5453 0
      vertex -88 -98.6 0
    endloop
  endfacet
  facet normal 0 1 -0
    outer loop
      vertex -88 -98.6 0
      vertex -171.4 -98.6 3
      vertex -88 -98.6 3
    endloop
  endfacet
  facet normal 0 1 0
    outer loop
      vertex -171.4 -98.6 3
      vertex -88 -98.6 0
      vertex -171.4 -98.6 0
    endloop
  endfacet
  facet normal -1 0 0
    outer loop
      vertex -171.4 -231.4 0
      vertex -171.4 -98.6 3
      vertex -171.4 -98.6 0
    endloop
  endfacet
  facet normal -1 -0 0
    outer loop
      vertex -171.4 -98.6 3
      vertex -171.4 -231.4 0
      vertex -171.4 -231.4 3
    endloop
  endfacet
  facet normal 0 -1 0
    outer loop
      vertex -171.4 -231.4 0
      vertex -88 -231.4 3
      vertex -171.4 -231.4 3
    endloop
  endfacet
  facet normal 0 -1 -0
    outer loop
      vertex -88 -231.4 3
      vertex -171.4 -231.4 0
      vertex -88 -231.4 0
    endloop
  endfacet
  facet normal -0.0876473 -0.996152 0
    outer loop
      vertex -88 -231.4 0
      vertex -87.3749 -231.455 3
      vertex -88 -231.4 3
    endloop
  endfacet
  facet normal -0.0876473 -0.996152 -0
    outer loop
      vertex -87.3749 -231.455 3
      vertex -88 -231.4 0
      vertex -87.3749 -231.455 0
    endloop
  endfacet
  facet normal -0.258178 -0.966097 0
    outer loop
      vertex -87.3749 -231.455 0
      vertex -86.7687 -231.617 3
      vertex -87.3749 -231.455 3
    endloop
  endfacet
  facet normal -0.258178 -0.966097 -0
    outer loop
      vertex -86.7687 -231.617 3
      vertex -87.3749 -231.455 0
      vertex -86.7687 -231.617 0
    endloop
  endfacet
  facet normal -0.422371 -0.906423 0
    outer loop
      vertex -86.7687 -231.617 0
      vertex -86.2 -231.882 3
      vertex -86.7687 -231.617 3
    endloop
  endfacet
  facet normal -0.422371 -0.906423 -0
    outer loop
      vertex -86.2 -231.882 3
      vertex -86.7687 -231.617 0
      vertex -86.2 -231.882 0
    endloop
  endfacet
  facet normal -0.573676 -0.819082 0
    outer loop
      vertex -86.2 -231.882 0
      vertex -85.686 -232.242 3
      vertex -86.2 -231.882 3
    endloop
  endfacet
  facet normal -0.573676 -0.819082 -0
    outer loop
      vertex -85.686 -232.242 3
      vertex -86.2 -231.882 0
      vertex -85.686 -232.242 0
    endloop
  endfacet
  facet normal -0.707266 -0.706947 -3.25265e-18
    outer loop
      vertex -85.2422 -232.686 0
      vertex -85.686 -232.242 3
      vertex -85.686 -232.242 0
    endloop
  endfacet
  facet normal -0.707266 -0.706947 -3.25265e-18
    outer loop
      vertex -85.686 -232.242 3
      vertex -85.2422 -232.686 0
      vertex -85.2422 -232.686 3
    endloop
  endfacet
  facet normal -0.819157 -0.573569 1.11592e-18
    outer loop
      vertex -84.8823 -233.2 0
      vertex -85.2422 -232.686 3
      vertex -85.2422 -232.686 0
    endloop
  endfacet
  facet normal -0.819157 -0.573569 1.11592e-18
    outer loop
      vertex -85.2422 -232.686 3
      vertex -84.8823 -233.2 0
      vertex -84.8823 -233.2 3
    endloop
  endfacet
  facet normal -0.906387 -0.422449 -6.74279e-18
    outer loop
      vertex -84.6171 -233.769 0
      vertex -84.8823 -233.2 3
      vertex -84.8823 -233.2 0
    endloop
  endfacet
  facet normal -0.906387 -0.422449 -6.74279e-18
    outer loop
      vertex -84.8823 -233.2 3
      vertex -84.6171 -233.769 0
      vertex -84.6171 -233.769 3
    endloop
  endfacet
  facet normal -0.965917 -0.258853 2.19617e-19
    outer loop
      vertex -84.4547 -234.375 0
      vertex -84.6171 -233.769 3
      vertex -84.6171 -233.769 0
    endloop
  endfacet
  facet normal -0.965917 -0.258853 2.19617e-19
    outer loop
      vertex -84.6171 -233.769 3
      vertex -84.4547 -234.375 0
      vertex -84.4547 -234.375 3
    endloop
  endfacet
  facet normal -0.996192 -0.0871867 0
    outer loop
      vertex -84.4 -235 0
      vertex -84.4547 -234.375 3
      vertex -84.4547 -234.375 0
    endloop
  endfacet
  facet normal -0.996192 -0.0871867 0
    outer loop
      vertex -84.4547 -234.375 3
      vertex -84.4 -235 0
      vertex -84.4 -235 3
    endloop
  endfacet
  facet normal -1 0 0
    outer loop
      vertex -84.4 -316.4 0
      vertex -84.4 -235 3
      vertex -84.4 -235 0
    endloop
  endfacet
  facet normal -1 -0 0
    outer loop
      vertex -84.4 -235 3
      vertex -84.4 -316.4 0
      vertex -84.4 -316.4 3
    endloop
  endfacet
  facet normal 0 -1 0
    outer loop
      vertex -84.4 -316.4 0
      vertex 84.4 -316.4 3
      vertex -84.4 -316.4 3
    endloop
  endfacet
  facet normal 0 -1 -0
    outer loop
      vertex 84.4 -316.4 3
      vertex -84.4 -316.4 0
      vertex 84.4 -316.4 0
    endloop
  endfacet
  facet normal 1 -0 0
    outer loop
      vertex 84.4 -316.4 3
      vertex 84.4 -235 0
      vertex 84.4 -235 3
    endloop
  endfacet
  facet normal 1 0 0
    outer loop
      vertex 84.4 -235 0
      vertex 84.4 -316.4 3
      vertex 84.4 -316.4 0
    endloop
  endfacet
  facet normal 0.970143 0.242536 0
    outer loop
      vertex 180 -155 -3
      vertex 179.5 -153 -4
      vertex 179.5 -153 4
    endloop
  endfacet
  facet normal 0.970143 0.242536 0
    outer loop
      vertex 179.5 -153 -4
      vertex 180 -155 -3
      vertex 180 -155 -5
    endloop
  endfacet
  facet normal 1 -0 0
    outer loop
      vertex 180 -175 -3
      vertex 180 -155 -5
      vertex 180 -155 -3
    endloop
  endfacet
  facet normal 1 0 0
    outer loop
      vertex 180 -155 -5
      vertex 180 -175 -3
      vertex 180 -175 -5
    endloop
  endfacet
  facet normal 0.997459 0 0.071247
    outer loop
      vertex 179.5 -153 4
      vertex 180 -175 -3
      vertex 180 -155 -3
    endloop
  endfacet
  facet normal 0.997459 0 0.071247
    outer loop
      vertex 180 -175 -3
      vertex 179.5 -153 4
      vertex 179.5 -177 4
    endloop
  endfacet
  facet normal -1 0 0
    outer loop
      vertex 174.5 -177 -4
      vertex 174.5 -153 3
      vertex 174.5 -153 -4
    endloop
  endfacet
  facet normal -1 -0 0
    outer loop
      vertex 174.5 -153 3
      vertex 174.5 -177 -4
      vertex 174.5 -177 3
    endloop
  endfacet
  facet normal 0.970143 -0.242536 0
    outer loop
      vertex 179.5 -177 -4
      vertex 180 -175 -3
      vertex 179.5 -177 4
    endloop
  endfacet
  facet normal 0.970143 -0.242536 0
    outer loop
      vertex 180 -175 -3
      vertex 179.5 -177 -4
      vertex 180 -175 -5
    endloop
  endfacet
  facet normal 0 1 0
    outer loop
      vertex 179.5 -153 4
      vertex 176.5 -153 3
      vertex 176.5 -153 4
    endloop
  endfacet
  facet normal 0 1 -0
    outer loop
      vertex 179.5 -153 -4
      vertex 176.5 -153 3
      vertex 179.5 -153 4
    endloop
  endfacet
  facet normal 0 1 0
    outer loop
      vertex 174.5 -153 -4
      vertex 176.5 -153 3
      vertex 179.5 -153 -4
    endloop
  endfacet
  facet normal 0 1 0
    outer loop
      vertex 176.5 -153 3
      vertex 174.5 -153 -4
      vertex 174.5 -153 3
    endloop
  endfacet
  facet normal -0 0 1
    outer loop
      vertex 176.5 -153 4
      vertex 179.5 -177 4
      vertex 179.5 -153 4
    endloop
  endfacet
  facet normal 0 0 1
    outer loop
      vertex 179.5 -177 4
      vertex 176.5 -153 4
      vertex 176.5 -177 4
    endloop
  endfacet
  facet normal 0 -0.447214 -0.894427
    outer loop
      vertex 179.5 -177 -4
      vertex 178 -175 -5
      vertex 180 -175 -5
    endloop
  endfacet
  facet normal 0 -0.447214 -0.894427
    outer loop
      vertex 178 -175 -5
      vertex 179.5 -177 -4
      vertex 174.5 -177 -4
    endloop
  endfacet
  facet normal 0 -1 0
    outer loop
      vertex 174.5 -177 3
      vertex 174.5 -177 -4
      vertex 176.5 -177 3
    endloop
  endfacet
  facet normal 0 -1 0
    outer loop
      vertex 176.5 -177 3
      vertex 179.5 -177 4
      vertex 176.5 -177 4
    endloop
  endfacet
  facet normal 0 -1 0
    outer loop
      vertex 179.5 -177 -4
      vertex 176.5 -177 3
      vertex 174.5 -177 -4
    endloop
  endfacet
  facet normal 0 -1 0
    outer loop
      vertex 176.5 -177 3
      vertex 179.5 -177 -4
      vertex 179.5 -177 4
    endloop
  endfacet
  facet normal -0.274721 0 -0.961524
    outer loop
      vertex 174.5 -177 -4
      vertex 178 -155 -5
      vertex 178 -175 -5
    endloop
  endfacet
  facet normal -0.274721 0 -0.961524
    outer loop
      vertex 178 -155 -5
      vertex 174.5 -177 -4
      vertex 174.5 -153 -4
    endloop
  endfacet
  facet normal 0 0 -1
    outer loop
      vertex 178 -175 -5
      vertex 180 -155 -5
      vertex 180 -175 -5
    endloop
  endfacet
  facet normal -0 0 -1
    outer loop
      vertex 180 -155 -5
      vertex 178 -175 -5
      vertex 178 -155 -5
    endloop
  endfacet
  facet normal 0 0.447214 -0.894427
    outer loop
      vertex 178 -155 -5
      vertex 179.5 -153 -4
      vertex 180 -155 -5
    endloop
  endfacet
  facet normal 0 0.447214 -0.894427
    outer loop
      vertex 179.5 -153 -4
      vertex 178 -155 -5
      vertex 174.5 -153 -4
    endloop
  endfacet
  facet normal -0.99629 0 -0.0860602
    outer loop
      vertex -176.9 -220 7
      vertex -176.924 -214 7.27784
      vertex -176.9 -214 7
    endloop
  endfacet
  facet normal -0.99629 -0 -0.0860602
    outer loop
      vertex -176.924 -214 7.27784
      vertex -176.9 -220 7
      vertex -176.924 -220 7.27784
    endloop
  endfacet
  facet normal -0.99629 0 -0.0860602
    outer loop
      vertex -176.9 -196 7
      vertex -176.924 -190 7.27784
      vertex -176.9 -190 7
    endloop
  endfacet
  facet normal -0.99629 -0 -0.0860602
    outer loop
      vertex -176.924 -190 7.27784
      vertex -176.9 -196 7
      vertex -176.924 -196 7.27784
    endloop
  endfacet
  facet normal -0.96609 0 -0.258207
    outer loop
      vertex -176.924 -220 7.27784
      vertex -176.996 -214 7.54723
      vertex -176.924 -214 7.27784
    endloop
  endfacet
  facet normal -0.96609 -0 -0.258207
    outer loop
      vertex -176.996 -214 7.54723
      vertex -176.924 -220 7.27784
      vertex -176.996 -220 7.54723
    endloop
  endfacet
  facet normal -0.96609 0 -0.258207
    outer loop
      vertex -176.924 -196 7.27784
      vertex -176.996 -190 7.54723
      vertex -176.924 -190 7.27784
    endloop
  endfacet
  facet normal -0.96609 -0 -0.258207
    outer loop
      vertex -176.996 -190 7.54723
      vertex -176.924 -196 7.27784
      vertex -176.996 -196 7.54723
    endloop
  endfacet
  facet normal 0.0871136 -1.95524e-19 -0.996198
    outer loop
      vertex -178.778 -220 8.57569
      vertex -178.5 -214 8.6
      vertex -178.5 -220 8.6
    endloop
  endfacet
  facet normal 0.0871136 -1.95524e-19 -0.996198
    outer loop
      vertex -178.5 -214 8.6
      vertex -178.778 -220 8.57569
      vertex -178.778 -214 8.57569
    endloop
  endfacet
  facet normal 0.0871136 -1.95524e-19 -0.996198
    outer loop
      vertex -178.778 -196 8.57569
      vertex -178.5 -190 8.6
      vertex -178.5 -196 8.6
    endloop
  endfacet
  facet normal 0.0871136 -1.95524e-19 -0.996198
    outer loop
      vertex -178.5 -190 8.6
      vertex -178.778 -196 8.57569
      vertex -178.778 -190 8.57569
    endloop
  endfacet
  facet normal -0.705692 -5.79932e-19 -0.708519
    outer loop
      vertex -177.472 -220 8.22567
      vertex -177.274 -214 8.02846
      vertex -177.274 -220 8.02846
    endloop
  endfacet
  facet normal -0.705692 -5.79932e-19 -0.708519
    outer loop
      vertex -177.274 -214 8.02846
      vertex -177.472 -220 8.22567
      vertex -177.472 -214 8.22567
    endloop
  endfacet
  facet normal -0.705692 -5.79932e-19 -0.708519
    outer loop
      vertex -177.472 -196 8.22567
      vertex -177.274 -190 8.02846
      vertex -177.274 -196 8.02846
    endloop
  endfacet
  facet normal -0.705692 -5.79932e-19 -0.708519
    outer loop
      vertex -177.274 -190 8.02846
      vertex -177.472 -196 8.22567
      vertex -177.472 -190 8.22567
    endloop
  endfacet
  facet normal 0.422307 -7.82969e-19 -0.906453
    outer loop
      vertex -179.3 -220 8.38564
      vertex -179.047 -214 8.50351
      vertex -179.047 -220 8.50351
    endloop
  endfacet
  facet normal 0.422307 -7.82969e-19 -0.906453
    outer loop
      vertex -179.047 -214 8.50351
      vertex -179.3 -220 8.38564
      vertex -179.3 -214 8.38564
    endloop
  endfacet
  facet normal 0.422307 -7.82969e-19 -0.906453
    outer loop
      vertex -179.3 -196 8.38564
      vertex -179.047 -190 8.50351
      vertex -179.047 -196 8.50351
    endloop
  endfacet
  facet normal 0.422307 -7.82969e-19 -0.906453
    outer loop
      vertex -179.047 -190 8.50351
      vertex -179.3 -196 8.38564
      vertex -179.3 -190 8.38564
    endloop
  endfacet
  facet normal -0.259003 -1.56624e-19 0.965877
    outer loop
      vertex -178.222 -214 5.42431
      vertex -178 -220 5.48384
      vertex -178 -214 5.48384
    endloop
  endfacet
  facet normal -0.259003 -1.56624e-19 0.965877
    outer loop
      vertex -178 -220 5.48384
      vertex -178.222 -214 5.42431
      vertex -178.222 -220 5.42431
    endloop
  endfacet
  facet normal -0.259003 -1.56624e-19 0.965877
    outer loop
      vertex -178.222 -190 5.42431
      vertex -178 -196 5.48384
      vertex -178 -190 5.48384
    endloop
  endfacet
  facet normal -0.259003 -1.56624e-19 0.965877
    outer loop
      vertex -178 -196 5.48384
      vertex -178.222 -190 5.42431
      vertex -178.222 -196 5.42431
    endloop
  endfacet
  facet normal -0.2599 0 0.965636
    outer loop
      vertex -178 -190 5.48384
      vertex -177.953 -187 5.49649
      vertex -178 -187 5.48384
    endloop
  endfacet
  facet normal -0.2599 0 0.965636
    outer loop
      vertex -178 -196 5.48384
      vertex -177.953 -187 5.49649
      vertex -178 -190 5.48384
    endloop
  endfacet
  facet normal -0.2599 0 0.965636
    outer loop
      vertex -177.953 -187 5.49649
      vertex -178 -196 5.48384
      vertex -177.953 -223 5.49649
    endloop
  endfacet
  facet normal -0.2599 0 0.965636
    outer loop
      vertex -178 -214 5.48384
      vertex -177.953 -223 5.49649
      vertex -178 -196 5.48384
    endloop
  endfacet
  facet normal -0.2599 0 0.965636
    outer loop
      vertex -178 -220 5.48384
      vertex -177.953 -223 5.49649
      vertex -178 -214 5.48384
    endloop
  endfacet
  facet normal -0.2599 3.4189e-19 0.965636
    outer loop
      vertex -177.953 -223 5.49649
      vertex -178 -220 5.48384
      vertex -178 -223 5.48384
    endloop
  endfacet
  facet normal 0.705692 -1.87114e-18 0.708519
    outer loop
      vertex -179.726 -214 5.97154
      vertex -179.528 -220 5.77433
      vertex -179.528 -214 5.77433
    endloop
  endfacet
  facet normal 0.705692 -1.87114e-18 0.708519
    outer loop
      vertex -179.528 -220 5.77433
      vertex -179.726 -214 5.97154
      vertex -179.726 -220 5.97154
    endloop
  endfacet
  facet normal 0.705692 -1.87114e-18 0.708519
    outer loop
      vertex -179.726 -190 5.97154
      vertex -179.528 -196 5.77433
      vertex -179.528 -190 5.77433
    endloop
  endfacet
  facet normal 0.705692 -1.87114e-18 0.708519
    outer loop
      vertex -179.528 -196 5.77433
      vertex -179.726 -190 5.97154
      vertex -179.726 -196 5.97154
    endloop
  endfacet
  facet normal -0.906127 0 -0.423005
    outer loop
      vertex -176.996 -220 7.54723
      vertex -177.114 -214 7.8
      vertex -176.996 -214 7.54723
    endloop
  endfacet
  facet normal -0.906127 -0 -0.423005
    outer loop
      vertex -177.114 -214 7.8
      vertex -176.996 -220 7.54723
      vertex -177.114 -220 7.8
    endloop
  endfacet
  facet normal -0.906127 0 -0.423005
    outer loop
      vertex -176.996 -196 7.54723
      vertex -177.114 -190 7.8
      vertex -176.996 -190 7.54723
    endloop
  endfacet
  facet normal -0.906127 -0 -0.423005
    outer loop
      vertex -177.114 -190 7.8
      vertex -176.996 -196 7.54723
      vertex -177.114 -196 7.8
    endloop
  endfacet
  facet normal -0.25916 2.68643e-19 -0.965835
    outer loop
      vertex -178.222 -220 8.57569
      vertex -177.953 -214 8.50351
      vertex -177.953 -220 8.50351
    endloop
  endfacet
  facet normal -0.25916 2.68643e-19 -0.965835
    outer loop
      vertex -177.953 -214 8.50351
      vertex -178.222 -220 8.57569
      vertex -178.222 -214 8.57569
    endloop
  endfacet
  facet normal -0.25916 2.68643e-19 -0.965835
    outer loop
      vertex -178.222 -196 8.57569
      vertex -177.953 -190 8.50351
      vertex -177.953 -196 8.50351
    endloop
  endfacet
  facet normal -0.25916 2.68643e-19 -0.965835
    outer loop
      vertex -177.953 -190 8.50351
      vertex -178.222 -196 8.57569
      vertex -178.222 -190 8.57569
    endloop
  endfacet
  facet normal 0.819101 0 -0.57365
    outer loop
      vertex -179.726 -220 8.02846
      vertex -179.886 -214 7.8
      vertex -179.726 -214 8.02846
    endloop
  endfacet
  facet normal 0.819101 0 -0.57365
    outer loop
      vertex -179.886 -214 7.8
      vertex -179.726 -220 8.02846
      vertex -179.886 -220 7.8
    endloop
  endfacet
  facet normal 0.819101 0 -0.57365
    outer loop
      vertex -179.726 -196 8.02846
      vertex -179.886 -190 7.8
      vertex -179.726 -190 8.02846
    endloop
  endfacet
  facet normal 0.819101 0 -0.57365
    outer loop
      vertex -179.886 -190 7.8
      vertex -179.726 -196 8.02846
      vertex -179.886 -196 7.8
    endloop
  endfacet
  facet normal 0.25916 -2.68643e-19 -0.965835
    outer loop
      vertex -179.047 -220 8.50351
      vertex -178.778 -214 8.57569
      vertex -178.778 -220 8.57569
    endloop
  endfacet
  facet normal 0.25916 -2.68643e-19 -0.965835
    outer loop
      vertex -178.778 -214 8.57569
      vertex -179.047 -220 8.50351
      vertex -179.047 -214 8.50351
    endloop
  endfacet
  facet normal 0.25916 -2.68643e-19 -0.965835
    outer loop
      vertex -179.047 -196 8.50351
      vertex -178.778 -190 8.57569
      vertex -178.778 -196 8.57569
    endloop
  endfacet
  facet normal 0.25916 -2.68643e-19 -0.965835
    outer loop
      vertex -178.778 -190 8.57569
      vertex -179.047 -196 8.50351
      vertex -179.047 -190 8.50351
    endloop
  endfacet
  facet normal -0.819101 0 0.57365
    outer loop
      vertex -177.274 -223 5.97154
      vertex -177.114 -187 6.2
      vertex -177.274 -187 5.97154
    endloop
  endfacet
  facet normal -0.819101 0 0.57365
    outer loop
      vertex -177.114 -187 6.2
      vertex -177.274 -223 5.97154
      vertex -177.114 -223 6.2
    endloop
  endfacet
  facet normal -0.99629 3.9789e-19 0.0860602
    outer loop
      vertex -176.924 -187 6.72216
      vertex -176.9 -190 7
      vertex -176.9 -187 7
    endloop
  endfacet
  facet normal -0.99629 1.98945e-19 0.0860602
    outer loop
      vertex -176.924 -187 6.72216
      vertex -176.9 -196 7
      vertex -176.9 -190 7
    endloop
  endfacet
  facet normal -0.99629 6.63149e-20 0.0860602
    outer loop
      vertex -176.924 -187 6.72216
      vertex -176.9 -214 7
      vertex -176.9 -196 7
    endloop
  endfacet
  facet normal -0.99629 0 0.0860602
    outer loop
      vertex -176.924 -223 6.72216
      vertex -176.9 -214 7
      vertex -176.924 -187 6.72216
    endloop
  endfacet
  facet normal -0.99629 0 0.0860602
    outer loop
      vertex -176.9 -214 7
      vertex -176.924 -223 6.72216
      vertex -176.9 -220 7
    endloop
  endfacet
  facet normal -0.99629 0 0.0860602
    outer loop
      vertex -176.9 -220 7
      vertex -176.924 -223 6.72216
      vertex -176.9 -223 7
    endloop
  endfacet
  facet normal 0.0871136 1.95524e-19 0.996198
    outer loop
      vertex -178.778 -214 5.42431
      vertex -178.5 -220 5.4
      vertex -178.5 -214 5.4
    endloop
  endfacet
  facet normal 0.0871136 1.95524e-19 0.996198
    outer loop
      vertex -178.5 -220 5.4
      vertex -178.778 -214 5.42431
      vertex -178.778 -220 5.42431
    endloop
  endfacet
  facet normal 0.0871136 1.95524e-19 0.996198
    outer loop
      vertex -178.778 -190 5.42431
      vertex -178.5 -196 5.4
      vertex -178.5 -190 5.4
    endloop
  endfacet
  facet normal 0.0871136 1.95524e-19 0.996198
    outer loop
      vertex -178.5 -196 5.4
      vertex -178.778 -190 5.42431
      vertex -178.778 -196 5.42431
    endloop
  endfacet
  facet normal 0.574354 4.7645e-19 0.818607
    outer loop
      vertex -179.528 -214 5.77433
      vertex -179.3 -220 5.61436
      vertex -179.3 -214 5.61436
    endloop
  endfacet
  facet normal 0.574354 4.7645e-19 0.818607
    outer loop
      vertex -179.3 -220 5.61436
      vertex -179.528 -214 5.77433
      vertex -179.528 -220 5.77433
    endloop
  endfacet
  facet normal 0.574354 4.7645e-19 0.818607
    outer loop
      vertex -179.528 -190 5.77433
      vertex -179.3 -196 5.61436
      vertex -179.3 -190 5.61436
    endloop
  endfacet
  facet normal 0.574354 4.7645e-19 0.818607
    outer loop
      vertex -179.3 -196 5.61436
      vertex -179.528 -190 5.77433
      vertex -179.528 -196 5.77433
    endloop
  endfacet
  facet normal 0.819101 -0 0.57365
    outer loop
      vertex -179.886 -220 6.2
      vertex -179.726 -214 5.97154
      vertex -179.886 -214 6.2
    endloop
  endfacet
  facet normal 0.819101 0 0.57365
    outer loop
      vertex -179.726 -214 5.97154
      vertex -179.886 -220 6.2
      vertex -179.726 -220 5.97154
    endloop
  endfacet
  facet normal 0.819101 -0 0.57365
    outer loop
      vertex -179.886 -196 6.2
      vertex -179.726 -190 5.97154
      vertex -179.886 -190 6.2
    endloop
  endfacet
  facet normal 0.819101 0 0.57365
    outer loop
      vertex -179.726 -190 5.97154
      vertex -179.886 -196 6.2
      vertex -179.726 -196 5.97154
    endloop
  endfacet
  facet normal -0.819101 0 -0.57365
    outer loop
      vertex -177.114 -220 7.8
      vertex -177.274 -214 8.02846
      vertex -177.114 -214 7.8
    endloop
  endfacet
  facet normal -0.819101 -0 -0.57365
    outer loop
      vertex -177.274 -214 8.02846
      vertex -177.114 -220 7.8
      vertex -177.274 -220 8.02846
    endloop
  endfacet
  facet normal -0.819101 0 -0.57365
    outer loop
      vertex -177.114 -196 7.8
      vertex -177.274 -190 8.02846
      vertex -177.114 -190 7.8
    endloop
  endfacet
  facet normal -0.819101 -0 -0.57365
    outer loop
      vertex -177.274 -190 8.02846
      vertex -177.114 -196 7.8
      vertex -177.274 -196 8.02846
    endloop
  endfacet
  facet normal -0.0871136 1.95524e-19 -0.996198
    outer loop
      vertex -178.5 -220 8.6
      vertex -178.222 -214 8.57569
      vertex -178.222 -220 8.57569
    endloop
  endfacet
  facet normal -0.0871136 1.95524e-19 -0.996198
    outer loop
      vertex -178.222 -214 8.57569
      vertex -178.5 -220 8.6
      vertex -178.5 -214 8.6
    endloop
  endfacet
  facet normal -0.0871136 1.95524e-19 -0.996198
    outer loop
      vertex -178.5 -196 8.6
      vertex -178.222 -190 8.57569
      vertex -178.222 -196 8.57569
    endloop
  endfacet
  facet normal -0.0871136 1.95524e-19 -0.996198
    outer loop
      vertex -178.222 -190 8.57569
      vertex -178.5 -196 8.6
      vertex -178.5 -190 8.6
    endloop
  endfacet
  facet normal -0.574354 1.2408e-18 -0.818607
    outer loop
      vertex -177.7 -220 8.38564
      vertex -177.472 -214 8.22567
      vertex -177.472 -220 8.22567
    endloop
  endfacet
  facet normal -0.574354 1.2408e-18 -0.818607
    outer loop
      vertex -177.472 -214 8.22567
      vertex -177.7 -220 8.38564
      vertex -177.7 -214 8.38564
    endloop
  endfacet
  facet normal -0.574354 1.2408e-18 -0.818607
    outer loop
      vertex -177.7 -196 8.38564
      vertex -177.472 -190 8.22567
      vertex -177.472 -196 8.22567
    endloop
  endfacet
  facet normal -0.574354 1.2408e-18 -0.818607
    outer loop
      vertex -177.472 -190 8.22567
      vertex -177.7 -196 8.38564
      vertex -177.7 -190 8.38564
    endloop
  endfacet
  facet normal 0.96609 0 -0.258207
    outer loop
      vertex -180.004 -220 7.54723
      vertex -180.076 -214 7.27784
      vertex -180.004 -214 7.54723
    endloop
  endfacet
  facet normal 0.96609 0 -0.258207
    outer loop
      vertex -180.076 -214 7.27784
      vertex -180.004 -220 7.54723
      vertex -180.076 -220 7.27784
    endloop
  endfacet
  facet normal 0.96609 0 -0.258207
    outer loop
      vertex -180.004 -196 7.54723
      vertex -180.076 -190 7.27784
      vertex -180.004 -190 7.54723
    endloop
  endfacet
  facet normal 0.96609 0 -0.258207
    outer loop
      vertex -180.076 -190 7.27784
      vertex -180.004 -196 7.54723
      vertex -180.076 -196 7.27784
    endloop
  endfacet
  facet normal 0.906127 0 -0.423005
    outer loop
      vertex -179.886 -220 7.8
      vertex -180.004 -214 7.54723
      vertex -179.886 -214 7.8
    endloop
  endfacet
  facet normal 0.906127 0 -0.423005
    outer loop
      vertex -180.004 -214 7.54723
      vertex -179.886 -220 7.8
      vertex -180.004 -220 7.54723
    endloop
  endfacet
  facet normal 0.906127 0 -0.423005
    outer loop
      vertex -179.886 -196 7.8
      vertex -180.004 -190 7.54723
      vertex -179.886 -190 7.8
    endloop
  endfacet
  facet normal 0.906127 0 -0.423005
    outer loop
      vertex -180.004 -190 7.54723
      vertex -179.886 -196 7.8
      vertex -180.004 -196 7.54723
    endloop
  endfacet
  facet normal 0.99629 0 -0.0860602
    outer loop
      vertex -180.076 -220 7.27784
      vertex -180.1 -214 7
      vertex -180.076 -214 7.27784
    endloop
  endfacet
  facet normal 0.99629 0 -0.0860602
    outer loop
      vertex -180.1 -214 7
      vertex -180.076 -220 7.27784
      vertex -180.1 -220 7
    endloop
  endfacet
  facet normal 0.99629 0 -0.0860602
    outer loop
      vertex -180.076 -196 7.27784
      vertex -180.1 -190 7
      vertex -180.076 -190 7.27784
    endloop
  endfacet
  facet normal 0.99629 0 -0.0860602
    outer loop
      vertex -180.1 -190 7
      vertex -180.076 -196 7.27784
      vertex -180.1 -196 7
    endloop
  endfacet
  facet normal 0.99629 -0 0.0860602
    outer loop
      vertex -180.1 -220 7
      vertex -180.076 -214 6.72216
      vertex -180.1 -214 7
    endloop
  endfacet
  facet normal 0.99629 0 0.0860602
    outer loop
      vertex -180.076 -214 6.72216
      vertex -180.1 -220 7
      vertex -180.076 -220 6.72216
    endloop
  endfacet
  facet normal 0.99629 -0 0.0860602
    outer loop
      vertex -180.1 -196 7
      vertex -180.076 -190 6.72216
      vertex -180.1 -190 7
    endloop
  endfacet
  facet normal 0.99629 0 0.0860602
    outer loop
      vertex -180.076 -190 6.72216
      vertex -180.1 -196 7
      vertex -180.076 -196 6.72216
    endloop
  endfacet
  facet normal 0.574354 -1.2408e-18 -0.818607
    outer loop
      vertex -179.528 -220 8.22567
      vertex -179.3 -214 8.38564
      vertex -179.3 -220 8.38564
    endloop
  endfacet
  facet normal 0.574354 -1.2408e-18 -0.818607
    outer loop
      vertex -179.3 -214 8.38564
      vertex -179.528 -220 8.22567
      vertex -179.528 -214 8.22567
    endloop
  endfacet
  facet normal 0.574354 -1.2408e-18 -0.818607
    outer loop
      vertex -179.528 -196 8.22567
      vertex -179.3 -190 8.38564
      vertex -179.3 -196 8.38564
    endloop
  endfacet
  facet normal 0.574354 -1.2408e-18 -0.818607
    outer loop
      vertex -179.3 -190 8.38564
      vertex -179.528 -196 8.22567
      vertex -179.528 -190 8.22567
    endloop
  endfacet
  facet normal 0.705692 5.79932e-19 -0.708519
    outer loop
      vertex -179.726 -220 8.02846
      vertex -179.528 -214 8.22567
      vertex -179.528 -220 8.22567
    endloop
  endfacet
  facet normal 0.705692 5.79932e-19 -0.708519
    outer loop
      vertex -179.528 -214 8.22567
      vertex -179.726 -220 8.02846
      vertex -179.726 -214 8.02846
    endloop
  endfacet
  facet normal 0.705692 5.79932e-19 -0.708519
    outer loop
      vertex -179.726 -196 8.02846
      vertex -179.528 -190 8.22567
      vertex -179.528 -196 8.22567
    endloop
  endfacet
  facet normal 0.705692 5.79932e-19 -0.708519
    outer loop
      vertex -179.528 -190 8.22567
      vertex -179.726 -196 8.02846
      vertex -179.726 -190 8.02846
    endloop
  endfacet
  facet normal -0.422307 -1.30495e-19 0.906453
    outer loop
      vertex -177.953 -187 5.49649
      vertex -177.7 -223 5.61436
      vertex -177.7 -187 5.61436
    endloop
  endfacet
  facet normal -0.422307 -1.30495e-19 0.906453
    outer loop
      vertex -177.7 -223 5.61436
      vertex -177.953 -187 5.49649
      vertex -177.953 -223 5.49649
    endloop
  endfacet
  facet normal -0.574354 -7.94084e-20 0.818607
    outer loop
      vertex -177.7 -187 5.61436
      vertex -177.472 -223 5.77433
      vertex -177.472 -187 5.77433
    endloop
  endfacet
  facet normal -0.574354 -7.94084e-20 0.818607
    outer loop
      vertex -177.472 -223 5.77433
      vertex -177.7 -187 5.61436
      vertex -177.7 -223 5.61436
    endloop
  endfacet
  facet normal -0.705692 3.11857e-19 0.708519
    outer loop
      vertex -177.472 -187 5.77433
      vertex -177.274 -223 5.97154
      vertex -177.274 -187 5.97154
    endloop
  endfacet
  facet normal -0.705692 3.11857e-19 0.708519
    outer loop
      vertex -177.274 -223 5.97154
      vertex -177.472 -187 5.77433
      vertex -177.472 -223 5.77433
    endloop
  endfacet
  facet normal -0.906127 0 0.423005
    outer loop
      vertex -177.114 -223 6.2
      vertex -176.996 -187 6.45277
      vertex -177.114 -187 6.2
    endloop
  endfacet
  facet normal -0.906127 0 0.423005
    outer loop
      vertex -176.996 -187 6.45277
      vertex -177.114 -223 6.2
      vertex -176.996 -223 6.45277
    endloop
  endfacet
  facet normal -0.0871136 -1.95524e-19 0.996198
    outer loop
      vertex -178.5 -214 5.4
      vertex -178.222 -220 5.42431
      vertex -178.222 -214 5.42431
    endloop
  endfacet
  facet normal -0.0871136 -1.95524e-19 0.996198
    outer loop
      vertex -178.222 -220 5.42431
      vertex -178.5 -214 5.4
      vertex -178.5 -220 5.4
    endloop
  endfacet
  facet normal -0.0871136 -1.95524e-19 0.996198
    outer loop
      vertex -178.5 -190 5.4
      vertex -178.222 -196 5.42431
      vertex -178.222 -190 5.42431
    endloop
  endfacet
  facet normal -0.0871136 -1.95524e-19 0.996198
    outer loop
      vertex -178.222 -196 5.42431
      vertex -178.5 -190 5.4
      vertex -178.5 -196 5.4
    endloop
  endfacet
  facet normal 0.96609 -0 0.258207
    outer loop
      vertex -180.076 -220 6.72216
      vertex -180.004 -214 6.45277
      vertex -180.076 -214 6.72216
    endloop
  endfacet
  facet normal 0.96609 0 0.258207
    outer loop
      vertex -180.004 -214 6.45277
      vertex -180.076 -220 6.72216
      vertex -180.004 -220 6.45277
    endloop
  endfacet
  facet normal 0.96609 -0 0.258207
    outer loop
      vertex -180.076 -196 6.72216
      vertex -180.004 -190 6.45277
      vertex -180.076 -190 6.72216
    endloop
  endfacet
  facet normal 0.96609 0 0.258207
    outer loop
      vertex -180.004 -190 6.45277
      vertex -180.076 -196 6.72216
      vertex -180.004 -196 6.45277
    endloop
  endfacet
  facet normal 0.906127 -0 0.423005
    outer loop
      vertex -180.004 -220 6.45277
      vertex -179.886 -214 6.2
      vertex -180.004 -214 6.45277
    endloop
  endfacet
  facet normal 0.906127 0 0.423005
    outer loop
      vertex -179.886 -214 6.2
      vertex -180.004 -220 6.45277
      vertex -179.886 -220 6.2
    endloop
  endfacet
  facet normal 0.906127 -0 0.423005
    outer loop
      vertex -180.004 -196 6.45277
      vertex -179.886 -190 6.2
      vertex -180.004 -190 6.45277
    endloop
  endfacet
  facet normal 0.906127 0 0.423005
    outer loop
      vertex -179.886 -190 6.2
      vertex -180.004 -196 6.45277
      vertex -179.886 -196 6.2
    endloop
  endfacet
  facet normal -0.422307 7.82969e-19 -0.906453
    outer loop
      vertex -177.953 -220 8.50351
      vertex -177.7 -214 8.38564
      vertex -177.7 -220 8.38564
    endloop
  endfacet
  facet normal -0.422307 7.82969e-19 -0.906453
    outer loop
      vertex -177.7 -214 8.38564
      vertex -177.953 -220 8.50351
      vertex -177.953 -214 8.50351
    endloop
  endfacet
  facet normal -0.422307 7.82969e-19 -0.906453
    outer loop
      vertex -177.953 -196 8.50351
      vertex -177.7 -190 8.38564
      vertex -177.7 -196 8.38564
    endloop
  endfacet
  facet normal -0.422307 7.82969e-19 -0.906453
    outer loop
      vertex -177.7 -190 8.38564
      vertex -177.953 -196 8.50351
      vertex -177.953 -190 8.50351
    endloop
  endfacet
  facet normal -0.96609 0 0.258207
    outer loop
      vertex -176.996 -223 6.45277
      vertex -176.924 -187 6.72216
      vertex -176.996 -187 6.45277
    endloop
  endfacet
  facet normal -0.96609 0 0.258207
    outer loop
      vertex -176.924 -187 6.72216
      vertex -176.996 -223 6.45277
      vertex -176.924 -223 6.72216
    endloop
  endfacet
  facet normal 0.422307 7.82969e-19 0.906453
    outer loop
      vertex -179.3 -214 5.61436
      vertex -179.047 -220 5.49649
      vertex -179.047 -214 5.49649
    endloop
  endfacet
  facet normal 0.422307 7.82969e-19 0.906453
    outer loop
      vertex -179.047 -220 5.49649
      vertex -179.3 -214 5.61436
      vertex -179.3 -220 5.61436
    endloop
  endfacet
  facet normal 0.422307 7.82969e-19 0.906453
    outer loop
      vertex -179.3 -190 5.61436
      vertex -179.047 -196 5.49649
      vertex -179.047 -190 5.49649
    endloop
  endfacet
  facet normal 0.422307 7.82969e-19 0.906453
    outer loop
      vertex -179.047 -196 5.49649
      vertex -179.3 -190 5.61436
      vertex -179.3 -196 5.61436
    endloop
  endfacet
  facet normal 0.25916 2.68643e-19 0.965835
    outer loop
      vertex -179.047 -214 5.49649
      vertex -178.778 -220 5.42431
      vertex -178.778 -214 5.42431
    endloop
  endfacet
  facet normal 0.25916 2.68643e-19 0.965835
    outer loop
      vertex -178.778 -220 5.42431
      vertex -179.047 -214 5.49649
      vertex -179.047 -220 5.49649
    endloop
  endfacet
  facet normal 0.25916 2.68643e-19 0.965835
    outer loop
      vertex -179.047 -190 5.49649
      vertex -178.778 -196 5.42431
      vertex -178.778 -190 5.42431
    endloop
  endfacet
  facet normal 0.25916 2.68643e-19 0.965835
    outer loop
      vertex -178.778 -196 5.42431
      vertex -179.047 -190 5.49649
      vertex -179.047 -196 5.49649
    endloop
  endfacet
  facet normal -0.99629 0 -0.0860602
    outer loop
      vertex -176.9 -116 7
      vertex -176.924 -110 7.27784
      vertex -176.9 -110 7
    endloop
  endfacet
  facet normal -0.99629 -0 -0.0860602
    outer loop
      vertex -176.924 -110 7.27784
      vertex -176.9 -116 7
      vertex -176.924 -116 7.27784
    endloop
  endfacet
  facet normal -0.99629 0 -0.0860602
    outer loop
      vertex -176.9 -140 7
      vertex -176.924 -134 7.27784
      vertex -176.9 -134 7
    endloop
  endfacet
  facet normal -0.99629 -0 -0.0860602
    outer loop
      vertex -176.924 -134 7.27784
      vertex -176.9 -140 7
      vertex -176.924 -140 7.27784
    endloop
  endfacet
  facet normal -0.96609 0 -0.258207
    outer loop
      vertex -176.924 -140 7.27784
      vertex -176.996 -134 7.54723
      vertex -176.924 -134 7.27784
    endloop
  endfacet
  facet normal -0.96609 -0 -0.258207
    outer loop
      vertex -176.996 -134 7.54723
      vertex -176.924 -140 7.27784
      vertex -176.996 -140 7.54723
    endloop
  endfacet
  facet normal -0.96609 0 -0.258207
    outer loop
      vertex -176.924 -116 7.27784
      vertex -176.996 -110 7.54723
      vertex -176.924 -110 7.27784
    endloop
  endfacet
  facet normal -0.96609 -0 -0.258207
    outer loop
      vertex -176.996 -110 7.54723
      vertex -176.924 -116 7.27784
      vertex -176.996 -116 7.54723
    endloop
  endfacet
  facet normal 0.0871136 -1.95524e-19 -0.996198
    outer loop
      vertex -178.778 -140 8.57569
      vertex -178.5 -134 8.6
      vertex -178.5 -140 8.6
    endloop
  endfacet
  facet normal 0.0871136 -1.95524e-19 -0.996198
    outer loop
      vertex -178.5 -134 8.6
      vertex -178.778 -140 8.57569
      vertex -178.778 -134 8.57569
    endloop
  endfacet
  facet normal 0.0871136 -1.95524e-19 -0.996198
    outer loop
      vertex -178.778 -116 8.57569
      vertex -178.5 -110 8.6
      vertex -178.5 -116 8.6
    endloop
  endfacet
  facet normal 0.0871136 -1.95524e-19 -0.996198
    outer loop
      vertex -178.5 -110 8.6
      vertex -178.778 -116 8.57569
      vertex -178.778 -110 8.57569
    endloop
  endfacet
  facet normal -0.705692 -5.79932e-19 -0.708519
    outer loop
      vertex -177.472 -140 8.22567
      vertex -177.274 -134 8.02846
      vertex -177.274 -140 8.02846
    endloop
  endfacet
  facet normal -0.705692 -5.79932e-19 -0.708519
    outer loop
      vertex -177.274 -134 8.02846
      vertex -177.472 -140 8.22567
      vertex -177.472 -134 8.22567
    endloop
  endfacet
  facet normal -0.705692 -5.79932e-19 -0.708519
    outer loop
      vertex -177.472 -116 8.22567
      vertex -177.274 -110 8.02846
      vertex -177.274 -116 8.02846
    endloop
  endfacet
  facet normal -0.705692 -5.79932e-19 -0.708519
    outer loop
      vertex -177.274 -110 8.02846
      vertex -177.472 -116 8.22567
      vertex -177.472 -110 8.22567
    endloop
  endfacet
  facet normal 0.422307 -7.82969e-19 -0.906453
    outer loop
      vertex -179.3 -140 8.38564
      vertex -179.047 -134 8.50351
      vertex -179.047 -140 8.50351
    endloop
  endfacet
  facet normal 0.422307 -7.82969e-19 -0.906453
    outer loop
      vertex -179.047 -134 8.50351
      vertex -179.3 -140 8.38564
      vertex -179.3 -134 8.38564
    endloop
  endfacet
  facet normal 0.422307 -7.82969e-19 -0.906453
    outer loop
      vertex -179.3 -116 8.38564
      vertex -179.047 -110 8.50351
      vertex -179.047 -116 8.50351
    endloop
  endfacet
  facet normal 0.422307 -7.82969e-19 -0.906453
    outer loop
      vertex -179.047 -110 8.50351
      vertex -179.3 -116 8.38564
      vertex -179.3 -110 8.38564
    endloop
  endfacet
  facet normal -0.259003 -1.56624e-19 0.965877
    outer loop
      vertex -178.222 -134 5.42431
      vertex -178 -140 5.48384
      vertex -178 -134 5.48384
    endloop
  endfacet
  facet normal -0.259003 -1.56624e-19 0.965877
    outer loop
      vertex -178 -140 5.48384
      vertex -178.222 -134 5.42431
      vertex -178.222 -140 5.42431
    endloop
  endfacet
  facet normal -0.259003 -1.56624e-19 0.965877
    outer loop
      vertex -178.222 -110 5.42431
      vertex -178 -116 5.48384
      vertex -178 -110 5.48384
    endloop
  endfacet
  facet normal -0.259003 -1.56624e-19 0.965877
    outer loop
      vertex -178 -116 5.48384
      vertex -178.222 -110 5.42431
      vertex -178.222 -116 5.42431
    endloop
  endfacet
  facet normal -0.2599 0 0.965636
    outer loop
      vertex -178 -110 5.48384
      vertex -177.953 -107 5.49649
      vertex -178 -107 5.48384
    endloop
  endfacet
  facet normal -0.2599 0 0.965636
    outer loop
      vertex -178 -116 5.48384
      vertex -177.953 -107 5.49649
      vertex -178 -110 5.48384
    endloop
  endfacet
  facet normal -0.2599 0 0.965636
    outer loop
      vertex -177.953 -107 5.49649
      vertex -178 -116 5.48384
      vertex -177.953 -143 5.49649
    endloop
  endfacet
  facet normal -0.2599 0 0.965636
    outer loop
      vertex -178 -134 5.48384
      vertex -177.953 -143 5.49649
      vertex -178 -116 5.48384
    endloop
  endfacet
  facet normal -0.2599 0 0.965636
    outer loop
      vertex -178 -140 5.48384
      vertex -177.953 -143 5.49649
      vertex -178 -134 5.48384
    endloop
  endfacet
  facet normal -0.2599 3.4189e-19 0.965636
    outer loop
      vertex -177.953 -143 5.49649
      vertex -178 -140 5.48384
      vertex -178 -143 5.48384
    endloop
  endfacet
  facet normal -0.906127 0 -0.423005
    outer loop
      vertex -176.996 -140 7.54723
      vertex -177.114 -134 7.8
      vertex -176.996 -134 7.54723
    endloop
  endfacet
  facet normal -0.906127 -0 -0.423005
    outer loop
      vertex -177.114 -134 7.8
      vertex -176.996 -140 7.54723
      vertex -177.114 -140 7.8
    endloop
  endfacet
  facet normal -0.906127 0 -0.423005
    outer loop
      vertex -176.996 -116 7.54723
      vertex -177.114 -110 7.8
      vertex -176.996 -110 7.54723
    endloop
  endfacet
  facet normal -0.906127 -0 -0.423005
    outer loop
      vertex -177.114 -110 7.8
      vertex -176.996 -116 7.54723
      vertex -177.114 -116 7.8
    endloop
  endfacet
  facet normal -0.25916 2.68643e-19 -0.965835
    outer loop
      vertex -178.222 -140 8.57569
      vertex -177.953 -134 8.50351
      vertex -177.953 -140 8.50351
    endloop
  endfacet
  facet normal -0.25916 2.68643e-19 -0.965835
    outer loop
      vertex -177.953 -134 8.50351
      vertex -178.222 -140 8.57569
      vertex -178.222 -134 8.57569
    endloop
  endfacet
  facet normal -0.25916 2.68643e-19 -0.965835
    outer loop
      vertex -178.222 -116 8.57569
      vertex -177.953 -110 8.50351
      vertex -177.953 -116 8.50351
    endloop
  endfacet
  facet normal -0.25916 2.68643e-19 -0.965835
    outer loop
      vertex -177.953 -110 8.50351
      vertex -178.222 -116 8.57569
      vertex -178.222 -110 8.57569
    endloop
  endfacet
  facet normal 0.819101 0 -0.57365
    outer loop
      vertex -179.726 -140 8.02846
      vertex -179.886 -134 7.8
      vertex -179.726 -134 8.02846
    endloop
  endfacet
  facet normal 0.819101 0 -0.57365
    outer loop
      vertex -179.886 -134 7.8
      vertex -179.726 -140 8.02846
      vertex -179.886 -140 7.8
    endloop
  endfacet
  facet normal 0.819101 0 -0.57365
    outer loop
      vertex -179.726 -116 8.02846
      vertex -179.886 -110 7.8
      vertex -179.726 -110 8.02846
    endloop
  endfacet
  facet normal 0.819101 0 -0.57365
    outer loop
      vertex -179.886 -110 7.8
      vertex -179.726 -116 8.02846
      vertex -179.886 -116 7.8
    endloop
  endfacet
  facet normal 0.25916 -2.68643e-19 -0.965835
    outer loop
      vertex -179.047 -140 8.50351
      vertex -178.778 -134 8.57569
      vertex -178.778 -140 8.57569
    endloop
  endfacet
  facet normal 0.25916 -2.68643e-19 -0.965835
    outer loop
      vertex -178.778 -134 8.57569
      vertex -179.047 -140 8.50351
      vertex -179.047 -134 8.50351
    endloop
  endfacet
  facet normal 0.25916 -2.68643e-19 -0.965835
    outer loop
      vertex -179.047 -116 8.50351
      vertex -178.778 -110 8.57569
      vertex -178.778 -116 8.57569
    endloop
  endfacet
  facet normal 0.25916 -2.68643e-19 -0.965835
    outer loop
      vertex -178.778 -110 8.57569
      vertex -179.047 -116 8.50351
      vertex -179.047 -110 8.50351
    endloop
  endfacet
  facet normal -0.819101 0 0.57365
    outer loop
      vertex -177.274 -143 5.97154
      vertex -177.114 -107 6.2
      vertex -177.274 -107 5.97154
    endloop
  endfacet
  facet normal -0.819101 0 0.57365
    outer loop
      vertex -177.114 -107 6.2
      vertex -177.274 -143 5.97154
      vertex -177.114 -143 6.2
    endloop
  endfacet
  facet normal -0.99629 3.9789e-19 0.0860602
    outer loop
      vertex -176.924 -107 6.72216
      vertex -176.9 -110 7
      vertex -176.9 -107 7
    endloop
  endfacet
  facet normal -0.99629 1.98945e-19 0.0860602
    outer loop
      vertex -176.924 -107 6.72216
      vertex -176.9 -116 7
      vertex -176.9 -110 7
    endloop
  endfacet
  facet normal -0.99629 6.63149e-20 0.0860602
    outer loop
      vertex -176.924 -107 6.72216
      vertex -176.9 -134 7
      vertex -176.9 -116 7
    endloop
  endfacet
  facet normal -0.99629 0 0.0860602
    outer loop
      vertex -176.924 -143 6.72216
      vertex -176.9 -134 7
      vertex -176.924 -107 6.72216
    endloop
  endfacet
  facet normal -0.99629 0 0.0860602
    outer loop
      vertex -176.9 -134 7
      vertex -176.924 -143 6.72216
      vertex -176.9 -140 7
    endloop
  endfacet
  facet normal -0.99629 0 0.0860602
    outer loop
      vertex -176.9 -140 7
      vertex -176.924 -143 6.72216
      vertex -176.9 -143 7
    endloop
  endfacet
  facet normal 0.819101 -0 0.57365
    outer loop
      vertex -179.886 -140 6.2
      vertex -179.726 -134 5.97154
      vertex -179.886 -134 6.2
    endloop
  endfacet
  facet normal 0.819101 0 0.57365
    outer loop
      vertex -179.726 -134 5.97154
      vertex -179.886 -140 6.2
      vertex -179.726 -140 5.97154
    endloop
  endfacet
  facet normal 0.819101 -0 0.57365
    outer loop
      vertex -179.886 -116 6.2
      vertex -179.726 -110 5.97154
      vertex -179.886 -110 6.2
    endloop
  endfacet
  facet normal 0.819101 0 0.57365
    outer loop
      vertex -179.726 -110 5.97154
      vertex -179.886 -116 6.2
      vertex -179.726 -116 5.97154
    endloop
  endfacet
  facet normal 0.705692 -1.87114e-18 0.708519
    outer loop
      vertex -179.726 -134 5.97154
      vertex -179.528 -140 5.77433
      vertex -179.528 -134 5.77433
    endloop
  endfacet
  facet normal 0.705692 -1.87114e-18 0.708519
    outer loop
      vertex -179.528 -140 5.77433
      vertex -179.726 -134 5.97154
      vertex -179.726 -140 5.97154
    endloop
  endfacet
  facet normal 0.705692 -1.87114e-18 0.708519
    outer loop
      vertex -179.726 -110 5.97154
      vertex -179.528 -116 5.77433
      vertex -179.528 -110 5.77433
    endloop
  endfacet
  facet normal 0.705692 -1.87114e-18 0.708519
    outer loop
      vertex -179.528 -116 5.77433
      vertex -179.726 -110 5.97154
      vertex -179.726 -116 5.97154
    endloop
  endfacet
  facet normal 0.96609 -0 0.258207
    outer loop
      vertex -180.076 -140 6.72216
      vertex -180.004 -134 6.45277
      vertex -180.076 -134 6.72216
    endloop
  endfacet
  facet normal 0.96609 0 0.258207
    outer loop
      vertex -180.004 -134 6.45277
      vertex -180.076 -140 6.72216
      vertex -180.004 -140 6.45277
    endloop
  endfacet
  facet normal 0.96609 -0 0.258207
    outer loop
      vertex -180.076 -116 6.72216
      vertex -180.004 -110 6.45277
      vertex -180.076 -110 6.72216
    endloop
  endfacet
  facet normal 0.96609 0 0.258207
    outer loop
      vertex -180.004 -110 6.45277
      vertex -180.076 -116 6.72216
      vertex -180.004 -116 6.45277
    endloop
  endfacet
  facet normal -0.819101 0 -0.57365
    outer loop
      vertex -177.114 -140 7.8
      vertex -177.274 -134 8.02846
      vertex -177.114 -134 7.8
    endloop
  endfacet
  facet normal -0.819101 -0 -0.57365
    outer loop
      vertex -177.274 -134 8.02846
      vertex -177.114 -140 7.8
      vertex -177.274 -140 8.02846
    endloop
  endfacet
  facet normal -0.819101 0 -0.57365
    outer loop
      vertex -177.114 -116 7.8
      vertex -177.274 -110 8.02846
      vertex -177.114 -110 7.8
    endloop
  endfacet
  facet normal -0.819101 -0 -0.57365
    outer loop
      vertex -177.274 -110 8.02846
      vertex -177.114 -116 7.8
      vertex -177.274 -116 8.02846
    endloop
  endfacet
  facet normal -0.0871136 1.95524e-19 -0.996198
    outer loop
      vertex -178.5 -140 8.6
      vertex -178.222 -134 8.57569
      vertex -178.222 -140 8.57569
    endloop
  endfacet
  facet normal -0.0871136 1.95524e-19 -0.996198
    outer loop
      vertex -178.222 -134 8.57569
      vertex -178.5 -140 8.6
      vertex -178.5 -134 8.6
    endloop
  endfacet
  facet normal -0.0871136 1.95524e-19 -0.996198
    outer loop
      vertex -178.5 -116 8.6
      vertex -178.222 -110 8.57569
      vertex -178.222 -116 8.57569
    endloop
  endfacet
  facet normal -0.0871136 1.95524e-19 -0.996198
    outer loop
      vertex -178.222 -110 8.57569
      vertex -178.5 -116 8.6
      vertex -178.5 -110 8.6
    endloop
  endfacet
  facet normal -0.574354 1.2408e-18 -0.818607
    outer loop
      vertex -177.7 -140 8.38564
      vertex -177.472 -134 8.22567
      vertex -177.472 -140 8.22567
    endloop
  endfacet
  facet normal -0.574354 1.2408e-18 -0.818607
    outer loop
      vertex -177.472 -134 8.22567
      vertex -177.7 -140 8.38564
      vertex -177.7 -134 8.38564
    endloop
  endfacet
  facet normal -0.574354 1.2408e-18 -0.818607
    outer loop
      vertex -177.7 -116 8.38564
      vertex -177.472 -110 8.22567
      vertex -177.472 -116 8.22567
    endloop
  endfacet
  facet normal -0.574354 1.2408e-18 -0.818607
    outer loop
      vertex -177.472 -110 8.22567
      vertex -177.7 -116 8.38564
      vertex -177.7 -110 8.38564
    endloop
  endfacet
  facet normal 0.96609 0 -0.258207
    outer loop
      vertex -180.004 -140 7.54723
      vertex -180.076 -134 7.27784
      vertex -180.004 -134 7.54723
    endloop
  endfacet
  facet normal 0.96609 0 -0.258207
    outer loop
      vertex -180.076 -134 7.27784
      vertex -180.004 -140 7.54723
      vertex -180.076 -140 7.27784
    endloop
  endfacet
  facet normal 0.96609 0 -0.258207
    outer loop
      vertex -180.004 -116 7.54723
      vertex -180.076 -110 7.27784
      vertex -180.004 -110 7.54723
    endloop
  endfacet
  facet normal 0.96609 0 -0.258207
    outer loop
      vertex -180.076 -110 7.27784
      vertex -180.004 -116 7.54723
      vertex -180.076 -116 7.27784
    endloop
  endfacet
  facet normal 0.906127 0 -0.423005
    outer loop
      vertex -179.886 -140 7.8
      vertex -180.004 -134 7.54723
      vertex -179.886 -134 7.8
    endloop
  endfacet
  facet normal 0.906127 0 -0.423005
    outer loop
      vertex -180.004 -134 7.54723
      vertex -179.886 -140 7.8
      vertex -180.004 -140 7.54723
    endloop
  endfacet
  facet normal 0.906127 0 -0.423005
    outer loop
      vertex -179.886 -116 7.8
      vertex -180.004 -110 7.54723
      vertex -179.886 -110 7.8
    endloop
  endfacet
  facet normal 0.906127 0 -0.423005
    outer loop
      vertex -180.004 -110 7.54723
      vertex -179.886 -116 7.8
      vertex -180.004 -116 7.54723
    endloop
  endfacet
  facet normal 0.99629 0 -0.0860602
    outer loop
      vertex -180.076 -140 7.27784
      vertex -180.1 -134 7
      vertex -180.076 -134 7.27784
    endloop
  endfacet
  facet normal 0.99629 0 -0.0860602
    outer loop
      vertex -180.1 -134 7
      vertex -180.076 -140 7.27784
      vertex -180.1 -140 7
    endloop
  endfacet
  facet normal 0.99629 0 -0.0860602
    outer loop
      vertex -180.076 -116 7.27784
      vertex -180.1 -110 7
      vertex -180.076 -110 7.27784
    endloop
  endfacet
  facet normal 0.99629 0 -0.0860602
    outer loop
      vertex -180.1 -110 7
      vertex -180.076 -116 7.27784
      vertex -180.1 -116 7
    endloop
  endfacet
  facet normal 0.99629 -0 0.0860602
    outer loop
      vertex -180.1 -140 7
      vertex -180.076 -134 6.72216
      vertex -180.1 -134 7
    endloop
  endfacet
  facet normal 0.99629 0 0.0860602
    outer loop
      vertex -180.076 -134 6.72216
      vertex -180.1 -140 7
      vertex -180.076 -140 6.72216
    endloop
  endfacet
  facet normal 0.99629 -0 0.0860602
    outer loop
      vertex -180.1 -116 7
      vertex -180.076 -110 6.72216
      vertex -180.1 -110 7
    endloop
  endfacet
  facet normal 0.99629 0 0.0860602
    outer loop
      vertex -180.076 -110 6.72216
      vertex -180.1 -116 7
      vertex -180.076 -116 6.72216
    endloop
  endfacet
  facet normal 0.574354 -1.2408e-18 -0.818607
    outer loop
      vertex -179.528 -140 8.22567
      vertex -179.3 -134 8.38564
      vertex -179.3 -140 8.38564
    endloop
  endfacet
  facet normal 0.574354 -1.2408e-18 -0.818607
    outer loop
      vertex -179.3 -134 8.38564
      vertex -179.528 -140 8.22567
      vertex -179.528 -134 8.22567
    endloop
  endfacet
  facet normal 0.574354 -1.2408e-18 -0.818607
    outer loop
      vertex -179.528 -116 8.22567
      vertex -179.3 -110 8.38564
      vertex -179.3 -116 8.38564
    endloop
  endfacet
  facet normal 0.574354 -1.2408e-18 -0.818607
    outer loop
      vertex -179.3 -110 8.38564
      vertex -179.528 -116 8.22567
      vertex -179.528 -110 8.22567
    endloop
  endfacet
  facet normal 0.705692 5.79932e-19 -0.708519
    outer loop
      vertex -179.726 -140 8.02846
      vertex -179.528 -134 8.22567
      vertex -179.528 -140 8.22567
    endloop
  endfacet
  facet normal 0.705692 5.79932e-19 -0.708519
    outer loop
      vertex -179.528 -134 8.22567
      vertex -179.726 -140 8.02846
      vertex -179.726 -134 8.02846
    endloop
  endfacet
  facet normal 0.705692 5.79932e-19 -0.708519
    outer loop
      vertex -179.726 -116 8.02846
      vertex -179.528 -110 8.22567
      vertex -179.528 -116 8.22567
    endloop
  endfacet
  facet normal 0.705692 5.79932e-19 -0.708519
    outer loop
      vertex -179.528 -110 8.22567
      vertex -179.726 -116 8.02846
      vertex -179.726 -110 8.02846
    endloop
  endfacet
  facet normal -0.422307 -1.30495e-19 0.906453
    outer loop
      vertex -177.953 -107 5.49649
      vertex -177.7 -143 5.61436
      vertex -177.7 -107 5.61436
    endloop
  endfacet
  facet normal -0.422307 -1.30495e-19 0.906453
    outer loop
      vertex -177.7 -143 5.61436
      vertex -177.953 -107 5.49649
      vertex -177.953 -143 5.49649
    endloop
  endfacet
  facet normal -0.574354 -7.94084e-20 0.818607
    outer loop
      vertex -177.7 -107 5.61436
      vertex -177.472 -143 5.77433
      vertex -177.472 -107 5.77433
    endloop
  endfacet
  facet normal -0.574354 -7.94084e-20 0.818607
    outer loop
      vertex -177.472 -143 5.77433
      vertex -177.7 -107 5.61436
      vertex -177.7 -143 5.61436
    endloop
  endfacet
  facet normal -0.705692 3.11857e-19 0.708519
    outer loop
      vertex -177.472 -107 5.77433
      vertex -177.274 -143 5.97154
      vertex -177.274 -107 5.97154
    endloop
  endfacet
  facet normal -0.705692 3.11857e-19 0.708519
    outer loop
      vertex -177.274 -143 5.97154
      vertex -177.472 -107 5.77433
      vertex -177.472 -143 5.77433
    endloop
  endfacet
  facet normal -0.906127 0 0.423005
    outer loop
      vertex -177.114 -143 6.2
      vertex -176.996 -107 6.45277
      vertex -177.114 -107 6.2
    endloop
  endfacet
  facet normal -0.906127 0 0.423005
    outer loop
      vertex -176.996 -107 6.45277
      vertex -177.114 -143 6.2
      vertex -176.996 -143 6.45277
    endloop
  endfacet
  facet normal 0.574354 4.7645e-19 0.818607
    outer loop
      vertex -179.528 -134 5.77433
      vertex -179.3 -140 5.61436
      vertex -179.3 -134 5.61436
    endloop
  endfacet
  facet normal 0.574354 4.7645e-19 0.818607
    outer loop
      vertex -179.3 -140 5.61436
      vertex -179.528 -134 5.77433
      vertex -179.528 -140 5.77433
    endloop
  endfacet
  facet normal 0.574354 4.7645e-19 0.818607
    outer loop
      vertex -179.528 -110 5.77433
      vertex -179.3 -116 5.61436
      vertex -179.3 -110 5.61436
    endloop
  endfacet
  facet normal 0.574354 4.7645e-19 0.818607
    outer loop
      vertex -179.3 -116 5.61436
      vertex -179.528 -110 5.77433
      vertex -179.528 -116 5.77433
    endloop
  endfacet
  facet normal 0.0871136 1.95524e-19 0.996198
    outer loop
      vertex -178.778 -134 5.42431
      vertex -178.5 -140 5.4
      vertex -178.5 -134 5.4
    endloop
  endfacet
  facet normal 0.0871136 1.95524e-19 0.996198
    outer loop
      vertex -178.5 -140 5.4
      vertex -178.778 -134 5.42431
      vertex -178.778 -140 5.42431
    endloop
  endfacet
  facet normal 0.0871136 1.95524e-19 0.996198
    outer loop
      vertex -178.778 -110 5.42431
      vertex -178.5 -116 5.4
      vertex -178.5 -110 5.4
    endloop
  endfacet
  facet normal 0.0871136 1.95524e-19 0.996198
    outer loop
      vertex -178.5 -116 5.4
      vertex -178.778 -110 5.42431
      vertex -178.778 -116 5.42431
    endloop
  endfacet
  facet normal -0.0871136 -1.95524e-19 0.996198
    outer loop
      vertex -178.5 -134 5.4
      vertex -178.222 -140 5.42431
      vertex -178.222 -134 5.42431
    endloop
  endfacet
  facet normal -0.0871136 -1.95524e-19 0.996198
    outer loop
      vertex -178.222 -140 5.42431
      vertex -178.5 -134 5.4
      vertex -178.5 -140 5.4
    endloop
  endfacet
  facet normal -0.0871136 -1.95524e-19 0.996198
    outer loop
      vertex -178.5 -110 5.4
      vertex -178.222 -116 5.42431
      vertex -178.222 -110 5.42431
    endloop
  endfacet
  facet normal -0.0871136 -1.95524e-19 0.996198
    outer loop
      vertex -178.222 -116 5.42431
      vertex -178.5 -110 5.4
      vertex -178.5 -116 5.4
    endloop
  endfacet
  facet normal 0.906127 -0 0.423005
    outer loop
      vertex -180.004 -140 6.45277
      vertex -179.886 -134 6.2
      vertex -180.004 -134 6.45277
    endloop
  endfacet
  facet normal 0.906127 0 0.423005
    outer loop
      vertex -179.886 -134 6.2
      vertex -180.004 -140 6.45277
      vertex -179.886 -140 6.2
    endloop
  endfacet
  facet normal 0.906127 -0 0.423005
    outer loop
      vertex -180.004 -116 6.45277
      vertex -179.886 -110 6.2
      vertex -180.004 -110 6.45277
    endloop
  endfacet
  facet normal 0.906127 0 0.423005
    outer loop
      vertex -179.886 -110 6.2
      vertex -180.004 -116 6.45277
      vertex -179.886 -116 6.2
    endloop
  endfacet
  facet normal -0.422307 7.82969e-19 -0.906453
    outer loop
      vertex -177.953 -140 8.50351
      vertex -177.7 -134 8.38564
      vertex -177.7 -140 8.38564
    endloop
  endfacet
  facet normal -0.422307 7.82969e-19 -0.906453
    outer loop
      vertex -177.7 -134 8.38564
      vertex -177.953 -140 8.50351
      vertex -177.953 -134 8.50351
    endloop
  endfacet
  facet normal -0.422307 7.82969e-19 -0.906453
    outer loop
      vertex -177.953 -116 8.50351
      vertex -177.7 -110 8.38564
      vertex -177.7 -116 8.38564
    endloop
  endfacet
  facet normal -0.422307 7.82969e-19 -0.906453
    outer loop
      vertex -177.7 -110 8.38564
      vertex -177.953 -116 8.50351
      vertex -177.953 -110 8.50351
    endloop
  endfacet
  facet normal -0.96609 0 0.258207
    outer loop
      vertex -176.996 -143 6.45277
      vertex -176.924 -107 6.72216
      vertex -176.996 -107 6.45277
    endloop
  endfacet
  facet normal -0.96609 0 0.258207
    outer loop
      vertex -176.924 -107 6.72216
      vertex -176.996 -143 6.45277
      vertex -176.924 -143 6.72216
    endloop
  endfacet
  facet normal 0.422307 7.82969e-19 0.906453
    outer loop
      vertex -179.3 -134 5.61436
      vertex -179.047 -140 5.49649
      vertex -179.047 -134 5.49649
    endloop
  endfacet
  facet normal 0.422307 7.82969e-19 0.906453
    outer loop
      vertex -179.047 -140 5.49649
      vertex -179.3 -134 5.61436
      vertex -179.3 -140 5.61436
    endloop
  endfacet
  facet normal 0.422307 7.82969e-19 0.906453
    outer loop
      vertex -179.3 -110 5.61436
      vertex -179.047 -116 5.49649
      vertex -179.047 -110 5.49649
    endloop
  endfacet
  facet normal 0.422307 7.82969e-19 0.906453
    outer loop
      vertex -179.047 -116 5.49649
      vertex -179.3 -110 5.61436
      vertex -179.3 -116 5.61436
    endloop
  endfacet
  facet normal 0.25916 2.68643e-19 0.965835
    outer loop
      vertex -179.047 -134 5.49649
      vertex -178.778 -140 5.42431
      vertex -178.778 -134 5.42431
    endloop
  endfacet
  facet normal 0.25916 2.68643e-19 0.965835
    outer loop
      vertex -178.778 -140 5.42431
      vertex -179.047 -134 5.49649
      vertex -179.047 -140 5.49649
    endloop
  endfacet
  facet normal 0.25916 2.68643e-19 0.965835
    outer loop
      vertex -179.047 -110 5.49649
      vertex -178.778 -116 5.42431
      vertex -178.778 -110 5.42431
    endloop
  endfacet
  facet normal 0.25916 2.68643e-19 0.965835
    outer loop
      vertex -178.778 -116 5.42431
      vertex -179.047 -110 5.49649
      vertex -179.047 -116 5.49649
    endloop
  endfacet
  facet normal 1 -0 0
    outer loop
      vertex 152 -189 6.5
      vertex 152 -141 2
      vertex 152 -141 6.5
    endloop
  endfacet
  facet normal 1 0 0
    outer loop
      vertex 152 -141 2
      vertex 152 -189 6.5
      vertex 152 -189 2
    endloop
  endfacet
  facet normal -1 0 0
    outer loop
      vertex 168 -189 2
      vertex 168 -141 6.5
      vertex 168 -141 2
    endloop
  endfacet
  facet normal -1 -0 0
    outer loop
      vertex 168 -141 6.5
      vertex 168 -189 2
      vertex 168 -189 6.5
    endloop
  endfacet
  facet normal 0 -1 0
    outer loop
      vertex 152 -141 2
      vertex 168 -141 6.5
      vertex 152 -141 6.5
    endloop
  endfacet
  facet normal 0 -1 -0
    outer loop
      vertex 168 -141 6.5
      vertex 152 -141 2
      vertex 168 -141 2
    endloop
  endfacet
  facet normal -0 0 1
    outer loop
      vertex 152 -141 2
      vertex 168 -189 2
      vertex 168 -141 2
    endloop
  endfacet
  facet normal 0 0 1
    outer loop
      vertex 168 -189 2
      vertex 152 -141 2
      vertex 152 -189 2
    endloop
  endfacet
  facet normal 0 1 -0
    outer loop
      vertex 168 -189 2
      vertex 152 -189 6.5
      vertex 168 -189 6.5
    endloop
  endfacet
  facet normal 0 1 0
    outer loop
      vertex 152 -189 6.5
      vertex 168 -189 2
      vertex 152 -189 2
    endloop
  endfacet
endsolid OpenSCAD_Model
