solid OpenSCAD_Model
  facet normal 0.997859 0.0654027 -3.63925e-19
    outer loop
      vertex 8 35 5
      vertex 7.93156 36.0442 0
      vertex 7.93156 36.0442 5
    endloop
  endfacet
  facet normal 0.997859 0.0654027 -3.63925e-19
    outer loop
      vertex 7.93156 36.0442 0
      vertex 8 35 5
      vertex 8 35 0
    endloop
  endfacet
  facet normal -1 0 0
    outer loop
      vertex -8 -35 0
      vertex -8 35 5
      vertex -8 35 0
    endloop
  endfacet
  facet normal -1 -0 0
    outer loop
      vertex -8 35 5
      vertex -8 -35 0
      vertex -8 -35 5
    endloop
  endfacet
  facet normal -0.997859 0.0654027 3.63925e-19
    outer loop
      vertex -8 35 0
      vertex -7.93156 36.0442 5
      vertex -7.93156 36.0442 0
    endloop
  endfacet
  facet normal -0.997859 0.0654027 3.63925e-19
    outer loop
      vertex -7.93156 36.0442 5
      vertex -8 35 0
      vertex -8 35 5
    endloop
  endfacet
  facet normal -0.065364 -0.997861 0
    outer loop
      vertex -1.04421 -42.9316 0
      vertex 0 -43 5
      vertex -1.04421 -42.9316 5
    endloop
  endfacet
  facet normal -0.065364 -0.997861 -0
    outer loop
      vertex 0 -43 5
      vertex -1.04421 -42.9316 0
      vertex 0 -43 0
    endloop
  endfacet
  facet normal 0.980788 -0.195078 2.56415e-18
    outer loop
      vertex 7.72741 -37.0706 5
      vertex 7.93156 -36.0442 0
      vertex 7.93156 -36.0442 5
    endloop
  endfacet
  facet normal 0.980788 -0.195078 2.56415e-18
    outer loop
      vertex 7.93156 -36.0442 0
      vertex 7.72741 -37.0706 5
      vertex 7.72741 -37.0706 0
    endloop
  endfacet
  facet normal 1 -0 0
    outer loop
      vertex 8 -35 5
      vertex 8 35 0
      vertex 8 35 5
    endloop
  endfacet
  facet normal 1 0 0
    outer loop
      vertex 8 35 0
      vertex 8 -35 5
      vertex 8 -35 0
    endloop
  endfacet
  facet normal 0.997859 -0.0654027 3.63925e-19
    outer loop
      vertex 7.93156 -36.0442 5
      vertex 8 -35 0
      vertex 8 -35 5
    endloop
  endfacet
  facet normal 0.997859 -0.0654027 3.63925e-19
    outer loop
      vertex 8 -35 0
      vertex 7.93156 -36.0442 5
      vertex 7.93156 -36.0442 0
    endloop
  endfacet
  facet normal -0.321463 0.946922 0
    outer loop
      vertex -2.07055 42.7274 0
      vertex -3.06147 42.391 5
      vertex -2.07055 42.7274 5
    endloop
  endfacet
  facet normal -0.321463 0.946922 0
    outer loop
      vertex -3.06147 42.391 5
      vertex -2.07055 42.7274 0
      vertex -3.06147 42.391 0
    endloop
  endfacet
  facet normal 0 0 1
    outer loop
      vertex 6.75 35 5
      vertex 8 35 5
      vertex 7.93156 36.0442 5
    endloop
  endfacet
  facet normal 0 0 1
    outer loop
      vertex 8 35 5
      vertex 6.75 35 5
      vertex 8 -35 5
    endloop
  endfacet
  facet normal 0 0 1
    outer loop
      vertex 6.69225 35.8811 5
      vertex 7.93156 36.0442 5
      vertex 7.72741 37.0706 5
    endloop
  endfacet
  facet normal 0 0 1
    outer loop
      vertex 6.75 -35 5
      vertex 8 -35 5
      vertex 6.75 35 5
    endloop
  endfacet
  facet normal 0 0 1
    outer loop
      vertex 6.52 36.747 5
      vertex 7.72741 37.0706 5
      vertex 7.39104 38.0615 5
    endloop
  endfacet
  facet normal 0 0 1
    outer loop
      vertex 8 -35 5
      vertex 6.75 -35 5
      vertex 7.93156 -36.0442 5
    endloop
  endfacet
  facet normal 0 0 1
    outer loop
      vertex 6.23619 37.5831 5
      vertex 7.39104 38.0615 5
      vertex 6.9282 39 5
    endloop
  endfacet
  facet normal -0 0 1
    outer loop
      vertex 6.69225 -35.8811 5
      vertex 7.93156 -36.0442 5
      vertex 6.75 -35 5
    endloop
  endfacet
  facet normal 0 0 1
    outer loop
      vertex 7.93156 -36.0442 5
      vertex 6.69225 -35.8811 5
      vertex 7.72741 -37.0706 5
    endloop
  endfacet
  facet normal 0 0 1
    outer loop
      vertex 7.93156 36.0442 5
      vertex 6.69225 35.8811 5
      vertex 6.75 35 5
    endloop
  endfacet
  facet normal 0 0 1
    outer loop
      vertex 7.72741 37.0706 5
      vertex 6.52 36.747 5
      vertex 6.69225 35.8811 5
    endloop
  endfacet
  facet normal 0 0 1
    outer loop
      vertex 5.84567 38.375 5
      vertex 6.9282 39 5
      vertex 6.34683 39.8701 5
    endloop
  endfacet
  facet normal 0 0 1
    outer loop
      vertex 7.39104 38.0615 5
      vertex 6.23619 37.5831 5
      vertex 6.52 36.747 5
    endloop
  endfacet
  facet normal 0 0 1
    outer loop
      vertex 6.9282 39 5
      vertex 5.84567 38.375 5
      vertex 6.23619 37.5831 5
    endloop
  endfacet
  facet normal 0 0 1
    outer loop
      vertex 5.35513 39.1091 5
      vertex 6.34683 39.8701 5
      vertex 5.65685 40.6569 5
    endloop
  endfacet
  facet normal 0 0 1
    outer loop
      vertex 6.34683 39.8701 5
      vertex 5.35513 39.1091 5
      vertex 5.84567 38.375 5
    endloop
  endfacet
  facet normal 0 0 1
    outer loop
      vertex 4.77297 39.773 5
      vertex 5.65685 40.6569 5
      vertex 4.87009 41.3468 5
    endloop
  endfacet
  facet normal 0 0 1
    outer loop
      vertex 5.65685 40.6569 5
      vertex 4.77297 39.773 5
      vertex 5.35513 39.1091 5
    endloop
  endfacet
  facet normal 0 0 1
    outer loop
      vertex 4.87009 41.3468 5
      vertex 4.10914 40.3551 5
      vertex 4.77297 39.773 5
    endloop
  endfacet
  facet normal 0 0 1
    outer loop
      vertex 4 41.9282 5
      vertex 4.10914 40.3551 5
      vertex 4.87009 41.3468 5
    endloop
  endfacet
  facet normal 0 0 1
    outer loop
      vertex 4 41.9282 5
      vertex 3.375 40.8457 5
      vertex 4.10914 40.3551 5
    endloop
  endfacet
  facet normal 0 0 1
    outer loop
      vertex 3.06147 42.391 5
      vertex 3.375 40.8457 5
      vertex 4 41.9282 5
    endloop
  endfacet
  facet normal 0 0 1
    outer loop
      vertex 3.06147 42.391 5
      vertex 2.58311 41.2362 5
      vertex 3.375 40.8457 5
    endloop
  endfacet
  facet normal 0 0 1
    outer loop
      vertex 2.07055 42.7274 5
      vertex 2.58311 41.2362 5
      vertex 3.06147 42.391 5
    endloop
  endfacet
  facet normal 0 0 1
    outer loop
      vertex 2.07055 42.7274 5
      vertex 1.74703 41.52 5
      vertex 2.58311 41.2362 5
    endloop
  endfacet
  facet normal 0 0 1
    outer loop
      vertex 1.04421 42.9316 5
      vertex 1.74703 41.52 5
      vertex 2.07055 42.7274 5
    endloop
  endfacet
  facet normal 0 0 1
    outer loop
      vertex 1.04421 42.9316 5
      vertex 0.881051 41.6923 5
      vertex 1.74703 41.52 5
    endloop
  endfacet
  facet normal 0 0 1
    outer loop
      vertex 0 43 5
      vertex 0.881051 41.6923 5
      vertex 1.04421 42.9316 5
    endloop
  endfacet
  facet normal 0 0 1
    outer loop
      vertex 0 43 5
      vertex 0 41.75 5
      vertex 0.881051 41.6923 5
    endloop
  endfacet
  facet normal 0 0 1
    outer loop
      vertex 0 43 5
      vertex -0.881051 41.6923 5
      vertex 0 41.75 5
    endloop
  endfacet
  facet normal -0 0 1
    outer loop
      vertex -1.04421 42.9316 5
      vertex -0.881051 41.6923 5
      vertex 0 43 5
    endloop
  endfacet
  facet normal 0 0 1
    outer loop
      vertex -1.04421 42.9316 5
      vertex -1.74703 41.52 5
      vertex -0.881051 41.6923 5
    endloop
  endfacet
  facet normal -0 0 1
    outer loop
      vertex -2.07055 42.7274 5
      vertex -1.74703 41.52 5
      vertex -1.04421 42.9316 5
    endloop
  endfacet
  facet normal 0 0 1
    outer loop
      vertex -2.07055 42.7274 5
      vertex -2.58311 41.2362 5
      vertex -1.74703 41.52 5
    endloop
  endfacet
  facet normal -0 0 1
    outer loop
      vertex -3.06147 42.391 5
      vertex -2.58311 41.2362 5
      vertex -2.07055 42.7274 5
    endloop
  endfacet
  facet normal 0 0 1
    outer loop
      vertex -3.06147 42.391 5
      vertex -3.375 40.8457 5
      vertex -2.58311 41.2362 5
    endloop
  endfacet
  facet normal -0 0 1
    outer loop
      vertex -4 41.9282 5
      vertex -3.375 40.8457 5
      vertex -3.06147 42.391 5
    endloop
  endfacet
  facet normal 0 0 1
    outer loop
      vertex -4 41.9282 5
      vertex -4.10914 40.3551 5
      vertex -3.375 40.8457 5
    endloop
  endfacet
  facet normal -0 0 1
    outer loop
      vertex -4.87009 41.3468 5
      vertex -4.10914 40.3551 5
      vertex -4 41.9282 5
    endloop
  endfacet
  facet normal 0 0 1
    outer loop
      vertex -4.10914 40.3551 5
      vertex -4.87009 41.3468 5
      vertex -4.77297 39.773 5
    endloop
  endfacet
  facet normal -0 0 1
    outer loop
      vertex -5.65685 40.6569 5
      vertex -4.77297 39.773 5
      vertex -4.87009 41.3468 5
    endloop
  endfacet
  facet normal 0 0 1
    outer loop
      vertex -4.77297 39.773 5
      vertex -5.65685 40.6569 5
      vertex -5.35513 39.1091 5
    endloop
  endfacet
  facet normal -0 0 1
    outer loop
      vertex -6.34683 39.8701 5
      vertex -5.35513 39.1091 5
      vertex -5.65685 40.6569 5
    endloop
  endfacet
  facet normal 0 0 1
    outer loop
      vertex -5.35513 39.1091 5
      vertex -6.34683 39.8701 5
      vertex -5.84567 38.375 5
    endloop
  endfacet
  facet normal -0 0 1
    outer loop
      vertex -6.9282 39 5
      vertex -5.84567 38.375 5
      vertex -6.34683 39.8701 5
    endloop
  endfacet
  facet normal 0 0 1
    outer loop
      vertex -5.84567 38.375 5
      vertex -6.9282 39 5
      vertex -6.23619 37.5831 5
    endloop
  endfacet
  facet normal -0 0 1
    outer loop
      vertex -7.39104 38.0615 5
      vertex -6.23619 37.5831 5
      vertex -6.9282 39 5
    endloop
  endfacet
  facet normal 0 0 1
    outer loop
      vertex -6.52 36.747 5
      vertex -7.72741 37.0706 5
      vertex -6.69225 35.8811 5
    endloop
  endfacet
  facet normal -0 0 1
    outer loop
      vertex -7.72741 37.0706 5
      vertex -6.52 36.747 5
      vertex -7.39104 38.0615 5
    endloop
  endfacet
  facet normal 0 0 1
    outer loop
      vertex -6.23619 37.5831 5
      vertex -7.39104 38.0615 5
      vertex -6.52 36.747 5
    endloop
  endfacet
  facet normal -0 0 1
    outer loop
      vertex 6.52 -36.747 5
      vertex 7.72741 -37.0706 5
      vertex 6.69225 -35.8811 5
    endloop
  endfacet
  facet normal 0 0 1
    outer loop
      vertex 7.72741 -37.0706 5
      vertex 6.52 -36.747 5
      vertex 7.39104 -38.0615 5
    endloop
  endfacet
  facet normal -0 0 1
    outer loop
      vertex 6.23619 -37.5831 5
      vertex 7.39104 -38.0615 5
      vertex 6.52 -36.747 5
    endloop
  endfacet
  facet normal 0 0 1
    outer loop
      vertex 7.39104 -38.0615 5
      vertex 6.23619 -37.5831 5
      vertex 6.9282 -39 5
    endloop
  endfacet
  facet normal -0 0 1
    outer loop
      vertex 5.84567 -38.375 5
      vertex 6.9282 -39 5
      vertex 6.23619 -37.5831 5
    endloop
  endfacet
  facet normal 0 0 1
    outer loop
      vertex 6.9282 -39 5
      vertex 5.84567 -38.375 5
      vertex 6.34683 -39.8701 5
    endloop
  endfacet
  facet normal -0 0 1
    outer loop
      vertex 5.35513 -39.1091 5
      vertex 6.34683 -39.8701 5
      vertex 5.84567 -38.375 5
    endloop
  endfacet
  facet normal 0 0 1
    outer loop
      vertex 6.34683 -39.8701 5
      vertex 5.35513 -39.1091 5
      vertex 5.65685 -40.6569 5
    endloop
  endfacet
  facet normal -0 0 1
    outer loop
      vertex 4.77297 -39.773 5
      vertex 5.65685 -40.6569 5
      vertex 5.35513 -39.1091 5
    endloop
  endfacet
  facet normal 0 0 1
    outer loop
      vertex 5.65685 -40.6569 5
      vertex 4.77297 -39.773 5
      vertex 4.87009 -41.3468 5
    endloop
  endfacet
  facet normal -0 0 1
    outer loop
      vertex 4.10914 -40.3551 5
      vertex 4.87009 -41.3468 5
      vertex 4.77297 -39.773 5
    endloop
  endfacet
  facet normal 0 0 1
    outer loop
      vertex 4.10914 -40.3551 5
      vertex 4 -41.9282 5
      vertex 4.87009 -41.3468 5
    endloop
  endfacet
  facet normal -0 0 1
    outer loop
      vertex 3.375 -40.8457 5
      vertex 4 -41.9282 5
      vertex 4.10914 -40.3551 5
    endloop
  endfacet
  facet normal 0 0 1
    outer loop
      vertex 3.375 -40.8457 5
      vertex 3.06147 -42.391 5
      vertex 4 -41.9282 5
    endloop
  endfacet
  facet normal -0 0 1
    outer loop
      vertex 2.58311 -41.2362 5
      vertex 3.06147 -42.391 5
      vertex 3.375 -40.8457 5
    endloop
  endfacet
  facet normal 0 0 1
    outer loop
      vertex 2.58311 -41.2362 5
      vertex 2.07055 -42.7274 5
      vertex 3.06147 -42.391 5
    endloop
  endfacet
  facet normal -0 0 1
    outer loop
      vertex 1.74703 -41.52 5
      vertex 2.07055 -42.7274 5
      vertex 2.58311 -41.2362 5
    endloop
  endfacet
  facet normal 0 0 1
    outer loop
      vertex 1.74703 -41.52 5
      vertex 1.04421 -42.9316 5
      vertex 2.07055 -42.7274 5
    endloop
  endfacet
  facet normal -0 0 1
    outer loop
      vertex 0.881051 -41.6923 5
      vertex 1.04421 -42.9316 5
      vertex 1.74703 -41.52 5
    endloop
  endfacet
  facet normal -0 0 1
    outer loop
      vertex 0 -41.75 5
      vertex 1.04421 -42.9316 5
      vertex 0.881051 -41.6923 5
    endloop
  endfacet
  facet normal 0 0 1
    outer loop
      vertex 0 -41.75 5
      vertex 0 -43 5
      vertex 1.04421 -42.9316 5
    endloop
  endfacet
  facet normal 0 0 1
    outer loop
      vertex -0.881051 -41.6923 5
      vertex 0 -43 5
      vertex 0 -41.75 5
    endloop
  endfacet
  facet normal 0 0 1
    outer loop
      vertex -0.881051 -41.6923 5
      vertex -1.04421 -42.9316 5
      vertex 0 -43 5
    endloop
  endfacet
  facet normal 0 0 1
    outer loop
      vertex -1.74703 -41.52 5
      vertex -1.04421 -42.9316 5
      vertex -0.881051 -41.6923 5
    endloop
  endfacet
  facet normal 0 0 1
    outer loop
      vertex -1.74703 -41.52 5
      vertex -2.07055 -42.7274 5
      vertex -1.04421 -42.9316 5
    endloop
  endfacet
  facet normal 0 0 1
    outer loop
      vertex -2.58311 -41.2362 5
      vertex -2.07055 -42.7274 5
      vertex -1.74703 -41.52 5
    endloop
  endfacet
  facet normal 0 0 1
    outer loop
      vertex -2.58311 -41.2362 5
      vertex -3.06147 -42.391 5
      vertex -2.07055 -42.7274 5
    endloop
  endfacet
  facet normal 0 0 1
    outer loop
      vertex -3.375 -40.8457 5
      vertex -3.06147 -42.391 5
      vertex -2.58311 -41.2362 5
    endloop
  endfacet
  facet normal 0 0 1
    outer loop
      vertex -3.375 -40.8457 5
      vertex -4 -41.9282 5
      vertex -3.06147 -42.391 5
    endloop
  endfacet
  facet normal 0 0 1
    outer loop
      vertex -4.10914 -40.3551 5
      vertex -4 -41.9282 5
      vertex -3.375 -40.8457 5
    endloop
  endfacet
  facet normal 0 0 1
    outer loop
      vertex -4.87009 -41.3468 5
      vertex -4.10914 -40.3551 5
      vertex -4.77297 -39.773 5
    endloop
  endfacet
  facet normal 0 0 1
    outer loop
      vertex -4.10914 -40.3551 5
      vertex -4.87009 -41.3468 5
      vertex -4 -41.9282 5
    endloop
  endfacet
  facet normal 0 0 1
    outer loop
      vertex -5.65685 -40.6569 5
      vertex -4.77297 -39.773 5
      vertex -5.35513 -39.1091 5
    endloop
  endfacet
  facet normal 0 0 1
    outer loop
      vertex -4.77297 -39.773 5
      vertex -5.65685 -40.6569 5
      vertex -4.87009 -41.3468 5
    endloop
  endfacet
  facet normal 0 0 1
    outer loop
      vertex -6.34683 -39.8701 5
      vertex -5.35513 -39.1091 5
      vertex -5.84567 -38.375 5
    endloop
  endfacet
  facet normal 0 0 1
    outer loop
      vertex -6.9282 -39 5
      vertex -5.84567 -38.375 5
      vertex -6.23619 -37.5831 5
    endloop
  endfacet
  facet normal 0 0 1
    outer loop
      vertex -5.35513 -39.1091 5
      vertex -6.34683 -39.8701 5
      vertex -5.65685 -40.6569 5
    endloop
  endfacet
  facet normal 0 0 1
    outer loop
      vertex -7.39104 -38.0615 5
      vertex -6.23619 -37.5831 5
      vertex -6.52 -36.747 5
    endloop
  endfacet
  facet normal 0 0 1
    outer loop
      vertex -7.72741 -37.0706 5
      vertex -6.52 -36.747 5
      vertex -6.69225 -35.8811 5
    endloop
  endfacet
  facet normal 0 0 1
    outer loop
      vertex -5.84567 -38.375 5
      vertex -6.9282 -39 5
      vertex -6.34683 -39.8701 5
    endloop
  endfacet
  facet normal 0 0 1
    outer loop
      vertex -7.93156 -36.0442 5
      vertex -6.69225 -35.8811 5
      vertex -6.75 -35 5
    endloop
  endfacet
  facet normal 0 0 1
    outer loop
      vertex -6.75 35 5
      vertex -8 35 5
      vertex -6.75 -35 5
    endloop
  endfacet
  facet normal -0 0 1
    outer loop
      vertex -7.93156 36.0442 5
      vertex -6.69225 35.8811 5
      vertex -7.72741 37.0706 5
    endloop
  endfacet
  facet normal 0 0 1
    outer loop
      vertex -8 -35 5
      vertex -6.75 -35 5
      vertex -8 35 5
    endloop
  endfacet
  facet normal 0 0 1
    outer loop
      vertex -6.69225 35.8811 5
      vertex -7.93156 36.0442 5
      vertex -6.75 35 5
    endloop
  endfacet
  facet normal 0 -0 1
    outer loop
      vertex -7.93156 -36.0442 5
      vertex -6.75 -35 5
      vertex -8 -35 5
    endloop
  endfacet
  facet normal 0 0 1
    outer loop
      vertex -6.75 35 5
      vertex -7.93156 36.0442 5
      vertex -8 35 5
    endloop
  endfacet
  facet normal 0 0 1
    outer loop
      vertex -6.23619 -37.5831 5
      vertex -7.39104 -38.0615 5
      vertex -6.9282 -39 5
    endloop
  endfacet
  facet normal 0 0 1
    outer loop
      vertex -6.52 -36.747 5
      vertex -7.72741 -37.0706 5
      vertex -7.39104 -38.0615 5
    endloop
  endfacet
  facet normal 0 0 1
    outer loop
      vertex -6.69225 -35.8811 5
      vertex -7.93156 -36.0442 5
      vertex -7.72741 -37.0706 5
    endloop
  endfacet
  facet normal -0.831475 -0.555562 -2.901e-19
    outer loop
      vertex -6.34683 -39.8701 0
      vertex -6.9282 -39 5
      vertex -6.9282 -39 0
    endloop
  endfacet
  facet normal -0.831475 -0.555562 -2.901e-19
    outer loop
      vertex -6.9282 -39 5
      vertex -6.34683 -39.8701 0
      vertex -6.34683 -39.8701 5
    endloop
  endfacet
  facet normal -0.442264 -0.896885 0
    outer loop
      vertex -4 -41.9282 0
      vertex -3.06147 -42.391 5
      vertex -4 -41.9282 5
    endloop
  endfacet
  facet normal -0.442264 -0.896885 -0
    outer loop
      vertex -3.06147 -42.391 5
      vertex -4 -41.9282 0
      vertex -3.06147 -42.391 0
    endloop
  endfacet
  facet normal 0.195135 0.980776 -0
    outer loop
      vertex 2.07055 42.7274 0
      vertex 1.04421 42.9316 5
      vertex 2.07055 42.7274 5
    endloop
  endfacet
  facet normal 0.195135 0.980776 0
    outer loop
      vertex 1.04421 42.9316 5
      vertex 2.07055 42.7274 0
      vertex 1.04421 42.9316 0
    endloop
  endfacet
  facet normal 0.896864 0.442306 2.2069e-18
    outer loop
      vertex 7.39104 38.0615 5
      vertex 6.9282 39 0
      vertex 6.9282 39 5
    endloop
  endfacet
  facet normal 0.896864 0.442306 2.2069e-18
    outer loop
      vertex 6.9282 39 0
      vertex 7.39104 38.0615 5
      vertex 7.39104 38.0615 0
    endloop
  endfacet
  facet normal 0.831475 0.555562 -2.901e-19
    outer loop
      vertex 6.9282 39 5
      vertex 6.34683 39.8701 0
      vertex 6.34683 39.8701 5
    endloop
  endfacet
  facet normal 0.831475 0.555562 -2.901e-19
    outer loop
      vertex 6.34683 39.8701 0
      vertex 6.9282 39 5
      vertex 6.9282 39 0
    endloop
  endfacet
  facet normal -0.442264 0.896885 0
    outer loop
      vertex -3.06147 42.391 0
      vertex -4 41.9282 5
      vertex -3.06147 42.391 5
    endloop
  endfacet
  facet normal -0.442264 0.896885 0
    outer loop
      vertex -4 41.9282 5
      vertex -3.06147 42.391 0
      vertex -4 41.9282 0
    endloop
  endfacet
  facet normal -0.980788 0.195078 2.56415e-18
    outer loop
      vertex -7.93156 36.0442 0
      vertex -7.72741 37.0706 5
      vertex -7.72741 37.0706 0
    endloop
  endfacet
  facet normal -0.980788 0.195078 2.56415e-18
    outer loop
      vertex -7.72741 37.0706 5
      vertex -7.93156 36.0442 0
      vertex -7.93156 36.0442 5
    endloop
  endfacet
  facet normal 0.065364 -0.997861 0
    outer loop
      vertex 0 -43 0
      vertex 1.04421 -42.9316 5
      vertex 0 -43 5
    endloop
  endfacet
  facet normal 0.065364 -0.997861 0
    outer loop
      vertex 1.04421 -42.9316 5
      vertex 0 -43 0
      vertex 1.04421 -42.9316 0
    endloop
  endfacet
  facet normal 0.321463 -0.946922 0
    outer loop
      vertex 2.07055 -42.7274 0
      vertex 3.06147 -42.391 5
      vertex 2.07055 -42.7274 5
    endloop
  endfacet
  facet normal 0.321463 -0.946922 0
    outer loop
      vertex 3.06147 -42.391 5
      vertex 2.07055 -42.7274 0
      vertex 3.06147 -42.391 0
    endloop
  endfacet
  facet normal 0.555586 -0.831459 0
    outer loop
      vertex 4 -41.9282 0
      vertex 4.87009 -41.3468 5
      vertex 4 -41.9282 5
    endloop
  endfacet
  facet normal 0.555586 -0.831459 0
    outer loop
      vertex 4.87009 -41.3468 5
      vertex 4 -41.9282 0
      vertex 4.87009 -41.3468 0
    endloop
  endfacet
  facet normal -0.980788 -0.195078 -2.56415e-18
    outer loop
      vertex -7.72741 -37.0706 0
      vertex -7.93156 -36.0442 5
      vertex -7.93156 -36.0442 0
    endloop
  endfacet
  facet normal -0.980788 -0.195078 -2.56415e-18
    outer loop
      vertex -7.93156 -36.0442 5
      vertex -7.72741 -37.0706 0
      vertex -7.72741 -37.0706 5
    endloop
  endfacet
  facet normal -0.896864 -0.442306 2.2069e-18
    outer loop
      vertex -6.9282 -39 0
      vertex -7.39104 -38.0615 5
      vertex -7.39104 -38.0615 0
    endloop
  endfacet
  facet normal -0.896864 -0.442306 2.2069e-18
    outer loop
      vertex -7.39104 -38.0615 5
      vertex -6.9282 -39 0
      vertex -6.9282 -39 5
    endloop
  endfacet
  facet normal -0.946929 -0.321444 4.20653e-18
    outer loop
      vertex -7.39104 -38.0615 0
      vertex -7.72741 -37.0706 5
      vertex -7.72741 -37.0706 0
    endloop
  endfacet
  facet normal -0.946929 -0.321444 4.20653e-18
    outer loop
      vertex -7.72741 -37.0706 5
      vertex -7.39104 -38.0615 0
      vertex -7.39104 -38.0615 5
    endloop
  endfacet
  facet normal -0.751852 -0.659332 9.81133e-18
    outer loop
      vertex -5.65685 -40.6569 0
      vertex -6.34683 -39.8701 5
      vertex -6.34683 -39.8701 0
    endloop
  endfacet
  facet normal -0.751852 -0.659332 9.81133e-18
    outer loop
      vertex -6.34683 -39.8701 5
      vertex -5.65685 -40.6569 0
      vertex -5.65685 -40.6569 5
    endloop
  endfacet
  facet normal 0.442264 0.896885 -0
    outer loop
      vertex 4 41.9282 0
      vertex 3.06147 42.391 5
      vertex 4 41.9282 5
    endloop
  endfacet
  facet normal 0.442264 0.896885 0
    outer loop
      vertex 3.06147 42.391 5
      vertex 4 41.9282 0
      vertex 3.06147 42.391 0
    endloop
  endfacet
  facet normal 0.659308 0.751873 -0
    outer loop
      vertex 5.65685 40.6569 0
      vertex 4.87009 41.3468 5
      vertex 5.65685 40.6569 5
    endloop
  endfacet
  facet normal 0.659308 0.751873 0
    outer loop
      vertex 4.87009 41.3468 5
      vertex 5.65685 40.6569 0
      vertex 4.87009 41.3468 0
    endloop
  endfacet
  facet normal -0.946929 0.321444 -4.20653e-18
    outer loop
      vertex -7.72741 37.0706 0
      vertex -7.39104 38.0615 5
      vertex -7.39104 38.0615 0
    endloop
  endfacet
  facet normal -0.946929 0.321444 -4.20653e-18
    outer loop
      vertex -7.39104 38.0615 5
      vertex -7.72741 37.0706 0
      vertex -7.72741 37.0706 5
    endloop
  endfacet
  facet normal -0.831475 0.555562 2.901e-19
    outer loop
      vertex -6.9282 39 0
      vertex -6.34683 39.8701 5
      vertex -6.34683 39.8701 0
    endloop
  endfacet
  facet normal -0.831475 0.555562 2.901e-19
    outer loop
      vertex -6.34683 39.8701 5
      vertex -6.9282 39 0
      vertex -6.9282 39 5
    endloop
  endfacet
  facet normal -0.555586 0.831459 0
    outer loop
      vertex -4 41.9282 0
      vertex -4.87009 41.3468 5
      vertex -4 41.9282 5
    endloop
  endfacet
  facet normal -0.555586 0.831459 0
    outer loop
      vertex -4.87009 41.3468 5
      vertex -4 41.9282 0
      vertex -4.87009 41.3468 0
    endloop
  endfacet
  facet normal -0.659308 0.751873 0
    outer loop
      vertex -4.87009 41.3468 0
      vertex -5.65685 40.6569 5
      vertex -4.87009 41.3468 5
    endloop
  endfacet
  facet normal -0.659308 0.751873 0
    outer loop
      vertex -5.65685 40.6569 5
      vertex -4.87009 41.3468 0
      vertex -5.65685 40.6569 0
    endloop
  endfacet
  facet normal 0.442264 -0.896885 0
    outer loop
      vertex 3.06147 -42.391 0
      vertex 4 -41.9282 5
      vertex 3.06147 -42.391 5
    endloop
  endfacet
  facet normal 0.442264 -0.896885 0
    outer loop
      vertex 4 -41.9282 5
      vertex 3.06147 -42.391 0
      vertex 4 -41.9282 0
    endloop
  endfacet
  facet normal 0.751852 -0.659332 -9.81133e-18
    outer loop
      vertex 5.65685 -40.6569 5
      vertex 6.34683 -39.8701 0
      vertex 6.34683 -39.8701 5
    endloop
  endfacet
  facet normal 0.751852 -0.659332 -9.81133e-18
    outer loop
      vertex 6.34683 -39.8701 0
      vertex 5.65685 -40.6569 5
      vertex 5.65685 -40.6569 0
    endloop
  endfacet
  facet normal 0.946929 -0.321444 -4.20653e-18
    outer loop
      vertex 7.39104 -38.0615 5
      vertex 7.72741 -37.0706 0
      vertex 7.72741 -37.0706 5
    endloop
  endfacet
  facet normal 0.946929 -0.321444 -4.20653e-18
    outer loop
      vertex 7.72741 -37.0706 0
      vertex 7.39104 -38.0615 5
      vertex 7.39104 -38.0615 0
    endloop
  endfacet
  facet normal 0.831475 -0.555562 2.901e-19
    outer loop
      vertex 6.34683 -39.8701 5
      vertex 6.9282 -39 0
      vertex 6.9282 -39 5
    endloop
  endfacet
  facet normal 0.831475 -0.555562 2.901e-19
    outer loop
      vertex 6.9282 -39 0
      vertex 6.34683 -39.8701 5
      vertex 6.34683 -39.8701 0
    endloop
  endfacet
  facet normal 0.896864 -0.442306 -2.2069e-18
    outer loop
      vertex 6.9282 -39 5
      vertex 7.39104 -38.0615 0
      vertex 7.39104 -38.0615 5
    endloop
  endfacet
  facet normal 0.896864 -0.442306 -2.2069e-18
    outer loop
      vertex 7.39104 -38.0615 0
      vertex 6.9282 -39 5
      vertex 6.9282 -39 0
    endloop
  endfacet
  facet normal 0.659308 -0.751873 0
    outer loop
      vertex 4.87009 -41.3468 0
      vertex 5.65685 -40.6569 5
      vertex 4.87009 -41.3468 5
    endloop
  endfacet
  facet normal 0.659308 -0.751873 0
    outer loop
      vertex 5.65685 -40.6569 5
      vertex 4.87009 -41.3468 0
      vertex 5.65685 -40.6569 0
    endloop
  endfacet
  facet normal -0.997859 -0.0654027 -3.63925e-19
    outer loop
      vertex -7.93156 -36.0442 0
      vertex -8 -35 5
      vertex -8 -35 0
    endloop
  endfacet
  facet normal -0.997859 -0.0654027 -3.63925e-19
    outer loop
      vertex -8 -35 5
      vertex -7.93156 -36.0442 0
      vertex -7.93156 -36.0442 5
    endloop
  endfacet
  facet normal 0 0 -1
    outer loop
      vertex 6.75 -35 0
      vertex 8 -35 0
      vertex 7.93156 -36.0442 0
    endloop
  endfacet
  facet normal 0 0 -1
    outer loop
      vertex 8 -35 0
      vertex 6.75 -35 0
      vertex 8 35 0
    endloop
  endfacet
  facet normal 0 0 -1
    outer loop
      vertex 6.69225 -35.8811 0
      vertex 7.93156 -36.0442 0
      vertex 7.72741 -37.0706 0
    endloop
  endfacet
  facet normal 0 0 -1
    outer loop
      vertex 6.75 35 0
      vertex 8 35 0
      vertex 6.75 -35 0
    endloop
  endfacet
  facet normal 0 0 -1
    outer loop
      vertex 6.52 -36.747 0
      vertex 7.72741 -37.0706 0
      vertex 7.39104 -38.0615 0
    endloop
  endfacet
  facet normal 0 0 -1
    outer loop
      vertex 8 35 0
      vertex 6.75 35 0
      vertex 7.93156 36.0442 0
    endloop
  endfacet
  facet normal 0 0 -1
    outer loop
      vertex 6.23619 -37.5831 0
      vertex 7.39104 -38.0615 0
      vertex 6.9282 -39 0
    endloop
  endfacet
  facet normal 0 0 -1
    outer loop
      vertex 6.69225 35.8811 0
      vertex 7.93156 36.0442 0
      vertex 6.75 35 0
    endloop
  endfacet
  facet normal -0 0 -1
    outer loop
      vertex 7.93156 36.0442 0
      vertex 6.69225 35.8811 0
      vertex 7.72741 37.0706 0
    endloop
  endfacet
  facet normal 0 0 -1
    outer loop
      vertex 7.93156 -36.0442 0
      vertex 6.69225 -35.8811 0
      vertex 6.75 -35 0
    endloop
  endfacet
  facet normal 0 0 -1
    outer loop
      vertex 7.72741 -37.0706 0
      vertex 6.52 -36.747 0
      vertex 6.69225 -35.8811 0
    endloop
  endfacet
  facet normal 0 0 -1
    outer loop
      vertex 5.84567 -38.375 0
      vertex 6.9282 -39 0
      vertex 6.34683 -39.8701 0
    endloop
  endfacet
  facet normal 0 0 -1
    outer loop
      vertex 7.39104 -38.0615 0
      vertex 6.23619 -37.5831 0
      vertex 6.52 -36.747 0
    endloop
  endfacet
  facet normal 0 0 -1
    outer loop
      vertex 6.9282 -39 0
      vertex 5.84567 -38.375 0
      vertex 6.23619 -37.5831 0
    endloop
  endfacet
  facet normal 0 0 -1
    outer loop
      vertex 5.35513 -39.1091 0
      vertex 6.34683 -39.8701 0
      vertex 5.65685 -40.6569 0
    endloop
  endfacet
  facet normal 0 0 -1
    outer loop
      vertex 6.34683 -39.8701 0
      vertex 5.35513 -39.1091 0
      vertex 5.84567 -38.375 0
    endloop
  endfacet
  facet normal 0 0 -1
    outer loop
      vertex 4.77297 -39.773 0
      vertex 5.65685 -40.6569 0
      vertex 4.87009 -41.3468 0
    endloop
  endfacet
  facet normal 0 0 -1
    outer loop
      vertex 5.65685 -40.6569 0
      vertex 4.77297 -39.773 0
      vertex 5.35513 -39.1091 0
    endloop
  endfacet
  facet normal 0 0 -1
    outer loop
      vertex 4.87009 -41.3468 0
      vertex 4.10914 -40.3551 0
      vertex 4.77297 -39.773 0
    endloop
  endfacet
  facet normal 0 0 -1
    outer loop
      vertex 4 -41.9282 0
      vertex 4.10914 -40.3551 0
      vertex 4.87009 -41.3468 0
    endloop
  endfacet
  facet normal 0 0 -1
    outer loop
      vertex 4 -41.9282 0
      vertex 3.375 -40.8457 0
      vertex 4.10914 -40.3551 0
    endloop
  endfacet
  facet normal 0 0 -1
    outer loop
      vertex 3.06147 -42.391 0
      vertex 3.375 -40.8457 0
      vertex 4 -41.9282 0
    endloop
  endfacet
  facet normal 0 0 -1
    outer loop
      vertex 3.06147 -42.391 0
      vertex 2.58311 -41.2362 0
      vertex 3.375 -40.8457 0
    endloop
  endfacet
  facet normal 0 0 -1
    outer loop
      vertex 2.07055 -42.7274 0
      vertex 2.58311 -41.2362 0
      vertex 3.06147 -42.391 0
    endloop
  endfacet
  facet normal 0 0 -1
    outer loop
      vertex 2.07055 -42.7274 0
      vertex 1.74703 -41.52 0
      vertex 2.58311 -41.2362 0
    endloop
  endfacet
  facet normal 0 0 -1
    outer loop
      vertex 1.04421 -42.9316 0
      vertex 1.74703 -41.52 0
      vertex 2.07055 -42.7274 0
    endloop
  endfacet
  facet normal 0 0 -1
    outer loop
      vertex 1.04421 -42.9316 0
      vertex 0.881051 -41.6923 0
      vertex 1.74703 -41.52 0
    endloop
  endfacet
  facet normal 0 0 -1
    outer loop
      vertex 0 -43 0
      vertex 0.881051 -41.6923 0
      vertex 1.04421 -42.9316 0
    endloop
  endfacet
  facet normal 0 0 -1
    outer loop
      vertex 0 -43 0
      vertex 0 -41.75 0
      vertex 0.881051 -41.6923 0
    endloop
  endfacet
  facet normal 0 0 -1
    outer loop
      vertex 0 -43 0
      vertex -0.881051 -41.6923 0
      vertex 0 -41.75 0
    endloop
  endfacet
  facet normal 0 0 -1
    outer loop
      vertex -1.04421 -42.9316 0
      vertex -0.881051 -41.6923 0
      vertex 0 -43 0
    endloop
  endfacet
  facet normal 0 0 -1
    outer loop
      vertex -1.04421 -42.9316 0
      vertex -1.74703 -41.52 0
      vertex -0.881051 -41.6923 0
    endloop
  endfacet
  facet normal 0 0 -1
    outer loop
      vertex -2.07055 -42.7274 0
      vertex -1.74703 -41.52 0
      vertex -1.04421 -42.9316 0
    endloop
  endfacet
  facet normal 0 0 -1
    outer loop
      vertex -2.07055 -42.7274 0
      vertex -2.58311 -41.2362 0
      vertex -1.74703 -41.52 0
    endloop
  endfacet
  facet normal 0 0 -1
    outer loop
      vertex -3.06147 -42.391 0
      vertex -2.58311 -41.2362 0
      vertex -2.07055 -42.7274 0
    endloop
  endfacet
  facet normal 0 0 -1
    outer loop
      vertex -3.06147 -42.391 0
      vertex -3.375 -40.8457 0
      vertex -2.58311 -41.2362 0
    endloop
  endfacet
  facet normal 0 0 -1
    outer loop
      vertex -4 -41.9282 0
      vertex -3.375 -40.8457 0
      vertex -3.06147 -42.391 0
    endloop
  endfacet
  facet normal 0 0 -1
    outer loop
      vertex -4 -41.9282 0
      vertex -4.10914 -40.3551 0
      vertex -3.375 -40.8457 0
    endloop
  endfacet
  facet normal 0 0 -1
    outer loop
      vertex -4.87009 -41.3468 0
      vertex -4.10914 -40.3551 0
      vertex -4 -41.9282 0
    endloop
  endfacet
  facet normal -0 0 -1
    outer loop
      vertex -4.10914 -40.3551 0
      vertex -4.87009 -41.3468 0
      vertex -4.77297 -39.773 0
    endloop
  endfacet
  facet normal 0 0 -1
    outer loop
      vertex -5.65685 -40.6569 0
      vertex -4.77297 -39.773 0
      vertex -4.87009 -41.3468 0
    endloop
  endfacet
  facet normal -0 0 -1
    outer loop
      vertex -4.77297 -39.773 0
      vertex -5.65685 -40.6569 0
      vertex -5.35513 -39.1091 0
    endloop
  endfacet
  facet normal 0 0 -1
    outer loop
      vertex -6.34683 -39.8701 0
      vertex -5.35513 -39.1091 0
      vertex -5.65685 -40.6569 0
    endloop
  endfacet
  facet normal -0 0 -1
    outer loop
      vertex -5.35513 -39.1091 0
      vertex -6.34683 -39.8701 0
      vertex -5.84567 -38.375 0
    endloop
  endfacet
  facet normal 0 0 -1
    outer loop
      vertex -6.9282 -39 0
      vertex -5.84567 -38.375 0
      vertex -6.34683 -39.8701 0
    endloop
  endfacet
  facet normal -0 0 -1
    outer loop
      vertex -5.84567 -38.375 0
      vertex -6.9282 -39 0
      vertex -6.23619 -37.5831 0
    endloop
  endfacet
  facet normal 0 0 -1
    outer loop
      vertex -7.39104 -38.0615 0
      vertex -6.23619 -37.5831 0
      vertex -6.9282 -39 0
    endloop
  endfacet
  facet normal -0 0 -1
    outer loop
      vertex -6.52 -36.747 0
      vertex -7.72741 -37.0706 0
      vertex -6.69225 -35.8811 0
    endloop
  endfacet
  facet normal 0 0 -1
    outer loop
      vertex -7.72741 -37.0706 0
      vertex -6.52 -36.747 0
      vertex -7.39104 -38.0615 0
    endloop
  endfacet
  facet normal -0 0 -1
    outer loop
      vertex -6.23619 -37.5831 0
      vertex -7.39104 -38.0615 0
      vertex -6.52 -36.747 0
    endloop
  endfacet
  facet normal 0 0 -1
    outer loop
      vertex 6.52 36.747 0
      vertex 7.72741 37.0706 0
      vertex 6.69225 35.8811 0
    endloop
  endfacet
  facet normal -0 0 -1
    outer loop
      vertex 7.72741 37.0706 0
      vertex 6.52 36.747 0
      vertex 7.39104 38.0615 0
    endloop
  endfacet
  facet normal 0 0 -1
    outer loop
      vertex 6.23619 37.5831 0
      vertex 7.39104 38.0615 0
      vertex 6.52 36.747 0
    endloop
  endfacet
  facet normal -0 0 -1
    outer loop
      vertex 7.39104 38.0615 0
      vertex 6.23619 37.5831 0
      vertex 6.9282 39 0
    endloop
  endfacet
  facet normal 0 0 -1
    outer loop
      vertex 5.84567 38.375 0
      vertex 6.9282 39 0
      vertex 6.23619 37.5831 0
    endloop
  endfacet
  facet normal -0 0 -1
    outer loop
      vertex 6.9282 39 0
      vertex 5.84567 38.375 0
      vertex 6.34683 39.8701 0
    endloop
  endfacet
  facet normal 0 0 -1
    outer loop
      vertex 5.35513 39.1091 0
      vertex 6.34683 39.8701 0
      vertex 5.84567 38.375 0
    endloop
  endfacet
  facet normal -0 0 -1
    outer loop
      vertex 6.34683 39.8701 0
      vertex 5.35513 39.1091 0
      vertex 5.65685 40.6569 0
    endloop
  endfacet
  facet normal 0 0 -1
    outer loop
      vertex 4.77297 39.773 0
      vertex 5.65685 40.6569 0
      vertex 5.35513 39.1091 0
    endloop
  endfacet
  facet normal -0 0 -1
    outer loop
      vertex 5.65685 40.6569 0
      vertex 4.77297 39.773 0
      vertex 4.87009 41.3468 0
    endloop
  endfacet
  facet normal 0 0 -1
    outer loop
      vertex 4.10914 40.3551 0
      vertex 4.87009 41.3468 0
      vertex 4.77297 39.773 0
    endloop
  endfacet
  facet normal 0 0 -1
    outer loop
      vertex 4.10914 40.3551 0
      vertex 4 41.9282 0
      vertex 4.87009 41.3468 0
    endloop
  endfacet
  facet normal 0 0 -1
    outer loop
      vertex 3.375 40.8457 0
      vertex 4 41.9282 0
      vertex 4.10914 40.3551 0
    endloop
  endfacet
  facet normal 0 0 -1
    outer loop
      vertex 3.375 40.8457 0
      vertex 3.06147 42.391 0
      vertex 4 41.9282 0
    endloop
  endfacet
  facet normal 0 0 -1
    outer loop
      vertex 2.58311 41.2362 0
      vertex 3.06147 42.391 0
      vertex 3.375 40.8457 0
    endloop
  endfacet
  facet normal 0 0 -1
    outer loop
      vertex 2.58311 41.2362 0
      vertex 2.07055 42.7274 0
      vertex 3.06147 42.391 0
    endloop
  endfacet
  facet normal 0 0 -1
    outer loop
      vertex 1.74703 41.52 0
      vertex 2.07055 42.7274 0
      vertex 2.58311 41.2362 0
    endloop
  endfacet
  facet normal 0 0 -1
    outer loop
      vertex 1.74703 41.52 0
      vertex 1.04421 42.9316 0
      vertex 2.07055 42.7274 0
    endloop
  endfacet
  facet normal 0 0 -1
    outer loop
      vertex 0.881051 41.6923 0
      vertex 1.04421 42.9316 0
      vertex 1.74703 41.52 0
    endloop
  endfacet
  facet normal 0 0 -1
    outer loop
      vertex 0 41.75 0
      vertex 1.04421 42.9316 0
      vertex 0.881051 41.6923 0
    endloop
  endfacet
  facet normal 0 0 -1
    outer loop
      vertex 0 41.75 0
      vertex 0 43 0
      vertex 1.04421 42.9316 0
    endloop
  endfacet
  facet normal 0 0 -1
    outer loop
      vertex -0.881051 41.6923 0
      vertex 0 43 0
      vertex 0 41.75 0
    endloop
  endfacet
  facet normal 0 0 -1
    outer loop
      vertex -0.881051 41.6923 0
      vertex -1.04421 42.9316 0
      vertex 0 43 0
    endloop
  endfacet
  facet normal 0 0 -1
    outer loop
      vertex -1.74703 41.52 0
      vertex -1.04421 42.9316 0
      vertex -0.881051 41.6923 0
    endloop
  endfacet
  facet normal 0 0 -1
    outer loop
      vertex -1.74703 41.52 0
      vertex -2.07055 42.7274 0
      vertex -1.04421 42.9316 0
    endloop
  endfacet
  facet normal 0 0 -1
    outer loop
      vertex -2.58311 41.2362 0
      vertex -2.07055 42.7274 0
      vertex -1.74703 41.52 0
    endloop
  endfacet
  facet normal 0 0 -1
    outer loop
      vertex -2.58311 41.2362 0
      vertex -3.06147 42.391 0
      vertex -2.07055 42.7274 0
    endloop
  endfacet
  facet normal 0 0 -1
    outer loop
      vertex -3.375 40.8457 0
      vertex -3.06147 42.391 0
      vertex -2.58311 41.2362 0
    endloop
  endfacet
  facet normal 0 0 -1
    outer loop
      vertex -3.375 40.8457 0
      vertex -4 41.9282 0
      vertex -3.06147 42.391 0
    endloop
  endfacet
  facet normal 0 0 -1
    outer loop
      vertex -4.10914 40.3551 0
      vertex -4 41.9282 0
      vertex -3.375 40.8457 0
    endloop
  endfacet
  facet normal 0 0 -1
    outer loop
      vertex -4.87009 41.3468 0
      vertex -4.10914 40.3551 0
      vertex -4.77297 39.773 0
    endloop
  endfacet
  facet normal 0 0 -1
    outer loop
      vertex -4.10914 40.3551 0
      vertex -4.87009 41.3468 0
      vertex -4 41.9282 0
    endloop
  endfacet
  facet normal 0 0 -1
    outer loop
      vertex -5.65685 40.6569 0
      vertex -4.77297 39.773 0
      vertex -5.35513 39.1091 0
    endloop
  endfacet
  facet normal 0 0 -1
    outer loop
      vertex -4.77297 39.773 0
      vertex -5.65685 40.6569 0
      vertex -4.87009 41.3468 0
    endloop
  endfacet
  facet normal 0 0 -1
    outer loop
      vertex -6.34683 39.8701 0
      vertex -5.35513 39.1091 0
      vertex -5.84567 38.375 0
    endloop
  endfacet
  facet normal 0 0 -1
    outer loop
      vertex -6.9282 39 0
      vertex -5.84567 38.375 0
      vertex -6.23619 37.5831 0
    endloop
  endfacet
  facet normal 0 0 -1
    outer loop
      vertex -5.35513 39.1091 0
      vertex -6.34683 39.8701 0
      vertex -5.65685 40.6569 0
    endloop
  endfacet
  facet normal 0 0 -1
    outer loop
      vertex -7.39104 38.0615 0
      vertex -6.23619 37.5831 0
      vertex -6.52 36.747 0
    endloop
  endfacet
  facet normal 0 0 -1
    outer loop
      vertex -7.72741 37.0706 0
      vertex -6.52 36.747 0
      vertex -6.69225 35.8811 0
    endloop
  endfacet
  facet normal 0 0 -1
    outer loop
      vertex -5.84567 38.375 0
      vertex -6.9282 39 0
      vertex -6.34683 39.8701 0
    endloop
  endfacet
  facet normal 0 0 -1
    outer loop
      vertex -7.93156 36.0442 0
      vertex -6.69225 35.8811 0
      vertex -6.75 35 0
    endloop
  endfacet
  facet normal 0 0 -1
    outer loop
      vertex -6.75 -35 0
      vertex -8 -35 0
      vertex -6.75 35 0
    endloop
  endfacet
  facet normal 0 0 -1
    outer loop
      vertex -7.93156 -36.0442 0
      vertex -6.69225 -35.8811 0
      vertex -7.72741 -37.0706 0
    endloop
  endfacet
  facet normal 0 0 -1
    outer loop
      vertex -8 35 0
      vertex -6.75 35 0
      vertex -8 -35 0
    endloop
  endfacet
  facet normal -0 0 -1
    outer loop
      vertex -6.69225 -35.8811 0
      vertex -7.93156 -36.0442 0
      vertex -6.75 -35 0
    endloop
  endfacet
  facet normal 0 -0 -1
    outer loop
      vertex -7.93156 36.0442 0
      vertex -6.75 35 0
      vertex -8 35 0
    endloop
  endfacet
  facet normal -0 0 -1
    outer loop
      vertex -6.75 -35 0
      vertex -7.93156 -36.0442 0
      vertex -8 -35 0
    endloop
  endfacet
  facet normal 0 0 -1
    outer loop
      vertex -6.23619 37.5831 0
      vertex -7.39104 38.0615 0
      vertex -6.9282 39 0
    endloop
  endfacet
  facet normal 0 0 -1
    outer loop
      vertex -6.52 36.747 0
      vertex -7.72741 37.0706 0
      vertex -7.39104 38.0615 0
    endloop
  endfacet
  facet normal 0 0 -1
    outer loop
      vertex -6.69225 35.8811 0
      vertex -7.93156 36.0442 0
      vertex -7.72741 37.0706 0
    endloop
  endfacet
  facet normal -0.659308 -0.751873 0
    outer loop
      vertex -5.65685 -40.6569 0
      vertex -4.87009 -41.3468 5
      vertex -5.65685 -40.6569 5
    endloop
  endfacet
  facet normal -0.659308 -0.751873 -0
    outer loop
      vertex -4.87009 -41.3468 5
      vertex -5.65685 -40.6569 0
      vertex -4.87009 -41.3468 0
    endloop
  endfacet
  facet normal -0.555586 -0.831459 0
    outer loop
      vertex -4.87009 -41.3468 0
      vertex -4 -41.9282 5
      vertex -4.87009 -41.3468 5
    endloop
  endfacet
  facet normal -0.555586 -0.831459 -0
    outer loop
      vertex -4 -41.9282 5
      vertex -4.87009 -41.3468 0
      vertex -4 -41.9282 0
    endloop
  endfacet
  facet normal -0.321463 -0.946922 0
    outer loop
      vertex -3.06147 -42.391 0
      vertex -2.07055 -42.7274 5
      vertex -3.06147 -42.391 5
    endloop
  endfacet
  facet normal -0.321463 -0.946922 -0
    outer loop
      vertex -2.07055 -42.7274 5
      vertex -3.06147 -42.391 0
      vertex -2.07055 -42.7274 0
    endloop
  endfacet
  facet normal -0.195135 -0.980776 0
    outer loop
      vertex -2.07055 -42.7274 0
      vertex -1.04421 -42.9316 5
      vertex -2.07055 -42.7274 5
    endloop
  endfacet
  facet normal -0.195135 -0.980776 -0
    outer loop
      vertex -1.04421 -42.9316 5
      vertex -2.07055 -42.7274 0
      vertex -1.04421 -42.9316 0
    endloop
  endfacet
  facet normal 0.980788 0.195078 -2.56415e-18
    outer loop
      vertex 7.93156 36.0442 5
      vertex 7.72741 37.0706 0
      vertex 7.72741 37.0706 5
    endloop
  endfacet
  facet normal 0.980788 0.195078 -2.56415e-18
    outer loop
      vertex 7.72741 37.0706 0
      vertex 7.93156 36.0442 5
      vertex 7.93156 36.0442 0
    endloop
  endfacet
  facet normal 0.065364 0.997861 -0
    outer loop
      vertex 1.04421 42.9316 0
      vertex 0 43 5
      vertex 1.04421 42.9316 5
    endloop
  endfacet
  facet normal 0.065364 0.997861 0
    outer loop
      vertex 0 43 5
      vertex 1.04421 42.9316 0
      vertex 0 43 0
    endloop
  endfacet
  facet normal 0.321463 0.946922 -0
    outer loop
      vertex 3.06147 42.391 0
      vertex 2.07055 42.7274 5
      vertex 3.06147 42.391 5
    endloop
  endfacet
  facet normal 0.321463 0.946922 0
    outer loop
      vertex 2.07055 42.7274 5
      vertex 3.06147 42.391 0
      vertex 2.07055 42.7274 0
    endloop
  endfacet
  facet normal 0.555586 0.831459 -0
    outer loop
      vertex 4.87009 41.3468 0
      vertex 4 41.9282 5
      vertex 4.87009 41.3468 5
    endloop
  endfacet
  facet normal 0.555586 0.831459 0
    outer loop
      vertex 4 41.9282 5
      vertex 4.87009 41.3468 0
      vertex 4 41.9282 0
    endloop
  endfacet
  facet normal 0.946929 0.321444 4.20653e-18
    outer loop
      vertex 7.72741 37.0706 5
      vertex 7.39104 38.0615 0
      vertex 7.39104 38.0615 5
    endloop
  endfacet
  facet normal 0.946929 0.321444 4.20653e-18
    outer loop
      vertex 7.39104 38.0615 0
      vertex 7.72741 37.0706 5
      vertex 7.72741 37.0706 0
    endloop
  endfacet
  facet normal 0.751852 0.659332 9.81133e-18
    outer loop
      vertex 6.34683 39.8701 5
      vertex 5.65685 40.6569 0
      vertex 5.65685 40.6569 5
    endloop
  endfacet
  facet normal 0.751852 0.659332 9.81133e-18
    outer loop
      vertex 5.65685 40.6569 0
      vertex 6.34683 39.8701 5
      vertex 6.34683 39.8701 0
    endloop
  endfacet
  facet normal -0.195135 0.980776 0
    outer loop
      vertex -1.04421 42.9316 0
      vertex -2.07055 42.7274 5
      vertex -1.04421 42.9316 5
    endloop
  endfacet
  facet normal -0.195135 0.980776 0
    outer loop
      vertex -2.07055 42.7274 5
      vertex -1.04421 42.9316 0
      vertex -2.07055 42.7274 0
    endloop
  endfacet
  facet normal -0.896864 0.442306 -2.2069e-18
    outer loop
      vertex -7.39104 38.0615 0
      vertex -6.9282 39 5
      vertex -6.9282 39 0
    endloop
  endfacet
  facet normal -0.896864 0.442306 -2.2069e-18
    outer loop
      vertex -6.9282 39 5
      vertex -7.39104 38.0615 0
      vertex -7.39104 38.0615 5
    endloop
  endfacet
  facet normal -0.751852 0.659332 -9.81133e-18
    outer loop
      vertex -6.34683 39.8701 0
      vertex -5.65685 40.6569 5
      vertex -5.65685 40.6569 0
    endloop
  endfacet
  facet normal -0.751852 0.659332 -9.81133e-18
    outer loop
      vertex -5.65685 40.6569 5
      vertex -6.34683 39.8701 0
      vertex -6.34683 39.8701 5
    endloop
  endfacet
  facet normal 0.195135 -0.980776 0
    outer loop
      vertex 1.04421 -42.9316 0
      vertex 2.07055 -42.7274 5
      vertex 1.04421 -42.9316 5
    endloop
  endfacet
  facet normal 0.195135 -0.980776 0
    outer loop
      vertex 2.07055 -42.7274 5
      vertex 1.04421 -42.9316 0
      vertex 2.07055 -42.7274 0
    endloop
  endfacet
  facet normal -0.065364 0.997861 0
    outer loop
      vertex 0 43 0
      vertex -1.04421 42.9316 5
      vertex 0 43 5
    endloop
  endfacet
  facet normal -0.065364 0.997861 0
    outer loop
      vertex -1.04421 42.9316 5
      vertex 0 43 0
      vertex -1.04421 42.9316 0
    endloop
  endfacet
  facet normal 0.980783 0.195103 -2.11071e-17
    outer loop
      vertex 6.69225 35.8811 5.4
      vertex 6.52 36.747 5
      vertex 6.52 36.747 5.4
    endloop
  endfacet
  facet normal 0.980783 0.195103 -2.11071e-17
    outer loop
      vertex 6.52 36.747 5
      vertex 6.69225 35.8811 5.4
      vertex 6.69225 35.8811 5
    endloop
  endfacet
  facet normal 0.980783 0.195103 -2.11071e-17
    outer loop
      vertex 6.69225 35.8811 0
      vertex 6.52 36.747 -0.4
      vertex 6.52 36.747 0
    endloop
  endfacet
  facet normal 0.980783 0.195103 -2.11071e-17
    outer loop
      vertex 6.52 36.747 -0.4
      vertex 6.69225 35.8811 0
      vertex 6.69225 35.8811 -0.4
    endloop
  endfacet
  facet normal 0.997859 -0.0654027 -2.01448e-19
    outer loop
      vertex 6.69225 -35.8811 5.4
      vertex 6.75 -35 5
      vertex 6.75 -35 5.4
    endloop
  endfacet
  facet normal 0.997859 -0.0654027 -2.01448e-19
    outer loop
      vertex 6.75 -35 5
      vertex 6.69225 -35.8811 5.4
      vertex 6.69225 -35.8811 5
    endloop
  endfacet
  facet normal 0.997859 -0.0654027 -2.01448e-19
    outer loop
      vertex 6.69225 -35.8811 0
      vertex 6.75 -35 -0.4
      vertex 6.75 -35 0
    endloop
  endfacet
  facet normal 0.997859 -0.0654027 -2.01448e-19
    outer loop
      vertex 6.75 -35 -0.4
      vertex 6.69225 -35.8811 0
      vertex 6.69225 -35.8811 -0.4
    endloop
  endfacet
  facet normal -1 0 0
    outer loop
      vertex -6.75 -35 -0.4
      vertex -6.75 35 0
      vertex -6.75 35 -0.4
    endloop
  endfacet
  facet normal -1 -0 0
    outer loop
      vertex -6.75 35 0
      vertex -6.75 -35 -0.4
      vertex -6.75 -35 0
    endloop
  endfacet
  facet normal -1 0 0
    outer loop
      vertex -6.75 -35 5
      vertex -6.75 35 5.4
      vertex -6.75 35 5
    endloop
  endfacet
  facet normal -1 -0 0
    outer loop
      vertex -6.75 35 5.4
      vertex -6.75 -35 5
      vertex -6.75 -35 5.4
    endloop
  endfacet
  facet normal 0.997859 0.0654027 2.01448e-19
    outer loop
      vertex 6.75 35 5.4
      vertex 6.69225 35.8811 5
      vertex 6.69225 35.8811 5.4
    endloop
  endfacet
  facet normal 0.997859 0.0654027 2.01448e-19
    outer loop
      vertex 6.69225 35.8811 5
      vertex 6.75 35 5.4
      vertex 6.75 35 5
    endloop
  endfacet
  facet normal 0.997859 0.0654027 2.01448e-19
    outer loop
      vertex 6.75 35 0
      vertex 6.69225 35.8811 -0.4
      vertex 6.69225 35.8811 0
    endloop
  endfacet
  facet normal 0.997859 0.0654027 2.01448e-19
    outer loop
      vertex 6.69225 35.8811 -0.4
      vertex 6.75 35 0
      vertex 6.75 35 -0.4
    endloop
  endfacet
  facet normal -0.980783 0.195103 2.11071e-17
    outer loop
      vertex -6.69225 35.8811 -0.4
      vertex -6.52 36.747 0
      vertex -6.52 36.747 -0.4
    endloop
  endfacet
  facet normal -0.980783 0.195103 2.11071e-17
    outer loop
      vertex -6.52 36.747 0
      vertex -6.69225 35.8811 -0.4
      vertex -6.69225 35.8811 0
    endloop
  endfacet
  facet normal -0.980783 0.195103 2.11071e-17
    outer loop
      vertex -6.69225 35.8811 5
      vertex -6.52 36.747 5.4
      vertex -6.52 36.747 5
    endloop
  endfacet
  facet normal -0.980783 0.195103 2.11071e-17
    outer loop
      vertex -6.52 36.747 5.4
      vertex -6.69225 35.8811 5
      vertex -6.69225 35.8811 5.4
    endloop
  endfacet
  facet normal -0.997859 0.0654027 -2.01448e-19
    outer loop
      vertex -6.75 35 -0.4
      vertex -6.69225 35.8811 0
      vertex -6.69225 35.8811 -0.4
    endloop
  endfacet
  facet normal -0.997859 0.0654027 -2.01448e-19
    outer loop
      vertex -6.69225 35.8811 0
      vertex -6.75 35 -0.4
      vertex -6.75 35 0
    endloop
  endfacet
  facet normal -0.997859 0.0654027 -2.01448e-19
    outer loop
      vertex -6.75 35 5
      vertex -6.69225 35.8811 5.4
      vertex -6.69225 35.8811 5
    endloop
  endfacet
  facet normal -0.997859 0.0654027 -2.01448e-19
    outer loop
      vertex -6.69225 35.8811 5.4
      vertex -6.75 35 5
      vertex -6.75 35 5.4
    endloop
  endfacet
  facet normal 0 0 1
    outer loop
      vertex 2.91022 33.7945 5.4
      vertex 6.75 35 5.4
      vertex 3.04267 34.1847 5.4
    endloop
  endfacet
  facet normal 0 0 1
    outer loop
      vertex 6.75 -35 5.4
      vertex 3.12305 -34.5888 5.4
      vertex 3.15 -35 5.4
    endloop
  endfacet
  facet normal 0 0 1
    outer loop
      vertex 2.72798 33.425 5.4
      vertex 6.75 35 5.4
      vertex 2.91022 33.7945 5.4
    endloop
  endfacet
  facet normal 0 0 1
    outer loop
      vertex 6.75 -35 5.4
      vertex 3.04267 -34.1847 5.4
      vertex 3.12305 -34.5888 5.4
    endloop
  endfacet
  facet normal 0 0 1
    outer loop
      vertex 2.49906 33.0824 5.4
      vertex 6.75 35 5.4
      vertex 2.72798 33.425 5.4
    endloop
  endfacet
  facet normal 0 0 1
    outer loop
      vertex 6.75 -35 5.4
      vertex 2.91022 -33.7945 5.4
      vertex 3.04267 -34.1847 5.4
    endloop
  endfacet
  facet normal 0 0 1
    outer loop
      vertex 2.22739 32.7726 5.4
      vertex 6.75 35 5.4
      vertex 2.49906 33.0824 5.4
    endloop
  endfacet
  facet normal 0 0 1
    outer loop
      vertex 6.75 -35 5.4
      vertex 2.72798 -33.425 5.4
      vertex 2.91022 -33.7945 5.4
    endloop
  endfacet
  facet normal 0 0 1
    outer loop
      vertex 1.9176 32.5009 5.4
      vertex 6.75 35 5.4
      vertex 2.22739 32.7726 5.4
    endloop
  endfacet
  facet normal 0 0 1
    outer loop
      vertex 6.75 -35 5.4
      vertex 2.49906 -33.0824 5.4
      vertex 2.72798 -33.425 5.4
    endloop
  endfacet
  facet normal 0 0 1
    outer loop
      vertex 1.575 32.272 5.4
      vertex 6.75 35 5.4
      vertex 1.9176 32.5009 5.4
    endloop
  endfacet
  facet normal 0 0 1
    outer loop
      vertex 6.75 -35 5.4
      vertex 2.22739 -32.7726 5.4
      vertex 2.49906 -33.0824 5.4
    endloop
  endfacet
  facet normal 0 0 1
    outer loop
      vertex 6.75 35 5.4
      vertex 1.575 32.272 5.4
      vertex 6.75 -35 5.4
    endloop
  endfacet
  facet normal 0 0 1
    outer loop
      vertex 6.75 -35 5.4
      vertex 1.9176 -32.5009 5.4
      vertex 2.22739 -32.7726 5.4
    endloop
  endfacet
  facet normal -0 0 1
    outer loop
      vertex 1.575 -32.272 5.4
      vertex 6.75 -35 5.4
      vertex 1.575 32.272 5.4
    endloop
  endfacet
  facet normal 0 0 1
    outer loop
      vertex 6.75 -35 5.4
      vertex 1.575 -32.272 5.4
      vertex 1.9176 -32.5009 5.4
    endloop
  endfacet
  facet normal -0 0 1
    outer loop
      vertex 1.20545 32.0898 5.4
      vertex 1.575 -32.272 5.4
      vertex 1.575 32.272 5.4
    endloop
  endfacet
  facet normal 0 0 1
    outer loop
      vertex 1.20545 32.0898 5.4
      vertex 1.20545 -32.0898 5.4
      vertex 1.575 -32.272 5.4
    endloop
  endfacet
  facet normal -0 0 1
    outer loop
      vertex 0.81528 31.9573 5.4
      vertex 1.20545 -32.0898 5.4
      vertex 1.20545 32.0898 5.4
    endloop
  endfacet
  facet normal 0 0 1
    outer loop
      vertex 0.81528 31.9573 5.4
      vertex 0.81528 -31.9573 5.4
      vertex 1.20545 -32.0898 5.4
    endloop
  endfacet
  facet normal -0 0 1
    outer loop
      vertex 0.411157 31.8769 5.4
      vertex 0.81528 -31.9573 5.4
      vertex 0.81528 31.9573 5.4
    endloop
  endfacet
  facet normal 0 0 1
    outer loop
      vertex 0.411157 31.8769 5.4
      vertex 0.411157 -31.8769 5.4
      vertex 0.81528 -31.9573 5.4
    endloop
  endfacet
  facet normal -0 0 1
    outer loop
      vertex 0 31.85 5.4
      vertex 0.411157 -31.8769 5.4
      vertex 0.411157 31.8769 5.4
    endloop
  endfacet
  facet normal 0 0 1
    outer loop
      vertex 0 31.85 5.4
      vertex 0 -31.85 5.4
      vertex 0.411157 -31.8769 5.4
    endloop
  endfacet
  facet normal 0 0 1
    outer loop
      vertex -0.411157 31.8769 5.4
      vertex 0 -31.85 5.4
      vertex 0 31.85 5.4
    endloop
  endfacet
  facet normal 0 0 1
    outer loop
      vertex -0.411157 31.8769 5.4
      vertex -0.411157 -31.8769 5.4
      vertex 0 -31.85 5.4
    endloop
  endfacet
  facet normal 0 0 1
    outer loop
      vertex -0.81528 31.9573 5.4
      vertex -0.411157 -31.8769 5.4
      vertex -0.411157 31.8769 5.4
    endloop
  endfacet
  facet normal 0 0 1
    outer loop
      vertex -0.81528 31.9573 5.4
      vertex -0.81528 -31.9573 5.4
      vertex -0.411157 -31.8769 5.4
    endloop
  endfacet
  facet normal 0 0 1
    outer loop
      vertex -1.20545 32.0898 5.4
      vertex -0.81528 -31.9573 5.4
      vertex -0.81528 31.9573 5.4
    endloop
  endfacet
  facet normal 0 0 1
    outer loop
      vertex -1.20545 32.0898 5.4
      vertex -1.20545 -32.0898 5.4
      vertex -0.81528 -31.9573 5.4
    endloop
  endfacet
  facet normal 0 0 1
    outer loop
      vertex -1.575 32.272 5.4
      vertex -1.20545 -32.0898 5.4
      vertex -1.20545 32.0898 5.4
    endloop
  endfacet
  facet normal 0 0 1
    outer loop
      vertex -1.575 32.272 5.4
      vertex -1.575 -32.272 5.4
      vertex -1.20545 -32.0898 5.4
    endloop
  endfacet
  facet normal 0 0 1
    outer loop
      vertex -6.75 35 5.4
      vertex -1.575 32.272 5.4
      vertex -1.9176 32.5009 5.4
    endloop
  endfacet
  facet normal 0 0 1
    outer loop
      vertex -1.575 32.272 5.4
      vertex -6.75 35 5.4
      vertex -1.575 -32.272 5.4
    endloop
  endfacet
  facet normal 0 0 1
    outer loop
      vertex -6.75 35 5.4
      vertex -1.9176 32.5009 5.4
      vertex -2.22739 32.7726 5.4
    endloop
  endfacet
  facet normal 0 0 1
    outer loop
      vertex -6.75 -35 5.4
      vertex -1.575 -32.272 5.4
      vertex -6.75 35 5.4
    endloop
  endfacet
  facet normal 0 0 1
    outer loop
      vertex -6.75 35 5.4
      vertex -2.22739 32.7726 5.4
      vertex -2.49906 33.0824 5.4
    endloop
  endfacet
  facet normal 0 0 1
    outer loop
      vertex -1.575 -32.272 5.4
      vertex -6.75 -35 5.4
      vertex -1.9176 -32.5009 5.4
    endloop
  endfacet
  facet normal 0 0 1
    outer loop
      vertex -6.75 35 5.4
      vertex -2.49906 33.0824 5.4
      vertex -2.72798 33.425 5.4
    endloop
  endfacet
  facet normal 0 0 1
    outer loop
      vertex -1.9176 -32.5009 5.4
      vertex -6.75 -35 5.4
      vertex -2.22739 -32.7726 5.4
    endloop
  endfacet
  facet normal 0 0 1
    outer loop
      vertex -6.75 35 5.4
      vertex -2.72798 33.425 5.4
      vertex -2.91022 33.7945 5.4
    endloop
  endfacet
  facet normal 0 0 1
    outer loop
      vertex -2.22739 -32.7726 5.4
      vertex -6.75 -35 5.4
      vertex -2.49906 -33.0824 5.4
    endloop
  endfacet
  facet normal 0 0 1
    outer loop
      vertex -6.75 35 5.4
      vertex -2.91022 33.7945 5.4
      vertex -3.04267 34.1847 5.4
    endloop
  endfacet
  facet normal 0 0 1
    outer loop
      vertex -2.49906 -33.0824 5.4
      vertex -6.75 -35 5.4
      vertex -2.72798 -33.425 5.4
    endloop
  endfacet
  facet normal 0 0 1
    outer loop
      vertex -6.75 35 5.4
      vertex -3.04267 34.1847 5.4
      vertex -3.12305 34.5888 5.4
    endloop
  endfacet
  facet normal 0 0 1
    outer loop
      vertex -2.72798 -33.425 5.4
      vertex -6.75 -35 5.4
      vertex -2.91022 -33.7945 5.4
    endloop
  endfacet
  facet normal -0 0 1
    outer loop
      vertex -6.75 35 5.4
      vertex -3.12305 34.5888 5.4
      vertex -3.15 35 5.4
    endloop
  endfacet
  facet normal 0 0 1
    outer loop
      vertex -2.91022 -33.7945 5.4
      vertex -6.75 -35 5.4
      vertex -3.04267 -34.1847 5.4
    endloop
  endfacet
  facet normal 0 0 1
    outer loop
      vertex 3.15 35 5.4
      vertex 6.75 35 5.4
      vertex 6.69225 35.8811 5.4
    endloop
  endfacet
  facet normal 0 0 1
    outer loop
      vertex 3.12305 34.5888 5.4
      vertex 6.75 35 5.4
      vertex 3.15 35 5.4
    endloop
  endfacet
  facet normal 0 0 1
    outer loop
      vertex 3.12305 35.4112 5.4
      vertex 6.69225 35.8811 5.4
      vertex 6.52 36.747 5.4
    endloop
  endfacet
  facet normal 0 0 1
    outer loop
      vertex 3.04267 34.1847 5.4
      vertex 6.75 35 5.4
      vertex 3.12305 34.5888 5.4
    endloop
  endfacet
  facet normal 0 0 1
    outer loop
      vertex 3.04267 35.8153 5.4
      vertex 6.52 36.747 5.4
      vertex 6.23619 37.5831 5.4
    endloop
  endfacet
  facet normal 0 0 1
    outer loop
      vertex 6.75 -35 5.4
      vertex 3.15 -35 5.4
      vertex 6.69225 -35.8811 5.4
    endloop
  endfacet
  facet normal 0 0 1
    outer loop
      vertex 2.91022 36.2055 5.4
      vertex 6.23619 37.5831 5.4
      vertex 5.84567 38.375 5.4
    endloop
  endfacet
  facet normal -0 0 1
    outer loop
      vertex 3.12305 -35.4112 5.4
      vertex 6.69225 -35.8811 5.4
      vertex 3.15 -35 5.4
    endloop
  endfacet
  facet normal 0 0 1
    outer loop
      vertex 2.72798 36.575 5.4
      vertex 5.84567 38.375 5.4
      vertex 5.35513 39.1091 5.4
    endloop
  endfacet
  facet normal 0 0 1
    outer loop
      vertex 6.69225 -35.8811 5.4
      vertex 3.12305 -35.4112 5.4
      vertex 6.52 -36.747 5.4
    endloop
  endfacet
  facet normal 0 0 1
    outer loop
      vertex 2.49906 36.9176 5.4
      vertex 5.35513 39.1091 5.4
      vertex 4.77297 39.773 5.4
    endloop
  endfacet
  facet normal -0 0 1
    outer loop
      vertex 3.04267 -35.8153 5.4
      vertex 6.52 -36.747 5.4
      vertex 3.12305 -35.4112 5.4
    endloop
  endfacet
  facet normal 0 0 1
    outer loop
      vertex 2.22739 37.2274 5.4
      vertex 4.77297 39.773 5.4
      vertex 4.10914 40.3551 5.4
    endloop
  endfacet
  facet normal 0 0 1
    outer loop
      vertex 6.52 -36.747 5.4
      vertex 3.04267 -35.8153 5.4
      vertex 6.23619 -37.5831 5.4
    endloop
  endfacet
  facet normal 0 0 1
    outer loop
      vertex 1.9176 37.4991 5.4
      vertex 4.10914 40.3551 5.4
      vertex 3.375 40.8457 5.4
    endloop
  endfacet
  facet normal -0 0 1
    outer loop
      vertex 2.91022 -36.2055 5.4
      vertex 6.23619 -37.5831 5.4
      vertex 3.04267 -35.8153 5.4
    endloop
  endfacet
  facet normal 0 0 1
    outer loop
      vertex 6.23619 -37.5831 5.4
      vertex 2.91022 -36.2055 5.4
      vertex 5.84567 -38.375 5.4
    endloop
  endfacet
  facet normal 0 0 1
    outer loop
      vertex 6.69225 35.8811 5.4
      vertex 3.12305 35.4112 5.4
      vertex 3.15 35 5.4
    endloop
  endfacet
  facet normal 0 0 1
    outer loop
      vertex 6.52 36.747 5.4
      vertex 3.04267 35.8153 5.4
      vertex 3.12305 35.4112 5.4
    endloop
  endfacet
  facet normal 0 0 1
    outer loop
      vertex 6.23619 37.5831 5.4
      vertex 2.91022 36.2055 5.4
      vertex 3.04267 35.8153 5.4
    endloop
  endfacet
  facet normal 0 0 1
    outer loop
      vertex 5.84567 38.375 5.4
      vertex 2.72798 36.575 5.4
      vertex 2.91022 36.2055 5.4
    endloop
  endfacet
  facet normal 0 0 1
    outer loop
      vertex 1.575 37.728 5.4
      vertex 3.375 40.8457 5.4
      vertex 2.58311 41.2362 5.4
    endloop
  endfacet
  facet normal 0 0 1
    outer loop
      vertex 5.35513 39.1091 5.4
      vertex 2.49906 36.9176 5.4
      vertex 2.72798 36.575 5.4
    endloop
  endfacet
  facet normal 0 0 1
    outer loop
      vertex 4.77297 39.773 5.4
      vertex 2.22739 37.2274 5.4
      vertex 2.49906 36.9176 5.4
    endloop
  endfacet
  facet normal 0 0 1
    outer loop
      vertex 4.10914 40.3551 5.4
      vertex 1.9176 37.4991 5.4
      vertex 2.22739 37.2274 5.4
    endloop
  endfacet
  facet normal 0 0 1
    outer loop
      vertex 1.20545 37.9102 5.4
      vertex 2.58311 41.2362 5.4
      vertex 1.74703 41.52 5.4
    endloop
  endfacet
  facet normal 0 0 1
    outer loop
      vertex 3.375 40.8457 5.4
      vertex 1.575 37.728 5.4
      vertex 1.9176 37.4991 5.4
    endloop
  endfacet
  facet normal 0 0 1
    outer loop
      vertex 2.58311 41.2362 5.4
      vertex 1.20545 37.9102 5.4
      vertex 1.575 37.728 5.4
    endloop
  endfacet
  facet normal 0 0 1
    outer loop
      vertex 0.81528 38.0427 5.4
      vertex 1.74703 41.52 5.4
      vertex 0.881051 41.6923 5.4
    endloop
  endfacet
  facet normal 0 0 1
    outer loop
      vertex 1.74703 41.52 5.4
      vertex 0.81528 38.0427 5.4
      vertex 1.20545 37.9102 5.4
    endloop
  endfacet
  facet normal 0 0 1
    outer loop
      vertex 0.881051 41.6923 5.4
      vertex 0.411157 38.1231 5.4
      vertex 0.81528 38.0427 5.4
    endloop
  endfacet
  facet normal 0 0 1
    outer loop
      vertex 0 41.75 5.4
      vertex 0.411157 38.1231 5.4
      vertex 0.881051 41.6923 5.4
    endloop
  endfacet
  facet normal 0 0 1
    outer loop
      vertex 0 41.75 5.4
      vertex 0 38.15 5.4
      vertex 0.411157 38.1231 5.4
    endloop
  endfacet
  facet normal 0 0 1
    outer loop
      vertex 0 41.75 5.4
      vertex -0.411157 38.1231 5.4
      vertex 0 38.15 5.4
    endloop
  endfacet
  facet normal -0 0 1
    outer loop
      vertex -0.881051 41.6923 5.4
      vertex -0.411157 38.1231 5.4
      vertex 0 41.75 5.4
    endloop
  endfacet
  facet normal 0 0 1
    outer loop
      vertex -0.411157 38.1231 5.4
      vertex -0.881051 41.6923 5.4
      vertex -0.81528 38.0427 5.4
    endloop
  endfacet
  facet normal -0 0 1
    outer loop
      vertex -1.74703 41.52 5.4
      vertex -0.81528 38.0427 5.4
      vertex -0.881051 41.6923 5.4
    endloop
  endfacet
  facet normal 0 0 1
    outer loop
      vertex -0.81528 38.0427 5.4
      vertex -1.74703 41.52 5.4
      vertex -1.20545 37.9102 5.4
    endloop
  endfacet
  facet normal -0 0 1
    outer loop
      vertex -2.58311 41.2362 5.4
      vertex -1.20545 37.9102 5.4
      vertex -1.74703 41.52 5.4
    endloop
  endfacet
  facet normal 0 0 1
    outer loop
      vertex -1.20545 37.9102 5.4
      vertex -2.58311 41.2362 5.4
      vertex -1.575 37.728 5.4
    endloop
  endfacet
  facet normal -0 0 1
    outer loop
      vertex -3.375 40.8457 5.4
      vertex -1.575 37.728 5.4
      vertex -2.58311 41.2362 5.4
    endloop
  endfacet
  facet normal 0 0 1
    outer loop
      vertex -1.575 37.728 5.4
      vertex -3.375 40.8457 5.4
      vertex -1.9176 37.4991 5.4
    endloop
  endfacet
  facet normal -0 0 1
    outer loop
      vertex -4.10914 40.3551 5.4
      vertex -1.9176 37.4991 5.4
      vertex -3.375 40.8457 5.4
    endloop
  endfacet
  facet normal 0 0 1
    outer loop
      vertex -1.9176 37.4991 5.4
      vertex -4.10914 40.3551 5.4
      vertex -2.22739 37.2274 5.4
    endloop
  endfacet
  facet normal -0 0 1
    outer loop
      vertex -4.77297 39.773 5.4
      vertex -2.22739 37.2274 5.4
      vertex -4.10914 40.3551 5.4
    endloop
  endfacet
  facet normal 0 0 1
    outer loop
      vertex -2.22739 37.2274 5.4
      vertex -4.77297 39.773 5.4
      vertex -2.49906 36.9176 5.4
    endloop
  endfacet
  facet normal -0 0 1
    outer loop
      vertex -5.35513 39.1091 5.4
      vertex -2.49906 36.9176 5.4
      vertex -4.77297 39.773 5.4
    endloop
  endfacet
  facet normal 0 0 1
    outer loop
      vertex -2.72798 36.575 5.4
      vertex -5.84567 38.375 5.4
      vertex -2.91022 36.2055 5.4
    endloop
  endfacet
  facet normal -0 0 1
    outer loop
      vertex -5.84567 38.375 5.4
      vertex -2.72798 36.575 5.4
      vertex -5.35513 39.1091 5.4
    endloop
  endfacet
  facet normal 0 0 1
    outer loop
      vertex -2.49906 36.9176 5.4
      vertex -5.35513 39.1091 5.4
      vertex -2.72798 36.575 5.4
    endloop
  endfacet
  facet normal -0 0 1
    outer loop
      vertex 2.72798 -36.575 5.4
      vertex 5.84567 -38.375 5.4
      vertex 2.91022 -36.2055 5.4
    endloop
  endfacet
  facet normal 0 0 1
    outer loop
      vertex 5.84567 -38.375 5.4
      vertex 2.72798 -36.575 5.4
      vertex 5.35513 -39.1091 5.4
    endloop
  endfacet
  facet normal -0 0 1
    outer loop
      vertex 2.49906 -36.9176 5.4
      vertex 5.35513 -39.1091 5.4
      vertex 2.72798 -36.575 5.4
    endloop
  endfacet
  facet normal 0 0 1
    outer loop
      vertex 5.35513 -39.1091 5.4
      vertex 2.49906 -36.9176 5.4
      vertex 4.77297 -39.773 5.4
    endloop
  endfacet
  facet normal -0 0 1
    outer loop
      vertex 2.22739 -37.2274 5.4
      vertex 4.77297 -39.773 5.4
      vertex 2.49906 -36.9176 5.4
    endloop
  endfacet
  facet normal 0 0 1
    outer loop
      vertex 4.77297 -39.773 5.4
      vertex 2.22739 -37.2274 5.4
      vertex 4.10914 -40.3551 5.4
    endloop
  endfacet
  facet normal -0 0 1
    outer loop
      vertex 1.9176 -37.4991 5.4
      vertex 4.10914 -40.3551 5.4
      vertex 2.22739 -37.2274 5.4
    endloop
  endfacet
  facet normal 0 0 1
    outer loop
      vertex 4.10914 -40.3551 5.4
      vertex 1.9176 -37.4991 5.4
      vertex 3.375 -40.8457 5.4
    endloop
  endfacet
  facet normal -0 0 1
    outer loop
      vertex 1.575 -37.728 5.4
      vertex 3.375 -40.8457 5.4
      vertex 1.9176 -37.4991 5.4
    endloop
  endfacet
  facet normal 0 0 1
    outer loop
      vertex 3.375 -40.8457 5.4
      vertex 1.575 -37.728 5.4
      vertex 2.58311 -41.2362 5.4
    endloop
  endfacet
  facet normal -0 0 1
    outer loop
      vertex 1.20545 -37.9102 5.4
      vertex 2.58311 -41.2362 5.4
      vertex 1.575 -37.728 5.4
    endloop
  endfacet
  facet normal 0 0 1
    outer loop
      vertex 2.58311 -41.2362 5.4
      vertex 1.20545 -37.9102 5.4
      vertex 1.74703 -41.52 5.4
    endloop
  endfacet
  facet normal -0 0 1
    outer loop
      vertex 0.81528 -38.0427 5.4
      vertex 1.74703 -41.52 5.4
      vertex 1.20545 -37.9102 5.4
    endloop
  endfacet
  facet normal 0 0 1
    outer loop
      vertex 1.74703 -41.52 5.4
      vertex 0.81528 -38.0427 5.4
      vertex 0.881051 -41.6923 5.4
    endloop
  endfacet
  facet normal -0 0 1
    outer loop
      vertex 0.411157 -38.1231 5.4
      vertex 0.881051 -41.6923 5.4
      vertex 0.81528 -38.0427 5.4
    endloop
  endfacet
  facet normal -0 0 1
    outer loop
      vertex 0 -38.15 5.4
      vertex 0.881051 -41.6923 5.4
      vertex 0.411157 -38.1231 5.4
    endloop
  endfacet
  facet normal 0 0 1
    outer loop
      vertex 0 -38.15 5.4
      vertex 0 -41.75 5.4
      vertex 0.881051 -41.6923 5.4
    endloop
  endfacet
  facet normal 0 0 1
    outer loop
      vertex -0.411157 -38.1231 5.4
      vertex 0 -41.75 5.4
      vertex 0 -38.15 5.4
    endloop
  endfacet
  facet normal 0 0 1
    outer loop
      vertex -0.881051 -41.6923 5.4
      vertex -0.411157 -38.1231 5.4
      vertex -0.81528 -38.0427 5.4
    endloop
  endfacet
  facet normal 0 0 1
    outer loop
      vertex -0.411157 -38.1231 5.4
      vertex -0.881051 -41.6923 5.4
      vertex 0 -41.75 5.4
    endloop
  endfacet
  facet normal 0 0 1
    outer loop
      vertex -1.74703 -41.52 5.4
      vertex -0.81528 -38.0427 5.4
      vertex -1.20545 -37.9102 5.4
    endloop
  endfacet
  facet normal 0 0 1
    outer loop
      vertex -2.58311 -41.2362 5.4
      vertex -1.20545 -37.9102 5.4
      vertex -1.575 -37.728 5.4
    endloop
  endfacet
  facet normal 0 0 1
    outer loop
      vertex -0.81528 -38.0427 5.4
      vertex -1.74703 -41.52 5.4
      vertex -0.881051 -41.6923 5.4
    endloop
  endfacet
  facet normal 0 0 1
    outer loop
      vertex -3.375 -40.8457 5.4
      vertex -1.575 -37.728 5.4
      vertex -1.9176 -37.4991 5.4
    endloop
  endfacet
  facet normal 0 0 1
    outer loop
      vertex -4.10914 -40.3551 5.4
      vertex -1.9176 -37.4991 5.4
      vertex -2.22739 -37.2274 5.4
    endloop
  endfacet
  facet normal 0 0 1
    outer loop
      vertex -4.77297 -39.773 5.4
      vertex -2.22739 -37.2274 5.4
      vertex -2.49906 -36.9176 5.4
    endloop
  endfacet
  facet normal 0 0 1
    outer loop
      vertex -1.20545 -37.9102 5.4
      vertex -2.58311 -41.2362 5.4
      vertex -1.74703 -41.52 5.4
    endloop
  endfacet
  facet normal 0 0 1
    outer loop
      vertex -5.35513 -39.1091 5.4
      vertex -2.49906 -36.9176 5.4
      vertex -2.72798 -36.575 5.4
    endloop
  endfacet
  facet normal 0 0 1
    outer loop
      vertex -5.84567 -38.375 5.4
      vertex -2.72798 -36.575 5.4
      vertex -2.91022 -36.2055 5.4
    endloop
  endfacet
  facet normal 0 0 1
    outer loop
      vertex -6.23619 -37.5831 5.4
      vertex -2.91022 -36.2055 5.4
      vertex -3.04267 -35.8153 5.4
    endloop
  endfacet
  facet normal 0 0 1
    outer loop
      vertex -6.52 -36.747 5.4
      vertex -3.04267 -35.8153 5.4
      vertex -3.12305 -35.4112 5.4
    endloop
  endfacet
  facet normal 0 0 1
    outer loop
      vertex -1.575 -37.728 5.4
      vertex -3.375 -40.8457 5.4
      vertex -2.58311 -41.2362 5.4
    endloop
  endfacet
  facet normal 0 0 1
    outer loop
      vertex -6.69225 -35.8811 5.4
      vertex -3.12305 -35.4112 5.4
      vertex -3.15 -35 5.4
    endloop
  endfacet
  facet normal 0 0 1
    outer loop
      vertex -3.04267 -34.1847 5.4
      vertex -6.75 -35 5.4
      vertex -3.12305 -34.5888 5.4
    endloop
  endfacet
  facet normal -0 0 1
    outer loop
      vertex -6.23619 37.5831 5.4
      vertex -2.91022 36.2055 5.4
      vertex -5.84567 38.375 5.4
    endloop
  endfacet
  facet normal 0 0 1
    outer loop
      vertex -3.12305 -34.5888 5.4
      vertex -6.75 -35 5.4
      vertex -3.15 -35 5.4
    endloop
  endfacet
  facet normal 0 0 1
    outer loop
      vertex -2.91022 36.2055 5.4
      vertex -6.23619 37.5831 5.4
      vertex -3.04267 35.8153 5.4
    endloop
  endfacet
  facet normal 0 -0 1
    outer loop
      vertex -6.69225 -35.8811 5.4
      vertex -3.15 -35 5.4
      vertex -6.75 -35 5.4
    endloop
  endfacet
  facet normal -0 0 1
    outer loop
      vertex -6.52 36.747 5.4
      vertex -3.04267 35.8153 5.4
      vertex -6.23619 37.5831 5.4
    endloop
  endfacet
  facet normal 0 0 1
    outer loop
      vertex -1.9176 -37.4991 5.4
      vertex -4.10914 -40.3551 5.4
      vertex -3.375 -40.8457 5.4
    endloop
  endfacet
  facet normal 0 0 1
    outer loop
      vertex -3.04267 35.8153 5.4
      vertex -6.52 36.747 5.4
      vertex -3.12305 35.4112 5.4
    endloop
  endfacet
  facet normal 0 0 1
    outer loop
      vertex -2.22739 -37.2274 5.4
      vertex -4.77297 -39.773 5.4
      vertex -4.10914 -40.3551 5.4
    endloop
  endfacet
  facet normal -0 0 1
    outer loop
      vertex -6.69225 35.8811 5.4
      vertex -3.12305 35.4112 5.4
      vertex -6.52 36.747 5.4
    endloop
  endfacet
  facet normal 0 0 1
    outer loop
      vertex -2.49906 -36.9176 5.4
      vertex -5.35513 -39.1091 5.4
      vertex -4.77297 -39.773 5.4
    endloop
  endfacet
  facet normal 0 0 1
    outer loop
      vertex -3.12305 35.4112 5.4
      vertex -6.69225 35.8811 5.4
      vertex -3.15 35 5.4
    endloop
  endfacet
  facet normal 0 0 1
    outer loop
      vertex -2.72798 -36.575 5.4
      vertex -5.84567 -38.375 5.4
      vertex -5.35513 -39.1091 5.4
    endloop
  endfacet
  facet normal 0 0 1
    outer loop
      vertex -3.15 35 5.4
      vertex -6.69225 35.8811 5.4
      vertex -6.75 35 5.4
    endloop
  endfacet
  facet normal 0 0 1
    outer loop
      vertex -2.91022 -36.2055 5.4
      vertex -6.23619 -37.5831 5.4
      vertex -5.84567 -38.375 5.4
    endloop
  endfacet
  facet normal 0 0 1
    outer loop
      vertex -3.04267 -35.8153 5.4
      vertex -6.52 -36.747 5.4
      vertex -6.23619 -37.5831 5.4
    endloop
  endfacet
  facet normal 0 0 1
    outer loop
      vertex -3.12305 -35.4112 5.4
      vertex -6.69225 -35.8811 5.4
      vertex -6.52 -36.747 5.4
    endloop
  endfacet
  facet normal 0.06535 0.997862 -0
    outer loop
      vertex 0.881051 41.6923 -0.4
      vertex 0 41.75 0
      vertex 0.881051 41.6923 0
    endloop
  endfacet
  facet normal 0.06535 0.997862 0
    outer loop
      vertex 0 41.75 0
      vertex 0.881051 41.6923 -0.4
      vertex 0 41.75 -0.4
    endloop
  endfacet
  facet normal 0.06535 0.997862 -0
    outer loop
      vertex 0.881051 41.6923 5
      vertex 0 41.75 5.4
      vertex 0.881051 41.6923 5.4
    endloop
  endfacet
  facet normal 0.06535 0.997862 0
    outer loop
      vertex 0 41.75 5.4
      vertex 0.881051 41.6923 5
      vertex 0 41.75 5
    endloop
  endfacet
  facet normal 1 -0 0
    outer loop
      vertex 6.75 -35 5.4
      vertex 6.75 35 5
      vertex 6.75 35 5.4
    endloop
  endfacet
  facet normal 1 0 0
    outer loop
      vertex 6.75 35 5
      vertex 6.75 -35 5.4
      vertex 6.75 -35 5
    endloop
  endfacet
  facet normal 1 -0 0
    outer loop
      vertex 6.75 -35 0
      vertex 6.75 35 -0.4
      vertex 6.75 35 0
    endloop
  endfacet
  facet normal 1 0 0
    outer loop
      vertex 6.75 35 -0.4
      vertex 6.75 -35 0
      vertex 6.75 -35 -0.4
    endloop
  endfacet
  facet normal 0.831454 0.555594 -7.68258e-17
    outer loop
      vertex 5.84567 38.375 0
      vertex 5.35513 39.1091 -0.4
      vertex 5.35513 39.1091 0
    endloop
  endfacet
  facet normal 0.831454 0.555594 -7.68258e-17
    outer loop
      vertex 5.35513 39.1091 -0.4
      vertex 5.84567 38.375 0
      vertex 5.84567 38.375 -0.4
    endloop
  endfacet
  facet normal 0.831454 0.555594 -7.68258e-17
    outer loop
      vertex 5.84567 38.375 5.4
      vertex 5.35513 39.1091 5
      vertex 5.35513 39.1091 5.4
    endloop
  endfacet
  facet normal 0.831454 0.555594 -7.68258e-17
    outer loop
      vertex 5.35513 39.1091 5
      vertex 5.84567 38.375 5.4
      vertex 5.84567 38.375 5
    endloop
  endfacet
  facet normal -0.55562 0.831436 0
    outer loop
      vertex -3.375 40.8457 -0.4
      vertex -4.10914 40.3551 0
      vertex -3.375 40.8457 0
    endloop
  endfacet
  facet normal -0.55562 0.831436 0
    outer loop
      vertex -4.10914 40.3551 0
      vertex -3.375 40.8457 -0.4
      vertex -4.10914 40.3551 -0.4
    endloop
  endfacet
  facet normal -0.55562 0.831436 0
    outer loop
      vertex -3.375 40.8457 5
      vertex -4.10914 40.3551 5.4
      vertex -3.375 40.8457 5.4
    endloop
  endfacet
  facet normal -0.55562 0.831436 0
    outer loop
      vertex -4.10914 40.3551 5.4
      vertex -3.375 40.8457 5
      vertex -4.10914 40.3551 5
    endloop
  endfacet
  facet normal 0.06535 -0.997862 0
    outer loop
      vertex 0 -41.75 -0.4
      vertex 0.881051 -41.6923 0
      vertex 0 -41.75 0
    endloop
  endfacet
  facet normal 0.06535 -0.997862 0
    outer loop
      vertex 0.881051 -41.6923 0
      vertex 0 -41.75 -0.4
      vertex 0.881051 -41.6923 -0.4
    endloop
  endfacet
  facet normal 0.06535 -0.997862 0
    outer loop
      vertex 0 -41.75 5
      vertex 0.881051 -41.6923 5.4
      vertex 0 -41.75 5.4
    endloop
  endfacet
  facet normal 0.06535 -0.997862 0
    outer loop
      vertex 0.881051 -41.6923 5.4
      vertex 0 -41.75 5
      vertex 0.881051 -41.6923 5
    endloop
  endfacet
  facet normal -0.55562 -0.831436 0
    outer loop
      vertex -4.10914 -40.3551 -0.4
      vertex -3.375 -40.8457 0
      vertex -4.10914 -40.3551 0
    endloop
  endfacet
  facet normal -0.55562 -0.831436 -0
    outer loop
      vertex -3.375 -40.8457 0
      vertex -4.10914 -40.3551 -0.4
      vertex -3.375 -40.8457 -0.4
    endloop
  endfacet
  facet normal -0.55562 -0.831436 0
    outer loop
      vertex -4.10914 -40.3551 5
      vertex -3.375 -40.8457 5.4
      vertex -4.10914 -40.3551 5.4
    endloop
  endfacet
  facet normal -0.55562 -0.831436 -0
    outer loop
      vertex -3.375 -40.8457 5.4
      vertex -4.10914 -40.3551 5
      vertex -3.375 -40.8457 5
    endloop
  endfacet
  facet normal -0.659305 -0.751875 0
    outer loop
      vertex -4.77297 -39.773 -0.4
      vertex -4.10914 -40.3551 0
      vertex -4.77297 -39.773 0
    endloop
  endfacet
  facet normal -0.659305 -0.751875 -0
    outer loop
      vertex -4.10914 -40.3551 0
      vertex -4.77297 -39.773 -0.4
      vertex -4.10914 -40.3551 -0.4
    endloop
  endfacet
  facet normal -0.659305 -0.751875 0
    outer loop
      vertex -4.77297 -39.773 5
      vertex -4.10914 -40.3551 5.4
      vertex -4.77297 -39.773 5.4
    endloop
  endfacet
  facet normal -0.659305 -0.751875 -0
    outer loop
      vertex -4.10914 -40.3551 5.4
      vertex -4.77297 -39.773 5
      vertex -4.10914 -40.3551 5
    endloop
  endfacet
  facet normal -0.321428 -0.946934 0
    outer loop
      vertex -2.58311 -41.2362 -0.4
      vertex -1.74703 -41.52 0
      vertex -2.58311 -41.2362 0
    endloop
  endfacet
  facet normal -0.321428 -0.946934 -0
    outer loop
      vertex -1.74703 -41.52 0
      vertex -2.58311 -41.2362 -0.4
      vertex -1.74703 -41.52 -0.4
    endloop
  endfacet
  facet normal -0.321428 -0.946934 0
    outer loop
      vertex -2.58311 -41.2362 5
      vertex -1.74703 -41.52 5.4
      vertex -2.58311 -41.2362 5.4
    endloop
  endfacet
  facet normal -0.321428 -0.946934 -0
    outer loop
      vertex -1.74703 -41.52 5.4
      vertex -2.58311 -41.2362 5
      vertex -1.74703 -41.52 5
    endloop
  endfacet
  facet normal -0.06535 -0.997862 0
    outer loop
      vertex -0.881051 -41.6923 -0.4
      vertex 0 -41.75 0
      vertex -0.881051 -41.6923 0
    endloop
  endfacet
  facet normal -0.06535 -0.997862 -0
    outer loop
      vertex 0 -41.75 0
      vertex -0.881051 -41.6923 -0.4
      vertex 0 -41.75 -0.4
    endloop
  endfacet
  facet normal -0.06535 -0.997862 0
    outer loop
      vertex -0.881051 -41.6923 5
      vertex 0 -41.75 5.4
      vertex -0.881051 -41.6923 5.4
    endloop
  endfacet
  facet normal -0.06535 -0.997862 -0
    outer loop
      vertex 0 -41.75 5.4
      vertex -0.881051 -41.6923 5
      vertex 0 -41.75 5
    endloop
  endfacet
  facet normal -0.896874 -0.442287 2.91632e-17
    outer loop
      vertex -5.84567 -38.375 5
      vertex -6.23619 -37.5831 5.4
      vertex -6.23619 -37.5831 5
    endloop
  endfacet
  facet normal -0.896874 -0.442287 2.91632e-17
    outer loop
      vertex -6.23619 -37.5831 5.4
      vertex -5.84567 -38.375 5
      vertex -5.84567 -38.375 5.4
    endloop
  endfacet
  facet normal -0.896874 -0.442287 2.91632e-17
    outer loop
      vertex -5.84567 -38.375 -0.4
      vertex -6.23619 -37.5831 0
      vertex -6.23619 -37.5831 -0.4
    endloop
  endfacet
  facet normal -0.896874 -0.442287 2.91632e-17
    outer loop
      vertex -6.23619 -37.5831 0
      vertex -5.84567 -38.375 -0.4
      vertex -5.84567 -38.375 0
    endloop
  endfacet
  facet normal 0 0 -1
    outer loop
      vertex 2.91022 -33.7945 -0.4
      vertex 6.75 -35 -0.4
      vertex 3.04267 -34.1847 -0.4
    endloop
  endfacet
  facet normal -0 0 -1
    outer loop
      vertex 6.75 35 -0.4
      vertex 3.12305 34.5888 -0.4
      vertex 3.15 35 -0.4
    endloop
  endfacet
  facet normal 0 0 -1
    outer loop
      vertex 2.72798 -33.425 -0.4
      vertex 6.75 -35 -0.4
      vertex 2.91022 -33.7945 -0.4
    endloop
  endfacet
  facet normal 0 0 -1
    outer loop
      vertex 6.75 35 -0.4
      vertex 3.04267 34.1847 -0.4
      vertex 3.12305 34.5888 -0.4
    endloop
  endfacet
  facet normal 0 0 -1
    outer loop
      vertex 2.49906 -33.0824 -0.4
      vertex 6.75 -35 -0.4
      vertex 2.72798 -33.425 -0.4
    endloop
  endfacet
  facet normal 0 0 -1
    outer loop
      vertex 6.75 35 -0.4
      vertex 2.91022 33.7945 -0.4
      vertex 3.04267 34.1847 -0.4
    endloop
  endfacet
  facet normal 0 0 -1
    outer loop
      vertex 2.22739 -32.7726 -0.4
      vertex 6.75 -35 -0.4
      vertex 2.49906 -33.0824 -0.4
    endloop
  endfacet
  facet normal 0 0 -1
    outer loop
      vertex 6.75 35 -0.4
      vertex 2.72798 33.425 -0.4
      vertex 2.91022 33.7945 -0.4
    endloop
  endfacet
  facet normal 0 0 -1
    outer loop
      vertex 1.9176 -32.5009 -0.4
      vertex 6.75 -35 -0.4
      vertex 2.22739 -32.7726 -0.4
    endloop
  endfacet
  facet normal 0 0 -1
    outer loop
      vertex 6.75 35 -0.4
      vertex 2.49906 33.0824 -0.4
      vertex 2.72798 33.425 -0.4
    endloop
  endfacet
  facet normal 0 0 -1
    outer loop
      vertex 1.575 -32.272 -0.4
      vertex 6.75 -35 -0.4
      vertex 1.9176 -32.5009 -0.4
    endloop
  endfacet
  facet normal 0 0 -1
    outer loop
      vertex 6.75 35 -0.4
      vertex 2.22739 32.7726 -0.4
      vertex 2.49906 33.0824 -0.4
    endloop
  endfacet
  facet normal 0 0 -1
    outer loop
      vertex 6.75 -35 -0.4
      vertex 1.575 -32.272 -0.4
      vertex 6.75 35 -0.4
    endloop
  endfacet
  facet normal 0 0 -1
    outer loop
      vertex 6.75 35 -0.4
      vertex 1.9176 32.5009 -0.4
      vertex 2.22739 32.7726 -0.4
    endloop
  endfacet
  facet normal 0 0 -1
    outer loop
      vertex 1.575 32.272 -0.4
      vertex 6.75 35 -0.4
      vertex 1.575 -32.272 -0.4
    endloop
  endfacet
  facet normal 0 0 -1
    outer loop
      vertex 6.75 35 -0.4
      vertex 1.575 32.272 -0.4
      vertex 1.9176 32.5009 -0.4
    endloop
  endfacet
  facet normal 0 0 -1
    outer loop
      vertex 1.20545 -32.0898 -0.4
      vertex 1.575 32.272 -0.4
      vertex 1.575 -32.272 -0.4
    endloop
  endfacet
  facet normal 0 0 -1
    outer loop
      vertex 1.20545 -32.0898 -0.4
      vertex 1.20545 32.0898 -0.4
      vertex 1.575 32.272 -0.4
    endloop
  endfacet
  facet normal 0 0 -1
    outer loop
      vertex 0.81528 -31.9573 -0.4
      vertex 1.20545 32.0898 -0.4
      vertex 1.20545 -32.0898 -0.4
    endloop
  endfacet
  facet normal 0 0 -1
    outer loop
      vertex 0.81528 -31.9573 -0.4
      vertex 0.81528 31.9573 -0.4
      vertex 1.20545 32.0898 -0.4
    endloop
  endfacet
  facet normal 0 0 -1
    outer loop
      vertex 0.411157 -31.8769 -0.4
      vertex 0.81528 31.9573 -0.4
      vertex 0.81528 -31.9573 -0.4
    endloop
  endfacet
  facet normal 0 0 -1
    outer loop
      vertex 0.411157 -31.8769 -0.4
      vertex 0.411157 31.8769 -0.4
      vertex 0.81528 31.9573 -0.4
    endloop
  endfacet
  facet normal 0 0 -1
    outer loop
      vertex 0 -31.85 -0.4
      vertex 0.411157 31.8769 -0.4
      vertex 0.411157 -31.8769 -0.4
    endloop
  endfacet
  facet normal 0 0 -1
    outer loop
      vertex 0 -31.85 -0.4
      vertex 0 31.85 -0.4
      vertex 0.411157 31.8769 -0.4
    endloop
  endfacet
  facet normal 0 0 -1
    outer loop
      vertex -0.411157 -31.8769 -0.4
      vertex 0 31.85 -0.4
      vertex 0 -31.85 -0.4
    endloop
  endfacet
  facet normal 0 0 -1
    outer loop
      vertex -0.411157 -31.8769 -0.4
      vertex -0.411157 31.8769 -0.4
      vertex 0 31.85 -0.4
    endloop
  endfacet
  facet normal 0 0 -1
    outer loop
      vertex -0.81528 -31.9573 -0.4
      vertex -0.411157 31.8769 -0.4
      vertex -0.411157 -31.8769 -0.4
    endloop
  endfacet
  facet normal 0 0 -1
    outer loop
      vertex -0.81528 -31.9573 -0.4
      vertex -0.81528 31.9573 -0.4
      vertex -0.411157 31.8769 -0.4
    endloop
  endfacet
  facet normal 0 0 -1
    outer loop
      vertex -1.20545 -32.0898 -0.4
      vertex -0.81528 31.9573 -0.4
      vertex -0.81528 -31.9573 -0.4
    endloop
  endfacet
  facet normal 0 0 -1
    outer loop
      vertex -1.20545 -32.0898 -0.4
      vertex -1.20545 32.0898 -0.4
      vertex -0.81528 31.9573 -0.4
    endloop
  endfacet
  facet normal 0 0 -1
    outer loop
      vertex -1.575 -32.272 -0.4
      vertex -1.20545 32.0898 -0.4
      vertex -1.20545 -32.0898 -0.4
    endloop
  endfacet
  facet normal 0 0 -1
    outer loop
      vertex -1.575 -32.272 -0.4
      vertex -1.575 32.272 -0.4
      vertex -1.20545 32.0898 -0.4
    endloop
  endfacet
  facet normal 0 0 -1
    outer loop
      vertex -6.75 -35 -0.4
      vertex -1.575 -32.272 -0.4
      vertex -1.9176 -32.5009 -0.4
    endloop
  endfacet
  facet normal -0 0 -1
    outer loop
      vertex -1.575 -32.272 -0.4
      vertex -6.75 -35 -0.4
      vertex -1.575 32.272 -0.4
    endloop
  endfacet
  facet normal 0 0 -1
    outer loop
      vertex -6.75 -35 -0.4
      vertex -1.9176 -32.5009 -0.4
      vertex -2.22739 -32.7726 -0.4
    endloop
  endfacet
  facet normal 0 0 -1
    outer loop
      vertex -6.75 35 -0.4
      vertex -1.575 32.272 -0.4
      vertex -6.75 -35 -0.4
    endloop
  endfacet
  facet normal 0 0 -1
    outer loop
      vertex -6.75 -35 -0.4
      vertex -2.22739 -32.7726 -0.4
      vertex -2.49906 -33.0824 -0.4
    endloop
  endfacet
  facet normal 0 0 -1
    outer loop
      vertex -1.575 32.272 -0.4
      vertex -6.75 35 -0.4
      vertex -1.9176 32.5009 -0.4
    endloop
  endfacet
  facet normal 0 0 -1
    outer loop
      vertex -6.75 -35 -0.4
      vertex -2.49906 -33.0824 -0.4
      vertex -2.72798 -33.425 -0.4
    endloop
  endfacet
  facet normal 0 0 -1
    outer loop
      vertex -1.9176 32.5009 -0.4
      vertex -6.75 35 -0.4
      vertex -2.22739 32.7726 -0.4
    endloop
  endfacet
  facet normal 0 0 -1
    outer loop
      vertex -6.75 -35 -0.4
      vertex -2.72798 -33.425 -0.4
      vertex -2.91022 -33.7945 -0.4
    endloop
  endfacet
  facet normal 0 0 -1
    outer loop
      vertex -2.22739 32.7726 -0.4
      vertex -6.75 35 -0.4
      vertex -2.49906 33.0824 -0.4
    endloop
  endfacet
  facet normal 0 0 -1
    outer loop
      vertex -6.75 -35 -0.4
      vertex -2.91022 -33.7945 -0.4
      vertex -3.04267 -34.1847 -0.4
    endloop
  endfacet
  facet normal 0 0 -1
    outer loop
      vertex -2.49906 33.0824 -0.4
      vertex -6.75 35 -0.4
      vertex -2.72798 33.425 -0.4
    endloop
  endfacet
  facet normal 0 0 -1
    outer loop
      vertex -6.75 -35 -0.4
      vertex -3.04267 -34.1847 -0.4
      vertex -3.12305 -34.5888 -0.4
    endloop
  endfacet
  facet normal 0 0 -1
    outer loop
      vertex -2.72798 33.425 -0.4
      vertex -6.75 35 -0.4
      vertex -2.91022 33.7945 -0.4
    endloop
  endfacet
  facet normal 0 0 -1
    outer loop
      vertex -6.75 -35 -0.4
      vertex -3.12305 -34.5888 -0.4
      vertex -3.15 -35 -0.4
    endloop
  endfacet
  facet normal 0 0 -1
    outer loop
      vertex -2.91022 33.7945 -0.4
      vertex -6.75 35 -0.4
      vertex -3.04267 34.1847 -0.4
    endloop
  endfacet
  facet normal 0 0 -1
    outer loop
      vertex 3.15 -35 -0.4
      vertex 6.75 -35 -0.4
      vertex 6.69225 -35.8811 -0.4
    endloop
  endfacet
  facet normal 0 0 -1
    outer loop
      vertex 3.12305 -34.5888 -0.4
      vertex 6.75 -35 -0.4
      vertex 3.15 -35 -0.4
    endloop
  endfacet
  facet normal 0 0 -1
    outer loop
      vertex 3.12305 -35.4112 -0.4
      vertex 6.69225 -35.8811 -0.4
      vertex 6.52 -36.747 -0.4
    endloop
  endfacet
  facet normal 0 0 -1
    outer loop
      vertex 3.04267 -34.1847 -0.4
      vertex 6.75 -35 -0.4
      vertex 3.12305 -34.5888 -0.4
    endloop
  endfacet
  facet normal 0 0 -1
    outer loop
      vertex 3.04267 -35.8153 -0.4
      vertex 6.52 -36.747 -0.4
      vertex 6.23619 -37.5831 -0.4
    endloop
  endfacet
  facet normal 0 0 -1
    outer loop
      vertex 6.75 35 -0.4
      vertex 3.15 35 -0.4
      vertex 6.69225 35.8811 -0.4
    endloop
  endfacet
  facet normal 0 0 -1
    outer loop
      vertex 2.91022 -36.2055 -0.4
      vertex 6.23619 -37.5831 -0.4
      vertex 5.84567 -38.375 -0.4
    endloop
  endfacet
  facet normal 0 0 -1
    outer loop
      vertex 3.12305 35.4112 -0.4
      vertex 6.69225 35.8811 -0.4
      vertex 3.15 35 -0.4
    endloop
  endfacet
  facet normal 0 0 -1
    outer loop
      vertex 2.72798 -36.575 -0.4
      vertex 5.84567 -38.375 -0.4
      vertex 5.35513 -39.1091 -0.4
    endloop
  endfacet
  facet normal -0 0 -1
    outer loop
      vertex 6.69225 35.8811 -0.4
      vertex 3.12305 35.4112 -0.4
      vertex 6.52 36.747 -0.4
    endloop
  endfacet
  facet normal 0 0 -1
    outer loop
      vertex 2.49906 -36.9176 -0.4
      vertex 5.35513 -39.1091 -0.4
      vertex 4.77297 -39.773 -0.4
    endloop
  endfacet
  facet normal 0 0 -1
    outer loop
      vertex 3.04267 35.8153 -0.4
      vertex 6.52 36.747 -0.4
      vertex 3.12305 35.4112 -0.4
    endloop
  endfacet
  facet normal 0 0 -1
    outer loop
      vertex 2.22739 -37.2274 -0.4
      vertex 4.77297 -39.773 -0.4
      vertex 4.10914 -40.3551 -0.4
    endloop
  endfacet
  facet normal -0 0 -1
    outer loop
      vertex 6.52 36.747 -0.4
      vertex 3.04267 35.8153 -0.4
      vertex 6.23619 37.5831 -0.4
    endloop
  endfacet
  facet normal 0 0 -1
    outer loop
      vertex 1.9176 -37.4991 -0.4
      vertex 4.10914 -40.3551 -0.4
      vertex 3.375 -40.8457 -0.4
    endloop
  endfacet
  facet normal 0 0 -1
    outer loop
      vertex 2.91022 36.2055 -0.4
      vertex 6.23619 37.5831 -0.4
      vertex 3.04267 35.8153 -0.4
    endloop
  endfacet
  facet normal -0 0 -1
    outer loop
      vertex 6.23619 37.5831 -0.4
      vertex 2.91022 36.2055 -0.4
      vertex 5.84567 38.375 -0.4
    endloop
  endfacet
  facet normal 0 0 -1
    outer loop
      vertex 6.69225 -35.8811 -0.4
      vertex 3.12305 -35.4112 -0.4
      vertex 3.15 -35 -0.4
    endloop
  endfacet
  facet normal 0 0 -1
    outer loop
      vertex 6.52 -36.747 -0.4
      vertex 3.04267 -35.8153 -0.4
      vertex 3.12305 -35.4112 -0.4
    endloop
  endfacet
  facet normal 0 0 -1
    outer loop
      vertex 6.23619 -37.5831 -0.4
      vertex 2.91022 -36.2055 -0.4
      vertex 3.04267 -35.8153 -0.4
    endloop
  endfacet
  facet normal 0 0 -1
    outer loop
      vertex 5.84567 -38.375 -0.4
      vertex 2.72798 -36.575 -0.4
      vertex 2.91022 -36.2055 -0.4
    endloop
  endfacet
  facet normal 0 0 -1
    outer loop
      vertex 1.575 -37.728 -0.4
      vertex 3.375 -40.8457 -0.4
      vertex 2.58311 -41.2362 -0.4
    endloop
  endfacet
  facet normal 0 0 -1
    outer loop
      vertex 5.35513 -39.1091 -0.4
      vertex 2.49906 -36.9176 -0.4
      vertex 2.72798 -36.575 -0.4
    endloop
  endfacet
  facet normal 0 0 -1
    outer loop
      vertex 4.77297 -39.773 -0.4
      vertex 2.22739 -37.2274 -0.4
      vertex 2.49906 -36.9176 -0.4
    endloop
  endfacet
  facet normal 0 0 -1
    outer loop
      vertex 4.10914 -40.3551 -0.4
      vertex 1.9176 -37.4991 -0.4
      vertex 2.22739 -37.2274 -0.4
    endloop
  endfacet
  facet normal 0 0 -1
    outer loop
      vertex 1.20545 -37.9102 -0.4
      vertex 2.58311 -41.2362 -0.4
      vertex 1.74703 -41.52 -0.4
    endloop
  endfacet
  facet normal 0 0 -1
    outer loop
      vertex 3.375 -40.8457 -0.4
      vertex 1.575 -37.728 -0.4
      vertex 1.9176 -37.4991 -0.4
    endloop
  endfacet
  facet normal 0 0 -1
    outer loop
      vertex 2.58311 -41.2362 -0.4
      vertex 1.20545 -37.9102 -0.4
      vertex 1.575 -37.728 -0.4
    endloop
  endfacet
  facet normal 0 0 -1
    outer loop
      vertex 0.81528 -38.0427 -0.4
      vertex 1.74703 -41.52 -0.4
      vertex 0.881051 -41.6923 -0.4
    endloop
  endfacet
  facet normal 0 0 -1
    outer loop
      vertex 1.74703 -41.52 -0.4
      vertex 0.81528 -38.0427 -0.4
      vertex 1.20545 -37.9102 -0.4
    endloop
  endfacet
  facet normal 0 0 -1
    outer loop
      vertex 0.881051 -41.6923 -0.4
      vertex 0.411157 -38.1231 -0.4
      vertex 0.81528 -38.0427 -0.4
    endloop
  endfacet
  facet normal 0 0 -1
    outer loop
      vertex 0 -41.75 -0.4
      vertex 0.411157 -38.1231 -0.4
      vertex 0.881051 -41.6923 -0.4
    endloop
  endfacet
  facet normal 0 0 -1
    outer loop
      vertex 0 -41.75 -0.4
      vertex 0 -38.15 -0.4
      vertex 0.411157 -38.1231 -0.4
    endloop
  endfacet
  facet normal 0 0 -1
    outer loop
      vertex 0 -41.75 -0.4
      vertex -0.411157 -38.1231 -0.4
      vertex 0 -38.15 -0.4
    endloop
  endfacet
  facet normal 0 0 -1
    outer loop
      vertex -0.881051 -41.6923 -0.4
      vertex -0.411157 -38.1231 -0.4
      vertex 0 -41.75 -0.4
    endloop
  endfacet
  facet normal -0 0 -1
    outer loop
      vertex -0.411157 -38.1231 -0.4
      vertex -0.881051 -41.6923 -0.4
      vertex -0.81528 -38.0427 -0.4
    endloop
  endfacet
  facet normal 0 0 -1
    outer loop
      vertex -1.74703 -41.52 -0.4
      vertex -0.81528 -38.0427 -0.4
      vertex -0.881051 -41.6923 -0.4
    endloop
  endfacet
  facet normal -0 0 -1
    outer loop
      vertex -0.81528 -38.0427 -0.4
      vertex -1.74703 -41.52 -0.4
      vertex -1.20545 -37.9102 -0.4
    endloop
  endfacet
  facet normal 0 0 -1
    outer loop
      vertex -2.58311 -41.2362 -0.4
      vertex -1.20545 -37.9102 -0.4
      vertex -1.74703 -41.52 -0.4
    endloop
  endfacet
  facet normal -0 0 -1
    outer loop
      vertex -1.20545 -37.9102 -0.4
      vertex -2.58311 -41.2362 -0.4
      vertex -1.575 -37.728 -0.4
    endloop
  endfacet
  facet normal 0 0 -1
    outer loop
      vertex -3.375 -40.8457 -0.4
      vertex -1.575 -37.728 -0.4
      vertex -2.58311 -41.2362 -0.4
    endloop
  endfacet
  facet normal -0 0 -1
    outer loop
      vertex -1.575 -37.728 -0.4
      vertex -3.375 -40.8457 -0.4
      vertex -1.9176 -37.4991 -0.4
    endloop
  endfacet
  facet normal 0 0 -1
    outer loop
      vertex -4.10914 -40.3551 -0.4
      vertex -1.9176 -37.4991 -0.4
      vertex -3.375 -40.8457 -0.4
    endloop
  endfacet
  facet normal -0 0 -1
    outer loop
      vertex -1.9176 -37.4991 -0.4
      vertex -4.10914 -40.3551 -0.4
      vertex -2.22739 -37.2274 -0.4
    endloop
  endfacet
  facet normal 0 0 -1
    outer loop
      vertex -4.77297 -39.773 -0.4
      vertex -2.22739 -37.2274 -0.4
      vertex -4.10914 -40.3551 -0.4
    endloop
  endfacet
  facet normal -0 0 -1
    outer loop
      vertex -2.22739 -37.2274 -0.4
      vertex -4.77297 -39.773 -0.4
      vertex -2.49906 -36.9176 -0.4
    endloop
  endfacet
  facet normal 0 0 -1
    outer loop
      vertex -5.35513 -39.1091 -0.4
      vertex -2.49906 -36.9176 -0.4
      vertex -4.77297 -39.773 -0.4
    endloop
  endfacet
  facet normal -0 0 -1
    outer loop
      vertex -2.72798 -36.575 -0.4
      vertex -5.84567 -38.375 -0.4
      vertex -2.91022 -36.2055 -0.4
    endloop
  endfacet
  facet normal 0 0 -1
    outer loop
      vertex -5.84567 -38.375 -0.4
      vertex -2.72798 -36.575 -0.4
      vertex -5.35513 -39.1091 -0.4
    endloop
  endfacet
  facet normal -0 0 -1
    outer loop
      vertex -2.49906 -36.9176 -0.4
      vertex -5.35513 -39.1091 -0.4
      vertex -2.72798 -36.575 -0.4
    endloop
  endfacet
  facet normal 0 0 -1
    outer loop
      vertex 2.72798 36.575 -0.4
      vertex 5.84567 38.375 -0.4
      vertex 2.91022 36.2055 -0.4
    endloop
  endfacet
  facet normal -0 0 -1
    outer loop
      vertex 5.84567 38.375 -0.4
      vertex 2.72798 36.575 -0.4
      vertex 5.35513 39.1091 -0.4
    endloop
  endfacet
  facet normal 0 0 -1
    outer loop
      vertex 2.49906 36.9176 -0.4
      vertex 5.35513 39.1091 -0.4
      vertex 2.72798 36.575 -0.4
    endloop
  endfacet
  facet normal -0 0 -1
    outer loop
      vertex 5.35513 39.1091 -0.4
      vertex 2.49906 36.9176 -0.4
      vertex 4.77297 39.773 -0.4
    endloop
  endfacet
  facet normal 0 0 -1
    outer loop
      vertex 2.22739 37.2274 -0.4
      vertex 4.77297 39.773 -0.4
      vertex 2.49906 36.9176 -0.4
    endloop
  endfacet
  facet normal -0 0 -1
    outer loop
      vertex 4.77297 39.773 -0.4
      vertex 2.22739 37.2274 -0.4
      vertex 4.10914 40.3551 -0.4
    endloop
  endfacet
  facet normal 0 0 -1
    outer loop
      vertex 1.9176 37.4991 -0.4
      vertex 4.10914 40.3551 -0.4
      vertex 2.22739 37.2274 -0.4
    endloop
  endfacet
  facet normal -0 0 -1
    outer loop
      vertex 4.10914 40.3551 -0.4
      vertex 1.9176 37.4991 -0.4
      vertex 3.375 40.8457 -0.4
    endloop
  endfacet
  facet normal 0 0 -1
    outer loop
      vertex 1.575 37.728 -0.4
      vertex 3.375 40.8457 -0.4
      vertex 1.9176 37.4991 -0.4
    endloop
  endfacet
  facet normal -0 0 -1
    outer loop
      vertex 3.375 40.8457 -0.4
      vertex 1.575 37.728 -0.4
      vertex 2.58311 41.2362 -0.4
    endloop
  endfacet
  facet normal 0 0 -1
    outer loop
      vertex 1.20545 37.9102 -0.4
      vertex 2.58311 41.2362 -0.4
      vertex 1.575 37.728 -0.4
    endloop
  endfacet
  facet normal -0 0 -1
    outer loop
      vertex 2.58311 41.2362 -0.4
      vertex 1.20545 37.9102 -0.4
      vertex 1.74703 41.52 -0.4
    endloop
  endfacet
  facet normal 0 0 -1
    outer loop
      vertex 0.81528 38.0427 -0.4
      vertex 1.74703 41.52 -0.4
      vertex 1.20545 37.9102 -0.4
    endloop
  endfacet
  facet normal -0 0 -1
    outer loop
      vertex 1.74703 41.52 -0.4
      vertex 0.81528 38.0427 -0.4
      vertex 0.881051 41.6923 -0.4
    endloop
  endfacet
  facet normal 0 0 -1
    outer loop
      vertex 0.411157 38.1231 -0.4
      vertex 0.881051 41.6923 -0.4
      vertex 0.81528 38.0427 -0.4
    endloop
  endfacet
  facet normal 0 0 -1
    outer loop
      vertex 0 38.15 -0.4
      vertex 0.881051 41.6923 -0.4
      vertex 0.411157 38.1231 -0.4
    endloop
  endfacet
  facet normal 0 0 -1
    outer loop
      vertex 0 38.15 -0.4
      vertex 0 41.75 -0.4
      vertex 0.881051 41.6923 -0.4
    endloop
  endfacet
  facet normal 0 0 -1
    outer loop
      vertex -0.411157 38.1231 -0.4
      vertex 0 41.75 -0.4
      vertex 0 38.15 -0.4
    endloop
  endfacet
  facet normal 0 0 -1
    outer loop
      vertex -0.881051 41.6923 -0.4
      vertex -0.411157 38.1231 -0.4
      vertex -0.81528 38.0427 -0.4
    endloop
  endfacet
  facet normal 0 0 -1
    outer loop
      vertex -0.411157 38.1231 -0.4
      vertex -0.881051 41.6923 -0.4
      vertex 0 41.75 -0.4
    endloop
  endfacet
  facet normal 0 0 -1
    outer loop
      vertex -1.74703 41.52 -0.4
      vertex -0.81528 38.0427 -0.4
      vertex -1.20545 37.9102 -0.4
    endloop
  endfacet
  facet normal 0 0 -1
    outer loop
      vertex -2.58311 41.2362 -0.4
      vertex -1.20545 37.9102 -0.4
      vertex -1.575 37.728 -0.4
    endloop
  endfacet
  facet normal 0 0 -1
    outer loop
      vertex -0.81528 38.0427 -0.4
      vertex -1.74703 41.52 -0.4
      vertex -0.881051 41.6923 -0.4
    endloop
  endfacet
  facet normal 0 0 -1
    outer loop
      vertex -3.375 40.8457 -0.4
      vertex -1.575 37.728 -0.4
      vertex -1.9176 37.4991 -0.4
    endloop
  endfacet
  facet normal 0 0 -1
    outer loop
      vertex -4.10914 40.3551 -0.4
      vertex -1.9176 37.4991 -0.4
      vertex -2.22739 37.2274 -0.4
    endloop
  endfacet
  facet normal 0 0 -1
    outer loop
      vertex -4.77297 39.773 -0.4
      vertex -2.22739 37.2274 -0.4
      vertex -2.49906 36.9176 -0.4
    endloop
  endfacet
  facet normal 0 0 -1
    outer loop
      vertex -1.20545 37.9102 -0.4
      vertex -2.58311 41.2362 -0.4
      vertex -1.74703 41.52 -0.4
    endloop
  endfacet
  facet normal 0 0 -1
    outer loop
      vertex -5.35513 39.1091 -0.4
      vertex -2.49906 36.9176 -0.4
      vertex -2.72798 36.575 -0.4
    endloop
  endfacet
  facet normal 0 0 -1
    outer loop
      vertex -5.84567 38.375 -0.4
      vertex -2.72798 36.575 -0.4
      vertex -2.91022 36.2055 -0.4
    endloop
  endfacet
  facet normal 0 0 -1
    outer loop
      vertex -6.23619 37.5831 -0.4
      vertex -2.91022 36.2055 -0.4
      vertex -3.04267 35.8153 -0.4
    endloop
  endfacet
  facet normal 0 0 -1
    outer loop
      vertex -6.52 36.747 -0.4
      vertex -3.04267 35.8153 -0.4
      vertex -3.12305 35.4112 -0.4
    endloop
  endfacet
  facet normal 0 0 -1
    outer loop
      vertex -1.575 37.728 -0.4
      vertex -3.375 40.8457 -0.4
      vertex -2.58311 41.2362 -0.4
    endloop
  endfacet
  facet normal 0 0 -1
    outer loop
      vertex -6.69225 35.8811 -0.4
      vertex -3.12305 35.4112 -0.4
      vertex -3.15 35 -0.4
    endloop
  endfacet
  facet normal 0 0 -1
    outer loop
      vertex -3.04267 34.1847 -0.4
      vertex -6.75 35 -0.4
      vertex -3.12305 34.5888 -0.4
    endloop
  endfacet
  facet normal 0 0 -1
    outer loop
      vertex -6.23619 -37.5831 -0.4
      vertex -2.91022 -36.2055 -0.4
      vertex -5.84567 -38.375 -0.4
    endloop
  endfacet
  facet normal 0 0 -1
    outer loop
      vertex -3.12305 34.5888 -0.4
      vertex -6.75 35 -0.4
      vertex -3.15 35 -0.4
    endloop
  endfacet
  facet normal -0 0 -1
    outer loop
      vertex -2.91022 -36.2055 -0.4
      vertex -6.23619 -37.5831 -0.4
      vertex -3.04267 -35.8153 -0.4
    endloop
  endfacet
  facet normal 0 -0 -1
    outer loop
      vertex -6.69225 35.8811 -0.4
      vertex -3.15 35 -0.4
      vertex -6.75 35 -0.4
    endloop
  endfacet
  facet normal 0 0 -1
    outer loop
      vertex -6.52 -36.747 -0.4
      vertex -3.04267 -35.8153 -0.4
      vertex -6.23619 -37.5831 -0.4
    endloop
  endfacet
  facet normal 0 0 -1
    outer loop
      vertex -1.9176 37.4991 -0.4
      vertex -4.10914 40.3551 -0.4
      vertex -3.375 40.8457 -0.4
    endloop
  endfacet
  facet normal -0 0 -1
    outer loop
      vertex -3.04267 -35.8153 -0.4
      vertex -6.52 -36.747 -0.4
      vertex -3.12305 -35.4112 -0.4
    endloop
  endfacet
  facet normal 0 0 -1
    outer loop
      vertex -2.22739 37.2274 -0.4
      vertex -4.77297 39.773 -0.4
      vertex -4.10914 40.3551 -0.4
    endloop
  endfacet
  facet normal 0 0 -1
    outer loop
      vertex -6.69225 -35.8811 -0.4
      vertex -3.12305 -35.4112 -0.4
      vertex -6.52 -36.747 -0.4
    endloop
  endfacet
  facet normal 0 0 -1
    outer loop
      vertex -2.49906 36.9176 -0.4
      vertex -5.35513 39.1091 -0.4
      vertex -4.77297 39.773 -0.4
    endloop
  endfacet
  facet normal -0 0 -1
    outer loop
      vertex -3.12305 -35.4112 -0.4
      vertex -6.69225 -35.8811 -0.4
      vertex -3.15 -35 -0.4
    endloop
  endfacet
  facet normal 0 0 -1
    outer loop
      vertex -2.72798 36.575 -0.4
      vertex -5.84567 38.375 -0.4
      vertex -5.35513 39.1091 -0.4
    endloop
  endfacet
  facet normal -0 0 -1
    outer loop
      vertex -3.15 -35 -0.4
      vertex -6.69225 -35.8811 -0.4
      vertex -6.75 -35 -0.4
    endloop
  endfacet
  facet normal 0 0 -1
    outer loop
      vertex -2.91022 36.2055 -0.4
      vertex -6.23619 37.5831 -0.4
      vertex -5.84567 38.375 -0.4
    endloop
  endfacet
  facet normal 0 0 -1
    outer loop
      vertex -3.04267 35.8153 -0.4
      vertex -6.52 36.747 -0.4
      vertex -6.23619 37.5831 -0.4
    endloop
  endfacet
  facet normal 0 0 -1
    outer loop
      vertex -3.12305 35.4112 -0.4
      vertex -6.69225 35.8811 -0.4
      vertex -6.52 36.747 -0.4
    endloop
  endfacet
  facet normal 0.55562 0.831436 -0
    outer loop
      vertex 4.10914 40.3551 -0.4
      vertex 3.375 40.8457 0
      vertex 4.10914 40.3551 0
    endloop
  endfacet
  facet normal 0.55562 0.831436 0
    outer loop
      vertex 3.375 40.8457 0
      vertex 4.10914 40.3551 -0.4
      vertex 3.375 40.8457 -0.4
    endloop
  endfacet
  facet normal 0.55562 0.831436 -0
    outer loop
      vertex 4.10914 40.3551 5
      vertex 3.375 40.8457 5.4
      vertex 4.10914 40.3551 5.4
    endloop
  endfacet
  facet normal 0.55562 0.831436 0
    outer loop
      vertex 3.375 40.8457 5.4
      vertex 4.10914 40.3551 5
      vertex 3.375 40.8457 5
    endloop
  endfacet
  facet normal 0.195141 0.980775 -0
    outer loop
      vertex 1.74703 41.52 -0.4
      vertex 0.881051 41.6923 0
      vertex 1.74703 41.52 0
    endloop
  endfacet
  facet normal 0.195141 0.980775 0
    outer loop
      vertex 0.881051 41.6923 0
      vertex 1.74703 41.52 -0.4
      vertex 0.881051 41.6923 -0.4
    endloop
  endfacet
  facet normal 0.195141 0.980775 -0
    outer loop
      vertex 1.74703 41.52 5
      vertex 0.881051 41.6923 5.4
      vertex 1.74703 41.52 5.4
    endloop
  endfacet
  facet normal 0.195141 0.980775 0
    outer loop
      vertex 0.881051 41.6923 5.4
      vertex 1.74703 41.52 5
      vertex 0.881051 41.6923 5
    endloop
  endfacet
  facet normal -0.831454 0.555594 7.68258e-17
    outer loop
      vertex -5.84567 38.375 -0.4
      vertex -5.35513 39.1091 0
      vertex -5.35513 39.1091 -0.4
    endloop
  endfacet
  facet normal -0.831454 0.555594 7.68258e-17
    outer loop
      vertex -5.35513 39.1091 0
      vertex -5.84567 38.375 -0.4
      vertex -5.84567 38.375 0
    endloop
  endfacet
  facet normal -0.831454 0.555594 7.68258e-17
    outer loop
      vertex -5.84567 38.375 5
      vertex -5.35513 39.1091 5.4
      vertex -5.35513 39.1091 5
    endloop
  endfacet
  facet normal -0.831454 0.555594 7.68258e-17
    outer loop
      vertex -5.35513 39.1091 5.4
      vertex -5.84567 38.375 5
      vertex -5.84567 38.375 5.4
    endloop
  endfacet
  facet normal -0.195141 0.980775 0
    outer loop
      vertex -0.881051 41.6923 5
      vertex -1.74703 41.52 5.4
      vertex -0.881051 41.6923 5.4
    endloop
  endfacet
  facet normal -0.195141 0.980775 0
    outer loop
      vertex -1.74703 41.52 5.4
      vertex -0.881051 41.6923 5
      vertex -1.74703 41.52 5
    endloop
  endfacet
  facet normal -0.195141 0.980775 0
    outer loop
      vertex -0.881051 41.6923 -0.4
      vertex -1.74703 41.52 0
      vertex -0.881051 41.6923 0
    endloop
  endfacet
  facet normal -0.195141 0.980775 0
    outer loop
      vertex -1.74703 41.52 0
      vertex -0.881051 41.6923 -0.4
      vertex -1.74703 41.52 -0.4
    endloop
  endfacet
  facet normal -0.442273 0.89688 0
    outer loop
      vertex -2.58311 41.2362 -0.4
      vertex -3.375 40.8457 0
      vertex -2.58311 41.2362 0
    endloop
  endfacet
  facet normal -0.442273 0.89688 0
    outer loop
      vertex -3.375 40.8457 0
      vertex -2.58311 41.2362 -0.4
      vertex -3.375 40.8457 -0.4
    endloop
  endfacet
  facet normal -0.442273 0.89688 0
    outer loop
      vertex -2.58311 41.2362 5
      vertex -3.375 40.8457 5.4
      vertex -2.58311 41.2362 5.4
    endloop
  endfacet
  facet normal -0.442273 0.89688 0
    outer loop
      vertex -3.375 40.8457 5.4
      vertex -2.58311 41.2362 5
      vertex -3.375 40.8457 5
    endloop
  endfacet
  facet normal -0.06535 0.997862 0
    outer loop
      vertex 0 41.75 -0.4
      vertex -0.881051 41.6923 0
      vertex 0 41.75 0
    endloop
  endfacet
  facet normal -0.06535 0.997862 0
    outer loop
      vertex -0.881051 41.6923 0
      vertex 0 41.75 -0.4
      vertex -0.881051 41.6923 -0.4
    endloop
  endfacet
  facet normal -0.06535 0.997862 0
    outer loop
      vertex 0 41.75 5
      vertex -0.881051 41.6923 5.4
      vertex 0 41.75 5.4
    endloop
  endfacet
  facet normal -0.06535 0.997862 0
    outer loop
      vertex -0.881051 41.6923 5.4
      vertex 0 41.75 5
      vertex -0.881051 41.6923 5
    endloop
  endfacet
  facet normal 0.195141 -0.980775 0
    outer loop
      vertex 0.881051 -41.6923 5
      vertex 1.74703 -41.52 5.4
      vertex 0.881051 -41.6923 5.4
    endloop
  endfacet
  facet normal 0.195141 -0.980775 0
    outer loop
      vertex 1.74703 -41.52 5.4
      vertex 0.881051 -41.6923 5
      vertex 1.74703 -41.52 5
    endloop
  endfacet
  facet normal 0.195141 -0.980775 0
    outer loop
      vertex 0.881051 -41.6923 -0.4
      vertex 1.74703 -41.52 0
      vertex 0.881051 -41.6923 0
    endloop
  endfacet
  facet normal 0.195141 -0.980775 0
    outer loop
      vertex 1.74703 -41.52 0
      vertex 0.881051 -41.6923 -0.4
      vertex 1.74703 -41.52 -0.4
    endloop
  endfacet
  facet normal 0.321428 -0.946934 0
    outer loop
      vertex 1.74703 -41.52 -0.4
      vertex 2.58311 -41.2362 0
      vertex 1.74703 -41.52 0
    endloop
  endfacet
  facet normal 0.321428 -0.946934 0
    outer loop
      vertex 2.58311 -41.2362 0
      vertex 1.74703 -41.52 -0.4
      vertex 2.58311 -41.2362 -0.4
    endloop
  endfacet
  facet normal 0.321428 -0.946934 0
    outer loop
      vertex 1.74703 -41.52 5
      vertex 2.58311 -41.2362 5.4
      vertex 1.74703 -41.52 5.4
    endloop
  endfacet
  facet normal 0.321428 -0.946934 0
    outer loop
      vertex 2.58311 -41.2362 5.4
      vertex 1.74703 -41.52 5
      vertex 2.58311 -41.2362 5
    endloop
  endfacet
  facet normal 0.55562 -0.831436 0
    outer loop
      vertex 3.375 -40.8457 -0.4
      vertex 4.10914 -40.3551 0
      vertex 3.375 -40.8457 0
    endloop
  endfacet
  facet normal 0.55562 -0.831436 0
    outer loop
      vertex 4.10914 -40.3551 0
      vertex 3.375 -40.8457 -0.4
      vertex 4.10914 -40.3551 -0.4
    endloop
  endfacet
  facet normal 0.55562 -0.831436 0
    outer loop
      vertex 3.375 -40.8457 5
      vertex 4.10914 -40.3551 5.4
      vertex 3.375 -40.8457 5.4
    endloop
  endfacet
  facet normal 0.55562 -0.831436 0
    outer loop
      vertex 4.10914 -40.3551 5.4
      vertex 3.375 -40.8457 5
      vertex 4.10914 -40.3551 5
    endloop
  endfacet
  facet normal 0.831454 -0.555594 7.68258e-17
    outer loop
      vertex 5.35513 -39.1091 0
      vertex 5.84567 -38.375 -0.4
      vertex 5.84567 -38.375 0
    endloop
  endfacet
  facet normal 0.831454 -0.555594 7.68258e-17
    outer loop
      vertex 5.84567 -38.375 -0.4
      vertex 5.35513 -39.1091 0
      vertex 5.35513 -39.1091 -0.4
    endloop
  endfacet
  facet normal 0.831454 -0.555594 7.68258e-17
    outer loop
      vertex 5.35513 -39.1091 5.4
      vertex 5.84567 -38.375 5
      vertex 5.84567 -38.375 5.4
    endloop
  endfacet
  facet normal 0.831454 -0.555594 7.68258e-17
    outer loop
      vertex 5.84567 -38.375 5
      vertex 5.35513 -39.1091 5.4
      vertex 5.35513 -39.1091 5
    endloop
  endfacet
  facet normal 0.659305 -0.751875 0
    outer loop
      vertex 4.10914 -40.3551 -0.4
      vertex 4.77297 -39.773 0
      vertex 4.10914 -40.3551 0
    endloop
  endfacet
  facet normal 0.659305 -0.751875 0
    outer loop
      vertex 4.77297 -39.773 0
      vertex 4.10914 -40.3551 -0.4
      vertex 4.77297 -39.773 -0.4
    endloop
  endfacet
  facet normal 0.659305 -0.751875 0
    outer loop
      vertex 4.10914 -40.3551 5
      vertex 4.77297 -39.773 5.4
      vertex 4.10914 -40.3551 5.4
    endloop
  endfacet
  facet normal 0.659305 -0.751875 0
    outer loop
      vertex 4.77297 -39.773 5.4
      vertex 4.10914 -40.3551 5
      vertex 4.77297 -39.773 5
    endloop
  endfacet
  facet normal 0.751876 -0.659304 -7.02191e-17
    outer loop
      vertex 4.77297 -39.773 0
      vertex 5.35513 -39.1091 -0.4
      vertex 5.35513 -39.1091 0
    endloop
  endfacet
  facet normal 0.751876 -0.659304 -7.02191e-17
    outer loop
      vertex 5.35513 -39.1091 -0.4
      vertex 4.77297 -39.773 0
      vertex 4.77297 -39.773 -0.4
    endloop
  endfacet
  facet normal 0.751876 -0.659304 -7.02191e-17
    outer loop
      vertex 4.77297 -39.773 5.4
      vertex 5.35513 -39.1091 5
      vertex 5.35513 -39.1091 5.4
    endloop
  endfacet
  facet normal 0.751876 -0.659304 -7.02191e-17
    outer loop
      vertex 5.35513 -39.1091 5
      vertex 4.77297 -39.773 5.4
      vertex 4.77297 -39.773 5
    endloop
  endfacet
  facet normal 0.946933 -0.321432 1.50804e-17
    outer loop
      vertex 6.23619 -37.5831 0
      vertex 6.52 -36.747 -0.4
      vertex 6.52 -36.747 0
    endloop
  endfacet
  facet normal 0.946933 -0.321432 1.50804e-17
    outer loop
      vertex 6.52 -36.747 -0.4
      vertex 6.23619 -37.5831 0
      vertex 6.23619 -37.5831 -0.4
    endloop
  endfacet
  facet normal 0.946933 -0.321432 1.50804e-17
    outer loop
      vertex 6.23619 -37.5831 5.4
      vertex 6.52 -36.747 5
      vertex 6.52 -36.747 5.4
    endloop
  endfacet
  facet normal 0.946933 -0.321432 1.50804e-17
    outer loop
      vertex 6.52 -36.747 5
      vertex 6.23619 -37.5831 5.4
      vertex 6.23619 -37.5831 5
    endloop
  endfacet
  facet normal 0.896874 -0.442287 -2.91632e-17
    outer loop
      vertex 5.84567 -38.375 0
      vertex 6.23619 -37.5831 -0.4
      vertex 6.23619 -37.5831 0
    endloop
  endfacet
  facet normal 0.896874 -0.442287 -2.91632e-17
    outer loop
      vertex 6.23619 -37.5831 -0.4
      vertex 5.84567 -38.375 0
      vertex 5.84567 -38.375 -0.4
    endloop
  endfacet
  facet normal 0.896874 -0.442287 -2.91632e-17
    outer loop
      vertex 5.84567 -38.375 5.4
      vertex 6.23619 -37.5831 5
      vertex 6.23619 -37.5831 5.4
    endloop
  endfacet
  facet normal 0.896874 -0.442287 -2.91632e-17
    outer loop
      vertex 6.23619 -37.5831 5
      vertex 5.84567 -38.375 5.4
      vertex 5.84567 -38.375 5
    endloop
  endfacet
  facet normal 0.980783 -0.195103 2.11071e-17
    outer loop
      vertex 6.52 -36.747 0
      vertex 6.69225 -35.8811 -0.4
      vertex 6.69225 -35.8811 0
    endloop
  endfacet
  facet normal 0.980783 -0.195103 2.11071e-17
    outer loop
      vertex 6.69225 -35.8811 -0.4
      vertex 6.52 -36.747 0
      vertex 6.52 -36.747 -0.4
    endloop
  endfacet
  facet normal 0.980783 -0.195103 2.11071e-17
    outer loop
      vertex 6.52 -36.747 5.4
      vertex 6.69225 -35.8811 5
      vertex 6.69225 -35.8811 5.4
    endloop
  endfacet
  facet normal 0.980783 -0.195103 2.11071e-17
    outer loop
      vertex 6.69225 -35.8811 5
      vertex 6.52 -36.747 5.4
      vertex 6.52 -36.747 5
    endloop
  endfacet
  facet normal -0.195141 -0.980775 0
    outer loop
      vertex -1.74703 -41.52 -0.4
      vertex -0.881051 -41.6923 0
      vertex -1.74703 -41.52 0
    endloop
  endfacet
  facet normal -0.195141 -0.980775 -0
    outer loop
      vertex -0.881051 -41.6923 0
      vertex -1.74703 -41.52 -0.4
      vertex -0.881051 -41.6923 -0.4
    endloop
  endfacet
  facet normal -0.195141 -0.980775 0
    outer loop
      vertex -1.74703 -41.52 5
      vertex -0.881051 -41.6923 5.4
      vertex -1.74703 -41.52 5.4
    endloop
  endfacet
  facet normal -0.195141 -0.980775 -0
    outer loop
      vertex -0.881051 -41.6923 5.4
      vertex -1.74703 -41.52 5
      vertex -0.881051 -41.6923 5
    endloop
  endfacet
  facet normal -0.751876 -0.659304 7.02191e-17
    outer loop
      vertex -4.77297 -39.773 -0.4
      vertex -5.35513 -39.1091 0
      vertex -5.35513 -39.1091 -0.4
    endloop
  endfacet
  facet normal -0.751876 -0.659304 7.02191e-17
    outer loop
      vertex -5.35513 -39.1091 0
      vertex -4.77297 -39.773 -0.4
      vertex -4.77297 -39.773 0
    endloop
  endfacet
  facet normal -0.751876 -0.659304 7.02191e-17
    outer loop
      vertex -4.77297 -39.773 5
      vertex -5.35513 -39.1091 5.4
      vertex -5.35513 -39.1091 5
    endloop
  endfacet
  facet normal -0.751876 -0.659304 7.02191e-17
    outer loop
      vertex -5.35513 -39.1091 5.4
      vertex -4.77297 -39.773 5
      vertex -4.77297 -39.773 5.4
    endloop
  endfacet
  facet normal -0.946933 -0.321432 -1.50804e-17
    outer loop
      vertex -6.23619 -37.5831 5
      vertex -6.52 -36.747 5.4
      vertex -6.52 -36.747 5
    endloop
  endfacet
  facet normal -0.946933 -0.321432 -1.50804e-17
    outer loop
      vertex -6.52 -36.747 5.4
      vertex -6.23619 -37.5831 5
      vertex -6.23619 -37.5831 5.4
    endloop
  endfacet
  facet normal -0.946933 -0.321432 -1.50804e-17
    outer loop
      vertex -6.23619 -37.5831 -0.4
      vertex -6.52 -36.747 0
      vertex -6.52 -36.747 -0.4
    endloop
  endfacet
  facet normal -0.946933 -0.321432 -1.50804e-17
    outer loop
      vertex -6.52 -36.747 0
      vertex -6.23619 -37.5831 -0.4
      vertex -6.23619 -37.5831 0
    endloop
  endfacet
  facet normal -0.997859 -0.0654027 2.01448e-19
    outer loop
      vertex -6.69225 -35.8811 -0.4
      vertex -6.75 -35 0
      vertex -6.75 -35 -0.4
    endloop
  endfacet
  facet normal -0.997859 -0.0654027 2.01448e-19
    outer loop
      vertex -6.75 -35 0
      vertex -6.69225 -35.8811 -0.4
      vertex -6.69225 -35.8811 0
    endloop
  endfacet
  facet normal -0.997859 -0.0654027 2.01448e-19
    outer loop
      vertex -6.69225 -35.8811 5
      vertex -6.75 -35 5.4
      vertex -6.75 -35 5
    endloop
  endfacet
  facet normal -0.997859 -0.0654027 2.01448e-19
    outer loop
      vertex -6.75 -35 5.4
      vertex -6.69225 -35.8811 5
      vertex -6.69225 -35.8811 5.4
    endloop
  endfacet
  facet normal 0.896874 0.442287 2.91632e-17
    outer loop
      vertex 6.23619 37.5831 0
      vertex 5.84567 38.375 -0.4
      vertex 5.84567 38.375 0
    endloop
  endfacet
  facet normal 0.896874 0.442287 2.91632e-17
    outer loop
      vertex 5.84567 38.375 -0.4
      vertex 6.23619 37.5831 0
      vertex 6.23619 37.5831 -0.4
    endloop
  endfacet
  facet normal 0.896874 0.442287 2.91632e-17
    outer loop
      vertex 6.23619 37.5831 5.4
      vertex 5.84567 38.375 5
      vertex 5.84567 38.375 5.4
    endloop
  endfacet
  facet normal 0.896874 0.442287 2.91632e-17
    outer loop
      vertex 5.84567 38.375 5
      vertex 6.23619 37.5831 5.4
      vertex 6.23619 37.5831 5
    endloop
  endfacet
  facet normal 0.946933 0.321432 -1.50804e-17
    outer loop
      vertex 6.52 36.747 0
      vertex 6.23619 37.5831 -0.4
      vertex 6.23619 37.5831 0
    endloop
  endfacet
  facet normal 0.946933 0.321432 -1.50804e-17
    outer loop
      vertex 6.23619 37.5831 -0.4
      vertex 6.52 36.747 0
      vertex 6.52 36.747 -0.4
    endloop
  endfacet
  facet normal 0.946933 0.321432 -1.50804e-17
    outer loop
      vertex 6.52 36.747 5.4
      vertex 6.23619 37.5831 5
      vertex 6.23619 37.5831 5.4
    endloop
  endfacet
  facet normal 0.946933 0.321432 -1.50804e-17
    outer loop
      vertex 6.23619 37.5831 5
      vertex 6.52 36.747 5.4
      vertex 6.52 36.747 5
    endloop
  endfacet
  facet normal 0.659305 0.751875 -0
    outer loop
      vertex 4.77297 39.773 -0.4
      vertex 4.10914 40.3551 0
      vertex 4.77297 39.773 0
    endloop
  endfacet
  facet normal 0.659305 0.751875 0
    outer loop
      vertex 4.10914 40.3551 0
      vertex 4.77297 39.773 -0.4
      vertex 4.10914 40.3551 -0.4
    endloop
  endfacet
  facet normal 0.659305 0.751875 -0
    outer loop
      vertex 4.77297 39.773 5
      vertex 4.10914 40.3551 5.4
      vertex 4.77297 39.773 5.4
    endloop
  endfacet
  facet normal 0.659305 0.751875 0
    outer loop
      vertex 4.10914 40.3551 5.4
      vertex 4.77297 39.773 5
      vertex 4.10914 40.3551 5
    endloop
  endfacet
  facet normal 0.442273 0.89688 -0
    outer loop
      vertex 3.375 40.8457 5
      vertex 2.58311 41.2362 5.4
      vertex 3.375 40.8457 5.4
    endloop
  endfacet
  facet normal 0.442273 0.89688 0
    outer loop
      vertex 2.58311 41.2362 5.4
      vertex 3.375 40.8457 5
      vertex 2.58311 41.2362 5
    endloop
  endfacet
  facet normal 0.442273 0.89688 -0
    outer loop
      vertex 3.375 40.8457 -0.4
      vertex 2.58311 41.2362 0
      vertex 3.375 40.8457 0
    endloop
  endfacet
  facet normal 0.442273 0.89688 0
    outer loop
      vertex 2.58311 41.2362 0
      vertex 3.375 40.8457 -0.4
      vertex 2.58311 41.2362 -0.4
    endloop
  endfacet
  facet normal 0.321428 0.946934 -0
    outer loop
      vertex 2.58311 41.2362 5
      vertex 1.74703 41.52 5.4
      vertex 2.58311 41.2362 5.4
    endloop
  endfacet
  facet normal 0.321428 0.946934 0
    outer loop
      vertex 1.74703 41.52 5.4
      vertex 2.58311 41.2362 5
      vertex 1.74703 41.52 5
    endloop
  endfacet
  facet normal 0.321428 0.946934 -0
    outer loop
      vertex 2.58311 41.2362 -0.4
      vertex 1.74703 41.52 0
      vertex 2.58311 41.2362 0
    endloop
  endfacet
  facet normal 0.321428 0.946934 0
    outer loop
      vertex 1.74703 41.52 0
      vertex 2.58311 41.2362 -0.4
      vertex 1.74703 41.52 -0.4
    endloop
  endfacet
  facet normal -0.751876 0.659304 -7.02191e-17
    outer loop
      vertex -5.35513 39.1091 -0.4
      vertex -4.77297 39.773 0
      vertex -4.77297 39.773 -0.4
    endloop
  endfacet
  facet normal -0.751876 0.659304 -7.02191e-17
    outer loop
      vertex -4.77297 39.773 0
      vertex -5.35513 39.1091 -0.4
      vertex -5.35513 39.1091 0
    endloop
  endfacet
  facet normal -0.751876 0.659304 -7.02191e-17
    outer loop
      vertex -5.35513 39.1091 5
      vertex -4.77297 39.773 5.4
      vertex -4.77297 39.773 5
    endloop
  endfacet
  facet normal -0.751876 0.659304 -7.02191e-17
    outer loop
      vertex -4.77297 39.773 5.4
      vertex -5.35513 39.1091 5
      vertex -5.35513 39.1091 5.4
    endloop
  endfacet
  facet normal -0.896874 0.442287 -2.91632e-17
    outer loop
      vertex -6.23619 37.5831 5
      vertex -5.84567 38.375 5.4
      vertex -5.84567 38.375 5
    endloop
  endfacet
  facet normal -0.896874 0.442287 -2.91632e-17
    outer loop
      vertex -5.84567 38.375 5.4
      vertex -6.23619 37.5831 5
      vertex -6.23619 37.5831 5.4
    endloop
  endfacet
  facet normal -0.896874 0.442287 -2.91632e-17
    outer loop
      vertex -6.23619 37.5831 -0.4
      vertex -5.84567 38.375 0
      vertex -5.84567 38.375 -0.4
    endloop
  endfacet
  facet normal -0.896874 0.442287 -2.91632e-17
    outer loop
      vertex -5.84567 38.375 0
      vertex -6.23619 37.5831 -0.4
      vertex -6.23619 37.5831 0
    endloop
  endfacet
  facet normal -0.946933 0.321432 1.50804e-17
    outer loop
      vertex -6.52 36.747 -0.4
      vertex -6.23619 37.5831 0
      vertex -6.23619 37.5831 -0.4
    endloop
  endfacet
  facet normal -0.946933 0.321432 1.50804e-17
    outer loop
      vertex -6.23619 37.5831 0
      vertex -6.52 36.747 -0.4
      vertex -6.52 36.747 0
    endloop
  endfacet
  facet normal -0.946933 0.321432 1.50804e-17
    outer loop
      vertex -6.52 36.747 5
      vertex -6.23619 37.5831 5.4
      vertex -6.23619 37.5831 5
    endloop
  endfacet
  facet normal -0.946933 0.321432 1.50804e-17
    outer loop
      vertex -6.23619 37.5831 5.4
      vertex -6.52 36.747 5
      vertex -6.52 36.747 5.4
    endloop
  endfacet
  facet normal -0.321428 0.946934 0
    outer loop
      vertex -1.74703 41.52 5
      vertex -2.58311 41.2362 5.4
      vertex -1.74703 41.52 5.4
    endloop
  endfacet
  facet normal -0.321428 0.946934 0
    outer loop
      vertex -2.58311 41.2362 5.4
      vertex -1.74703 41.52 5
      vertex -2.58311 41.2362 5
    endloop
  endfacet
  facet normal -0.321428 0.946934 0
    outer loop
      vertex -1.74703 41.52 -0.4
      vertex -2.58311 41.2362 0
      vertex -1.74703 41.52 0
    endloop
  endfacet
  facet normal -0.321428 0.946934 0
    outer loop
      vertex -2.58311 41.2362 0
      vertex -1.74703 41.52 -0.4
      vertex -2.58311 41.2362 -0.4
    endloop
  endfacet
  facet normal 0.442273 -0.89688 0
    outer loop
      vertex 2.58311 -41.2362 5
      vertex 3.375 -40.8457 5.4
      vertex 2.58311 -41.2362 5.4
    endloop
  endfacet
  facet normal 0.442273 -0.89688 0
    outer loop
      vertex 3.375 -40.8457 5.4
      vertex 2.58311 -41.2362 5
      vertex 3.375 -40.8457 5
    endloop
  endfacet
  facet normal 0.442273 -0.89688 0
    outer loop
      vertex 2.58311 -41.2362 -0.4
      vertex 3.375 -40.8457 0
      vertex 2.58311 -41.2362 0
    endloop
  endfacet
  facet normal 0.442273 -0.89688 0
    outer loop
      vertex 3.375 -40.8457 0
      vertex 2.58311 -41.2362 -0.4
      vertex 3.375 -40.8457 -0.4
    endloop
  endfacet
  facet normal -0.442273 -0.89688 0
    outer loop
      vertex -3.375 -40.8457 -0.4
      vertex -2.58311 -41.2362 0
      vertex -3.375 -40.8457 0
    endloop
  endfacet
  facet normal -0.442273 -0.89688 -0
    outer loop
      vertex -2.58311 -41.2362 0
      vertex -3.375 -40.8457 -0.4
      vertex -2.58311 -41.2362 -0.4
    endloop
  endfacet
  facet normal -0.442273 -0.89688 0
    outer loop
      vertex -3.375 -40.8457 5
      vertex -2.58311 -41.2362 5.4
      vertex -3.375 -40.8457 5.4
    endloop
  endfacet
  facet normal -0.442273 -0.89688 -0
    outer loop
      vertex -2.58311 -41.2362 5.4
      vertex -3.375 -40.8457 5
      vertex -2.58311 -41.2362 5
    endloop
  endfacet
  facet normal -0.831454 -0.555594 -7.68258e-17
    outer loop
      vertex -5.35513 -39.1091 -0.4
      vertex -5.84567 -38.375 0
      vertex -5.84567 -38.375 -0.4
    endloop
  endfacet
  facet normal -0.831454 -0.555594 -7.68258e-17
    outer loop
      vertex -5.84567 -38.375 0
      vertex -5.35513 -39.1091 -0.4
      vertex -5.35513 -39.1091 0
    endloop
  endfacet
  facet normal -0.831454 -0.555594 -7.68258e-17
    outer loop
      vertex -5.35513 -39.1091 5
      vertex -5.84567 -38.375 5.4
      vertex -5.84567 -38.375 5
    endloop
  endfacet
  facet normal -0.831454 -0.555594 -7.68258e-17
    outer loop
      vertex -5.84567 -38.375 5.4
      vertex -5.35513 -39.1091 5
      vertex -5.35513 -39.1091 5.4
    endloop
  endfacet
  facet normal -0.980783 -0.195103 -2.11071e-17
    outer loop
      vertex -6.52 -36.747 -0.4
      vertex -6.69225 -35.8811 0
      vertex -6.69225 -35.8811 -0.4
    endloop
  endfacet
  facet normal -0.980783 -0.195103 -2.11071e-17
    outer loop
      vertex -6.69225 -35.8811 0
      vertex -6.52 -36.747 -0.4
      vertex -6.52 -36.747 0
    endloop
  endfacet
  facet normal -0.980783 -0.195103 -2.11071e-17
    outer loop
      vertex -6.52 -36.747 5
      vertex -6.69225 -35.8811 5.4
      vertex -6.69225 -35.8811 5
    endloop
  endfacet
  facet normal -0.980783 -0.195103 -2.11071e-17
    outer loop
      vertex -6.69225 -35.8811 5.4
      vertex -6.52 -36.747 5
      vertex -6.52 -36.747 5.4
    endloop
  endfacet
  facet normal 0.751876 0.659304 7.02191e-17
    outer loop
      vertex 5.35513 39.1091 0
      vertex 4.77297 39.773 -0.4
      vertex 4.77297 39.773 0
    endloop
  endfacet
  facet normal 0.751876 0.659304 7.02191e-17
    outer loop
      vertex 4.77297 39.773 -0.4
      vertex 5.35513 39.1091 0
      vertex 5.35513 39.1091 -0.4
    endloop
  endfacet
  facet normal 0.751876 0.659304 7.02191e-17
    outer loop
      vertex 5.35513 39.1091 5.4
      vertex 4.77297 39.773 5
      vertex 4.77297 39.773 5.4
    endloop
  endfacet
  facet normal 0.751876 0.659304 7.02191e-17
    outer loop
      vertex 4.77297 39.773 5
      vertex 5.35513 39.1091 5.4
      vertex 5.35513 39.1091 5
    endloop
  endfacet
  facet normal -0.659305 0.751875 0
    outer loop
      vertex -4.10914 40.3551 5
      vertex -4.77297 39.773 5.4
      vertex -4.10914 40.3551 5.4
    endloop
  endfacet
  facet normal -0.659305 0.751875 0
    outer loop
      vertex -4.77297 39.773 5.4
      vertex -4.10914 40.3551 5
      vertex -4.77297 39.773 5
    endloop
  endfacet
  facet normal -0.659305 0.751875 0
    outer loop
      vertex -4.10914 40.3551 -0.4
      vertex -4.77297 39.773 0
      vertex -4.10914 40.3551 0
    endloop
  endfacet
  facet normal -0.659305 0.751875 0
    outer loop
      vertex -4.77297 39.773 0
      vertex -4.10914 40.3551 -0.4
      vertex -4.77297 39.773 -0.4
    endloop
  endfacet
  facet normal -0.55554 -0.83149 0
    outer loop
      vertex 1.575 37.728 -0.4
      vertex 1.9176 37.4991 -0.0999994
      vertex 1.575 37.728 -0.0999994
    endloop
  endfacet
  facet normal -0.55554 -0.83149 -0
    outer loop
      vertex 1.9176 37.4991 -0.0999994
      vertex 1.575 37.728 -0.4
      vertex 1.9176 37.4991 -0.4
    endloop
  endfacet
  facet normal -0.55554 -0.83149 0
    outer loop
      vertex 1.575 37.728 5.1
      vertex 1.9176 37.4991 5.4
      vertex 1.575 37.728 5.4
    endloop
  endfacet
  facet normal -0.55554 -0.83149 -0
    outer loop
      vertex 1.9176 37.4991 5.4
      vertex 1.575 37.728 5.1
      vertex 1.9176 37.4991 5.1
    endloop
  endfacet
  facet normal -0.55554 -0.83149 0
    outer loop
      vertex 1.575 37.728 0.700001
      vertex 1.9176 37.4991 4.3
      vertex 1.575 37.728 4.3
    endloop
  endfacet
  facet normal -0.55554 -0.83149 -0
    outer loop
      vertex 1.9176 37.4991 4.3
      vertex 1.575 37.728 0.700001
      vertex 1.9176 37.4991 0.700001
    endloop
  endfacet
  facet normal 0.321559 -0.946889 0
    outer loop
      vertex -1.20545 37.9102 -0.4
      vertex -0.81528 38.0427 -0.0999994
      vertex -1.20545 37.9102 -0.0999994
    endloop
  endfacet
  facet normal 0.321559 -0.946889 0
    outer loop
      vertex -0.81528 38.0427 -0.0999994
      vertex -1.20545 37.9102 -0.4
      vertex -0.81528 38.0427 -0.4
    endloop
  endfacet
  facet normal 0.321559 -0.946889 0
    outer loop
      vertex -1.20545 37.9102 5.1
      vertex -0.81528 38.0427 5.4
      vertex -1.20545 37.9102 5.4
    endloop
  endfacet
  facet normal 0.321559 -0.946889 0
    outer loop
      vertex -0.81528 38.0427 5.4
      vertex -1.20545 37.9102 5.1
      vertex -0.81528 38.0427 5.1
    endloop
  endfacet
  facet normal 0.321559 -0.946889 0
    outer loop
      vertex -1.20545 37.9102 0.700001
      vertex -0.81528 38.0427 4.3
      vertex -1.20545 37.9102 4.3
    endloop
  endfacet
  facet normal 0.321559 -0.946889 0
    outer loop
      vertex -0.81528 38.0427 4.3
      vertex -1.20545 37.9102 0.700001
      vertex -0.81528 38.0427 0.700001
    endloop
  endfacet
  facet normal 0.896851 -0.442333 5.14801e-17
    outer loop
      vertex -2.91022 36.2055 -0.0999994
      vertex -2.72798 36.575 -0.4
      vertex -2.72798 36.575 -0.0999994
    endloop
  endfacet
  facet normal 0.896851 -0.442333 5.14801e-17
    outer loop
      vertex -2.72798 36.575 -0.4
      vertex -2.91022 36.2055 -0.0999994
      vertex -2.91022 36.2055 -0.4
    endloop
  endfacet
  facet normal 0.896851 -0.442333 5.14802e-17
    outer loop
      vertex -2.91022 36.2055 5.4
      vertex -2.72798 36.575 5.1
      vertex -2.72798 36.575 5.4
    endloop
  endfacet
  facet normal 0.896851 -0.442333 5.14802e-17
    outer loop
      vertex -2.72798 36.575 5.1
      vertex -2.91022 36.2055 5.4
      vertex -2.91022 36.2055 5.1
    endloop
  endfacet
  facet normal 0.896851 -0.442333 4.29002e-18
    outer loop
      vertex -2.91022 36.2055 4.3
      vertex -2.72798 36.575 0.700001
      vertex -2.72798 36.575 4.3
    endloop
  endfacet
  facet normal 0.896851 -0.442333 4.29002e-18
    outer loop
      vertex -2.72798 36.575 0.700001
      vertex -2.91022 36.2055 4.3
      vertex -2.91022 36.2055 0.700001
    endloop
  endfacet
  facet normal 0.946934 0.321428 -5.23485e-18
    outer loop
      vertex -2.91022 33.7945 -0.0999994
      vertex -3.04267 34.1847 -0.4
      vertex -3.04267 34.1847 -0.0999994
    endloop
  endfacet
  facet normal 0.946934 0.321428 -5.23485e-18
    outer loop
      vertex -3.04267 34.1847 -0.4
      vertex -2.91022 33.7945 -0.0999994
      vertex -2.91022 33.7945 -0.4
    endloop
  endfacet
  facet normal 0.946934 0.321428 -5.23486e-18
    outer loop
      vertex -2.91022 33.7945 5.4
      vertex -3.04267 34.1847 5.1
      vertex -3.04267 34.1847 5.4
    endloop
  endfacet
  facet normal 0.946934 0.321428 -5.23486e-18
    outer loop
      vertex -3.04267 34.1847 5.1
      vertex -2.91022 33.7945 5.4
      vertex -2.91022 33.7945 5.1
    endloop
  endfacet
  facet normal 0.946934 0.321428 -4.36238e-19
    outer loop
      vertex -2.91022 33.7945 4.3
      vertex -3.04267 34.1847 0.700001
      vertex -3.04267 34.1847 4.3
    endloop
  endfacet
  facet normal 0.946934 0.321428 -4.36238e-19
    outer loop
      vertex -3.04267 34.1847 0.700001
      vertex -2.91022 33.7945 4.3
      vertex -2.91022 33.7945 0.700001
    endloop
  endfacet
  facet normal -0.896851 -0.442333 -5.14801e-17
    outer loop
      vertex 2.91022 36.2055 -0.4
      vertex 2.72798 36.575 -0.0999994
      vertex 2.72798 36.575 -0.4
    endloop
  endfacet
  facet normal -0.896851 -0.442333 -5.14801e-17
    outer loop
      vertex 2.72798 36.575 -0.0999994
      vertex 2.91022 36.2055 -0.4
      vertex 2.91022 36.2055 -0.0999994
    endloop
  endfacet
  facet normal -0.896851 -0.442333 -5.14802e-17
    outer loop
      vertex 2.91022 36.2055 5.1
      vertex 2.72798 36.575 5.4
      vertex 2.72798 36.575 5.1
    endloop
  endfacet
  facet normal -0.896851 -0.442333 -5.14802e-17
    outer loop
      vertex 2.72798 36.575 5.4
      vertex 2.91022 36.2055 5.1
      vertex 2.91022 36.2055 5.4
    endloop
  endfacet
  facet normal -0.896851 -0.442333 -4.29002e-18
    outer loop
      vertex 2.91022 36.2055 0.700001
      vertex 2.72798 36.575 4.3
      vertex 2.72798 36.575 0.700001
    endloop
  endfacet
  facet normal -0.896851 -0.442333 -4.29002e-18
    outer loop
      vertex 2.72798 36.575 4.3
      vertex 2.91022 36.2055 0.700001
      vertex 2.91022 36.2055 4.3
    endloop
  endfacet
  facet normal -0.831467 -0.555574 5.29545e-17
    outer loop
      vertex 2.72798 36.575 -0.4
      vertex 2.49906 36.9176 -0.0999994
      vertex 2.49906 36.9176 -0.4
    endloop
  endfacet
  facet normal -0.831467 -0.555574 5.29545e-17
    outer loop
      vertex 2.49906 36.9176 -0.0999994
      vertex 2.72798 36.575 -0.4
      vertex 2.72798 36.575 -0.0999994
    endloop
  endfacet
  facet normal -0.831467 -0.555574 5.29546e-17
    outer loop
      vertex 2.72798 36.575 5.1
      vertex 2.49906 36.9176 5.4
      vertex 2.49906 36.9176 5.1
    endloop
  endfacet
  facet normal -0.831467 -0.555574 5.29546e-17
    outer loop
      vertex 2.49906 36.9176 5.4
      vertex 2.72798 36.575 5.1
      vertex 2.72798 36.575 5.4
    endloop
  endfacet
  facet normal -0.831467 -0.555574 4.41289e-18
    outer loop
      vertex 2.72798 36.575 0.700001
      vertex 2.49906 36.9176 4.3
      vertex 2.49906 36.9176 0.700001
    endloop
  endfacet
  facet normal -0.831467 -0.555574 4.41289e-18
    outer loop
      vertex 2.49906 36.9176 4.3
      vertex 2.72798 36.575 0.700001
      vertex 2.72798 36.575 4.3
    endloop
  endfacet
  facet normal -0.442207 -0.896913 0
    outer loop
      vertex 1.20545 37.9102 -0.4
      vertex 1.575 37.728 -0.0999994
      vertex 1.20545 37.9102 -0.0999994
    endloop
  endfacet
  facet normal -0.442207 -0.896913 -0
    outer loop
      vertex 1.575 37.728 -0.0999994
      vertex 1.20545 37.9102 -0.4
      vertex 1.575 37.728 -0.4
    endloop
  endfacet
  facet normal -0.442207 -0.896913 0
    outer loop
      vertex 1.20545 37.9102 5.1
      vertex 1.575 37.728 5.4
      vertex 1.20545 37.9102 5.4
    endloop
  endfacet
  facet normal -0.442207 -0.896913 -0
    outer loop
      vertex 1.575 37.728 5.4
      vertex 1.20545 37.9102 5.1
      vertex 1.575 37.728 5.1
    endloop
  endfacet
  facet normal -0.442207 -0.896913 0
    outer loop
      vertex 1.20545 37.9102 0.700001
      vertex 1.575 37.728 4.3
      vertex 1.20545 37.9102 4.3
    endloop
  endfacet
  facet normal -0.442207 -0.896913 -0
    outer loop
      vertex 1.575 37.728 4.3
      vertex 1.20545 37.9102 0.700001
      vertex 1.575 37.728 0.700001
    endloop
  endfacet
  facet normal -0.0652856 -0.997867 0
    outer loop
      vertex 0 38.15 -0.4
      vertex 0.411157 38.1231 -0.0999994
      vertex 0 38.15 -0.0999994
    endloop
  endfacet
  facet normal -0.0652856 -0.997867 -0
    outer loop
      vertex 0.411157 38.1231 -0.0999994
      vertex 0 38.15 -0.4
      vertex 0.411157 38.1231 -0.4
    endloop
  endfacet
  facet normal -0.0652856 -0.997867 0
    outer loop
      vertex 0 38.15 5.1
      vertex 0.411157 38.1231 5.4
      vertex 0 38.15 5.4
    endloop
  endfacet
  facet normal -0.0652856 -0.997867 -0
    outer loop
      vertex 0.411157 38.1231 5.4
      vertex 0 38.15 5.1
      vertex 0.411157 38.1231 5.1
    endloop
  endfacet
  facet normal -0.0652856 -0.997867 0
    outer loop
      vertex 0 38.15 0.700001
      vertex 0.411157 38.1231 4.3
      vertex 0 38.15 4.3
    endloop
  endfacet
  facet normal -0.0652856 -0.997867 -0
    outer loop
      vertex 0.411157 38.1231 4.3
      vertex 0 38.15 0.700001
      vertex 0.411157 38.1231 0.700001
    endloop
  endfacet
  facet normal 0.997859 -0.0653996 2.02808e-18
    outer loop
      vertex -3.15 35 -0.0999994
      vertex -3.12305 35.4112 -0.4
      vertex -3.12305 35.4112 -0.0999994
    endloop
  endfacet
  facet normal 0.997859 -0.0653996 2.02808e-18
    outer loop
      vertex -3.12305 35.4112 -0.4
      vertex -3.15 35 -0.0999994
      vertex -3.15 35 -0.4
    endloop
  endfacet
  facet normal 0.997859 -0.0653996 2.02809e-18
    outer loop
      vertex -3.15 35 5.4
      vertex -3.12305 35.4112 5.1
      vertex -3.12305 35.4112 5.4
    endloop
  endfacet
  facet normal 0.997859 -0.0653996 2.02809e-18
    outer loop
      vertex -3.12305 35.4112 5.1
      vertex -3.15 35 5.4
      vertex -3.15 35 5.1
    endloop
  endfacet
  facet normal 0.997859 -0.0653996 1.69007e-19
    outer loop
      vertex -3.15 35 4.3
      vertex -3.12305 35.4112 0.700001
      vertex -3.12305 35.4112 4.3
    endloop
  endfacet
  facet normal 0.997859 -0.0653996 1.69007e-19
    outer loop
      vertex -3.12305 35.4112 0.700001
      vertex -3.15 35 4.3
      vertex -3.15 35 0.700001
    endloop
  endfacet
  facet normal 0.751861 -0.659322 -2.02827e-17
    outer loop
      vertex -2.49906 36.9176 -0.0999994
      vertex -2.22739 37.2274 -0.4
      vertex -2.22739 37.2274 -0.0999994
    endloop
  endfacet
  facet normal 0.751861 -0.659322 -2.02827e-17
    outer loop
      vertex -2.22739 37.2274 -0.4
      vertex -2.49906 36.9176 -0.0999994
      vertex -2.49906 36.9176 -0.4
    endloop
  endfacet
  facet normal 0.751861 -0.659322 -2.02827e-17
    outer loop
      vertex -2.49906 36.9176 5.4
      vertex -2.22739 37.2274 5.1
      vertex -2.22739 37.2274 5.4
    endloop
  endfacet
  facet normal 0.751861 -0.659322 -2.02827e-17
    outer loop
      vertex -2.22739 37.2274 5.1
      vertex -2.49906 36.9176 5.4
      vertex -2.49906 36.9176 5.1
    endloop
  endfacet
  facet normal 0.751861 -0.659322 -1.69023e-18
    outer loop
      vertex -2.49906 36.9176 4.3
      vertex -2.22739 37.2274 0.700001
      vertex -2.22739 37.2274 4.3
    endloop
  endfacet
  facet normal 0.751861 -0.659322 -1.69023e-18
    outer loop
      vertex -2.22739 37.2274 0.700001
      vertex -2.49906 36.9176 4.3
      vertex -2.49906 36.9176 0.700001
    endloop
  endfacet
  facet normal 0.442207 -0.896913 0
    outer loop
      vertex -1.575 37.728 -0.4
      vertex -1.20545 37.9102 -0.0999994
      vertex -1.575 37.728 -0.0999994
    endloop
  endfacet
  facet normal 0.442207 -0.896913 0
    outer loop
      vertex -1.20545 37.9102 -0.0999994
      vertex -1.575 37.728 -0.4
      vertex -1.20545 37.9102 -0.4
    endloop
  endfacet
  facet normal 0.442207 -0.896913 0
    outer loop
      vertex -1.575 37.728 5.1
      vertex -1.20545 37.9102 5.4
      vertex -1.575 37.728 5.4
    endloop
  endfacet
  facet normal 0.442207 -0.896913 0
    outer loop
      vertex -1.20545 37.9102 5.4
      vertex -1.575 37.728 5.1
      vertex -1.20545 37.9102 5.1
    endloop
  endfacet
  facet normal 0.442207 -0.896913 0
    outer loop
      vertex -1.575 37.728 0.700001
      vertex -1.20545 37.9102 4.3
      vertex -1.575 37.728 4.3
    endloop
  endfacet
  facet normal 0.442207 -0.896913 0
    outer loop
      vertex -1.20545 37.9102 4.3
      vertex -1.575 37.728 0.700001
      vertex -1.20545 37.9102 0.700001
    endloop
  endfacet
  facet normal 0.0652856 -0.997867 0
    outer loop
      vertex -0.411157 38.1231 -0.4
      vertex 0 38.15 -0.0999994
      vertex -0.411157 38.1231 -0.0999994
    endloop
  endfacet
  facet normal 0.0652856 -0.997867 0
    outer loop
      vertex 0 38.15 -0.0999994
      vertex -0.411157 38.1231 -0.4
      vertex 0 38.15 -0.4
    endloop
  endfacet
  facet normal 0.0652856 -0.997867 0
    outer loop
      vertex -0.411157 38.1231 5.1
      vertex 0 38.15 5.4
      vertex -0.411157 38.1231 5.4
    endloop
  endfacet
  facet normal 0.0652856 -0.997867 0
    outer loop
      vertex 0 38.15 5.4
      vertex -0.411157 38.1231 5.1
      vertex 0 38.15 5.1
    endloop
  endfacet
  facet normal 0.0652856 -0.997867 0
    outer loop
      vertex -0.411157 38.1231 0.700001
      vertex 0 38.15 4.3
      vertex -0.411157 38.1231 4.3
    endloop
  endfacet
  facet normal 0.0652856 -0.997867 0
    outer loop
      vertex 0 38.15 4.3
      vertex -0.411157 38.1231 0.700001
      vertex 0 38.15 0.700001
    endloop
  endfacet
  facet normal -0.997859 -0.0653996 -2.02808e-18
    outer loop
      vertex 3.15 35 -0.4
      vertex 3.12305 35.4112 -0.0999994
      vertex 3.12305 35.4112 -0.4
    endloop
  endfacet
  facet normal -0.997859 -0.0653996 -2.02808e-18
    outer loop
      vertex 3.12305 35.4112 -0.0999994
      vertex 3.15 35 -0.4
      vertex 3.15 35 -0.0999994
    endloop
  endfacet
  facet normal -0.997859 -0.0653996 -2.02809e-18
    outer loop
      vertex 3.15 35 5.1
      vertex 3.12305 35.4112 5.4
      vertex 3.12305 35.4112 5.1
    endloop
  endfacet
  facet normal -0.997859 -0.0653996 -2.02809e-18
    outer loop
      vertex 3.12305 35.4112 5.4
      vertex 3.15 35 5.1
      vertex 3.15 35 5.4
    endloop
  endfacet
  facet normal -0.997859 -0.0653996 -1.69007e-19
    outer loop
      vertex 3.15 35 0.700001
      vertex 3.12305 35.4112 4.3
      vertex 3.12305 35.4112 0.700001
    endloop
  endfacet
  facet normal -0.997859 -0.0653996 -1.69007e-19
    outer loop
      vertex 3.12305 35.4112 4.3
      vertex 3.15 35 0.700001
      vertex 3.15 35 4.3
    endloop
  endfacet
  facet normal -0.946934 0.321428 5.23485e-18
    outer loop
      vertex 2.91022 33.7945 -0.4
      vertex 3.04267 34.1847 -0.0999994
      vertex 3.04267 34.1847 -0.4
    endloop
  endfacet
  facet normal -0.946934 0.321428 5.23485e-18
    outer loop
      vertex 3.04267 34.1847 -0.0999994
      vertex 2.91022 33.7945 -0.4
      vertex 2.91022 33.7945 -0.0999994
    endloop
  endfacet
  facet normal -0.946934 0.321428 5.23486e-18
    outer loop
      vertex 2.91022 33.7945 5.1
      vertex 3.04267 34.1847 5.4
      vertex 3.04267 34.1847 5.1
    endloop
  endfacet
  facet normal -0.946934 0.321428 5.23486e-18
    outer loop
      vertex 3.04267 34.1847 5.4
      vertex 2.91022 33.7945 5.1
      vertex 2.91022 33.7945 5.4
    endloop
  endfacet
  facet normal -0.946934 0.321428 4.36238e-19
    outer loop
      vertex 2.91022 33.7945 0.700001
      vertex 3.04267 34.1847 4.3
      vertex 3.04267 34.1847 0.700001
    endloop
  endfacet
  facet normal -0.946934 0.321428 4.36238e-19
    outer loop
      vertex 3.04267 34.1847 4.3
      vertex 2.91022 33.7945 0.700001
      vertex 2.91022 33.7945 4.3
    endloop
  endfacet
  facet normal -0.442207 0.896913 0
    outer loop
      vertex 1.575 32.272 -0.4
      vertex 1.20545 32.0898 -0.0999994
      vertex 1.575 32.272 -0.0999994
    endloop
  endfacet
  facet normal -0.442207 0.896913 0
    outer loop
      vertex 1.20545 32.0898 -0.0999994
      vertex 1.575 32.272 -0.4
      vertex 1.20545 32.0898 -0.4
    endloop
  endfacet
  facet normal -0.442207 0.896913 0
    outer loop
      vertex 1.575 32.272 5.1
      vertex 1.20545 32.0898 5.4
      vertex 1.575 32.272 5.4
    endloop
  endfacet
  facet normal -0.442207 0.896913 0
    outer loop
      vertex 1.20545 32.0898 5.4
      vertex 1.575 32.272 5.1
      vertex 1.20545 32.0898 5.1
    endloop
  endfacet
  facet normal -0.442207 0.896913 0
    outer loop
      vertex 1.575 32.272 0.700001
      vertex 1.20545 32.0898 4.3
      vertex 1.575 32.272 4.3
    endloop
  endfacet
  facet normal -0.442207 0.896913 0
    outer loop
      vertex 1.20545 32.0898 4.3
      vertex 1.575 32.272 0.700001
      vertex 1.20545 32.0898 0.700001
    endloop
  endfacet
  facet normal -0.55554 0.83149 0
    outer loop
      vertex 1.9176 32.5009 -0.4
      vertex 1.575 32.272 -0.0999994
      vertex 1.9176 32.5009 -0.0999994
    endloop
  endfacet
  facet normal -0.55554 0.83149 0
    outer loop
      vertex 1.575 32.272 -0.0999994
      vertex 1.9176 32.5009 -0.4
      vertex 1.575 32.272 -0.4
    endloop
  endfacet
  facet normal -0.55554 0.83149 0
    outer loop
      vertex 1.9176 32.5009 5.1
      vertex 1.575 32.272 5.4
      vertex 1.9176 32.5009 5.4
    endloop
  endfacet
  facet normal -0.55554 0.83149 0
    outer loop
      vertex 1.575 32.272 5.4
      vertex 1.9176 32.5009 5.1
      vertex 1.575 32.272 5.1
    endloop
  endfacet
  facet normal -0.55554 0.83149 0
    outer loop
      vertex 1.9176 32.5009 0.700001
      vertex 1.575 32.272 4.3
      vertex 1.9176 32.5009 4.3
    endloop
  endfacet
  facet normal -0.55554 0.83149 0
    outer loop
      vertex 1.575 32.272 4.3
      vertex 1.9176 32.5009 0.700001
      vertex 1.575 32.272 0.700001
    endloop
  endfacet
  facet normal 0.0652856 0.997867 -0
    outer loop
      vertex 0 31.85 -0.4
      vertex -0.411157 31.8769 -0.0999994
      vertex 0 31.85 -0.0999994
    endloop
  endfacet
  facet normal 0.0652856 0.997867 0
    outer loop
      vertex -0.411157 31.8769 -0.0999994
      vertex 0 31.85 -0.4
      vertex -0.411157 31.8769 -0.4
    endloop
  endfacet
  facet normal 0.0652856 0.997867 -0
    outer loop
      vertex 0 31.85 5.1
      vertex -0.411157 31.8769 5.4
      vertex 0 31.85 5.4
    endloop
  endfacet
  facet normal 0.0652856 0.997867 0
    outer loop
      vertex -0.411157 31.8769 5.4
      vertex 0 31.85 5.1
      vertex -0.411157 31.8769 5.1
    endloop
  endfacet
  facet normal 0.0652856 0.997867 -0
    outer loop
      vertex 0 31.85 0.700001
      vertex -0.411157 31.8769 4.3
      vertex 0 31.85 4.3
    endloop
  endfacet
  facet normal 0.0652856 0.997867 0
    outer loop
      vertex -0.411157 31.8769 4.3
      vertex 0 31.85 0.700001
      vertex -0.411157 31.8769 0.700001
    endloop
  endfacet
  facet normal 0.659375 0.751814 -0
    outer loop
      vertex -1.9176 32.5009 -0.4
      vertex -2.22739 32.7726 -0.0999994
      vertex -1.9176 32.5009 -0.0999994
    endloop
  endfacet
  facet normal 0.659375 0.751814 0
    outer loop
      vertex -2.22739 32.7726 -0.0999994
      vertex -1.9176 32.5009 -0.4
      vertex -2.22739 32.7726 -0.4
    endloop
  endfacet
  facet normal 0.659375 0.751814 -0
    outer loop
      vertex -1.9176 32.5009 5.1
      vertex -2.22739 32.7726 5.4
      vertex -1.9176 32.5009 5.4
    endloop
  endfacet
  facet normal 0.659375 0.751814 0
    outer loop
      vertex -2.22739 32.7726 5.4
      vertex -1.9176 32.5009 5.1
      vertex -2.22739 32.7726 5.1
    endloop
  endfacet
  facet normal 0.659375 0.751814 -0
    outer loop
      vertex -1.9176 32.5009 0.700001
      vertex -2.22739 32.7726 4.3
      vertex -1.9176 32.5009 4.3
    endloop
  endfacet
  facet normal 0.659375 0.751814 0
    outer loop
      vertex -2.22739 32.7726 4.3
      vertex -1.9176 32.5009 0.700001
      vertex -2.22739 32.7726 0.700001
    endloop
  endfacet
  facet normal 0.896851 0.442333 -5.14801e-17
    outer loop
      vertex -2.72798 33.425 -0.0999994
      vertex -2.91022 33.7945 -0.4
      vertex -2.91022 33.7945 -0.0999994
    endloop
  endfacet
  facet normal 0.896851 0.442333 -5.14801e-17
    outer loop
      vertex -2.91022 33.7945 -0.4
      vertex -2.72798 33.425 -0.0999994
      vertex -2.72798 33.425 -0.4
    endloop
  endfacet
  facet normal 0.896851 0.442333 -5.14802e-17
    outer loop
      vertex -2.72798 33.425 5.4
      vertex -2.91022 33.7945 5.1
      vertex -2.91022 33.7945 5.4
    endloop
  endfacet
  facet normal 0.896851 0.442333 -5.14802e-17
    outer loop
      vertex -2.91022 33.7945 5.1
      vertex -2.72798 33.425 5.4
      vertex -2.72798 33.425 5.1
    endloop
  endfacet
  facet normal 0.896851 0.442333 -4.29002e-18
    outer loop
      vertex -2.72798 33.425 4.3
      vertex -2.91022 33.7945 0.700001
      vertex -2.91022 33.7945 4.3
    endloop
  endfacet
  facet normal 0.896851 0.442333 -4.29002e-18
    outer loop
      vertex -2.91022 33.7945 0.700001
      vertex -2.72798 33.425 4.3
      vertex -2.72798 33.425 0.700001
    endloop
  endfacet
  facet normal 0.997859 0.0653996 -2.02808e-18
    outer loop
      vertex -3.12305 34.5888 -0.0999994
      vertex -3.15 35 -0.4
      vertex -3.15 35 -0.0999994
    endloop
  endfacet
  facet normal 0.997859 0.0653996 -2.02808e-18
    outer loop
      vertex -3.15 35 -0.4
      vertex -3.12305 34.5888 -0.0999994
      vertex -3.12305 34.5888 -0.4
    endloop
  endfacet
  facet normal 0.997859 0.0653996 -2.02809e-18
    outer loop
      vertex -3.12305 34.5888 5.4
      vertex -3.15 35 5.1
      vertex -3.15 35 5.4
    endloop
  endfacet
  facet normal 0.997859 0.0653996 -2.02809e-18
    outer loop
      vertex -3.15 35 5.1
      vertex -3.12305 34.5888 5.4
      vertex -3.12305 34.5888 5.1
    endloop
  endfacet
  facet normal 0.997859 0.0653996 -1.69007e-19
    outer loop
      vertex -3.12305 34.5888 4.3
      vertex -3.15 35 0.700001
      vertex -3.15 35 4.3
    endloop
  endfacet
  facet normal 0.997859 0.0653996 -1.69007e-19
    outer loop
      vertex -3.15 35 0.700001
      vertex -3.12305 34.5888 4.3
      vertex -3.12305 34.5888 0.700001
    endloop
  endfacet
  facet normal -0.980786 -0.195089 9.01819e-18
    outer loop
      vertex 3.12305 35.4112 -0.4
      vertex 3.04267 35.8153 -0.0999994
      vertex 3.04267 35.8153 -0.4
    endloop
  endfacet
  facet normal -0.980786 -0.195089 9.01819e-18
    outer loop
      vertex 3.04267 35.8153 -0.0999994
      vertex 3.12305 35.4112 -0.4
      vertex 3.12305 35.4112 -0.0999994
    endloop
  endfacet
  facet normal -0.980786 -0.195089 9.01821e-18
    outer loop
      vertex 3.12305 35.4112 5.1
      vertex 3.04267 35.8153 5.4
      vertex 3.04267 35.8153 5.1
    endloop
  endfacet
  facet normal -0.980786 -0.195089 9.01821e-18
    outer loop
      vertex 3.04267 35.8153 5.4
      vertex 3.12305 35.4112 5.1
      vertex 3.12305 35.4112 5.4
    endloop
  endfacet
  facet normal -0.980786 -0.195089 7.51517e-19
    outer loop
      vertex 3.12305 35.4112 0.700001
      vertex 3.04267 35.8153 4.3
      vertex 3.04267 35.8153 0.700001
    endloop
  endfacet
  facet normal -0.980786 -0.195089 7.51517e-19
    outer loop
      vertex 3.04267 35.8153 4.3
      vertex 3.12305 35.4112 0.700001
      vertex 3.12305 35.4112 4.3
    endloop
  endfacet
  facet normal -0.946934 -0.321428 -5.23485e-18
    outer loop
      vertex 3.04267 35.8153 -0.4
      vertex 2.91022 36.2055 -0.0999994
      vertex 2.91022 36.2055 -0.4
    endloop
  endfacet
  facet normal -0.946934 -0.321428 -5.23485e-18
    outer loop
      vertex 2.91022 36.2055 -0.0999994
      vertex 3.04267 35.8153 -0.4
      vertex 3.04267 35.8153 -0.0999994
    endloop
  endfacet
  facet normal -0.946934 -0.321428 -5.23486e-18
    outer loop
      vertex 3.04267 35.8153 5.1
      vertex 2.91022 36.2055 5.4
      vertex 2.91022 36.2055 5.1
    endloop
  endfacet
  facet normal -0.946934 -0.321428 -5.23486e-18
    outer loop
      vertex 2.91022 36.2055 5.4
      vertex 3.04267 35.8153 5.1
      vertex 3.04267 35.8153 5.4
    endloop
  endfacet
  facet normal -0.946934 -0.321428 -4.36238e-19
    outer loop
      vertex 3.04267 35.8153 0.700001
      vertex 2.91022 36.2055 4.3
      vertex 2.91022 36.2055 0.700001
    endloop
  endfacet
  facet normal -0.946934 -0.321428 -4.36238e-19
    outer loop
      vertex 2.91022 36.2055 4.3
      vertex 3.04267 35.8153 0.700001
      vertex 3.04267 35.8153 4.3
    endloop
  endfacet
  facet normal -0.751861 -0.659322 2.02827e-17
    outer loop
      vertex 2.49906 36.9176 -0.4
      vertex 2.22739 37.2274 -0.0999994
      vertex 2.22739 37.2274 -0.4
    endloop
  endfacet
  facet normal -0.751861 -0.659322 2.02827e-17
    outer loop
      vertex 2.22739 37.2274 -0.0999994
      vertex 2.49906 36.9176 -0.4
      vertex 2.49906 36.9176 -0.0999994
    endloop
  endfacet
  facet normal -0.751861 -0.659322 2.02827e-17
    outer loop
      vertex 2.49906 36.9176 5.1
      vertex 2.22739 37.2274 5.4
      vertex 2.22739 37.2274 5.1
    endloop
  endfacet
  facet normal -0.751861 -0.659322 2.02827e-17
    outer loop
      vertex 2.22739 37.2274 5.4
      vertex 2.49906 36.9176 5.1
      vertex 2.49906 36.9176 5.4
    endloop
  endfacet
  facet normal -0.751861 -0.659322 1.69023e-18
    outer loop
      vertex 2.49906 36.9176 0.700001
      vertex 2.22739 37.2274 4.3
      vertex 2.22739 37.2274 0.700001
    endloop
  endfacet
  facet normal -0.751861 -0.659322 1.69023e-18
    outer loop
      vertex 2.22739 37.2274 4.3
      vertex 2.49906 36.9176 0.700001
      vertex 2.49906 36.9176 4.3
    endloop
  endfacet
  facet normal -0.659375 -0.751814 0
    outer loop
      vertex 1.9176 37.4991 -0.4
      vertex 2.22739 37.2274 -0.0999994
      vertex 1.9176 37.4991 -0.0999994
    endloop
  endfacet
  facet normal -0.659375 -0.751814 -0
    outer loop
      vertex 2.22739 37.2274 -0.0999994
      vertex 1.9176 37.4991 -0.4
      vertex 2.22739 37.2274 -0.4
    endloop
  endfacet
  facet normal -0.659375 -0.751814 0
    outer loop
      vertex 1.9176 37.4991 5.1
      vertex 2.22739 37.2274 5.4
      vertex 1.9176 37.4991 5.4
    endloop
  endfacet
  facet normal -0.659375 -0.751814 -0
    outer loop
      vertex 2.22739 37.2274 5.4
      vertex 1.9176 37.4991 5.1
      vertex 2.22739 37.2274 5.1
    endloop
  endfacet
  facet normal -0.659375 -0.751814 0
    outer loop
      vertex 1.9176 37.4991 0.700001
      vertex 2.22739 37.2274 4.3
      vertex 1.9176 37.4991 4.3
    endloop
  endfacet
  facet normal -0.659375 -0.751814 -0
    outer loop
      vertex 2.22739 37.2274 4.3
      vertex 1.9176 37.4991 0.700001
      vertex 2.22739 37.2274 0.700001
    endloop
  endfacet
  facet normal -0.321559 -0.946889 0
    outer loop
      vertex 0.81528 38.0427 -0.4
      vertex 1.20545 37.9102 -0.0999994
      vertex 0.81528 38.0427 -0.0999994
    endloop
  endfacet
  facet normal -0.321559 -0.946889 -0
    outer loop
      vertex 1.20545 37.9102 -0.0999994
      vertex 0.81528 38.0427 -0.4
      vertex 1.20545 37.9102 -0.4
    endloop
  endfacet
  facet normal -0.321559 -0.946889 0
    outer loop
      vertex 0.81528 38.0427 5.1
      vertex 1.20545 37.9102 5.4
      vertex 0.81528 38.0427 5.4
    endloop
  endfacet
  facet normal -0.321559 -0.946889 -0
    outer loop
      vertex 1.20545 37.9102 5.4
      vertex 0.81528 38.0427 5.1
      vertex 1.20545 37.9102 5.1
    endloop
  endfacet
  facet normal -0.321559 -0.946889 0
    outer loop
      vertex 0.81528 38.0427 0.700001
      vertex 1.20545 37.9102 4.3
      vertex 0.81528 38.0427 4.3
    endloop
  endfacet
  facet normal -0.321559 -0.946889 -0
    outer loop
      vertex 1.20545 37.9102 4.3
      vertex 0.81528 38.0427 0.700001
      vertex 1.20545 37.9102 0.700001
    endloop
  endfacet
  facet normal -0.195125 -0.980778 0
    outer loop
      vertex 0.411157 38.1231 -0.4
      vertex 0.81528 38.0427 -0.0999994
      vertex 0.411157 38.1231 -0.0999994
    endloop
  endfacet
  facet normal -0.195125 -0.980778 -0
    outer loop
      vertex 0.81528 38.0427 -0.0999994
      vertex 0.411157 38.1231 -0.4
      vertex 0.81528 38.0427 -0.4
    endloop
  endfacet
  facet normal -0.195125 -0.980778 0
    outer loop
      vertex 0.411157 38.1231 5.1
      vertex 0.81528 38.0427 5.4
      vertex 0.411157 38.1231 5.4
    endloop
  endfacet
  facet normal -0.195125 -0.980778 -0
    outer loop
      vertex 0.81528 38.0427 5.4
      vertex 0.411157 38.1231 5.1
      vertex 0.81528 38.0427 5.1
    endloop
  endfacet
  facet normal -0.195125 -0.980778 0
    outer loop
      vertex 0.411157 38.1231 0.700001
      vertex 0.81528 38.0427 4.3
      vertex 0.411157 38.1231 4.3
    endloop
  endfacet
  facet normal -0.195125 -0.980778 -0
    outer loop
      vertex 0.81528 38.0427 4.3
      vertex 0.411157 38.1231 0.700001
      vertex 0.81528 38.0427 0.700001
    endloop
  endfacet
  facet normal 0.946934 -0.321428 5.23485e-18
    outer loop
      vertex -3.04267 35.8153 -0.0999994
      vertex -2.91022 36.2055 -0.4
      vertex -2.91022 36.2055 -0.0999994
    endloop
  endfacet
  facet normal 0.946934 -0.321428 5.23485e-18
    outer loop
      vertex -2.91022 36.2055 -0.4
      vertex -3.04267 35.8153 -0.0999994
      vertex -3.04267 35.8153 -0.4
    endloop
  endfacet
  facet normal 0.946934 -0.321428 5.23486e-18
    outer loop
      vertex -3.04267 35.8153 5.4
      vertex -2.91022 36.2055 5.1
      vertex -2.91022 36.2055 5.4
    endloop
  endfacet
  facet normal 0.946934 -0.321428 5.23486e-18
    outer loop
      vertex -2.91022 36.2055 5.1
      vertex -3.04267 35.8153 5.4
      vertex -3.04267 35.8153 5.1
    endloop
  endfacet
  facet normal 0.946934 -0.321428 4.36238e-19
    outer loop
      vertex -3.04267 35.8153 4.3
      vertex -2.91022 36.2055 0.700001
      vertex -2.91022 36.2055 4.3
    endloop
  endfacet
  facet normal 0.946934 -0.321428 4.36238e-19
    outer loop
      vertex -2.91022 36.2055 0.700001
      vertex -3.04267 35.8153 4.3
      vertex -3.04267 35.8153 0.700001
    endloop
  endfacet
  facet normal 0.980786 -0.195089 -9.01819e-18
    outer loop
      vertex -3.12305 35.4112 -0.0999994
      vertex -3.04267 35.8153 -0.4
      vertex -3.04267 35.8153 -0.0999994
    endloop
  endfacet
  facet normal 0.980786 -0.195089 -9.01819e-18
    outer loop
      vertex -3.04267 35.8153 -0.4
      vertex -3.12305 35.4112 -0.0999994
      vertex -3.12305 35.4112 -0.4
    endloop
  endfacet
  facet normal 0.980786 -0.195089 -9.01821e-18
    outer loop
      vertex -3.12305 35.4112 5.4
      vertex -3.04267 35.8153 5.1
      vertex -3.04267 35.8153 5.4
    endloop
  endfacet
  facet normal 0.980786 -0.195089 -9.01821e-18
    outer loop
      vertex -3.04267 35.8153 5.1
      vertex -3.12305 35.4112 5.4
      vertex -3.12305 35.4112 5.1
    endloop
  endfacet
  facet normal 0.980786 -0.195089 -7.51517e-19
    outer loop
      vertex -3.12305 35.4112 4.3
      vertex -3.04267 35.8153 0.700001
      vertex -3.04267 35.8153 4.3
    endloop
  endfacet
  facet normal 0.980786 -0.195089 -7.51517e-19
    outer loop
      vertex -3.04267 35.8153 0.700001
      vertex -3.12305 35.4112 4.3
      vertex -3.12305 35.4112 0.700001
    endloop
  endfacet
  facet normal 0.831467 -0.555574 -5.29545e-17
    outer loop
      vertex -2.72798 36.575 -0.0999994
      vertex -2.49906 36.9176 -0.4
      vertex -2.49906 36.9176 -0.0999994
    endloop
  endfacet
  facet normal 0.831467 -0.555574 -5.29545e-17
    outer loop
      vertex -2.49906 36.9176 -0.4
      vertex -2.72798 36.575 -0.0999994
      vertex -2.72798 36.575 -0.4
    endloop
  endfacet
  facet normal 0.831467 -0.555574 -5.29546e-17
    outer loop
      vertex -2.72798 36.575 5.4
      vertex -2.49906 36.9176 5.1
      vertex -2.49906 36.9176 5.4
    endloop
  endfacet
  facet normal 0.831467 -0.555574 -5.29546e-17
    outer loop
      vertex -2.49906 36.9176 5.1
      vertex -2.72798 36.575 5.4
      vertex -2.72798 36.575 5.1
    endloop
  endfacet
  facet normal 0.831467 -0.555574 -4.41289e-18
    outer loop
      vertex -2.72798 36.575 4.3
      vertex -2.49906 36.9176 0.700001
      vertex -2.49906 36.9176 4.3
    endloop
  endfacet
  facet normal 0.831467 -0.555574 -4.41289e-18
    outer loop
      vertex -2.49906 36.9176 0.700001
      vertex -2.72798 36.575 4.3
      vertex -2.72798 36.575 0.700001
    endloop
  endfacet
  facet normal 0.195125 -0.980778 0
    outer loop
      vertex -0.81528 38.0427 -0.4
      vertex -0.411157 38.1231 -0.0999994
      vertex -0.81528 38.0427 -0.0999994
    endloop
  endfacet
  facet normal 0.195125 -0.980778 0
    outer loop
      vertex -0.411157 38.1231 -0.0999994
      vertex -0.81528 38.0427 -0.4
      vertex -0.411157 38.1231 -0.4
    endloop
  endfacet
  facet normal 0.195125 -0.980778 0
    outer loop
      vertex -0.81528 38.0427 5.1
      vertex -0.411157 38.1231 5.4
      vertex -0.81528 38.0427 5.4
    endloop
  endfacet
  facet normal 0.195125 -0.980778 0
    outer loop
      vertex -0.411157 38.1231 5.4
      vertex -0.81528 38.0427 5.1
      vertex -0.411157 38.1231 5.1
    endloop
  endfacet
  facet normal 0.195125 -0.980778 0
    outer loop
      vertex -0.81528 38.0427 0.700001
      vertex -0.411157 38.1231 4.3
      vertex -0.81528 38.0427 4.3
    endloop
  endfacet
  facet normal 0.195125 -0.980778 0
    outer loop
      vertex -0.411157 38.1231 4.3
      vertex -0.81528 38.0427 0.700001
      vertex -0.411157 38.1231 0.700001
    endloop
  endfacet
  facet normal 0.55554 -0.83149 0
    outer loop
      vertex -1.9176 37.4991 -0.4
      vertex -1.575 37.728 -0.0999994
      vertex -1.9176 37.4991 -0.0999994
    endloop
  endfacet
  facet normal 0.55554 -0.83149 0
    outer loop
      vertex -1.575 37.728 -0.0999994
      vertex -1.9176 37.4991 -0.4
      vertex -1.575 37.728 -0.4
    endloop
  endfacet
  facet normal 0.55554 -0.83149 0
    outer loop
      vertex -1.9176 37.4991 5.1
      vertex -1.575 37.728 5.4
      vertex -1.9176 37.4991 5.4
    endloop
  endfacet
  facet normal 0.55554 -0.83149 0
    outer loop
      vertex -1.575 37.728 5.4
      vertex -1.9176 37.4991 5.1
      vertex -1.575 37.728 5.1
    endloop
  endfacet
  facet normal 0.55554 -0.83149 0
    outer loop
      vertex -1.9176 37.4991 0.700001
      vertex -1.575 37.728 4.3
      vertex -1.9176 37.4991 4.3
    endloop
  endfacet
  facet normal 0.55554 -0.83149 0
    outer loop
      vertex -1.575 37.728 4.3
      vertex -1.9176 37.4991 0.700001
      vertex -1.575 37.728 0.700001
    endloop
  endfacet
  facet normal 0.659375 -0.751814 0
    outer loop
      vertex -2.22739 37.2274 -0.4
      vertex -1.9176 37.4991 -0.0999994
      vertex -2.22739 37.2274 -0.0999994
    endloop
  endfacet
  facet normal 0.659375 -0.751814 0
    outer loop
      vertex -1.9176 37.4991 -0.0999994
      vertex -2.22739 37.2274 -0.4
      vertex -1.9176 37.4991 -0.4
    endloop
  endfacet
  facet normal 0.659375 -0.751814 0
    outer loop
      vertex -2.22739 37.2274 5.1
      vertex -1.9176 37.4991 5.4
      vertex -2.22739 37.2274 5.4
    endloop
  endfacet
  facet normal 0.659375 -0.751814 0
    outer loop
      vertex -1.9176 37.4991 5.4
      vertex -2.22739 37.2274 5.1
      vertex -1.9176 37.4991 5.1
    endloop
  endfacet
  facet normal 0.659375 -0.751814 0
    outer loop
      vertex -2.22739 37.2274 0.700001
      vertex -1.9176 37.4991 4.3
      vertex -2.22739 37.2274 4.3
    endloop
  endfacet
  facet normal 0.659375 -0.751814 0
    outer loop
      vertex -1.9176 37.4991 4.3
      vertex -2.22739 37.2274 0.700001
      vertex -1.9176 37.4991 0.700001
    endloop
  endfacet
  facet normal -0.997859 0.0653996 2.02808e-18
    outer loop
      vertex 3.12305 34.5888 -0.4
      vertex 3.15 35 -0.0999994
      vertex 3.15 35 -0.4
    endloop
  endfacet
  facet normal -0.997859 0.0653996 2.02808e-18
    outer loop
      vertex 3.15 35 -0.0999994
      vertex 3.12305 34.5888 -0.4
      vertex 3.12305 34.5888 -0.0999994
    endloop
  endfacet
  facet normal -0.997859 0.0653996 2.02809e-18
    outer loop
      vertex 3.12305 34.5888 5.1
      vertex 3.15 35 5.4
      vertex 3.15 35 5.1
    endloop
  endfacet
  facet normal -0.997859 0.0653996 2.02809e-18
    outer loop
      vertex 3.15 35 5.4
      vertex 3.12305 34.5888 5.1
      vertex 3.12305 34.5888 5.4
    endloop
  endfacet
  facet normal -0.997859 0.0653996 1.69007e-19
    outer loop
      vertex 3.12305 34.5888 0.700001
      vertex 3.15 35 4.3
      vertex 3.15 35 0.700001
    endloop
  endfacet
  facet normal -0.997859 0.0653996 1.69007e-19
    outer loop
      vertex 3.15 35 4.3
      vertex 3.12305 34.5888 0.700001
      vertex 3.12305 34.5888 4.3
    endloop
  endfacet
  facet normal -0.0652856 0.997867 0
    outer loop
      vertex 0.411157 31.8769 -0.4
      vertex 0 31.85 -0.0999994
      vertex 0.411157 31.8769 -0.0999994
    endloop
  endfacet
  facet normal -0.0652856 0.997867 0
    outer loop
      vertex 0 31.85 -0.0999994
      vertex 0.411157 31.8769 -0.4
      vertex 0 31.85 -0.4
    endloop
  endfacet
  facet normal -0.0652856 0.997867 0
    outer loop
      vertex 0.411157 31.8769 5.1
      vertex 0 31.85 5.4
      vertex 0.411157 31.8769 5.4
    endloop
  endfacet
  facet normal -0.0652856 0.997867 0
    outer loop
      vertex 0 31.85 5.4
      vertex 0.411157 31.8769 5.1
      vertex 0 31.85 5.1
    endloop
  endfacet
  facet normal -0.0652856 0.997867 0
    outer loop
      vertex 0.411157 31.8769 0.700001
      vertex 0 31.85 4.3
      vertex 0.411157 31.8769 4.3
    endloop
  endfacet
  facet normal -0.0652856 0.997867 0
    outer loop
      vertex 0 31.85 4.3
      vertex 0.411157 31.8769 0.700001
      vertex 0 31.85 0.700001
    endloop
  endfacet
  facet normal -0.831467 0.555574 -5.29545e-17
    outer loop
      vertex 2.49906 33.0824 -0.4
      vertex 2.72798 33.425 -0.0999994
      vertex 2.72798 33.425 -0.4
    endloop
  endfacet
  facet normal -0.831467 0.555574 -5.29545e-17
    outer loop
      vertex 2.72798 33.425 -0.0999994
      vertex 2.49906 33.0824 -0.4
      vertex 2.49906 33.0824 -0.0999994
    endloop
  endfacet
  facet normal -0.831467 0.555574 -5.29546e-17
    outer loop
      vertex 2.49906 33.0824 5.1
      vertex 2.72798 33.425 5.4
      vertex 2.72798 33.425 5.1
    endloop
  endfacet
  facet normal -0.831467 0.555574 -5.29546e-17
    outer loop
      vertex 2.72798 33.425 5.4
      vertex 2.49906 33.0824 5.1
      vertex 2.49906 33.0824 5.4
    endloop
  endfacet
  facet normal -0.831467 0.555574 -4.41289e-18
    outer loop
      vertex 2.49906 33.0824 0.700001
      vertex 2.72798 33.425 4.3
      vertex 2.72798 33.425 0.700001
    endloop
  endfacet
  facet normal -0.831467 0.555574 -4.41289e-18
    outer loop
      vertex 2.72798 33.425 4.3
      vertex 2.49906 33.0824 0.700001
      vertex 2.49906 33.0824 4.3
    endloop
  endfacet
  facet normal -0.896851 0.442333 5.14801e-17
    outer loop
      vertex 2.72798 33.425 -0.4
      vertex 2.91022 33.7945 -0.0999994
      vertex 2.91022 33.7945 -0.4
    endloop
  endfacet
  facet normal -0.896851 0.442333 5.14801e-17
    outer loop
      vertex 2.91022 33.7945 -0.0999994
      vertex 2.72798 33.425 -0.4
      vertex 2.72798 33.425 -0.0999994
    endloop
  endfacet
  facet normal -0.896851 0.442333 5.14802e-17
    outer loop
      vertex 2.72798 33.425 5.1
      vertex 2.91022 33.7945 5.4
      vertex 2.91022 33.7945 5.1
    endloop
  endfacet
  facet normal -0.896851 0.442333 5.14802e-17
    outer loop
      vertex 2.91022 33.7945 5.4
      vertex 2.72798 33.425 5.1
      vertex 2.72798 33.425 5.4
    endloop
  endfacet
  facet normal -0.896851 0.442333 4.29002e-18
    outer loop
      vertex 2.72798 33.425 0.700001
      vertex 2.91022 33.7945 4.3
      vertex 2.91022 33.7945 0.700001
    endloop
  endfacet
  facet normal -0.896851 0.442333 4.29002e-18
    outer loop
      vertex 2.91022 33.7945 4.3
      vertex 2.72798 33.425 0.700001
      vertex 2.72798 33.425 4.3
    endloop
  endfacet
  facet normal -0.195125 0.980778 0
    outer loop
      vertex 0.81528 31.9573 -0.4
      vertex 0.411157 31.8769 -0.0999994
      vertex 0.81528 31.9573 -0.0999994
    endloop
  endfacet
  facet normal -0.195125 0.980778 0
    outer loop
      vertex 0.411157 31.8769 -0.0999994
      vertex 0.81528 31.9573 -0.4
      vertex 0.411157 31.8769 -0.4
    endloop
  endfacet
  facet normal -0.195125 0.980778 0
    outer loop
      vertex 0.81528 31.9573 5.1
      vertex 0.411157 31.8769 5.4
      vertex 0.81528 31.9573 5.4
    endloop
  endfacet
  facet normal -0.195125 0.980778 0
    outer loop
      vertex 0.411157 31.8769 5.4
      vertex 0.81528 31.9573 5.1
      vertex 0.411157 31.8769 5.1
    endloop
  endfacet
  facet normal -0.195125 0.980778 0
    outer loop
      vertex 0.81528 31.9573 0.700001
      vertex 0.411157 31.8769 4.3
      vertex 0.81528 31.9573 4.3
    endloop
  endfacet
  facet normal -0.195125 0.980778 0
    outer loop
      vertex 0.411157 31.8769 4.3
      vertex 0.81528 31.9573 0.700001
      vertex 0.411157 31.8769 0.700001
    endloop
  endfacet
  facet normal -0.321559 0.946889 0
    outer loop
      vertex 1.20545 32.0898 -0.4
      vertex 0.81528 31.9573 -0.0999994
      vertex 1.20545 32.0898 -0.0999994
    endloop
  endfacet
  facet normal -0.321559 0.946889 0
    outer loop
      vertex 0.81528 31.9573 -0.0999994
      vertex 1.20545 32.0898 -0.4
      vertex 0.81528 31.9573 -0.4
    endloop
  endfacet
  facet normal -0.321559 0.946889 0
    outer loop
      vertex 1.20545 32.0898 5.1
      vertex 0.81528 31.9573 5.4
      vertex 1.20545 32.0898 5.4
    endloop
  endfacet
  facet normal -0.321559 0.946889 0
    outer loop
      vertex 0.81528 31.9573 5.4
      vertex 1.20545 32.0898 5.1
      vertex 0.81528 31.9573 5.1
    endloop
  endfacet
  facet normal -0.321559 0.946889 0
    outer loop
      vertex 1.20545 32.0898 0.700001
      vertex 0.81528 31.9573 4.3
      vertex 1.20545 32.0898 4.3
    endloop
  endfacet
  facet normal -0.321559 0.946889 0
    outer loop
      vertex 0.81528 31.9573 4.3
      vertex 1.20545 32.0898 0.700001
      vertex 0.81528 31.9573 0.700001
    endloop
  endfacet
  facet normal -0.751861 0.659322 -2.02827e-17
    outer loop
      vertex 2.22739 32.7726 -0.4
      vertex 2.49906 33.0824 -0.0999994
      vertex 2.49906 33.0824 -0.4
    endloop
  endfacet
  facet normal -0.751861 0.659322 -2.02827e-17
    outer loop
      vertex 2.49906 33.0824 -0.0999994
      vertex 2.22739 32.7726 -0.4
      vertex 2.22739 32.7726 -0.0999994
    endloop
  endfacet
  facet normal -0.751861 0.659322 -2.02827e-17
    outer loop
      vertex 2.22739 32.7726 5.1
      vertex 2.49906 33.0824 5.4
      vertex 2.49906 33.0824 5.1
    endloop
  endfacet
  facet normal -0.751861 0.659322 -2.02827e-17
    outer loop
      vertex 2.49906 33.0824 5.4
      vertex 2.22739 32.7726 5.1
      vertex 2.22739 32.7726 5.4
    endloop
  endfacet
  facet normal -0.751861 0.659322 -1.69023e-18
    outer loop
      vertex 2.22739 32.7726 0.700001
      vertex 2.49906 33.0824 4.3
      vertex 2.49906 33.0824 0.700001
    endloop
  endfacet
  facet normal -0.751861 0.659322 -1.69023e-18
    outer loop
      vertex 2.49906 33.0824 4.3
      vertex 2.22739 32.7726 0.700001
      vertex 2.22739 32.7726 4.3
    endloop
  endfacet
  facet normal -0.659375 0.751814 0
    outer loop
      vertex 2.22739 32.7726 -0.4
      vertex 1.9176 32.5009 -0.0999994
      vertex 2.22739 32.7726 -0.0999994
    endloop
  endfacet
  facet normal -0.659375 0.751814 0
    outer loop
      vertex 1.9176 32.5009 -0.0999994
      vertex 2.22739 32.7726 -0.4
      vertex 1.9176 32.5009 -0.4
    endloop
  endfacet
  facet normal -0.659375 0.751814 0
    outer loop
      vertex 2.22739 32.7726 5.1
      vertex 1.9176 32.5009 5.4
      vertex 2.22739 32.7726 5.4
    endloop
  endfacet
  facet normal -0.659375 0.751814 0
    outer loop
      vertex 1.9176 32.5009 5.4
      vertex 2.22739 32.7726 5.1
      vertex 1.9176 32.5009 5.1
    endloop
  endfacet
  facet normal -0.659375 0.751814 0
    outer loop
      vertex 2.22739 32.7726 0.700001
      vertex 1.9176 32.5009 4.3
      vertex 2.22739 32.7726 4.3
    endloop
  endfacet
  facet normal -0.659375 0.751814 0
    outer loop
      vertex 1.9176 32.5009 4.3
      vertex 2.22739 32.7726 0.700001
      vertex 1.9176 32.5009 0.700001
    endloop
  endfacet
  facet normal 0.321559 0.946889 -0
    outer loop
      vertex -0.81528 31.9573 -0.4
      vertex -1.20545 32.0898 -0.0999994
      vertex -0.81528 31.9573 -0.0999994
    endloop
  endfacet
  facet normal 0.321559 0.946889 0
    outer loop
      vertex -1.20545 32.0898 -0.0999994
      vertex -0.81528 31.9573 -0.4
      vertex -1.20545 32.0898 -0.4
    endloop
  endfacet
  facet normal 0.321559 0.946889 -0
    outer loop
      vertex -0.81528 31.9573 5.1
      vertex -1.20545 32.0898 5.4
      vertex -0.81528 31.9573 5.4
    endloop
  endfacet
  facet normal 0.321559 0.946889 0
    outer loop
      vertex -1.20545 32.0898 5.4
      vertex -0.81528 31.9573 5.1
      vertex -1.20545 32.0898 5.1
    endloop
  endfacet
  facet normal 0.321559 0.946889 -0
    outer loop
      vertex -0.81528 31.9573 0.700001
      vertex -1.20545 32.0898 4.3
      vertex -0.81528 31.9573 4.3
    endloop
  endfacet
  facet normal 0.321559 0.946889 0
    outer loop
      vertex -1.20545 32.0898 4.3
      vertex -0.81528 31.9573 0.700001
      vertex -1.20545 32.0898 0.700001
    endloop
  endfacet
  facet normal 0.442207 0.896913 -0
    outer loop
      vertex -1.20545 32.0898 -0.4
      vertex -1.575 32.272 -0.0999994
      vertex -1.20545 32.0898 -0.0999994
    endloop
  endfacet
  facet normal 0.442207 0.896913 0
    outer loop
      vertex -1.575 32.272 -0.0999994
      vertex -1.20545 32.0898 -0.4
      vertex -1.575 32.272 -0.4
    endloop
  endfacet
  facet normal 0.442207 0.896913 -0
    outer loop
      vertex -1.20545 32.0898 5.1
      vertex -1.575 32.272 5.4
      vertex -1.20545 32.0898 5.4
    endloop
  endfacet
  facet normal 0.442207 0.896913 0
    outer loop
      vertex -1.575 32.272 5.4
      vertex -1.20545 32.0898 5.1
      vertex -1.575 32.272 5.1
    endloop
  endfacet
  facet normal 0.442207 0.896913 -0
    outer loop
      vertex -1.20545 32.0898 0.700001
      vertex -1.575 32.272 4.3
      vertex -1.20545 32.0898 4.3
    endloop
  endfacet
  facet normal 0.442207 0.896913 0
    outer loop
      vertex -1.575 32.272 4.3
      vertex -1.20545 32.0898 0.700001
      vertex -1.575 32.272 0.700001
    endloop
  endfacet
  facet normal 0.980786 0.195089 9.01819e-18
    outer loop
      vertex -3.04267 34.1847 -0.0999994
      vertex -3.12305 34.5888 -0.4
      vertex -3.12305 34.5888 -0.0999994
    endloop
  endfacet
  facet normal 0.980786 0.195089 9.01819e-18
    outer loop
      vertex -3.12305 34.5888 -0.4
      vertex -3.04267 34.1847 -0.0999994
      vertex -3.04267 34.1847 -0.4
    endloop
  endfacet
  facet normal 0.980786 0.195089 9.01821e-18
    outer loop
      vertex -3.04267 34.1847 5.4
      vertex -3.12305 34.5888 5.1
      vertex -3.12305 34.5888 5.4
    endloop
  endfacet
  facet normal 0.980786 0.195089 9.01821e-18
    outer loop
      vertex -3.12305 34.5888 5.1
      vertex -3.04267 34.1847 5.4
      vertex -3.04267 34.1847 5.1
    endloop
  endfacet
  facet normal 0.980786 0.195089 7.51517e-19
    outer loop
      vertex -3.04267 34.1847 4.3
      vertex -3.12305 34.5888 0.700001
      vertex -3.12305 34.5888 4.3
    endloop
  endfacet
  facet normal 0.980786 0.195089 7.51517e-19
    outer loop
      vertex -3.12305 34.5888 0.700001
      vertex -3.04267 34.1847 4.3
      vertex -3.04267 34.1847 0.700001
    endloop
  endfacet
  facet normal 0.831467 0.555574 5.29545e-17
    outer loop
      vertex -2.49906 33.0824 -0.0999994
      vertex -2.72798 33.425 -0.4
      vertex -2.72798 33.425 -0.0999994
    endloop
  endfacet
  facet normal 0.831467 0.555574 5.29545e-17
    outer loop
      vertex -2.72798 33.425 -0.4
      vertex -2.49906 33.0824 -0.0999994
      vertex -2.49906 33.0824 -0.4
    endloop
  endfacet
  facet normal 0.831467 0.555574 5.29546e-17
    outer loop
      vertex -2.49906 33.0824 5.4
      vertex -2.72798 33.425 5.1
      vertex -2.72798 33.425 5.4
    endloop
  endfacet
  facet normal 0.831467 0.555574 5.29546e-17
    outer loop
      vertex -2.72798 33.425 5.1
      vertex -2.49906 33.0824 5.4
      vertex -2.49906 33.0824 5.1
    endloop
  endfacet
  facet normal 0.831467 0.555574 4.41289e-18
    outer loop
      vertex -2.49906 33.0824 4.3
      vertex -2.72798 33.425 0.700001
      vertex -2.72798 33.425 4.3
    endloop
  endfacet
  facet normal 0.831467 0.555574 4.41289e-18
    outer loop
      vertex -2.72798 33.425 0.700001
      vertex -2.49906 33.0824 4.3
      vertex -2.49906 33.0824 0.700001
    endloop
  endfacet
  facet normal -0.980786 0.195089 -9.01819e-18
    outer loop
      vertex 3.04267 34.1847 -0.4
      vertex 3.12305 34.5888 -0.0999994
      vertex 3.12305 34.5888 -0.4
    endloop
  endfacet
  facet normal -0.980786 0.195089 -9.01819e-18
    outer loop
      vertex 3.12305 34.5888 -0.0999994
      vertex 3.04267 34.1847 -0.4
      vertex 3.04267 34.1847 -0.0999994
    endloop
  endfacet
  facet normal -0.980786 0.195089 -9.01821e-18
    outer loop
      vertex 3.04267 34.1847 5.1
      vertex 3.12305 34.5888 5.4
      vertex 3.12305 34.5888 5.1
    endloop
  endfacet
  facet normal -0.980786 0.195089 -9.01821e-18
    outer loop
      vertex 3.12305 34.5888 5.4
      vertex 3.04267 34.1847 5.1
      vertex 3.04267 34.1847 5.4
    endloop
  endfacet
  facet normal -0.980786 0.195089 -7.51517e-19
    outer loop
      vertex 3.04267 34.1847 0.700001
      vertex 3.12305 34.5888 4.3
      vertex 3.12305 34.5888 0.700001
    endloop
  endfacet
  facet normal -0.980786 0.195089 -7.51517e-19
    outer loop
      vertex 3.12305 34.5888 4.3
      vertex 3.04267 34.1847 0.700001
      vertex 3.04267 34.1847 4.3
    endloop
  endfacet
  facet normal 0.195125 0.980778 -0
    outer loop
      vertex -0.411157 31.8769 -0.4
      vertex -0.81528 31.9573 -0.0999994
      vertex -0.411157 31.8769 -0.0999994
    endloop
  endfacet
  facet normal 0.195125 0.980778 0
    outer loop
      vertex -0.81528 31.9573 -0.0999994
      vertex -0.411157 31.8769 -0.4
      vertex -0.81528 31.9573 -0.4
    endloop
  endfacet
  facet normal 0.195125 0.980778 -0
    outer loop
      vertex -0.411157 31.8769 5.1
      vertex -0.81528 31.9573 5.4
      vertex -0.411157 31.8769 5.4
    endloop
  endfacet
  facet normal 0.195125 0.980778 0
    outer loop
      vertex -0.81528 31.9573 5.4
      vertex -0.411157 31.8769 5.1
      vertex -0.81528 31.9573 5.1
    endloop
  endfacet
  facet normal 0.195125 0.980778 -0
    outer loop
      vertex -0.411157 31.8769 0.700001
      vertex -0.81528 31.9573 4.3
      vertex -0.411157 31.8769 4.3
    endloop
  endfacet
  facet normal 0.195125 0.980778 0
    outer loop
      vertex -0.81528 31.9573 4.3
      vertex -0.411157 31.8769 0.700001
      vertex -0.81528 31.9573 0.700001
    endloop
  endfacet
  facet normal 0.55554 0.83149 -0
    outer loop
      vertex -1.575 32.272 -0.4
      vertex -1.9176 32.5009 -0.0999994
      vertex -1.575 32.272 -0.0999994
    endloop
  endfacet
  facet normal 0.55554 0.83149 0
    outer loop
      vertex -1.9176 32.5009 -0.0999994
      vertex -1.575 32.272 -0.4
      vertex -1.9176 32.5009 -0.4
    endloop
  endfacet
  facet normal 0.55554 0.83149 -0
    outer loop
      vertex -1.575 32.272 5.1
      vertex -1.9176 32.5009 5.4
      vertex -1.575 32.272 5.4
    endloop
  endfacet
  facet normal 0.55554 0.83149 0
    outer loop
      vertex -1.9176 32.5009 5.4
      vertex -1.575 32.272 5.1
      vertex -1.9176 32.5009 5.1
    endloop
  endfacet
  facet normal 0.55554 0.83149 -0
    outer loop
      vertex -1.575 32.272 0.700001
      vertex -1.9176 32.5009 4.3
      vertex -1.575 32.272 4.3
    endloop
  endfacet
  facet normal 0.55554 0.83149 0
    outer loop
      vertex -1.9176 32.5009 4.3
      vertex -1.575 32.272 0.700001
      vertex -1.9176 32.5009 0.700001
    endloop
  endfacet
  facet normal 0.751861 0.659322 2.02827e-17
    outer loop
      vertex -2.22739 32.7726 -0.0999994
      vertex -2.49906 33.0824 -0.4
      vertex -2.49906 33.0824 -0.0999994
    endloop
  endfacet
  facet normal 0.751861 0.659322 2.02827e-17
    outer loop
      vertex -2.49906 33.0824 -0.4
      vertex -2.22739 32.7726 -0.0999994
      vertex -2.22739 32.7726 -0.4
    endloop
  endfacet
  facet normal 0.751861 0.659322 2.02827e-17
    outer loop
      vertex -2.22739 32.7726 5.4
      vertex -2.49906 33.0824 5.1
      vertex -2.49906 33.0824 5.4
    endloop
  endfacet
  facet normal 0.751861 0.659322 2.02827e-17
    outer loop
      vertex -2.49906 33.0824 5.1
      vertex -2.22739 32.7726 5.4
      vertex -2.22739 32.7726 5.1
    endloop
  endfacet
  facet normal 0.751861 0.659322 1.69023e-18
    outer loop
      vertex -2.22739 32.7726 4.3
      vertex -2.49906 33.0824 0.700001
      vertex -2.49906 33.0824 4.3
    endloop
  endfacet
  facet normal 0.751861 0.659322 1.69023e-18
    outer loop
      vertex -2.49906 33.0824 0.700001
      vertex -2.22739 32.7726 4.3
      vertex -2.22739 32.7726 0.700001
    endloop
  endfacet
  facet normal -0.997859 -0.0653996 -2.02809e-18
    outer loop
      vertex 3.15 -35 5.1
      vertex 3.12305 -34.5888 5.4
      vertex 3.12305 -34.5888 5.1
    endloop
  endfacet
  facet normal -0.997859 -0.0653996 -2.02809e-18
    outer loop
      vertex 3.12305 -34.5888 5.4
      vertex 3.15 -35 5.1
      vertex 3.15 -35 5.4
    endloop
  endfacet
  facet normal -0.997859 -0.0653996 -2.02808e-18
    outer loop
      vertex 3.15 -35 -0.4
      vertex 3.12305 -34.5888 -0.0999994
      vertex 3.12305 -34.5888 -0.4
    endloop
  endfacet
  facet normal -0.997859 -0.0653996 -2.02808e-18
    outer loop
      vertex 3.12305 -34.5888 -0.0999994
      vertex 3.15 -35 -0.4
      vertex 3.15 -35 -0.0999994
    endloop
  endfacet
  facet normal -0.997859 -0.0653996 -1.69007e-19
    outer loop
      vertex 3.15 -35 0.700001
      vertex 3.12305 -34.5888 4.3
      vertex 3.12305 -34.5888 0.700001
    endloop
  endfacet
  facet normal -0.997859 -0.0653996 -1.69007e-19
    outer loop
      vertex 3.12305 -34.5888 4.3
      vertex 3.15 -35 0.700001
      vertex 3.15 -35 4.3
    endloop
  endfacet
  facet normal 0.997859 -0.0653996 2.02809e-18
    outer loop
      vertex -3.15 -35 5.4
      vertex -3.12305 -34.5888 5.1
      vertex -3.12305 -34.5888 5.4
    endloop
  endfacet
  facet normal 0.997859 -0.0653996 2.02809e-18
    outer loop
      vertex -3.12305 -34.5888 5.1
      vertex -3.15 -35 5.4
      vertex -3.15 -35 5.1
    endloop
  endfacet
  facet normal 0.997859 -0.0653996 2.02808e-18
    outer loop
      vertex -3.15 -35 -0.0999994
      vertex -3.12305 -34.5888 -0.4
      vertex -3.12305 -34.5888 -0.0999994
    endloop
  endfacet
  facet normal 0.997859 -0.0653996 2.02808e-18
    outer loop
      vertex -3.12305 -34.5888 -0.4
      vertex -3.15 -35 -0.0999994
      vertex -3.15 -35 -0.4
    endloop
  endfacet
  facet normal 0.997859 -0.0653996 1.69007e-19
    outer loop
      vertex -3.15 -35 4.3
      vertex -3.12305 -34.5888 0.700001
      vertex -3.12305 -34.5888 4.3
    endloop
  endfacet
  facet normal 0.997859 -0.0653996 1.69007e-19
    outer loop
      vertex -3.12305 -34.5888 0.700001
      vertex -3.15 -35 4.3
      vertex -3.15 -35 0.700001
    endloop
  endfacet
  facet normal -0.0652856 -0.997867 0
    outer loop
      vertex 0 -31.85 5.1
      vertex 0.411157 -31.8769 5.4
      vertex 0 -31.85 5.4
    endloop
  endfacet
  facet normal -0.0652856 -0.997867 -0
    outer loop
      vertex 0.411157 -31.8769 5.4
      vertex 0 -31.85 5.1
      vertex 0.411157 -31.8769 5.1
    endloop
  endfacet
  facet normal -0.0652856 -0.997867 0
    outer loop
      vertex 0 -31.85 -0.4
      vertex 0.411157 -31.8769 -0.0999994
      vertex 0 -31.85 -0.0999994
    endloop
  endfacet
  facet normal -0.0652856 -0.997867 -0
    outer loop
      vertex 0.411157 -31.8769 -0.0999994
      vertex 0 -31.85 -0.4
      vertex 0.411157 -31.8769 -0.4
    endloop
  endfacet
  facet normal -0.0652856 -0.997867 0
    outer loop
      vertex 0 -31.85 0.700001
      vertex 0.411157 -31.8769 4.3
      vertex 0 -31.85 4.3
    endloop
  endfacet
  facet normal -0.0652856 -0.997867 -0
    outer loop
      vertex 0.411157 -31.8769 4.3
      vertex 0 -31.85 0.700001
      vertex 0.411157 -31.8769 0.700001
    endloop
  endfacet
  facet normal -0.659375 -0.751814 0
    outer loop
      vertex 1.9176 -32.5009 5.1
      vertex 2.22739 -32.7726 5.4
      vertex 1.9176 -32.5009 5.4
    endloop
  endfacet
  facet normal -0.659375 -0.751814 -0
    outer loop
      vertex 2.22739 -32.7726 5.4
      vertex 1.9176 -32.5009 5.1
      vertex 2.22739 -32.7726 5.1
    endloop
  endfacet
  facet normal -0.659375 -0.751814 0
    outer loop
      vertex 1.9176 -32.5009 -0.4
      vertex 2.22739 -32.7726 -0.0999994
      vertex 1.9176 -32.5009 -0.0999994
    endloop
  endfacet
  facet normal -0.659375 -0.751814 -0
    outer loop
      vertex 2.22739 -32.7726 -0.0999994
      vertex 1.9176 -32.5009 -0.4
      vertex 2.22739 -32.7726 -0.4
    endloop
  endfacet
  facet normal -0.659375 -0.751814 0
    outer loop
      vertex 1.9176 -32.5009 0.700001
      vertex 2.22739 -32.7726 4.3
      vertex 1.9176 -32.5009 4.3
    endloop
  endfacet
  facet normal -0.659375 -0.751814 -0
    outer loop
      vertex 2.22739 -32.7726 4.3
      vertex 1.9176 -32.5009 0.700001
      vertex 2.22739 -32.7726 0.700001
    endloop
  endfacet
  facet normal 0.659375 -0.751814 0
    outer loop
      vertex -2.22739 -32.7726 5.1
      vertex -1.9176 -32.5009 5.4
      vertex -2.22739 -32.7726 5.4
    endloop
  endfacet
  facet normal 0.659375 -0.751814 0
    outer loop
      vertex -1.9176 -32.5009 5.4
      vertex -2.22739 -32.7726 5.1
      vertex -1.9176 -32.5009 5.1
    endloop
  endfacet
  facet normal 0.659375 -0.751814 0
    outer loop
      vertex -2.22739 -32.7726 -0.4
      vertex -1.9176 -32.5009 -0.0999994
      vertex -2.22739 -32.7726 -0.0999994
    endloop
  endfacet
  facet normal 0.659375 -0.751814 0
    outer loop
      vertex -1.9176 -32.5009 -0.0999994
      vertex -2.22739 -32.7726 -0.4
      vertex -1.9176 -32.5009 -0.4
    endloop
  endfacet
  facet normal 0.659375 -0.751814 0
    outer loop
      vertex -2.22739 -32.7726 0.700001
      vertex -1.9176 -32.5009 4.3
      vertex -2.22739 -32.7726 4.3
    endloop
  endfacet
  facet normal 0.659375 -0.751814 0
    outer loop
      vertex -1.9176 -32.5009 4.3
      vertex -2.22739 -32.7726 0.700001
      vertex -1.9176 -32.5009 0.700001
    endloop
  endfacet
  facet normal 0.321559 -0.946889 0
    outer loop
      vertex -1.20545 -32.0898 5.1
      vertex -0.81528 -31.9573 5.4
      vertex -1.20545 -32.0898 5.4
    endloop
  endfacet
  facet normal 0.321559 -0.946889 0
    outer loop
      vertex -0.81528 -31.9573 5.4
      vertex -1.20545 -32.0898 5.1
      vertex -0.81528 -31.9573 5.1
    endloop
  endfacet
  facet normal 0.321559 -0.946889 0
    outer loop
      vertex -1.20545 -32.0898 -0.4
      vertex -0.81528 -31.9573 -0.0999994
      vertex -1.20545 -32.0898 -0.0999994
    endloop
  endfacet
  facet normal 0.321559 -0.946889 0
    outer loop
      vertex -0.81528 -31.9573 -0.0999994
      vertex -1.20545 -32.0898 -0.4
      vertex -0.81528 -31.9573 -0.4
    endloop
  endfacet
  facet normal 0.321559 -0.946889 0
    outer loop
      vertex -1.20545 -32.0898 0.700001
      vertex -0.81528 -31.9573 4.3
      vertex -1.20545 -32.0898 4.3
    endloop
  endfacet
  facet normal 0.321559 -0.946889 0
    outer loop
      vertex -0.81528 -31.9573 4.3
      vertex -1.20545 -32.0898 0.700001
      vertex -0.81528 -31.9573 0.700001
    endloop
  endfacet
  facet normal 0.980786 0.195089 9.01821e-18
    outer loop
      vertex -3.04267 -35.8153 5.4
      vertex -3.12305 -35.4112 5.1
      vertex -3.12305 -35.4112 5.4
    endloop
  endfacet
  facet normal 0.980786 0.195089 9.01821e-18
    outer loop
      vertex -3.12305 -35.4112 5.1
      vertex -3.04267 -35.8153 5.4
      vertex -3.04267 -35.8153 5.1
    endloop
  endfacet
  facet normal 0.980786 0.195089 9.01819e-18
    outer loop
      vertex -3.04267 -35.8153 -0.0999994
      vertex -3.12305 -35.4112 -0.4
      vertex -3.12305 -35.4112 -0.0999994
    endloop
  endfacet
  facet normal 0.980786 0.195089 9.01819e-18
    outer loop
      vertex -3.12305 -35.4112 -0.4
      vertex -3.04267 -35.8153 -0.0999994
      vertex -3.04267 -35.8153 -0.4
    endloop
  endfacet
  facet normal 0.980786 0.195089 7.51517e-19
    outer loop
      vertex -3.04267 -35.8153 4.3
      vertex -3.12305 -35.4112 0.700001
      vertex -3.12305 -35.4112 4.3
    endloop
  endfacet
  facet normal 0.980786 0.195089 7.51517e-19
    outer loop
      vertex -3.12305 -35.4112 0.700001
      vertex -3.04267 -35.8153 4.3
      vertex -3.04267 -35.8153 0.700001
    endloop
  endfacet
  facet normal -0.896851 -0.442333 -5.14802e-17
    outer loop
      vertex 2.91022 -33.7945 5.1
      vertex 2.72798 -33.425 5.4
      vertex 2.72798 -33.425 5.1
    endloop
  endfacet
  facet normal -0.896851 -0.442333 -5.14802e-17
    outer loop
      vertex 2.72798 -33.425 5.4
      vertex 2.91022 -33.7945 5.1
      vertex 2.91022 -33.7945 5.4
    endloop
  endfacet
  facet normal -0.896851 -0.442333 -5.14801e-17
    outer loop
      vertex 2.91022 -33.7945 -0.4
      vertex 2.72798 -33.425 -0.0999994
      vertex 2.72798 -33.425 -0.4
    endloop
  endfacet
  facet normal -0.896851 -0.442333 -5.14801e-17
    outer loop
      vertex 2.72798 -33.425 -0.0999994
      vertex 2.91022 -33.7945 -0.4
      vertex 2.91022 -33.7945 -0.0999994
    endloop
  endfacet
  facet normal -0.896851 -0.442333 -4.29002e-18
    outer loop
      vertex 2.91022 -33.7945 0.700001
      vertex 2.72798 -33.425 4.3
      vertex 2.72798 -33.425 0.700001
    endloop
  endfacet
  facet normal -0.896851 -0.442333 -4.29002e-18
    outer loop
      vertex 2.72798 -33.425 4.3
      vertex 2.91022 -33.7945 0.700001
      vertex 2.91022 -33.7945 4.3
    endloop
  endfacet
  facet normal -0.831467 -0.555574 5.29546e-17
    outer loop
      vertex 2.72798 -33.425 5.1
      vertex 2.49906 -33.0824 5.4
      vertex 2.49906 -33.0824 5.1
    endloop
  endfacet
  facet normal -0.831467 -0.555574 5.29546e-17
    outer loop
      vertex 2.49906 -33.0824 5.4
      vertex 2.72798 -33.425 5.1
      vertex 2.72798 -33.425 5.4
    endloop
  endfacet
  facet normal -0.831467 -0.555574 5.29545e-17
    outer loop
      vertex 2.72798 -33.425 -0.4
      vertex 2.49906 -33.0824 -0.0999994
      vertex 2.49906 -33.0824 -0.4
    endloop
  endfacet
  facet normal -0.831467 -0.555574 5.29545e-17
    outer loop
      vertex 2.49906 -33.0824 -0.0999994
      vertex 2.72798 -33.425 -0.4
      vertex 2.72798 -33.425 -0.0999994
    endloop
  endfacet
  facet normal -0.831467 -0.555574 4.41289e-18
    outer loop
      vertex 2.72798 -33.425 0.700001
      vertex 2.49906 -33.0824 4.3
      vertex 2.49906 -33.0824 0.700001
    endloop
  endfacet
  facet normal -0.831467 -0.555574 4.41289e-18
    outer loop
      vertex 2.49906 -33.0824 4.3
      vertex 2.72798 -33.425 0.700001
      vertex 2.72798 -33.425 4.3
    endloop
  endfacet
  facet normal -0.442207 -0.896913 0
    outer loop
      vertex 1.20545 -32.0898 5.1
      vertex 1.575 -32.272 5.4
      vertex 1.20545 -32.0898 5.4
    endloop
  endfacet
  facet normal -0.442207 -0.896913 -0
    outer loop
      vertex 1.575 -32.272 5.4
      vertex 1.20545 -32.0898 5.1
      vertex 1.575 -32.272 5.1
    endloop
  endfacet
  facet normal -0.442207 -0.896913 0
    outer loop
      vertex 1.20545 -32.0898 -0.4
      vertex 1.575 -32.272 -0.0999994
      vertex 1.20545 -32.0898 -0.0999994
    endloop
  endfacet
  facet normal -0.442207 -0.896913 -0
    outer loop
      vertex 1.575 -32.272 -0.0999994
      vertex 1.20545 -32.0898 -0.4
      vertex 1.575 -32.272 -0.4
    endloop
  endfacet
  facet normal -0.442207 -0.896913 0
    outer loop
      vertex 1.20545 -32.0898 0.700001
      vertex 1.575 -32.272 4.3
      vertex 1.20545 -32.0898 4.3
    endloop
  endfacet
  facet normal -0.442207 -0.896913 -0
    outer loop
      vertex 1.575 -32.272 4.3
      vertex 1.20545 -32.0898 0.700001
      vertex 1.575 -32.272 0.700001
    endloop
  endfacet
  facet normal -0.55554 -0.83149 0
    outer loop
      vertex 1.575 -32.272 5.1
      vertex 1.9176 -32.5009 5.4
      vertex 1.575 -32.272 5.4
    endloop
  endfacet
  facet normal -0.55554 -0.83149 -0
    outer loop
      vertex 1.9176 -32.5009 5.4
      vertex 1.575 -32.272 5.1
      vertex 1.9176 -32.5009 5.1
    endloop
  endfacet
  facet normal -0.55554 -0.83149 0
    outer loop
      vertex 1.575 -32.272 -0.4
      vertex 1.9176 -32.5009 -0.0999994
      vertex 1.575 -32.272 -0.0999994
    endloop
  endfacet
  facet normal -0.55554 -0.83149 -0
    outer loop
      vertex 1.9176 -32.5009 -0.0999994
      vertex 1.575 -32.272 -0.4
      vertex 1.9176 -32.5009 -0.4
    endloop
  endfacet
  facet normal -0.55554 -0.83149 0
    outer loop
      vertex 1.575 -32.272 0.700001
      vertex 1.9176 -32.5009 4.3
      vertex 1.575 -32.272 4.3
    endloop
  endfacet
  facet normal -0.55554 -0.83149 -0
    outer loop
      vertex 1.9176 -32.5009 4.3
      vertex 1.575 -32.272 0.700001
      vertex 1.9176 -32.5009 0.700001
    endloop
  endfacet
  facet normal 0.896851 -0.442333 5.14802e-17
    outer loop
      vertex -2.91022 -33.7945 5.4
      vertex -2.72798 -33.425 5.1
      vertex -2.72798 -33.425 5.4
    endloop
  endfacet
  facet normal 0.896851 -0.442333 5.14802e-17
    outer loop
      vertex -2.72798 -33.425 5.1
      vertex -2.91022 -33.7945 5.4
      vertex -2.91022 -33.7945 5.1
    endloop
  endfacet
  facet normal 0.896851 -0.442333 5.14801e-17
    outer loop
      vertex -2.91022 -33.7945 -0.0999994
      vertex -2.72798 -33.425 -0.4
      vertex -2.72798 -33.425 -0.0999994
    endloop
  endfacet
  facet normal 0.896851 -0.442333 5.14801e-17
    outer loop
      vertex -2.72798 -33.425 -0.4
      vertex -2.91022 -33.7945 -0.0999994
      vertex -2.91022 -33.7945 -0.4
    endloop
  endfacet
  facet normal 0.896851 -0.442333 4.29002e-18
    outer loop
      vertex -2.91022 -33.7945 4.3
      vertex -2.72798 -33.425 0.700001
      vertex -2.72798 -33.425 4.3
    endloop
  endfacet
  facet normal 0.896851 -0.442333 4.29002e-18
    outer loop
      vertex -2.72798 -33.425 0.700001
      vertex -2.91022 -33.7945 4.3
      vertex -2.91022 -33.7945 0.700001
    endloop
  endfacet
  facet normal 0.831467 -0.555574 -5.29546e-17
    outer loop
      vertex -2.72798 -33.425 5.4
      vertex -2.49906 -33.0824 5.1
      vertex -2.49906 -33.0824 5.4
    endloop
  endfacet
  facet normal 0.831467 -0.555574 -5.29546e-17
    outer loop
      vertex -2.49906 -33.0824 5.1
      vertex -2.72798 -33.425 5.4
      vertex -2.72798 -33.425 5.1
    endloop
  endfacet
  facet normal 0.831467 -0.555574 -5.29545e-17
    outer loop
      vertex -2.72798 -33.425 -0.0999994
      vertex -2.49906 -33.0824 -0.4
      vertex -2.49906 -33.0824 -0.0999994
    endloop
  endfacet
  facet normal 0.831467 -0.555574 -5.29545e-17
    outer loop
      vertex -2.49906 -33.0824 -0.4
      vertex -2.72798 -33.425 -0.0999994
      vertex -2.72798 -33.425 -0.4
    endloop
  endfacet
  facet normal 0.831467 -0.555574 -4.41289e-18
    outer loop
      vertex -2.72798 -33.425 4.3
      vertex -2.49906 -33.0824 0.700001
      vertex -2.49906 -33.0824 4.3
    endloop
  endfacet
  facet normal 0.831467 -0.555574 -4.41289e-18
    outer loop
      vertex -2.49906 -33.0824 0.700001
      vertex -2.72798 -33.425 4.3
      vertex -2.72798 -33.425 0.700001
    endloop
  endfacet
  facet normal 0.442207 -0.896913 0
    outer loop
      vertex -1.575 -32.272 5.1
      vertex -1.20545 -32.0898 5.4
      vertex -1.575 -32.272 5.4
    endloop
  endfacet
  facet normal 0.442207 -0.896913 0
    outer loop
      vertex -1.20545 -32.0898 5.4
      vertex -1.575 -32.272 5.1
      vertex -1.20545 -32.0898 5.1
    endloop
  endfacet
  facet normal 0.442207 -0.896913 0
    outer loop
      vertex -1.575 -32.272 -0.4
      vertex -1.20545 -32.0898 -0.0999994
      vertex -1.575 -32.272 -0.0999994
    endloop
  endfacet
  facet normal 0.442207 -0.896913 0
    outer loop
      vertex -1.20545 -32.0898 -0.0999994
      vertex -1.575 -32.272 -0.4
      vertex -1.20545 -32.0898 -0.4
    endloop
  endfacet
  facet normal 0.442207 -0.896913 0
    outer loop
      vertex -1.575 -32.272 0.700001
      vertex -1.20545 -32.0898 4.3
      vertex -1.575 -32.272 4.3
    endloop
  endfacet
  facet normal 0.442207 -0.896913 0
    outer loop
      vertex -1.20545 -32.0898 4.3
      vertex -1.575 -32.272 0.700001
      vertex -1.20545 -32.0898 0.700001
    endloop
  endfacet
  facet normal 0.0652856 -0.997867 0
    outer loop
      vertex -0.411157 -31.8769 5.1
      vertex 0 -31.85 5.4
      vertex -0.411157 -31.8769 5.4
    endloop
  endfacet
  facet normal 0.0652856 -0.997867 0
    outer loop
      vertex 0 -31.85 5.4
      vertex -0.411157 -31.8769 5.1
      vertex 0 -31.85 5.1
    endloop
  endfacet
  facet normal 0.0652856 -0.997867 0
    outer loop
      vertex -0.411157 -31.8769 -0.4
      vertex 0 -31.85 -0.0999994
      vertex -0.411157 -31.8769 -0.0999994
    endloop
  endfacet
  facet normal 0.0652856 -0.997867 0
    outer loop
      vertex 0 -31.85 -0.0999994
      vertex -0.411157 -31.8769 -0.4
      vertex 0 -31.85 -0.4
    endloop
  endfacet
  facet normal 0.0652856 -0.997867 0
    outer loop
      vertex -0.411157 -31.8769 0.700001
      vertex 0 -31.85 4.3
      vertex -0.411157 -31.8769 4.3
    endloop
  endfacet
  facet normal 0.0652856 -0.997867 0
    outer loop
      vertex 0 -31.85 4.3
      vertex -0.411157 -31.8769 0.700001
      vertex 0 -31.85 0.700001
    endloop
  endfacet
  facet normal -0.321559 0.946889 0
    outer loop
      vertex 1.20545 -37.9102 5.1
      vertex 0.81528 -38.0427 5.4
      vertex 1.20545 -37.9102 5.4
    endloop
  endfacet
  facet normal -0.321559 0.946889 0
    outer loop
      vertex 0.81528 -38.0427 5.4
      vertex 1.20545 -37.9102 5.1
      vertex 0.81528 -38.0427 5.1
    endloop
  endfacet
  facet normal -0.321559 0.946889 0
    outer loop
      vertex 1.20545 -37.9102 -0.4
      vertex 0.81528 -38.0427 -0.0999994
      vertex 1.20545 -37.9102 -0.0999994
    endloop
  endfacet
  facet normal -0.321559 0.946889 0
    outer loop
      vertex 0.81528 -38.0427 -0.0999994
      vertex 1.20545 -37.9102 -0.4
      vertex 0.81528 -38.0427 -0.4
    endloop
  endfacet
  facet normal -0.321559 0.946889 0
    outer loop
      vertex 1.20545 -37.9102 0.700001
      vertex 0.81528 -38.0427 4.3
      vertex 1.20545 -37.9102 4.3
    endloop
  endfacet
  facet normal -0.321559 0.946889 0
    outer loop
      vertex 0.81528 -38.0427 4.3
      vertex 1.20545 -37.9102 0.700001
      vertex 0.81528 -38.0427 0.700001
    endloop
  endfacet
  facet normal -0.751861 0.659322 -2.02827e-17
    outer loop
      vertex 2.22739 -37.2274 5.1
      vertex 2.49906 -36.9176 5.4
      vertex 2.49906 -36.9176 5.1
    endloop
  endfacet
  facet normal -0.751861 0.659322 -2.02827e-17
    outer loop
      vertex 2.49906 -36.9176 5.4
      vertex 2.22739 -37.2274 5.1
      vertex 2.22739 -37.2274 5.4
    endloop
  endfacet
  facet normal -0.751861 0.659322 -2.02827e-17
    outer loop
      vertex 2.22739 -37.2274 -0.4
      vertex 2.49906 -36.9176 -0.0999994
      vertex 2.49906 -36.9176 -0.4
    endloop
  endfacet
  facet normal -0.751861 0.659322 -2.02827e-17
    outer loop
      vertex 2.49906 -36.9176 -0.0999994
      vertex 2.22739 -37.2274 -0.4
      vertex 2.22739 -37.2274 -0.0999994
    endloop
  endfacet
  facet normal -0.751861 0.659322 -1.69023e-18
    outer loop
      vertex 2.22739 -37.2274 0.700001
      vertex 2.49906 -36.9176 4.3
      vertex 2.49906 -36.9176 0.700001
    endloop
  endfacet
  facet normal -0.751861 0.659322 -1.69023e-18
    outer loop
      vertex 2.49906 -36.9176 4.3
      vertex 2.22739 -37.2274 0.700001
      vertex 2.22739 -37.2274 4.3
    endloop
  endfacet
  facet normal -0.55554 0.83149 0
    outer loop
      vertex 1.9176 -37.4991 5.1
      vertex 1.575 -37.728 5.4
      vertex 1.9176 -37.4991 5.4
    endloop
  endfacet
  facet normal -0.55554 0.83149 0
    outer loop
      vertex 1.575 -37.728 5.4
      vertex 1.9176 -37.4991 5.1
      vertex 1.575 -37.728 5.1
    endloop
  endfacet
  facet normal -0.55554 0.83149 0
    outer loop
      vertex 1.9176 -37.4991 -0.4
      vertex 1.575 -37.728 -0.0999994
      vertex 1.9176 -37.4991 -0.0999994
    endloop
  endfacet
  facet normal -0.55554 0.83149 0
    outer loop
      vertex 1.575 -37.728 -0.0999994
      vertex 1.9176 -37.4991 -0.4
      vertex 1.575 -37.728 -0.4
    endloop
  endfacet
  facet normal -0.55554 0.83149 0
    outer loop
      vertex 1.9176 -37.4991 0.700001
      vertex 1.575 -37.728 4.3
      vertex 1.9176 -37.4991 4.3
    endloop
  endfacet
  facet normal -0.55554 0.83149 0
    outer loop
      vertex 1.575 -37.728 4.3
      vertex 1.9176 -37.4991 0.700001
      vertex 1.575 -37.728 0.700001
    endloop
  endfacet
  facet normal 0.321559 0.946889 -0
    outer loop
      vertex -0.81528 -38.0427 5.1
      vertex -1.20545 -37.9102 5.4
      vertex -0.81528 -38.0427 5.4
    endloop
  endfacet
  facet normal 0.321559 0.946889 0
    outer loop
      vertex -1.20545 -37.9102 5.4
      vertex -0.81528 -38.0427 5.1
      vertex -1.20545 -37.9102 5.1
    endloop
  endfacet
  facet normal 0.321559 0.946889 -0
    outer loop
      vertex -0.81528 -38.0427 -0.4
      vertex -1.20545 -37.9102 -0.0999994
      vertex -0.81528 -38.0427 -0.0999994
    endloop
  endfacet
  facet normal 0.321559 0.946889 0
    outer loop
      vertex -1.20545 -37.9102 -0.0999994
      vertex -0.81528 -38.0427 -0.4
      vertex -1.20545 -37.9102 -0.4
    endloop
  endfacet
  facet normal 0.321559 0.946889 -0
    outer loop
      vertex -0.81528 -38.0427 0.700001
      vertex -1.20545 -37.9102 4.3
      vertex -0.81528 -38.0427 4.3
    endloop
  endfacet
  facet normal 0.321559 0.946889 0
    outer loop
      vertex -1.20545 -37.9102 4.3
      vertex -0.81528 -38.0427 0.700001
      vertex -1.20545 -37.9102 0.700001
    endloop
  endfacet
  facet normal 0.896851 0.442333 -5.14802e-17
    outer loop
      vertex -2.72798 -36.575 5.4
      vertex -2.91022 -36.2055 5.1
      vertex -2.91022 -36.2055 5.4
    endloop
  endfacet
  facet normal 0.896851 0.442333 -5.14802e-17
    outer loop
      vertex -2.91022 -36.2055 5.1
      vertex -2.72798 -36.575 5.4
      vertex -2.72798 -36.575 5.1
    endloop
  endfacet
  facet normal 0.896851 0.442333 -5.14801e-17
    outer loop
      vertex -2.72798 -36.575 -0.0999994
      vertex -2.91022 -36.2055 -0.4
      vertex -2.91022 -36.2055 -0.0999994
    endloop
  endfacet
  facet normal 0.896851 0.442333 -5.14801e-17
    outer loop
      vertex -2.91022 -36.2055 -0.4
      vertex -2.72798 -36.575 -0.0999994
      vertex -2.72798 -36.575 -0.4
    endloop
  endfacet
  facet normal 0.896851 0.442333 -4.29002e-18
    outer loop
      vertex -2.72798 -36.575 4.3
      vertex -2.91022 -36.2055 0.700001
      vertex -2.91022 -36.2055 4.3
    endloop
  endfacet
  facet normal 0.896851 0.442333 -4.29002e-18
    outer loop
      vertex -2.91022 -36.2055 0.700001
      vertex -2.72798 -36.575 4.3
      vertex -2.72798 -36.575 0.700001
    endloop
  endfacet
  facet normal 0.831467 0.555574 5.29546e-17
    outer loop
      vertex -2.49906 -36.9176 5.4
      vertex -2.72798 -36.575 5.1
      vertex -2.72798 -36.575 5.4
    endloop
  endfacet
  facet normal 0.831467 0.555574 5.29546e-17
    outer loop
      vertex -2.72798 -36.575 5.1
      vertex -2.49906 -36.9176 5.4
      vertex -2.49906 -36.9176 5.1
    endloop
  endfacet
  facet normal 0.831467 0.555574 5.29545e-17
    outer loop
      vertex -2.49906 -36.9176 -0.0999994
      vertex -2.72798 -36.575 -0.4
      vertex -2.72798 -36.575 -0.0999994
    endloop
  endfacet
  facet normal 0.831467 0.555574 5.29545e-17
    outer loop
      vertex -2.72798 -36.575 -0.4
      vertex -2.49906 -36.9176 -0.0999994
      vertex -2.49906 -36.9176 -0.4
    endloop
  endfacet
  facet normal 0.831467 0.555574 4.41289e-18
    outer loop
      vertex -2.49906 -36.9176 4.3
      vertex -2.72798 -36.575 0.700001
      vertex -2.72798 -36.575 4.3
    endloop
  endfacet
  facet normal 0.831467 0.555574 4.41289e-18
    outer loop
      vertex -2.72798 -36.575 0.700001
      vertex -2.49906 -36.9176 4.3
      vertex -2.49906 -36.9176 0.700001
    endloop
  endfacet
  facet normal 0.997859 0.0653996 -2.02809e-18
    outer loop
      vertex -3.12305 -35.4112 5.4
      vertex -3.15 -35 5.1
      vertex -3.15 -35 5.4
    endloop
  endfacet
  facet normal 0.997859 0.0653996 -2.02809e-18
    outer loop
      vertex -3.15 -35 5.1
      vertex -3.12305 -35.4112 5.4
      vertex -3.12305 -35.4112 5.1
    endloop
  endfacet
  facet normal 0.997859 0.0653996 -2.02808e-18
    outer loop
      vertex -3.12305 -35.4112 -0.0999994
      vertex -3.15 -35 -0.4
      vertex -3.15 -35 -0.0999994
    endloop
  endfacet
  facet normal 0.997859 0.0653996 -2.02808e-18
    outer loop
      vertex -3.15 -35 -0.4
      vertex -3.12305 -35.4112 -0.0999994
      vertex -3.12305 -35.4112 -0.4
    endloop
  endfacet
  facet normal 0.997859 0.0653996 -1.69007e-19
    outer loop
      vertex -3.12305 -35.4112 4.3
      vertex -3.15 -35 0.700001
      vertex -3.15 -35 4.3
    endloop
  endfacet
  facet normal 0.997859 0.0653996 -1.69007e-19
    outer loop
      vertex -3.15 -35 0.700001
      vertex -3.12305 -35.4112 4.3
      vertex -3.12305 -35.4112 0.700001
    endloop
  endfacet
  facet normal -0.946934 -0.321428 -5.23486e-18
    outer loop
      vertex 3.04267 -34.1847 5.1
      vertex 2.91022 -33.7945 5.4
      vertex 2.91022 -33.7945 5.1
    endloop
  endfacet
  facet normal -0.946934 -0.321428 -5.23486e-18
    outer loop
      vertex 2.91022 -33.7945 5.4
      vertex 3.04267 -34.1847 5.1
      vertex 3.04267 -34.1847 5.4
    endloop
  endfacet
  facet normal -0.946934 -0.321428 -5.23485e-18
    outer loop
      vertex 3.04267 -34.1847 -0.4
      vertex 2.91022 -33.7945 -0.0999994
      vertex 2.91022 -33.7945 -0.4
    endloop
  endfacet
  facet normal -0.946934 -0.321428 -5.23485e-18
    outer loop
      vertex 2.91022 -33.7945 -0.0999994
      vertex 3.04267 -34.1847 -0.4
      vertex 3.04267 -34.1847 -0.0999994
    endloop
  endfacet
  facet normal -0.946934 -0.321428 -4.36238e-19
    outer loop
      vertex 3.04267 -34.1847 0.700001
      vertex 2.91022 -33.7945 4.3
      vertex 2.91022 -33.7945 0.700001
    endloop
  endfacet
  facet normal -0.946934 -0.321428 -4.36238e-19
    outer loop
      vertex 2.91022 -33.7945 4.3
      vertex 3.04267 -34.1847 0.700001
      vertex 3.04267 -34.1847 4.3
    endloop
  endfacet
  facet normal -0.980786 -0.195089 9.01821e-18
    outer loop
      vertex 3.12305 -34.5888 5.1
      vertex 3.04267 -34.1847 5.4
      vertex 3.04267 -34.1847 5.1
    endloop
  endfacet
  facet normal -0.980786 -0.195089 9.01821e-18
    outer loop
      vertex 3.04267 -34.1847 5.4
      vertex 3.12305 -34.5888 5.1
      vertex 3.12305 -34.5888 5.4
    endloop
  endfacet
  facet normal -0.980786 -0.195089 9.01819e-18
    outer loop
      vertex 3.12305 -34.5888 -0.4
      vertex 3.04267 -34.1847 -0.0999994
      vertex 3.04267 -34.1847 -0.4
    endloop
  endfacet
  facet normal -0.980786 -0.195089 9.01819e-18
    outer loop
      vertex 3.04267 -34.1847 -0.0999994
      vertex 3.12305 -34.5888 -0.4
      vertex 3.12305 -34.5888 -0.0999994
    endloop
  endfacet
  facet normal -0.980786 -0.195089 7.51517e-19
    outer loop
      vertex 3.12305 -34.5888 0.700001
      vertex 3.04267 -34.1847 4.3
      vertex 3.04267 -34.1847 0.700001
    endloop
  endfacet
  facet normal -0.980786 -0.195089 7.51517e-19
    outer loop
      vertex 3.04267 -34.1847 4.3
      vertex 3.12305 -34.5888 0.700001
      vertex 3.12305 -34.5888 4.3
    endloop
  endfacet
  facet normal -0.195125 -0.980778 0
    outer loop
      vertex 0.411157 -31.8769 5.1
      vertex 0.81528 -31.9573 5.4
      vertex 0.411157 -31.8769 5.4
    endloop
  endfacet
  facet normal -0.195125 -0.980778 -0
    outer loop
      vertex 0.81528 -31.9573 5.4
      vertex 0.411157 -31.8769 5.1
      vertex 0.81528 -31.9573 5.1
    endloop
  endfacet
  facet normal -0.195125 -0.980778 0
    outer loop
      vertex 0.411157 -31.8769 -0.4
      vertex 0.81528 -31.9573 -0.0999994
      vertex 0.411157 -31.8769 -0.0999994
    endloop
  endfacet
  facet normal -0.195125 -0.980778 -0
    outer loop
      vertex 0.81528 -31.9573 -0.0999994
      vertex 0.411157 -31.8769 -0.4
      vertex 0.81528 -31.9573 -0.4
    endloop
  endfacet
  facet normal -0.195125 -0.980778 0
    outer loop
      vertex 0.411157 -31.8769 0.700001
      vertex 0.81528 -31.9573 4.3
      vertex 0.411157 -31.8769 4.3
    endloop
  endfacet
  facet normal -0.195125 -0.980778 -0
    outer loop
      vertex 0.81528 -31.9573 4.3
      vertex 0.411157 -31.8769 0.700001
      vertex 0.81528 -31.9573 0.700001
    endloop
  endfacet
  facet normal 0.980786 -0.195089 -9.01821e-18
    outer loop
      vertex -3.12305 -34.5888 5.4
      vertex -3.04267 -34.1847 5.1
      vertex -3.04267 -34.1847 5.4
    endloop
  endfacet
  facet normal 0.980786 -0.195089 -9.01821e-18
    outer loop
      vertex -3.04267 -34.1847 5.1
      vertex -3.12305 -34.5888 5.4
      vertex -3.12305 -34.5888 5.1
    endloop
  endfacet
  facet normal 0.980786 -0.195089 -9.01819e-18
    outer loop
      vertex -3.12305 -34.5888 -0.0999994
      vertex -3.04267 -34.1847 -0.4
      vertex -3.04267 -34.1847 -0.0999994
    endloop
  endfacet
  facet normal 0.980786 -0.195089 -9.01819e-18
    outer loop
      vertex -3.04267 -34.1847 -0.4
      vertex -3.12305 -34.5888 -0.0999994
      vertex -3.12305 -34.5888 -0.4
    endloop
  endfacet
  facet normal 0.980786 -0.195089 -7.51517e-19
    outer loop
      vertex -3.12305 -34.5888 4.3
      vertex -3.04267 -34.1847 0.700001
      vertex -3.04267 -34.1847 4.3
    endloop
  endfacet
  facet normal 0.980786 -0.195089 -7.51517e-19
    outer loop
      vertex -3.04267 -34.1847 0.700001
      vertex -3.12305 -34.5888 4.3
      vertex -3.12305 -34.5888 0.700001
    endloop
  endfacet
  facet normal -0.997859 0.0653996 2.02809e-18
    outer loop
      vertex 3.12305 -35.4112 5.1
      vertex 3.15 -35 5.4
      vertex 3.15 -35 5.1
    endloop
  endfacet
  facet normal -0.997859 0.0653996 2.02809e-18
    outer loop
      vertex 3.15 -35 5.4
      vertex 3.12305 -35.4112 5.1
      vertex 3.12305 -35.4112 5.4
    endloop
  endfacet
  facet normal -0.997859 0.0653996 2.02808e-18
    outer loop
      vertex 3.12305 -35.4112 -0.4
      vertex 3.15 -35 -0.0999994
      vertex 3.15 -35 -0.4
    endloop
  endfacet
  facet normal -0.997859 0.0653996 2.02808e-18
    outer loop
      vertex 3.15 -35 -0.0999994
      vertex 3.12305 -35.4112 -0.4
      vertex 3.12305 -35.4112 -0.0999994
    endloop
  endfacet
  facet normal -0.997859 0.0653996 1.69007e-19
    outer loop
      vertex 3.12305 -35.4112 0.700001
      vertex 3.15 -35 4.3
      vertex 3.15 -35 0.700001
    endloop
  endfacet
  facet normal -0.997859 0.0653996 1.69007e-19
    outer loop
      vertex 3.15 -35 4.3
      vertex 3.12305 -35.4112 0.700001
      vertex 3.12305 -35.4112 4.3
    endloop
  endfacet
  facet normal -0.0652856 0.997867 0
    outer loop
      vertex 0.411157 -38.1231 5.1
      vertex 0 -38.15 5.4
      vertex 0.411157 -38.1231 5.4
    endloop
  endfacet
  facet normal -0.0652856 0.997867 0
    outer loop
      vertex 0 -38.15 5.4
      vertex 0.411157 -38.1231 5.1
      vertex 0 -38.15 5.1
    endloop
  endfacet
  facet normal -0.0652856 0.997867 0
    outer loop
      vertex 0.411157 -38.1231 -0.4
      vertex 0 -38.15 -0.0999994
      vertex 0.411157 -38.1231 -0.0999994
    endloop
  endfacet
  facet normal -0.0652856 0.997867 0
    outer loop
      vertex 0 -38.15 -0.0999994
      vertex 0.411157 -38.1231 -0.4
      vertex 0 -38.15 -0.4
    endloop
  endfacet
  facet normal -0.0652856 0.997867 0
    outer loop
      vertex 0.411157 -38.1231 0.700001
      vertex 0 -38.15 4.3
      vertex 0.411157 -38.1231 4.3
    endloop
  endfacet
  facet normal -0.0652856 0.997867 0
    outer loop
      vertex 0 -38.15 4.3
      vertex 0.411157 -38.1231 0.700001
      vertex 0 -38.15 0.700001
    endloop
  endfacet
  facet normal -0.659375 0.751814 0
    outer loop
      vertex 2.22739 -37.2274 5.1
      vertex 1.9176 -37.4991 5.4
      vertex 2.22739 -37.2274 5.4
    endloop
  endfacet
  facet normal -0.659375 0.751814 0
    outer loop
      vertex 1.9176 -37.4991 5.4
      vertex 2.22739 -37.2274 5.1
      vertex 1.9176 -37.4991 5.1
    endloop
  endfacet
  facet normal -0.659375 0.751814 0
    outer loop
      vertex 2.22739 -37.2274 -0.4
      vertex 1.9176 -37.4991 -0.0999994
      vertex 2.22739 -37.2274 -0.0999994
    endloop
  endfacet
  facet normal -0.659375 0.751814 0
    outer loop
      vertex 1.9176 -37.4991 -0.0999994
      vertex 2.22739 -37.2274 -0.4
      vertex 1.9176 -37.4991 -0.4
    endloop
  endfacet
  facet normal -0.659375 0.751814 0
    outer loop
      vertex 2.22739 -37.2274 0.700001
      vertex 1.9176 -37.4991 4.3
      vertex 2.22739 -37.2274 4.3
    endloop
  endfacet
  facet normal -0.659375 0.751814 0
    outer loop
      vertex 1.9176 -37.4991 4.3
      vertex 2.22739 -37.2274 0.700001
      vertex 1.9176 -37.4991 0.700001
    endloop
  endfacet
  facet normal -0.831467 0.555574 -5.29546e-17
    outer loop
      vertex 2.49906 -36.9176 5.1
      vertex 2.72798 -36.575 5.4
      vertex 2.72798 -36.575 5.1
    endloop
  endfacet
  facet normal -0.831467 0.555574 -5.29546e-17
    outer loop
      vertex 2.72798 -36.575 5.4
      vertex 2.49906 -36.9176 5.1
      vertex 2.49906 -36.9176 5.4
    endloop
  endfacet
  facet normal -0.831467 0.555574 -5.29545e-17
    outer loop
      vertex 2.49906 -36.9176 -0.4
      vertex 2.72798 -36.575 -0.0999994
      vertex 2.72798 -36.575 -0.4
    endloop
  endfacet
  facet normal -0.831467 0.555574 -5.29545e-17
    outer loop
      vertex 2.72798 -36.575 -0.0999994
      vertex 2.49906 -36.9176 -0.4
      vertex 2.49906 -36.9176 -0.0999994
    endloop
  endfacet
  facet normal -0.831467 0.555574 -4.41289e-18
    outer loop
      vertex 2.49906 -36.9176 0.700001
      vertex 2.72798 -36.575 4.3
      vertex 2.72798 -36.575 0.700001
    endloop
  endfacet
  facet normal -0.831467 0.555574 -4.41289e-18
    outer loop
      vertex 2.72798 -36.575 4.3
      vertex 2.49906 -36.9176 0.700001
      vertex 2.49906 -36.9176 4.3
    endloop
  endfacet
  facet normal -0.980786 0.195089 -9.01821e-18
    outer loop
      vertex 3.04267 -35.8153 5.1
      vertex 3.12305 -35.4112 5.4
      vertex 3.12305 -35.4112 5.1
    endloop
  endfacet
  facet normal -0.980786 0.195089 -9.01821e-18
    outer loop
      vertex 3.12305 -35.4112 5.4
      vertex 3.04267 -35.8153 5.1
      vertex 3.04267 -35.8153 5.4
    endloop
  endfacet
  facet normal -0.980786 0.195089 -9.01819e-18
    outer loop
      vertex 3.04267 -35.8153 -0.4
      vertex 3.12305 -35.4112 -0.0999994
      vertex 3.12305 -35.4112 -0.4
    endloop
  endfacet
  facet normal -0.980786 0.195089 -9.01819e-18
    outer loop
      vertex 3.12305 -35.4112 -0.0999994
      vertex 3.04267 -35.8153 -0.4
      vertex 3.04267 -35.8153 -0.0999994
    endloop
  endfacet
  facet normal -0.980786 0.195089 -7.51517e-19
    outer loop
      vertex 3.04267 -35.8153 0.700001
      vertex 3.12305 -35.4112 4.3
      vertex 3.12305 -35.4112 0.700001
    endloop
  endfacet
  facet normal -0.980786 0.195089 -7.51517e-19
    outer loop
      vertex 3.12305 -35.4112 4.3
      vertex 3.04267 -35.8153 0.700001
      vertex 3.04267 -35.8153 4.3
    endloop
  endfacet
  facet normal 0.55554 0.83149 -0
    outer loop
      vertex -1.575 -37.728 5.1
      vertex -1.9176 -37.4991 5.4
      vertex -1.575 -37.728 5.4
    endloop
  endfacet
  facet normal 0.55554 0.83149 0
    outer loop
      vertex -1.9176 -37.4991 5.4
      vertex -1.575 -37.728 5.1
      vertex -1.9176 -37.4991 5.1
    endloop
  endfacet
  facet normal 0.55554 0.83149 -0
    outer loop
      vertex -1.575 -37.728 -0.4
      vertex -1.9176 -37.4991 -0.0999994
      vertex -1.575 -37.728 -0.0999994
    endloop
  endfacet
  facet normal 0.55554 0.83149 0
    outer loop
      vertex -1.9176 -37.4991 -0.0999994
      vertex -1.575 -37.728 -0.4
      vertex -1.9176 -37.4991 -0.4
    endloop
  endfacet
  facet normal 0.55554 0.83149 -0
    outer loop
      vertex -1.575 -37.728 0.700001
      vertex -1.9176 -37.4991 4.3
      vertex -1.575 -37.728 4.3
    endloop
  endfacet
  facet normal 0.55554 0.83149 0
    outer loop
      vertex -1.9176 -37.4991 4.3
      vertex -1.575 -37.728 0.700001
      vertex -1.9176 -37.4991 0.700001
    endloop
  endfacet
  facet normal 0.659375 0.751814 -0
    outer loop
      vertex -1.9176 -37.4991 5.1
      vertex -2.22739 -37.2274 5.4
      vertex -1.9176 -37.4991 5.4
    endloop
  endfacet
  facet normal 0.659375 0.751814 0
    outer loop
      vertex -2.22739 -37.2274 5.4
      vertex -1.9176 -37.4991 5.1
      vertex -2.22739 -37.2274 5.1
    endloop
  endfacet
  facet normal 0.659375 0.751814 -0
    outer loop
      vertex -1.9176 -37.4991 -0.4
      vertex -2.22739 -37.2274 -0.0999994
      vertex -1.9176 -37.4991 -0.0999994
    endloop
  endfacet
  facet normal 0.659375 0.751814 0
    outer loop
      vertex -2.22739 -37.2274 -0.0999994
      vertex -1.9176 -37.4991 -0.4
      vertex -2.22739 -37.2274 -0.4
    endloop
  endfacet
  facet normal 0.659375 0.751814 -0
    outer loop
      vertex -1.9176 -37.4991 0.700001
      vertex -2.22739 -37.2274 4.3
      vertex -1.9176 -37.4991 4.3
    endloop
  endfacet
  facet normal 0.659375 0.751814 0
    outer loop
      vertex -2.22739 -37.2274 4.3
      vertex -1.9176 -37.4991 0.700001
      vertex -2.22739 -37.2274 0.700001
    endloop
  endfacet
  facet normal 0.442207 0.896913 -0
    outer loop
      vertex -1.20545 -37.9102 5.1
      vertex -1.575 -37.728 5.4
      vertex -1.20545 -37.9102 5.4
    endloop
  endfacet
  facet normal 0.442207 0.896913 0
    outer loop
      vertex -1.575 -37.728 5.4
      vertex -1.20545 -37.9102 5.1
      vertex -1.575 -37.728 5.1
    endloop
  endfacet
  facet normal 0.442207 0.896913 -0
    outer loop
      vertex -1.20545 -37.9102 -0.4
      vertex -1.575 -37.728 -0.0999994
      vertex -1.20545 -37.9102 -0.0999994
    endloop
  endfacet
  facet normal 0.442207 0.896913 0
    outer loop
      vertex -1.575 -37.728 -0.0999994
      vertex -1.20545 -37.9102 -0.4
      vertex -1.575 -37.728 -0.4
    endloop
  endfacet
  facet normal 0.442207 0.896913 -0
    outer loop
      vertex -1.20545 -37.9102 0.700001
      vertex -1.575 -37.728 4.3
      vertex -1.20545 -37.9102 4.3
    endloop
  endfacet
  facet normal 0.442207 0.896913 0
    outer loop
      vertex -1.575 -37.728 4.3
      vertex -1.20545 -37.9102 0.700001
      vertex -1.575 -37.728 0.700001
    endloop
  endfacet
  facet normal 0.0652856 0.997867 -0
    outer loop
      vertex 0 -38.15 5.1
      vertex -0.411157 -38.1231 5.4
      vertex 0 -38.15 5.4
    endloop
  endfacet
  facet normal 0.0652856 0.997867 0
    outer loop
      vertex -0.411157 -38.1231 5.4
      vertex 0 -38.15 5.1
      vertex -0.411157 -38.1231 5.1
    endloop
  endfacet
  facet normal 0.0652856 0.997867 -0
    outer loop
      vertex 0 -38.15 -0.4
      vertex -0.411157 -38.1231 -0.0999994
      vertex 0 -38.15 -0.0999994
    endloop
  endfacet
  facet normal 0.0652856 0.997867 0
    outer loop
      vertex -0.411157 -38.1231 -0.0999994
      vertex 0 -38.15 -0.4
      vertex -0.411157 -38.1231 -0.4
    endloop
  endfacet
  facet normal 0.0652856 0.997867 -0
    outer loop
      vertex 0 -38.15 0.700001
      vertex -0.411157 -38.1231 4.3
      vertex 0 -38.15 4.3
    endloop
  endfacet
  facet normal 0.0652856 0.997867 0
    outer loop
      vertex -0.411157 -38.1231 4.3
      vertex 0 -38.15 0.700001
      vertex -0.411157 -38.1231 0.700001
    endloop
  endfacet
  facet normal 0.751861 0.659322 2.02827e-17
    outer loop
      vertex -2.22739 -37.2274 5.4
      vertex -2.49906 -36.9176 5.1
      vertex -2.49906 -36.9176 5.4
    endloop
  endfacet
  facet normal 0.751861 0.659322 2.02827e-17
    outer loop
      vertex -2.49906 -36.9176 5.1
      vertex -2.22739 -37.2274 5.4
      vertex -2.22739 -37.2274 5.1
    endloop
  endfacet
  facet normal 0.751861 0.659322 2.02827e-17
    outer loop
      vertex -2.22739 -37.2274 -0.0999994
      vertex -2.49906 -36.9176 -0.4
      vertex -2.49906 -36.9176 -0.0999994
    endloop
  endfacet
  facet normal 0.751861 0.659322 2.02827e-17
    outer loop
      vertex -2.49906 -36.9176 -0.4
      vertex -2.22739 -37.2274 -0.0999994
      vertex -2.22739 -37.2274 -0.4
    endloop
  endfacet
  facet normal 0.751861 0.659322 1.69023e-18
    outer loop
      vertex -2.22739 -37.2274 4.3
      vertex -2.49906 -36.9176 0.700001
      vertex -2.49906 -36.9176 4.3
    endloop
  endfacet
  facet normal 0.751861 0.659322 1.69023e-18
    outer loop
      vertex -2.49906 -36.9176 0.700001
      vertex -2.22739 -37.2274 4.3
      vertex -2.22739 -37.2274 0.700001
    endloop
  endfacet
  facet normal -0.751861 -0.659322 2.02827e-17
    outer loop
      vertex 2.49906 -33.0824 5.1
      vertex 2.22739 -32.7726 5.4
      vertex 2.22739 -32.7726 5.1
    endloop
  endfacet
  facet normal -0.751861 -0.659322 2.02827e-17
    outer loop
      vertex 2.22739 -32.7726 5.4
      vertex 2.49906 -33.0824 5.1
      vertex 2.49906 -33.0824 5.4
    endloop
  endfacet
  facet normal -0.751861 -0.659322 2.02827e-17
    outer loop
      vertex 2.49906 -33.0824 -0.4
      vertex 2.22739 -32.7726 -0.0999994
      vertex 2.22739 -32.7726 -0.4
    endloop
  endfacet
  facet normal -0.751861 -0.659322 2.02827e-17
    outer loop
      vertex 2.22739 -32.7726 -0.0999994
      vertex 2.49906 -33.0824 -0.4
      vertex 2.49906 -33.0824 -0.0999994
    endloop
  endfacet
  facet normal -0.751861 -0.659322 1.69023e-18
    outer loop
      vertex 2.49906 -33.0824 0.700001
      vertex 2.22739 -32.7726 4.3
      vertex 2.22739 -32.7726 0.700001
    endloop
  endfacet
  facet normal -0.751861 -0.659322 1.69023e-18
    outer loop
      vertex 2.22739 -32.7726 4.3
      vertex 2.49906 -33.0824 0.700001
      vertex 2.49906 -33.0824 4.3
    endloop
  endfacet
  facet normal -0.321559 -0.946889 0
    outer loop
      vertex 0.81528 -31.9573 5.1
      vertex 1.20545 -32.0898 5.4
      vertex 0.81528 -31.9573 5.4
    endloop
  endfacet
  facet normal -0.321559 -0.946889 -0
    outer loop
      vertex 1.20545 -32.0898 5.4
      vertex 0.81528 -31.9573 5.1
      vertex 1.20545 -32.0898 5.1
    endloop
  endfacet
  facet normal -0.321559 -0.946889 0
    outer loop
      vertex 0.81528 -31.9573 -0.4
      vertex 1.20545 -32.0898 -0.0999994
      vertex 0.81528 -31.9573 -0.0999994
    endloop
  endfacet
  facet normal -0.321559 -0.946889 -0
    outer loop
      vertex 1.20545 -32.0898 -0.0999994
      vertex 0.81528 -31.9573 -0.4
      vertex 1.20545 -32.0898 -0.4
    endloop
  endfacet
  facet normal -0.321559 -0.946889 0
    outer loop
      vertex 0.81528 -31.9573 0.700001
      vertex 1.20545 -32.0898 4.3
      vertex 0.81528 -31.9573 4.3
    endloop
  endfacet
  facet normal -0.321559 -0.946889 -0
    outer loop
      vertex 1.20545 -32.0898 4.3
      vertex 0.81528 -31.9573 0.700001
      vertex 1.20545 -32.0898 0.700001
    endloop
  endfacet
  facet normal 0.751861 -0.659322 -2.02827e-17
    outer loop
      vertex -2.49906 -33.0824 5.4
      vertex -2.22739 -32.7726 5.1
      vertex -2.22739 -32.7726 5.4
    endloop
  endfacet
  facet normal 0.751861 -0.659322 -2.02827e-17
    outer loop
      vertex -2.22739 -32.7726 5.1
      vertex -2.49906 -33.0824 5.4
      vertex -2.49906 -33.0824 5.1
    endloop
  endfacet
  facet normal 0.751861 -0.659322 -2.02827e-17
    outer loop
      vertex -2.49906 -33.0824 -0.0999994
      vertex -2.22739 -32.7726 -0.4
      vertex -2.22739 -32.7726 -0.0999994
    endloop
  endfacet
  facet normal 0.751861 -0.659322 -2.02827e-17
    outer loop
      vertex -2.22739 -32.7726 -0.4
      vertex -2.49906 -33.0824 -0.0999994
      vertex -2.49906 -33.0824 -0.4
    endloop
  endfacet
  facet normal 0.751861 -0.659322 -1.69023e-18
    outer loop
      vertex -2.49906 -33.0824 4.3
      vertex -2.22739 -32.7726 0.700001
      vertex -2.22739 -32.7726 4.3
    endloop
  endfacet
  facet normal 0.751861 -0.659322 -1.69023e-18
    outer loop
      vertex -2.22739 -32.7726 0.700001
      vertex -2.49906 -33.0824 4.3
      vertex -2.49906 -33.0824 0.700001
    endloop
  endfacet
  facet normal 0.946934 -0.321428 5.23486e-18
    outer loop
      vertex -3.04267 -34.1847 5.4
      vertex -2.91022 -33.7945 5.1
      vertex -2.91022 -33.7945 5.4
    endloop
  endfacet
  facet normal 0.946934 -0.321428 5.23486e-18
    outer loop
      vertex -2.91022 -33.7945 5.1
      vertex -3.04267 -34.1847 5.4
      vertex -3.04267 -34.1847 5.1
    endloop
  endfacet
  facet normal 0.946934 -0.321428 5.23485e-18
    outer loop
      vertex -3.04267 -34.1847 -0.0999994
      vertex -2.91022 -33.7945 -0.4
      vertex -2.91022 -33.7945 -0.0999994
    endloop
  endfacet
  facet normal 0.946934 -0.321428 5.23485e-18
    outer loop
      vertex -2.91022 -33.7945 -0.4
      vertex -3.04267 -34.1847 -0.0999994
      vertex -3.04267 -34.1847 -0.4
    endloop
  endfacet
  facet normal 0.946934 -0.321428 4.36238e-19
    outer loop
      vertex -3.04267 -34.1847 4.3
      vertex -2.91022 -33.7945 0.700001
      vertex -2.91022 -33.7945 4.3
    endloop
  endfacet
  facet normal 0.946934 -0.321428 4.36238e-19
    outer loop
      vertex -2.91022 -33.7945 0.700001
      vertex -3.04267 -34.1847 4.3
      vertex -3.04267 -34.1847 0.700001
    endloop
  endfacet
  facet normal 0.55554 -0.83149 0
    outer loop
      vertex -1.9176 -32.5009 5.1
      vertex -1.575 -32.272 5.4
      vertex -1.9176 -32.5009 5.4
    endloop
  endfacet
  facet normal 0.55554 -0.83149 0
    outer loop
      vertex -1.575 -32.272 5.4
      vertex -1.9176 -32.5009 5.1
      vertex -1.575 -32.272 5.1
    endloop
  endfacet
  facet normal 0.55554 -0.83149 0
    outer loop
      vertex -1.9176 -32.5009 -0.4
      vertex -1.575 -32.272 -0.0999994
      vertex -1.9176 -32.5009 -0.0999994
    endloop
  endfacet
  facet normal 0.55554 -0.83149 0
    outer loop
      vertex -1.575 -32.272 -0.0999994
      vertex -1.9176 -32.5009 -0.4
      vertex -1.575 -32.272 -0.4
    endloop
  endfacet
  facet normal 0.55554 -0.83149 0
    outer loop
      vertex -1.9176 -32.5009 0.700001
      vertex -1.575 -32.272 4.3
      vertex -1.9176 -32.5009 4.3
    endloop
  endfacet
  facet normal 0.55554 -0.83149 0
    outer loop
      vertex -1.575 -32.272 4.3
      vertex -1.9176 -32.5009 0.700001
      vertex -1.575 -32.272 0.700001
    endloop
  endfacet
  facet normal 0.195125 -0.980778 0
    outer loop
      vertex -0.81528 -31.9573 5.1
      vertex -0.411157 -31.8769 5.4
      vertex -0.81528 -31.9573 5.4
    endloop
  endfacet
  facet normal 0.195125 -0.980778 0
    outer loop
      vertex -0.411157 -31.8769 5.4
      vertex -0.81528 -31.9573 5.1
      vertex -0.411157 -31.8769 5.1
    endloop
  endfacet
  facet normal 0.195125 -0.980778 0
    outer loop
      vertex -0.81528 -31.9573 -0.4
      vertex -0.411157 -31.8769 -0.0999994
      vertex -0.81528 -31.9573 -0.0999994
    endloop
  endfacet
  facet normal 0.195125 -0.980778 0
    outer loop
      vertex -0.411157 -31.8769 -0.0999994
      vertex -0.81528 -31.9573 -0.4
      vertex -0.411157 -31.8769 -0.4
    endloop
  endfacet
  facet normal 0.195125 -0.980778 0
    outer loop
      vertex -0.81528 -31.9573 0.700001
      vertex -0.411157 -31.8769 4.3
      vertex -0.81528 -31.9573 4.3
    endloop
  endfacet
  facet normal 0.195125 -0.980778 0
    outer loop
      vertex -0.411157 -31.8769 4.3
      vertex -0.81528 -31.9573 0.700001
      vertex -0.411157 -31.8769 0.700001
    endloop
  endfacet
  facet normal -0.195125 0.980778 0
    outer loop
      vertex 0.81528 -38.0427 5.1
      vertex 0.411157 -38.1231 5.4
      vertex 0.81528 -38.0427 5.4
    endloop
  endfacet
  facet normal -0.195125 0.980778 0
    outer loop
      vertex 0.411157 -38.1231 5.4
      vertex 0.81528 -38.0427 5.1
      vertex 0.411157 -38.1231 5.1
    endloop
  endfacet
  facet normal -0.195125 0.980778 0
    outer loop
      vertex 0.81528 -38.0427 -0.4
      vertex 0.411157 -38.1231 -0.0999994
      vertex 0.81528 -38.0427 -0.0999994
    endloop
  endfacet
  facet normal -0.195125 0.980778 0
    outer loop
      vertex 0.411157 -38.1231 -0.0999994
      vertex 0.81528 -38.0427 -0.4
      vertex 0.411157 -38.1231 -0.4
    endloop
  endfacet
  facet normal -0.195125 0.980778 0
    outer loop
      vertex 0.81528 -38.0427 0.700001
      vertex 0.411157 -38.1231 4.3
      vertex 0.81528 -38.0427 4.3
    endloop
  endfacet
  facet normal -0.195125 0.980778 0
    outer loop
      vertex 0.411157 -38.1231 4.3
      vertex 0.81528 -38.0427 0.700001
      vertex 0.411157 -38.1231 0.700001
    endloop
  endfacet
  facet normal -0.442207 0.896913 0
    outer loop
      vertex 1.575 -37.728 5.1
      vertex 1.20545 -37.9102 5.4
      vertex 1.575 -37.728 5.4
    endloop
  endfacet
  facet normal -0.442207 0.896913 0
    outer loop
      vertex 1.20545 -37.9102 5.4
      vertex 1.575 -37.728 5.1
      vertex 1.20545 -37.9102 5.1
    endloop
  endfacet
  facet normal -0.442207 0.896913 0
    outer loop
      vertex 1.575 -37.728 -0.4
      vertex 1.20545 -37.9102 -0.0999994
      vertex 1.575 -37.728 -0.0999994
    endloop
  endfacet
  facet normal -0.442207 0.896913 0
    outer loop
      vertex 1.20545 -37.9102 -0.0999994
      vertex 1.575 -37.728 -0.4
      vertex 1.20545 -37.9102 -0.4
    endloop
  endfacet
  facet normal -0.442207 0.896913 0
    outer loop
      vertex 1.575 -37.728 0.700001
      vertex 1.20545 -37.9102 4.3
      vertex 1.575 -37.728 4.3
    endloop
  endfacet
  facet normal -0.442207 0.896913 0
    outer loop
      vertex 1.20545 -37.9102 4.3
      vertex 1.575 -37.728 0.700001
      vertex 1.20545 -37.9102 0.700001
    endloop
  endfacet
  facet normal -0.896851 0.442333 5.14802e-17
    outer loop
      vertex 2.72798 -36.575 5.1
      vertex 2.91022 -36.2055 5.4
      vertex 2.91022 -36.2055 5.1
    endloop
  endfacet
  facet normal -0.896851 0.442333 5.14802e-17
    outer loop
      vertex 2.91022 -36.2055 5.4
      vertex 2.72798 -36.575 5.1
      vertex 2.72798 -36.575 5.4
    endloop
  endfacet
  facet normal -0.896851 0.442333 5.14801e-17
    outer loop
      vertex 2.72798 -36.575 -0.4
      vertex 2.91022 -36.2055 -0.0999994
      vertex 2.91022 -36.2055 -0.4
    endloop
  endfacet
  facet normal -0.896851 0.442333 5.14801e-17
    outer loop
      vertex 2.91022 -36.2055 -0.0999994
      vertex 2.72798 -36.575 -0.4
      vertex 2.72798 -36.575 -0.0999994
    endloop
  endfacet
  facet normal -0.896851 0.442333 4.29002e-18
    outer loop
      vertex 2.72798 -36.575 0.700001
      vertex 2.91022 -36.2055 4.3
      vertex 2.91022 -36.2055 0.700001
    endloop
  endfacet
  facet normal -0.896851 0.442333 4.29002e-18
    outer loop
      vertex 2.91022 -36.2055 4.3
      vertex 2.72798 -36.575 0.700001
      vertex 2.72798 -36.575 4.3
    endloop
  endfacet
  facet normal 0.195125 0.980778 -0
    outer loop
      vertex -0.411157 -38.1231 5.1
      vertex -0.81528 -38.0427 5.4
      vertex -0.411157 -38.1231 5.4
    endloop
  endfacet
  facet normal 0.195125 0.980778 0
    outer loop
      vertex -0.81528 -38.0427 5.4
      vertex -0.411157 -38.1231 5.1
      vertex -0.81528 -38.0427 5.1
    endloop
  endfacet
  facet normal 0.195125 0.980778 -0
    outer loop
      vertex -0.411157 -38.1231 -0.4
      vertex -0.81528 -38.0427 -0.0999994
      vertex -0.411157 -38.1231 -0.0999994
    endloop
  endfacet
  facet normal 0.195125 0.980778 0
    outer loop
      vertex -0.81528 -38.0427 -0.0999994
      vertex -0.411157 -38.1231 -0.4
      vertex -0.81528 -38.0427 -0.4
    endloop
  endfacet
  facet normal 0.195125 0.980778 -0
    outer loop
      vertex -0.411157 -38.1231 0.700001
      vertex -0.81528 -38.0427 4.3
      vertex -0.411157 -38.1231 4.3
    endloop
  endfacet
  facet normal 0.195125 0.980778 0
    outer loop
      vertex -0.81528 -38.0427 4.3
      vertex -0.411157 -38.1231 0.700001
      vertex -0.81528 -38.0427 0.700001
    endloop
  endfacet
  facet normal 0.946934 0.321428 -5.23486e-18
    outer loop
      vertex -2.91022 -36.2055 5.4
      vertex -3.04267 -35.8153 5.1
      vertex -3.04267 -35.8153 5.4
    endloop
  endfacet
  facet normal 0.946934 0.321428 -5.23486e-18
    outer loop
      vertex -3.04267 -35.8153 5.1
      vertex -2.91022 -36.2055 5.4
      vertex -2.91022 -36.2055 5.1
    endloop
  endfacet
  facet normal 0.946934 0.321428 -5.23485e-18
    outer loop
      vertex -2.91022 -36.2055 -0.0999994
      vertex -3.04267 -35.8153 -0.4
      vertex -3.04267 -35.8153 -0.0999994
    endloop
  endfacet
  facet normal 0.946934 0.321428 -5.23485e-18
    outer loop
      vertex -3.04267 -35.8153 -0.4
      vertex -2.91022 -36.2055 -0.0999994
      vertex -2.91022 -36.2055 -0.4
    endloop
  endfacet
  facet normal 0.946934 0.321428 -4.36238e-19
    outer loop
      vertex -2.91022 -36.2055 4.3
      vertex -3.04267 -35.8153 0.700001
      vertex -3.04267 -35.8153 4.3
    endloop
  endfacet
  facet normal 0.946934 0.321428 -4.36238e-19
    outer loop
      vertex -3.04267 -35.8153 0.700001
      vertex -2.91022 -36.2055 4.3
      vertex -2.91022 -36.2055 0.700001
    endloop
  endfacet
  facet normal -0.946934 0.321428 5.23486e-18
    outer loop
      vertex 2.91022 -36.2055 5.1
      vertex 3.04267 -35.8153 5.4
      vertex 3.04267 -35.8153 5.1
    endloop
  endfacet
  facet normal -0.946934 0.321428 5.23486e-18
    outer loop
      vertex 3.04267 -35.8153 5.4
      vertex 2.91022 -36.2055 5.1
      vertex 2.91022 -36.2055 5.4
    endloop
  endfacet
  facet normal -0.946934 0.321428 5.23485e-18
    outer loop
      vertex 2.91022 -36.2055 -0.4
      vertex 3.04267 -35.8153 -0.0999994
      vertex 3.04267 -35.8153 -0.4
    endloop
  endfacet
  facet normal -0.946934 0.321428 5.23485e-18
    outer loop
      vertex 3.04267 -35.8153 -0.0999994
      vertex 2.91022 -36.2055 -0.4
      vertex 2.91022 -36.2055 -0.0999994
    endloop
  endfacet
  facet normal -0.946934 0.321428 4.36238e-19
    outer loop
      vertex 2.91022 -36.2055 0.700001
      vertex 3.04267 -35.8153 4.3
      vertex 3.04267 -35.8153 0.700001
    endloop
  endfacet
  facet normal -0.946934 0.321428 4.36238e-19
    outer loop
      vertex 3.04267 -35.8153 4.3
      vertex 2.91022 -36.2055 0.700001
      vertex 2.91022 -36.2055 4.3
    endloop
  endfacet
  facet normal -0.596552 0.294224 0.746698
    outer loop
      vertex 3.74171 33.4501 5.1
      vertex 2.91022 33.7945 4.3
      vertex 2.72798 33.425 4.3
    endloop
  endfacet
  facet normal -0.663735 -0.0435082 0.746702
    outer loop
      vertex 4.05 35 5.1
      vertex 4.01535 35.5286 5.1
      vertex 3.15 35 4.3
    endloop
  endfacet
  facet normal -0.663737 -0.0435013 0.7467
    outer loop
      vertex 3.15 35 4.3
      vertex 4.01535 35.5286 5.1
      vertex 3.12305 35.4112 4.3
    endloop
  endfacet
  facet normal 0.596555 0.294209 0.746701
    outer loop
      vertex -3.5074 32.975 5.1
      vertex -2.72798 33.425 4.3
      vertex -3.74171 33.4501 5.1
    endloop
  endfacet
  facet normal 0.129789 -0.652375 0.746701
    outer loop
      vertex -0.411157 38.1231 4.3
      vertex -0.52863 39.0154 5.1
      vertex -0.81528 38.0427 4.3
    endloop
  endfacet
  facet normal -0.596555 0.294209 0.746701
    outer loop
      vertex 3.5074 32.975 5.1
      vertex 3.74171 33.4501 5.1
      vertex 2.72798 33.425 4.3
    endloop
  endfacet
  facet normal -0.663735 0.0435082 0.746702
    outer loop
      vertex 4.01535 34.4714 5.1
      vertex 4.05 35 5.1
      vertex 3.15 35 4.3
    endloop
  endfacet
  facet normal -0.629864 0.213802 0.746699
    outer loop
      vertex 3.74171 33.4501 5.1
      vertex 3.04267 34.1847 4.3
      vertex 2.91022 33.7945 4.3
    endloop
  endfacet
  facet normal -0.294188 0.596575 0.746694
    outer loop
      vertex 2.025 31.4926 5.1
      vertex 1.575 32.272 4.3
      vertex 1.54987 31.2583 5.1
    endloop
  endfacet
  facet normal 0.213827 0.629867 0.74669
    outer loop
      vertex -1.04822 31.088 5.1
      vertex -0.81528 31.9573 4.3
      vertex -1.54987 31.2583 5.1
    endloop
  endfacet
  facet normal 0.652384 0.129767 0.746696
    outer loop
      vertex -3.04267 34.1847 4.3
      vertex -3.12305 34.5888 4.3
      vertex -4.01535 34.4714 5.1
    endloop
  endfacet
  facet normal 0.213886 0.629825 0.746708
    outer loop
      vertex -0.81528 31.9573 4.3
      vertex -1.20545 32.0898 4.3
      vertex -1.54987 31.2583 5.1
    endloop
  endfacet
  facet normal 0.553055 -0.369542 0.746705
    outer loop
      vertex -2.72798 36.575 4.3
      vertex -2.49906 36.9176 4.3
      vertex -3.21308 37.4655 5.1
    endloop
  endfacet
  facet normal -0.652384 0.129761 0.746698
    outer loop
      vertex 3.912 33.9518 5.1
      vertex 4.01535 34.4714 5.1
      vertex 3.04267 34.1847 4.3
    endloop
  endfacet
  facet normal -0.62987 0.213794 0.746697
    outer loop
      vertex 3.74171 33.4501 5.1
      vertex 3.912 33.9518 5.1
      vertex 3.04267 34.1847 4.3
    endloop
  endfacet
  facet normal -0.553067 0.369532 0.746701
    outer loop
      vertex 3.21308 32.5345 5.1
      vertex 3.5074 32.975 5.1
      vertex 2.72798 33.425 4.3
    endloop
  endfacet
  facet normal -0.663737 0.0435013 0.7467
    outer loop
      vertex 4.01535 34.4714 5.1
      vertex 3.15 35 4.3
      vertex 3.12305 34.5888 4.3
    endloop
  endfacet
  facet normal -0.294135 0.596584 0.746707
    outer loop
      vertex 1.54987 31.2583 5.1
      vertex 1.575 32.272 4.3
      vertex 1.20545 32.0898 4.3
    endloop
  endfacet
  facet normal -0.500089 0.438567 0.746706
    outer loop
      vertex 2.86378 32.1362 5.1
      vertex 3.21308 32.5345 5.1
      vertex 2.49906 33.0824 4.3
    endloop
  endfacet
  facet normal 0.553067 0.369532 0.746701
    outer loop
      vertex -3.21308 32.5345 5.1
      vertex -2.72798 33.425 4.3
      vertex -3.5074 32.975 5.1
    endloop
  endfacet
  facet normal 0.438589 0.500075 0.746702
    outer loop
      vertex -1.9176 32.5009 4.3
      vertex -2.22739 32.7726 4.3
      vertex -2.86378 32.1362 5.1
    endloop
  endfacet
  facet normal 0.294135 0.596584 0.746707
    outer loop
      vertex -1.54987 31.2583 5.1
      vertex -1.20545 32.0898 4.3
      vertex -1.575 32.272 4.3
    endloop
  endfacet
  facet normal 0.043443 0.663737 0.746704
    outer loop
      vertex 0 30.95 5.1
      vertex 0 31.85 4.3
      vertex -0.52863 30.9846 5.1
    endloop
  endfacet
  facet normal -0.369527 -0.55308 0.746694
    outer loop
      vertex 1.9176 37.4991 4.3
      vertex 2.46548 38.2131 5.1
      vertex 1.575 37.728 4.3
    endloop
  endfacet
  facet normal -0.596555 -0.294209 0.746701
    outer loop
      vertex 3.74171 36.5499 5.1
      vertex 3.5074 37.025 5.1
      vertex 2.72798 36.575 4.3
    endloop
  endfacet
  facet normal 0.294188 -0.596575 0.746694
    outer loop
      vertex -1.575 37.728 4.3
      vertex -1.54987 38.7417 5.1
      vertex -2.025 38.5074 5.1
    endloop
  endfacet
  facet normal 0.652384 -0.129761 0.746698
    outer loop
      vertex -3.04267 35.8153 4.3
      vertex -3.912 36.0482 5.1
      vertex -4.01535 35.5286 5.1
    endloop
  endfacet
  facet normal -0.652384 0.129767 0.746696
    outer loop
      vertex 4.01535 34.4714 5.1
      vertex 3.12305 34.5888 4.3
      vertex 3.04267 34.1847 4.3
    endloop
  endfacet
  facet normal -0.553055 0.369542 0.746705
    outer loop
      vertex 3.21308 32.5345 5.1
      vertex 2.72798 33.425 4.3
      vertex 2.49906 33.0824 4.3
    endloop
  endfacet
  facet normal -0.213886 0.629825 0.746708
    outer loop
      vertex 1.54987 31.2583 5.1
      vertex 1.20545 32.0898 4.3
      vertex 0.81528 31.9573 4.3
    endloop
  endfacet
  facet normal -0.0434255 0.663743 0.746699
    outer loop
      vertex 0.52863 30.9846 5.1
      vertex 0.411157 31.8769 4.3
      vertex 0 31.85 4.3
    endloop
  endfacet
  facet normal -0.369527 0.55308 0.746694
    outer loop
      vertex 2.46548 31.7869 5.1
      vertex 1.9176 32.5009 4.3
      vertex 1.575 32.272 4.3
    endloop
  endfacet
  facet normal -0.36953 0.553077 0.746695
    outer loop
      vertex 2.025 31.4926 5.1
      vertex 2.46548 31.7869 5.1
      vertex 1.575 32.272 4.3
    endloop
  endfacet
  facet normal -0.500108 0.438555 0.7467
    outer loop
      vertex 2.86378 32.1362 5.1
      vertex 2.49906 33.0824 4.3
      vertex 2.22739 32.7726 4.3
    endloop
  endfacet
  facet normal 0.62987 0.213794 0.746697
    outer loop
      vertex -3.74171 33.4501 5.1
      vertex -3.04267 34.1847 4.3
      vertex -3.912 33.9518 5.1
    endloop
  endfacet
  facet normal 0.652384 0.129761 0.746698
    outer loop
      vertex -3.912 33.9518 5.1
      vertex -3.04267 34.1847 4.3
      vertex -4.01535 34.4714 5.1
    endloop
  endfacet
  facet normal 0.553055 0.369542 0.746705
    outer loop
      vertex -2.49906 33.0824 4.3
      vertex -2.72798 33.425 4.3
      vertex -3.21308 32.5345 5.1
    endloop
  endfacet
  facet normal 0.438575 0.500098 0.746695
    outer loop
      vertex -2.46548 31.7869 5.1
      vertex -1.9176 32.5009 4.3
      vertex -2.86378 32.1362 5.1
    endloop
  endfacet
  facet normal 0.129789 0.652375 0.746701
    outer loop
      vertex -0.52863 30.9846 5.1
      vertex -0.411157 31.8769 4.3
      vertex -0.81528 31.9573 4.3
    endloop
  endfacet
  facet normal 0.129825 0.652378 0.746692
    outer loop
      vertex -0.52863 30.9846 5.1
      vertex -0.81528 31.9573 4.3
      vertex -1.04822 31.088 5.1
    endloop
  endfacet
  facet normal -0.043443 0.663737 0.746704
    outer loop
      vertex 0.52863 30.9846 5.1
      vertex 0 31.85 4.3
      vertex 0 30.95 5.1
    endloop
  endfacet
  facet normal -0.62987 -0.213794 0.746697
    outer loop
      vertex 3.912 36.0482 5.1
      vertex 3.74171 36.5499 5.1
      vertex 3.04267 35.8153 4.3
    endloop
  endfacet
  facet normal 0.213827 -0.629867 0.74669
    outer loop
      vertex -0.81528 38.0427 4.3
      vertex -1.04822 38.912 5.1
      vertex -1.54987 38.7417 5.1
    endloop
  endfacet
  facet normal 0.129825 -0.652378 0.746692
    outer loop
      vertex -0.81528 38.0427 4.3
      vertex -0.52863 39.0154 5.1
      vertex -1.04822 38.912 5.1
    endloop
  endfacet
  facet normal 0.500108 -0.438555 0.7467
    outer loop
      vertex -2.49906 36.9176 4.3
      vertex -2.22739 37.2274 4.3
      vertex -2.86378 37.8638 5.1
    endloop
  endfacet
  facet normal 0.36953 -0.553077 0.746695
    outer loop
      vertex -1.575 37.728 4.3
      vertex -2.025 38.5074 5.1
      vertex -2.46548 38.2131 5.1
    endloop
  endfacet
  facet normal 0.438575 -0.500098 0.746695
    outer loop
      vertex -1.9176 37.4991 4.3
      vertex -2.46548 38.2131 5.1
      vertex -2.86378 37.8638 5.1
    endloop
  endfacet
  facet normal 0.500089 -0.438567 0.746706
    outer loop
      vertex -2.49906 36.9176 4.3
      vertex -2.86378 37.8638 5.1
      vertex -3.21308 37.4655 5.1
    endloop
  endfacet
  facet normal 0.663735 0.0435082 0.746702
    outer loop
      vertex -4.01535 34.4714 5.1
      vertex -3.15 35 4.3
      vertex -4.05 35 5.1
    endloop
  endfacet
  facet normal 0.652384 -0.129767 0.746696
    outer loop
      vertex -3.12305 35.4112 4.3
      vertex -3.04267 35.8153 4.3
      vertex -4.01535 35.5286 5.1
    endloop
  endfacet
  facet normal -0.129825 0.652378 0.746692
    outer loop
      vertex 1.04822 31.088 5.1
      vertex 0.81528 31.9573 4.3
      vertex 0.52863 30.9846 5.1
    endloop
  endfacet
  facet normal -0.213827 0.629867 0.74669
    outer loop
      vertex 1.04822 31.088 5.1
      vertex 1.54987 31.2583 5.1
      vertex 0.81528 31.9573 4.3
    endloop
  endfacet
  facet normal -0.438589 0.500075 0.746702
    outer loop
      vertex 2.86378 32.1362 5.1
      vertex 2.22739 32.7726 4.3
      vertex 1.9176 32.5009 4.3
    endloop
  endfacet
  facet normal -0.438575 0.500098 0.746695
    outer loop
      vertex 2.46548 31.7869 5.1
      vertex 2.86378 32.1362 5.1
      vertex 1.9176 32.5009 4.3
    endloop
  endfacet
  facet normal 0.629864 0.213802 0.746699
    outer loop
      vertex -2.91022 33.7945 4.3
      vertex -3.04267 34.1847 4.3
      vertex -3.74171 33.4501 5.1
    endloop
  endfacet
  facet normal 0.500089 0.438567 0.746706
    outer loop
      vertex -2.86378 32.1362 5.1
      vertex -2.49906 33.0824 4.3
      vertex -3.21308 32.5345 5.1
    endloop
  endfacet
  facet normal 0.500108 0.438555 0.7467
    outer loop
      vertex -2.22739 32.7726 4.3
      vertex -2.49906 33.0824 4.3
      vertex -2.86378 32.1362 5.1
    endloop
  endfacet
  facet normal 0.294188 0.596575 0.746694
    outer loop
      vertex -1.54987 31.2583 5.1
      vertex -1.575 32.272 4.3
      vertex -2.025 31.4926 5.1
    endloop
  endfacet
  facet normal 0.0434255 0.663743 0.746699
    outer loop
      vertex 0 31.85 4.3
      vertex -0.411157 31.8769 4.3
      vertex -0.52863 30.9846 5.1
    endloop
  endfacet
  facet normal -0.129825 -0.652378 0.746692
    outer loop
      vertex 0.81528 38.0427 4.3
      vertex 1.04822 38.912 5.1
      vertex 0.52863 39.0154 5.1
    endloop
  endfacet
  facet normal -0.129789 -0.652375 0.746701
    outer loop
      vertex 0.81528 38.0427 4.3
      vertex 0.52863 39.0154 5.1
      vertex 0.411157 38.1231 4.3
    endloop
  endfacet
  facet normal -0.629864 -0.213802 0.746699
    outer loop
      vertex 3.04267 35.8153 4.3
      vertex 3.74171 36.5499 5.1
      vertex 2.91022 36.2055 4.3
    endloop
  endfacet
  facet normal -0.500089 -0.438567 0.746706
    outer loop
      vertex 3.21308 37.4655 5.1
      vertex 2.86378 37.8638 5.1
      vertex 2.49906 36.9176 4.3
    endloop
  endfacet
  facet normal -0.553055 -0.369542 0.746705
    outer loop
      vertex 2.72798 36.575 4.3
      vertex 3.21308 37.4655 5.1
      vertex 2.49906 36.9176 4.3
    endloop
  endfacet
  facet normal -0.553067 -0.369532 0.746701
    outer loop
      vertex 3.5074 37.025 5.1
      vertex 3.21308 37.4655 5.1
      vertex 2.72798 36.575 4.3
    endloop
  endfacet
  facet normal -0.500108 -0.438555 0.7467
    outer loop
      vertex 2.49906 36.9176 4.3
      vertex 2.86378 37.8638 5.1
      vertex 2.22739 37.2274 4.3
    endloop
  endfacet
  facet normal 0.213886 -0.629825 0.746708
    outer loop
      vertex -1.20545 37.9102 4.3
      vertex -0.81528 38.0427 4.3
      vertex -1.54987 38.7417 5.1
    endloop
  endfacet
  facet normal 0.369527 -0.55308 0.746694
    outer loop
      vertex -1.9176 37.4991 4.3
      vertex -1.575 37.728 4.3
      vertex -2.46548 38.2131 5.1
    endloop
  endfacet
  facet normal 0.663735 -0.0435082 0.746702
    outer loop
      vertex -3.15 35 4.3
      vertex -4.01535 35.5286 5.1
      vertex -4.05 35 5.1
    endloop
  endfacet
  facet normal 0 0 -1
    outer loop
      vertex 3.15 35 5.1
      vertex 4.05 35 5.1
      vertex 4.01535 34.4714 5.1
    endloop
  endfacet
  facet normal 0 0 -1
    outer loop
      vertex 3.12305 34.5888 5.1
      vertex 4.01535 34.4714 5.1
      vertex 3.912 33.9518 5.1
    endloop
  endfacet
  facet normal 0 0 -1
    outer loop
      vertex 4.05 35 5.1
      vertex 3.15 35 5.1
      vertex 4.01535 35.5286 5.1
    endloop
  endfacet
  facet normal 0 0 -1
    outer loop
      vertex 3.04267 34.1847 5.1
      vertex 3.912 33.9518 5.1
      vertex 3.74171 33.4501 5.1
    endloop
  endfacet
  facet normal 0 0 -1
    outer loop
      vertex 3.12305 35.4112 5.1
      vertex 4.01535 35.5286 5.1
      vertex 3.15 35 5.1
    endloop
  endfacet
  facet normal 0 0 -1
    outer loop
      vertex 2.91022 33.7945 5.1
      vertex 3.74171 33.4501 5.1
      vertex 3.5074 32.975 5.1
    endloop
  endfacet
  facet normal -0 0 -1
    outer loop
      vertex 4.01535 35.5286 5.1
      vertex 3.12305 35.4112 5.1
      vertex 3.912 36.0482 5.1
    endloop
  endfacet
  facet normal 0 0 -1
    outer loop
      vertex 2.72798 33.425 5.1
      vertex 3.5074 32.975 5.1
      vertex 3.21308 32.5345 5.1
    endloop
  endfacet
  facet normal 0 0 -1
    outer loop
      vertex 3.04267 35.8153 5.1
      vertex 3.912 36.0482 5.1
      vertex 3.12305 35.4112 5.1
    endloop
  endfacet
  facet normal -0 0 -1
    outer loop
      vertex 3.912 36.0482 5.1
      vertex 3.04267 35.8153 5.1
      vertex 3.74171 36.5499 5.1
    endloop
  endfacet
  facet normal 0 0 -1
    outer loop
      vertex 4.01535 34.4714 5.1
      vertex 3.12305 34.5888 5.1
      vertex 3.15 35 5.1
    endloop
  endfacet
  facet normal 0 0 -1
    outer loop
      vertex 3.912 33.9518 5.1
      vertex 3.04267 34.1847 5.1
      vertex 3.12305 34.5888 5.1
    endloop
  endfacet
  facet normal 0 0 -1
    outer loop
      vertex 3.74171 33.4501 5.1
      vertex 2.91022 33.7945 5.1
      vertex 3.04267 34.1847 5.1
    endloop
  endfacet
  facet normal 0 0 -1
    outer loop
      vertex 2.49906 33.0824 5.1
      vertex 3.21308 32.5345 5.1
      vertex 2.86378 32.1362 5.1
    endloop
  endfacet
  facet normal 0 0 -1
    outer loop
      vertex 3.5074 32.975 5.1
      vertex 2.72798 33.425 5.1
      vertex 2.91022 33.7945 5.1
    endloop
  endfacet
  facet normal 0 0 -1
    outer loop
      vertex 3.21308 32.5345 5.1
      vertex 2.49906 33.0824 5.1
      vertex 2.72798 33.425 5.1
    endloop
  endfacet
  facet normal 0 0 -1
    outer loop
      vertex 2.22739 32.7726 5.1
      vertex 2.86378 32.1362 5.1
      vertex 2.46548 31.7869 5.1
    endloop
  endfacet
  facet normal 0 0 -1
    outer loop
      vertex 2.86378 32.1362 5.1
      vertex 2.22739 32.7726 5.1
      vertex 2.49906 33.0824 5.1
    endloop
  endfacet
  facet normal 0 0 -1
    outer loop
      vertex 1.9176 32.5009 5.1
      vertex 2.46548 31.7869 5.1
      vertex 2.025 31.4926 5.1
    endloop
  endfacet
  facet normal 0 0 -1
    outer loop
      vertex 2.46548 31.7869 5.1
      vertex 1.9176 32.5009 5.1
      vertex 2.22739 32.7726 5.1
    endloop
  endfacet
  facet normal 0 0 -1
    outer loop
      vertex 2.025 31.4926 5.1
      vertex 1.575 32.272 5.1
      vertex 1.9176 32.5009 5.1
    endloop
  endfacet
  facet normal 0 0 -1
    outer loop
      vertex 1.54987 31.2583 5.1
      vertex 1.575 32.272 5.1
      vertex 2.025 31.4926 5.1
    endloop
  endfacet
  facet normal 0 0 -1
    outer loop
      vertex 1.54987 31.2583 5.1
      vertex 1.20545 32.0898 5.1
      vertex 1.575 32.272 5.1
    endloop
  endfacet
  facet normal 0 0 -1
    outer loop
      vertex 1.04822 31.088 5.1
      vertex 1.20545 32.0898 5.1
      vertex 1.54987 31.2583 5.1
    endloop
  endfacet
  facet normal 0 0 -1
    outer loop
      vertex 1.04822 31.088 5.1
      vertex 0.81528 31.9573 5.1
      vertex 1.20545 32.0898 5.1
    endloop
  endfacet
  facet normal 0 0 -1
    outer loop
      vertex 0.52863 30.9846 5.1
      vertex 0.81528 31.9573 5.1
      vertex 1.04822 31.088 5.1
    endloop
  endfacet
  facet normal 0 0 -1
    outer loop
      vertex 0.52863 30.9846 5.1
      vertex 0.411157 31.8769 5.1
      vertex 0.81528 31.9573 5.1
    endloop
  endfacet
  facet normal 0 0 -1
    outer loop
      vertex 0 30.95 5.1
      vertex 0.411157 31.8769 5.1
      vertex 0.52863 30.9846 5.1
    endloop
  endfacet
  facet normal 0 0 -1
    outer loop
      vertex 0 30.95 5.1
      vertex 0 31.85 5.1
      vertex 0.411157 31.8769 5.1
    endloop
  endfacet
  facet normal 0 0 -1
    outer loop
      vertex 0 30.95 5.1
      vertex -0.411157 31.8769 5.1
      vertex 0 31.85 5.1
    endloop
  endfacet
  facet normal 0 0 -1
    outer loop
      vertex -0.52863 30.9846 5.1
      vertex -0.411157 31.8769 5.1
      vertex 0 30.95 5.1
    endloop
  endfacet
  facet normal 0 0 -1
    outer loop
      vertex -0.52863 30.9846 5.1
      vertex -0.81528 31.9573 5.1
      vertex -0.411157 31.8769 5.1
    endloop
  endfacet
  facet normal 0 0 -1
    outer loop
      vertex -1.04822 31.088 5.1
      vertex -0.81528 31.9573 5.1
      vertex -0.52863 30.9846 5.1
    endloop
  endfacet
  facet normal 0 0 -1
    outer loop
      vertex -1.04822 31.088 5.1
      vertex -1.20545 32.0898 5.1
      vertex -0.81528 31.9573 5.1
    endloop
  endfacet
  facet normal 0 0 -1
    outer loop
      vertex -1.54987 31.2583 5.1
      vertex -1.20545 32.0898 5.1
      vertex -1.04822 31.088 5.1
    endloop
  endfacet
  facet normal 0 0 -1
    outer loop
      vertex -1.54987 31.2583 5.1
      vertex -1.575 32.272 5.1
      vertex -1.20545 32.0898 5.1
    endloop
  endfacet
  facet normal 0 0 -1
    outer loop
      vertex -2.025 31.4926 5.1
      vertex -1.575 32.272 5.1
      vertex -1.54987 31.2583 5.1
    endloop
  endfacet
  facet normal -0 0 -1
    outer loop
      vertex -1.575 32.272 5.1
      vertex -2.025 31.4926 5.1
      vertex -1.9176 32.5009 5.1
    endloop
  endfacet
  facet normal 0 0 -1
    outer loop
      vertex -2.46548 31.7869 5.1
      vertex -1.9176 32.5009 5.1
      vertex -2.025 31.4926 5.1
    endloop
  endfacet
  facet normal -0 0 -1
    outer loop
      vertex -1.9176 32.5009 5.1
      vertex -2.46548 31.7869 5.1
      vertex -2.22739 32.7726 5.1
    endloop
  endfacet
  facet normal 0 0 -1
    outer loop
      vertex -2.86378 32.1362 5.1
      vertex -2.22739 32.7726 5.1
      vertex -2.46548 31.7869 5.1
    endloop
  endfacet
  facet normal -0 0 -1
    outer loop
      vertex -2.22739 32.7726 5.1
      vertex -2.86378 32.1362 5.1
      vertex -2.49906 33.0824 5.1
    endloop
  endfacet
  facet normal 0 0 -1
    outer loop
      vertex -3.21308 32.5345 5.1
      vertex -2.49906 33.0824 5.1
      vertex -2.86378 32.1362 5.1
    endloop
  endfacet
  facet normal -0 0 -1
    outer loop
      vertex -2.49906 33.0824 5.1
      vertex -3.21308 32.5345 5.1
      vertex -2.72798 33.425 5.1
    endloop
  endfacet
  facet normal 0 0 -1
    outer loop
      vertex -3.5074 32.975 5.1
      vertex -2.72798 33.425 5.1
      vertex -3.21308 32.5345 5.1
    endloop
  endfacet
  facet normal -0 0 -1
    outer loop
      vertex -2.72798 33.425 5.1
      vertex -3.5074 32.975 5.1
      vertex -2.91022 33.7945 5.1
    endloop
  endfacet
  facet normal -0 0 -1
    outer loop
      vertex -2.91022 33.7945 5.1
      vertex -3.74171 33.4501 5.1
      vertex -3.04267 34.1847 5.1
    endloop
  endfacet
  facet normal 0 0 -1
    outer loop
      vertex -3.74171 33.4501 5.1
      vertex -2.91022 33.7945 5.1
      vertex -3.5074 32.975 5.1
    endloop
  endfacet
  facet normal 0 0 -1
    outer loop
      vertex 2.91022 36.2055 5.1
      vertex 3.74171 36.5499 5.1
      vertex 3.04267 35.8153 5.1
    endloop
  endfacet
  facet normal -0 0 -1
    outer loop
      vertex 3.74171 36.5499 5.1
      vertex 2.91022 36.2055 5.1
      vertex 3.5074 37.025 5.1
    endloop
  endfacet
  facet normal 0 0 -1
    outer loop
      vertex 2.72798 36.575 5.1
      vertex 3.5074 37.025 5.1
      vertex 2.91022 36.2055 5.1
    endloop
  endfacet
  facet normal -0 0 -1
    outer loop
      vertex 3.5074 37.025 5.1
      vertex 2.72798 36.575 5.1
      vertex 3.21308 37.4655 5.1
    endloop
  endfacet
  facet normal 0 0 -1
    outer loop
      vertex 2.49906 36.9176 5.1
      vertex 3.21308 37.4655 5.1
      vertex 2.72798 36.575 5.1
    endloop
  endfacet
  facet normal -0 0 -1
    outer loop
      vertex 3.21308 37.4655 5.1
      vertex 2.49906 36.9176 5.1
      vertex 2.86378 37.8638 5.1
    endloop
  endfacet
  facet normal 0 0 -1
    outer loop
      vertex 2.22739 37.2274 5.1
      vertex 2.86378 37.8638 5.1
      vertex 2.49906 36.9176 5.1
    endloop
  endfacet
  facet normal -0 0 -1
    outer loop
      vertex 2.86378 37.8638 5.1
      vertex 2.22739 37.2274 5.1
      vertex 2.46548 38.2131 5.1
    endloop
  endfacet
  facet normal 0 0 -1
    outer loop
      vertex 1.9176 37.4991 5.1
      vertex 2.46548 38.2131 5.1
      vertex 2.22739 37.2274 5.1
    endloop
  endfacet
  facet normal -0 0 -1
    outer loop
      vertex 2.46548 38.2131 5.1
      vertex 1.9176 37.4991 5.1
      vertex 2.025 38.5074 5.1
    endloop
  endfacet
  facet normal 0 0 -1
    outer loop
      vertex 1.575 37.728 5.1
      vertex 2.025 38.5074 5.1
      vertex 1.9176 37.4991 5.1
    endloop
  endfacet
  facet normal 0 0 -1
    outer loop
      vertex 1.575 37.728 5.1
      vertex 1.54987 38.7417 5.1
      vertex 2.025 38.5074 5.1
    endloop
  endfacet
  facet normal 0 0 -1
    outer loop
      vertex 1.20545 37.9102 5.1
      vertex 1.54987 38.7417 5.1
      vertex 1.575 37.728 5.1
    endloop
  endfacet
  facet normal 0 0 -1
    outer loop
      vertex 1.20545 37.9102 5.1
      vertex 1.04822 38.912 5.1
      vertex 1.54987 38.7417 5.1
    endloop
  endfacet
  facet normal 0 0 -1
    outer loop
      vertex 0.81528 38.0427 5.1
      vertex 1.04822 38.912 5.1
      vertex 1.20545 37.9102 5.1
    endloop
  endfacet
  facet normal 0 0 -1
    outer loop
      vertex 0.81528 38.0427 5.1
      vertex 0.52863 39.0154 5.1
      vertex 1.04822 38.912 5.1
    endloop
  endfacet
  facet normal 0 0 -1
    outer loop
      vertex 0.411157 38.1231 5.1
      vertex 0.52863 39.0154 5.1
      vertex 0.81528 38.0427 5.1
    endloop
  endfacet
  facet normal 0 0 -1
    outer loop
      vertex 0 38.15 5.1
      vertex 0.52863 39.0154 5.1
      vertex 0.411157 38.1231 5.1
    endloop
  endfacet
  facet normal 0 0 -1
    outer loop
      vertex 0 38.15 5.1
      vertex 0 39.05 5.1
      vertex 0.52863 39.0154 5.1
    endloop
  endfacet
  facet normal 0 0 -1
    outer loop
      vertex -0.411157 38.1231 5.1
      vertex 0 39.05 5.1
      vertex 0 38.15 5.1
    endloop
  endfacet
  facet normal 0 0 -1
    outer loop
      vertex -0.411157 38.1231 5.1
      vertex -0.52863 39.0154 5.1
      vertex 0 39.05 5.1
    endloop
  endfacet
  facet normal 0 0 -1
    outer loop
      vertex -0.81528 38.0427 5.1
      vertex -0.52863 39.0154 5.1
      vertex -0.411157 38.1231 5.1
    endloop
  endfacet
  facet normal 0 0 -1
    outer loop
      vertex -0.81528 38.0427 5.1
      vertex -1.04822 38.912 5.1
      vertex -0.52863 39.0154 5.1
    endloop
  endfacet
  facet normal 0 0 -1
    outer loop
      vertex -1.20545 37.9102 5.1
      vertex -1.04822 38.912 5.1
      vertex -0.81528 38.0427 5.1
    endloop
  endfacet
  facet normal 0 0 -1
    outer loop
      vertex -1.20545 37.9102 5.1
      vertex -1.54987 38.7417 5.1
      vertex -1.04822 38.912 5.1
    endloop
  endfacet
  facet normal 0 0 -1
    outer loop
      vertex -1.575 37.728 5.1
      vertex -1.54987 38.7417 5.1
      vertex -1.20545 37.9102 5.1
    endloop
  endfacet
  facet normal 0 0 -1
    outer loop
      vertex -2.025 38.5074 5.1
      vertex -1.575 37.728 5.1
      vertex -1.9176 37.4991 5.1
    endloop
  endfacet
  facet normal 0 0 -1
    outer loop
      vertex -1.575 37.728 5.1
      vertex -2.025 38.5074 5.1
      vertex -1.54987 38.7417 5.1
    endloop
  endfacet
  facet normal 0 0 -1
    outer loop
      vertex -2.46548 38.2131 5.1
      vertex -1.9176 37.4991 5.1
      vertex -2.22739 37.2274 5.1
    endloop
  endfacet
  facet normal 0 0 -1
    outer loop
      vertex -1.9176 37.4991 5.1
      vertex -2.46548 38.2131 5.1
      vertex -2.025 38.5074 5.1
    endloop
  endfacet
  facet normal 0 0 -1
    outer loop
      vertex -2.86378 37.8638 5.1
      vertex -2.22739 37.2274 5.1
      vertex -2.49906 36.9176 5.1
    endloop
  endfacet
  facet normal 0 0 -1
    outer loop
      vertex -3.21308 37.4655 5.1
      vertex -2.49906 36.9176 5.1
      vertex -2.72798 36.575 5.1
    endloop
  endfacet
  facet normal 0 0 -1
    outer loop
      vertex -2.22739 37.2274 5.1
      vertex -2.86378 37.8638 5.1
      vertex -2.46548 38.2131 5.1
    endloop
  endfacet
  facet normal 0 0 -1
    outer loop
      vertex -3.5074 37.025 5.1
      vertex -2.72798 36.575 5.1
      vertex -2.91022 36.2055 5.1
    endloop
  endfacet
  facet normal 0 0 -1
    outer loop
      vertex -3.74171 36.5499 5.1
      vertex -2.91022 36.2055 5.1
      vertex -3.04267 35.8153 5.1
    endloop
  endfacet
  facet normal 0 0 -1
    outer loop
      vertex -3.912 36.0482 5.1
      vertex -3.04267 35.8153 5.1
      vertex -3.12305 35.4112 5.1
    endloop
  endfacet
  facet normal 0 0 -1
    outer loop
      vertex -2.49906 36.9176 5.1
      vertex -3.21308 37.4655 5.1
      vertex -2.86378 37.8638 5.1
    endloop
  endfacet
  facet normal 0 0 -1
    outer loop
      vertex -4.01535 35.5286 5.1
      vertex -3.12305 35.4112 5.1
      vertex -3.15 35 5.1
    endloop
  endfacet
  facet normal 0 0 -1
    outer loop
      vertex -3.912 33.9518 5.1
      vertex -3.04267 34.1847 5.1
      vertex -3.74171 33.4501 5.1
    endloop
  endfacet
  facet normal -0 0 -1
    outer loop
      vertex -3.04267 34.1847 5.1
      vertex -3.912 33.9518 5.1
      vertex -3.12305 34.5888 5.1
    endloop
  endfacet
  facet normal 0 0 -1
    outer loop
      vertex -2.72798 36.575 5.1
      vertex -3.5074 37.025 5.1
      vertex -3.21308 37.4655 5.1
    endloop
  endfacet
  facet normal 0 0 -1
    outer loop
      vertex -4.01535 34.4714 5.1
      vertex -3.12305 34.5888 5.1
      vertex -3.912 33.9518 5.1
    endloop
  endfacet
  facet normal 0 0 -1
    outer loop
      vertex -2.91022 36.2055 5.1
      vertex -3.74171 36.5499 5.1
      vertex -3.5074 37.025 5.1
    endloop
  endfacet
  facet normal -0 0 -1
    outer loop
      vertex -3.12305 34.5888 5.1
      vertex -4.01535 34.4714 5.1
      vertex -3.15 35 5.1
    endloop
  endfacet
  facet normal 0 0 -1
    outer loop
      vertex -3.04267 35.8153 5.1
      vertex -3.912 36.0482 5.1
      vertex -3.74171 36.5499 5.1
    endloop
  endfacet
  facet normal 0 0 -1
    outer loop
      vertex -4.05 35 5.1
      vertex -3.15 35 5.1
      vertex -4.01535 34.4714 5.1
    endloop
  endfacet
  facet normal 0 0 -1
    outer loop
      vertex -3.12305 35.4112 5.1
      vertex -4.01535 35.5286 5.1
      vertex -3.912 36.0482 5.1
    endloop
  endfacet
  facet normal 0 0 -1
    outer loop
      vertex -3.15 35 5.1
      vertex -4.05 35 5.1
      vertex -4.01535 35.5286 5.1
    endloop
  endfacet
  facet normal 0.62987 -0.213794 0.746697
    outer loop
      vertex -3.04267 35.8153 4.3
      vertex -3.74171 36.5499 5.1
      vertex -3.912 36.0482 5.1
    endloop
  endfacet
  facet normal 0.596552 -0.294224 0.746698
    outer loop
      vertex -2.91022 36.2055 4.3
      vertex -2.72798 36.575 4.3
      vertex -3.74171 36.5499 5.1
    endloop
  endfacet
  facet normal -0.129789 0.652375 0.746701
    outer loop
      vertex 0.52863 30.9846 5.1
      vertex 0.81528 31.9573 4.3
      vertex 0.411157 31.8769 4.3
    endloop
  endfacet
  facet normal 0.596552 0.294224 0.746698
    outer loop
      vertex -2.72798 33.425 4.3
      vertex -2.91022 33.7945 4.3
      vertex -3.74171 33.4501 5.1
    endloop
  endfacet
  facet normal 0.36953 0.553077 0.746695
    outer loop
      vertex -2.025 31.4926 5.1
      vertex -1.575 32.272 4.3
      vertex -2.46548 31.7869 5.1
    endloop
  endfacet
  facet normal 0.369527 0.55308 0.746694
    outer loop
      vertex -1.575 32.272 4.3
      vertex -1.9176 32.5009 4.3
      vertex -2.46548 31.7869 5.1
    endloop
  endfacet
  facet normal 0.043443 -0.663737 0.746704
    outer loop
      vertex 0 38.15 4.3
      vertex 0 39.05 5.1
      vertex -0.52863 39.0154 5.1
    endloop
  endfacet
  facet normal -0.043443 -0.663737 0.746704
    outer loop
      vertex 0.52863 39.0154 5.1
      vertex 0 39.05 5.1
      vertex 0 38.15 4.3
    endloop
  endfacet
  facet normal -0.213827 -0.629867 0.74669
    outer loop
      vertex 1.54987 38.7417 5.1
      vertex 1.04822 38.912 5.1
      vertex 0.81528 38.0427 4.3
    endloop
  endfacet
  facet normal -0.294135 -0.596584 0.746707
    outer loop
      vertex 1.575 37.728 4.3
      vertex 1.54987 38.7417 5.1
      vertex 1.20545 37.9102 4.3
    endloop
  endfacet
  facet normal -0.652384 -0.129761 0.746698
    outer loop
      vertex 4.01535 35.5286 5.1
      vertex 3.912 36.0482 5.1
      vertex 3.04267 35.8153 4.3
    endloop
  endfacet
  facet normal -0.652384 -0.129767 0.746696
    outer loop
      vertex 3.12305 35.4112 4.3
      vertex 4.01535 35.5286 5.1
      vertex 3.04267 35.8153 4.3
    endloop
  endfacet
  facet normal -0.438589 -0.500075 0.746702
    outer loop
      vertex 2.22739 37.2274 4.3
      vertex 2.86378 37.8638 5.1
      vertex 1.9176 37.4991 4.3
    endloop
  endfacet
  facet normal -0.438575 -0.500098 0.746695
    outer loop
      vertex 2.86378 37.8638 5.1
      vertex 2.46548 38.2131 5.1
      vertex 1.9176 37.4991 4.3
    endloop
  endfacet
  facet normal 0.294135 -0.596584 0.746707
    outer loop
      vertex -1.20545 37.9102 4.3
      vertex -1.54987 38.7417 5.1
      vertex -1.575 37.728 4.3
    endloop
  endfacet
  facet normal 0.438589 -0.500075 0.746702
    outer loop
      vertex -2.22739 37.2274 4.3
      vertex -1.9176 37.4991 4.3
      vertex -2.86378 37.8638 5.1
    endloop
  endfacet
  facet normal 0.596555 -0.294209 0.746701
    outer loop
      vertex -2.72798 36.575 4.3
      vertex -3.5074 37.025 5.1
      vertex -3.74171 36.5499 5.1
    endloop
  endfacet
  facet normal 0.553067 -0.369532 0.746701
    outer loop
      vertex -2.72798 36.575 4.3
      vertex -3.21308 37.4655 5.1
      vertex -3.5074 37.025 5.1
    endloop
  endfacet
  facet normal 0.663737 -0.0435013 0.7467
    outer loop
      vertex -3.15 35 4.3
      vertex -3.12305 35.4112 4.3
      vertex -4.01535 35.5286 5.1
    endloop
  endfacet
  facet normal 0.663737 0.0435013 0.7467
    outer loop
      vertex -3.12305 34.5888 4.3
      vertex -3.15 35 4.3
      vertex -4.01535 34.4714 5.1
    endloop
  endfacet
  facet normal -0.294188 -0.596575 0.746694
    outer loop
      vertex 1.575 37.728 4.3
      vertex 2.025 38.5074 5.1
      vertex 1.54987 38.7417 5.1
    endloop
  endfacet
  facet normal -0.36953 -0.553077 0.746695
    outer loop
      vertex 2.46548 38.2131 5.1
      vertex 2.025 38.5074 5.1
      vertex 1.575 37.728 4.3
    endloop
  endfacet
  facet normal -0.0434255 -0.663743 0.746699
    outer loop
      vertex 0.411157 38.1231 4.3
      vertex 0.52863 39.0154 5.1
      vertex 0 38.15 4.3
    endloop
  endfacet
  facet normal 0.0434255 -0.663743 0.746699
    outer loop
      vertex -0.411157 38.1231 4.3
      vertex 0 38.15 4.3
      vertex -0.52863 39.0154 5.1
    endloop
  endfacet
  facet normal -0.596552 -0.294224 0.746698
    outer loop
      vertex 2.91022 36.2055 4.3
      vertex 3.74171 36.5499 5.1
      vertex 2.72798 36.575 4.3
    endloop
  endfacet
  facet normal 0.629864 -0.213802 0.746699
    outer loop
      vertex -3.04267 35.8153 4.3
      vertex -2.91022 36.2055 4.3
      vertex -3.74171 36.5499 5.1
    endloop
  endfacet
  facet normal -0.213886 -0.629825 0.746708
    outer loop
      vertex 1.20545 37.9102 4.3
      vertex 1.54987 38.7417 5.1
      vertex 0.81528 38.0427 4.3
    endloop
  endfacet
  facet normal -0.663735 -0.0435082 -0.746701
    outer loop
      vertex 4.01535 35.5286 -0.0999994
      vertex 4.05 35 -0.0999994
      vertex 3.15 35 0.700001
    endloop
  endfacet
  facet normal -0.652384 -0.129761 -0.746698
    outer loop
      vertex 3.912 36.0482 -0.0999994
      vertex 4.01535 35.5286 -0.0999994
      vertex 3.04267 35.8153 0.700001
    endloop
  endfacet
  facet normal -0.043443 0.663737 -0.746704
    outer loop
      vertex 0 31.85 0.700001
      vertex 0.52863 30.9846 -0.0999994
      vertex 0 30.95 -0.0999994
    endloop
  endfacet
  facet normal -0.213886 0.629826 -0.746708
    outer loop
      vertex 1.20545 32.0898 0.700001
      vertex 1.54987 31.2583 -0.0999994
      vertex 0.81528 31.9573 0.700001
    endloop
  endfacet
  facet normal 0.294135 -0.596584 -0.746707
    outer loop
      vertex -1.54987 38.7417 -0.0999994
      vertex -1.20545 37.9102 0.700001
      vertex -1.575 37.728 0.700001
    endloop
  endfacet
  facet normal 0.596555 -0.294209 -0.746701
    outer loop
      vertex -3.5074 37.025 -0.0999994
      vertex -2.72798 36.575 0.700001
      vertex -3.74171 36.5499 -0.0999994
    endloop
  endfacet
  facet normal 0.553055 -0.369543 -0.746705
    outer loop
      vertex -2.49906 36.9176 0.700001
      vertex -2.72798 36.575 0.700001
      vertex -3.21308 37.4655 -0.0999994
    endloop
  endfacet
  facet normal 0.663735 -0.0435082 -0.746701
    outer loop
      vertex -4.01535 35.5286 -0.0999994
      vertex -3.15 35 0.700001
      vertex -4.05 35 -0.0999994
    endloop
  endfacet
  facet normal 0.629865 0.213802 -0.746699
    outer loop
      vertex -3.04267 34.1847 0.700001
      vertex -2.91022 33.7945 0.700001
      vertex -3.74171 33.4501 -0.0999994
    endloop
  endfacet
  facet normal -0.596555 -0.294209 -0.746701
    outer loop
      vertex 3.5074 37.025 -0.0999994
      vertex 3.74171 36.5499 -0.0999994
      vertex 2.72798 36.575 0.700001
    endloop
  endfacet
  facet normal -0.294188 0.596575 -0.746694
    outer loop
      vertex 1.575 32.272 0.700001
      vertex 2.025 31.4926 -0.0999994
      vertex 1.54987 31.2583 -0.0999994
    endloop
  endfacet
  facet normal -0.50009 0.438567 -0.746706
    outer loop
      vertex 3.21308 32.5345 -0.0999994
      vertex 2.86378 32.1362 -0.0999994
      vertex 2.49906 33.0824 0.700001
    endloop
  endfacet
  facet normal -0.553055 0.369543 -0.746705
    outer loop
      vertex 2.72798 33.425 0.700001
      vertex 3.21308 32.5345 -0.0999994
      vertex 2.49906 33.0824 0.700001
    endloop
  endfacet
  facet normal -0.663735 0.0435082 -0.746701
    outer loop
      vertex 4.05 35 -0.0999994
      vertex 4.01535 34.4714 -0.0999994
      vertex 3.15 35 0.700001
    endloop
  endfacet
  facet normal 0.553067 -0.369532 -0.746701
    outer loop
      vertex -3.21308 37.4655 -0.0999994
      vertex -2.72798 36.575 0.700001
      vertex -3.5074 37.025 -0.0999994
    endloop
  endfacet
  facet normal 0.369527 -0.55308 -0.746694
    outer loop
      vertex -1.575 37.728 0.700001
      vertex -1.9176 37.4991 0.700001
      vertex -2.46548 38.2131 -0.0999994
    endloop
  endfacet
  facet normal 0.129825 -0.652378 -0.746692
    outer loop
      vertex -0.52863 39.0154 -0.0999994
      vertex -0.81528 38.0427 0.700001
      vertex -1.04822 38.912 -0.0999994
    endloop
  endfacet
  facet normal 0.438575 0.500098 -0.746695
    outer loop
      vertex -1.9176 32.5009 0.700001
      vertex -2.46548 31.7869 -0.0999994
      vertex -2.86378 32.1362 -0.0999994
    endloop
  endfacet
  facet normal 0 0 1
    outer loop
      vertex 3.15 35 -0.0999994
      vertex 4.05 35 -0.0999994
      vertex 4.01535 35.5286 -0.0999994
    endloop
  endfacet
  facet normal 0 0 1
    outer loop
      vertex 3.12305 35.4112 -0.0999994
      vertex 4.01535 35.5286 -0.0999994
      vertex 3.912 36.0482 -0.0999994
    endloop
  endfacet
  facet normal 0 0 1
    outer loop
      vertex 4.05 35 -0.0999994
      vertex 3.15 35 -0.0999994
      vertex 4.01535 34.4714 -0.0999994
    endloop
  endfacet
  facet normal 0 0 1
    outer loop
      vertex 3.04267 35.8153 -0.0999994
      vertex 3.912 36.0482 -0.0999994
      vertex 3.74171 36.5499 -0.0999994
    endloop
  endfacet
  facet normal -0 0 1
    outer loop
      vertex 3.12305 34.5888 -0.0999994
      vertex 4.01535 34.4714 -0.0999994
      vertex 3.15 35 -0.0999994
    endloop
  endfacet
  facet normal 0 0 1
    outer loop
      vertex 2.91022 36.2055 -0.0999994
      vertex 3.74171 36.5499 -0.0999994
      vertex 3.5074 37.025 -0.0999994
    endloop
  endfacet
  facet normal 0 0 1
    outer loop
      vertex 4.01535 34.4714 -0.0999994
      vertex 3.12305 34.5888 -0.0999994
      vertex 3.912 33.9518 -0.0999994
    endloop
  endfacet
  facet normal 0 0 1
    outer loop
      vertex 2.72798 36.575 -0.0999994
      vertex 3.5074 37.025 -0.0999994
      vertex 3.21308 37.4655 -0.0999994
    endloop
  endfacet
  facet normal -0 0 1
    outer loop
      vertex 3.04267 34.1847 -0.0999994
      vertex 3.912 33.9518 -0.0999994
      vertex 3.12305 34.5888 -0.0999994
    endloop
  endfacet
  facet normal 0 0 1
    outer loop
      vertex 3.912 33.9518 -0.0999994
      vertex 3.04267 34.1847 -0.0999994
      vertex 3.74171 33.4501 -0.0999994
    endloop
  endfacet
  facet normal 0 0 1
    outer loop
      vertex 4.01535 35.5286 -0.0999994
      vertex 3.12305 35.4112 -0.0999994
      vertex 3.15 35 -0.0999994
    endloop
  endfacet
  facet normal 0 0 1
    outer loop
      vertex 3.912 36.0482 -0.0999994
      vertex 3.04267 35.8153 -0.0999994
      vertex 3.12305 35.4112 -0.0999994
    endloop
  endfacet
  facet normal 0 0 1
    outer loop
      vertex 3.74171 36.5499 -0.0999994
      vertex 2.91022 36.2055 -0.0999994
      vertex 3.04267 35.8153 -0.0999994
    endloop
  endfacet
  facet normal 0 0 1
    outer loop
      vertex 2.49906 36.9176 -0.0999994
      vertex 3.21308 37.4655 -0.0999994
      vertex 2.86378 37.8638 -0.0999994
    endloop
  endfacet
  facet normal 0 0 1
    outer loop
      vertex 3.5074 37.025 -0.0999994
      vertex 2.72798 36.575 -0.0999994
      vertex 2.91022 36.2055 -0.0999994
    endloop
  endfacet
  facet normal 0 0 1
    outer loop
      vertex 3.21308 37.4655 -0.0999994
      vertex 2.49906 36.9176 -0.0999994
      vertex 2.72798 36.575 -0.0999994
    endloop
  endfacet
  facet normal 0 0 1
    outer loop
      vertex 2.22739 37.2274 -0.0999994
      vertex 2.86378 37.8638 -0.0999994
      vertex 2.46548 38.2131 -0.0999994
    endloop
  endfacet
  facet normal 0 0 1
    outer loop
      vertex 2.86378 37.8638 -0.0999994
      vertex 2.22739 37.2274 -0.0999994
      vertex 2.49906 36.9176 -0.0999994
    endloop
  endfacet
  facet normal 0 0 1
    outer loop
      vertex 1.9176 37.4991 -0.0999994
      vertex 2.46548 38.2131 -0.0999994
      vertex 2.025 38.5074 -0.0999994
    endloop
  endfacet
  facet normal 0 0 1
    outer loop
      vertex 2.46548 38.2131 -0.0999994
      vertex 1.9176 37.4991 -0.0999994
      vertex 2.22739 37.2274 -0.0999994
    endloop
  endfacet
  facet normal 0 0 1
    outer loop
      vertex 2.025 38.5074 -0.0999994
      vertex 1.575 37.728 -0.0999994
      vertex 1.9176 37.4991 -0.0999994
    endloop
  endfacet
  facet normal 0 0 1
    outer loop
      vertex 1.54987 38.7417 -0.0999994
      vertex 1.575 37.728 -0.0999994
      vertex 2.025 38.5074 -0.0999994
    endloop
  endfacet
  facet normal 0 0 1
    outer loop
      vertex 1.54987 38.7417 -0.0999994
      vertex 1.20545 37.9102 -0.0999994
      vertex 1.575 37.728 -0.0999994
    endloop
  endfacet
  facet normal 0 0 1
    outer loop
      vertex 1.04822 38.912 -0.0999994
      vertex 1.20545 37.9102 -0.0999994
      vertex 1.54987 38.7417 -0.0999994
    endloop
  endfacet
  facet normal 0 0 1
    outer loop
      vertex 1.04822 38.912 -0.0999994
      vertex 0.81528 38.0427 -0.0999994
      vertex 1.20545 37.9102 -0.0999994
    endloop
  endfacet
  facet normal 0 0 1
    outer loop
      vertex 0.52863 39.0154 -0.0999994
      vertex 0.81528 38.0427 -0.0999994
      vertex 1.04822 38.912 -0.0999994
    endloop
  endfacet
  facet normal 0 0 1
    outer loop
      vertex 0.52863 39.0154 -0.0999994
      vertex 0.411157 38.1231 -0.0999994
      vertex 0.81528 38.0427 -0.0999994
    endloop
  endfacet
  facet normal 0 0 1
    outer loop
      vertex 0 39.05 -0.0999994
      vertex 0.411157 38.1231 -0.0999994
      vertex 0.52863 39.0154 -0.0999994
    endloop
  endfacet
  facet normal 0 0 1
    outer loop
      vertex 0 39.05 -0.0999994
      vertex 0 38.15 -0.0999994
      vertex 0.411157 38.1231 -0.0999994
    endloop
  endfacet
  facet normal 0 0 1
    outer loop
      vertex 0 39.05 -0.0999994
      vertex -0.411157 38.1231 -0.0999994
      vertex 0 38.15 -0.0999994
    endloop
  endfacet
  facet normal -0 0 1
    outer loop
      vertex -0.52863 39.0154 -0.0999994
      vertex -0.411157 38.1231 -0.0999994
      vertex 0 39.05 -0.0999994
    endloop
  endfacet
  facet normal 0 0 1
    outer loop
      vertex -0.52863 39.0154 -0.0999994
      vertex -0.81528 38.0427 -0.0999994
      vertex -0.411157 38.1231 -0.0999994
    endloop
  endfacet
  facet normal -0 0 1
    outer loop
      vertex -1.04822 38.912 -0.0999994
      vertex -0.81528 38.0427 -0.0999994
      vertex -0.52863 39.0154 -0.0999994
    endloop
  endfacet
  facet normal 0 0 1
    outer loop
      vertex -1.04822 38.912 -0.0999994
      vertex -1.20545 37.9102 -0.0999994
      vertex -0.81528 38.0427 -0.0999994
    endloop
  endfacet
  facet normal -0 0 1
    outer loop
      vertex -1.54987 38.7417 -0.0999994
      vertex -1.20545 37.9102 -0.0999994
      vertex -1.04822 38.912 -0.0999994
    endloop
  endfacet
  facet normal 0 0 1
    outer loop
      vertex -1.54987 38.7417 -0.0999994
      vertex -1.575 37.728 -0.0999994
      vertex -1.20545 37.9102 -0.0999994
    endloop
  endfacet
  facet normal -0 0 1
    outer loop
      vertex -2.025 38.5074 -0.0999994
      vertex -1.575 37.728 -0.0999994
      vertex -1.54987 38.7417 -0.0999994
    endloop
  endfacet
  facet normal 0 0 1
    outer loop
      vertex -1.575 37.728 -0.0999994
      vertex -2.025 38.5074 -0.0999994
      vertex -1.9176 37.4991 -0.0999994
    endloop
  endfacet
  facet normal -0 0 1
    outer loop
      vertex -2.46548 38.2131 -0.0999994
      vertex -1.9176 37.4991 -0.0999994
      vertex -2.025 38.5074 -0.0999994
    endloop
  endfacet
  facet normal 0 0 1
    outer loop
      vertex -1.9176 37.4991 -0.0999994
      vertex -2.46548 38.2131 -0.0999994
      vertex -2.22739 37.2274 -0.0999994
    endloop
  endfacet
  facet normal -0 0 1
    outer loop
      vertex -2.86378 37.8638 -0.0999994
      vertex -2.22739 37.2274 -0.0999994
      vertex -2.46548 38.2131 -0.0999994
    endloop
  endfacet
  facet normal 0 0 1
    outer loop
      vertex -2.22739 37.2274 -0.0999994
      vertex -2.86378 37.8638 -0.0999994
      vertex -2.49906 36.9176 -0.0999994
    endloop
  endfacet
  facet normal -0 0 1
    outer loop
      vertex -3.21308 37.4655 -0.0999994
      vertex -2.49906 36.9176 -0.0999994
      vertex -2.86378 37.8638 -0.0999994
    endloop
  endfacet
  facet normal 0 0 1
    outer loop
      vertex -2.49906 36.9176 -0.0999994
      vertex -3.21308 37.4655 -0.0999994
      vertex -2.72798 36.575 -0.0999994
    endloop
  endfacet
  facet normal -0 0 1
    outer loop
      vertex -3.5074 37.025 -0.0999994
      vertex -2.72798 36.575 -0.0999994
      vertex -3.21308 37.4655 -0.0999994
    endloop
  endfacet
  facet normal 0 0 1
    outer loop
      vertex -2.72798 36.575 -0.0999994
      vertex -3.5074 37.025 -0.0999994
      vertex -2.91022 36.2055 -0.0999994
    endloop
  endfacet
  facet normal 0 0 1
    outer loop
      vertex -2.91022 36.2055 -0.0999994
      vertex -3.74171 36.5499 -0.0999994
      vertex -3.04267 35.8153 -0.0999994
    endloop
  endfacet
  facet normal -0 0 1
    outer loop
      vertex -3.74171 36.5499 -0.0999994
      vertex -2.91022 36.2055 -0.0999994
      vertex -3.5074 37.025 -0.0999994
    endloop
  endfacet
  facet normal -0 0 1
    outer loop
      vertex 2.91022 33.7945 -0.0999994
      vertex 3.74171 33.4501 -0.0999994
      vertex 3.04267 34.1847 -0.0999994
    endloop
  endfacet
  facet normal 0 0 1
    outer loop
      vertex 3.74171 33.4501 -0.0999994
      vertex 2.91022 33.7945 -0.0999994
      vertex 3.5074 32.975 -0.0999994
    endloop
  endfacet
  facet normal -0 0 1
    outer loop
      vertex 2.72798 33.425 -0.0999994
      vertex 3.5074 32.975 -0.0999994
      vertex 2.91022 33.7945 -0.0999994
    endloop
  endfacet
  facet normal 0 0 1
    outer loop
      vertex 3.5074 32.975 -0.0999994
      vertex 2.72798 33.425 -0.0999994
      vertex 3.21308 32.5345 -0.0999994
    endloop
  endfacet
  facet normal -0 0 1
    outer loop
      vertex 2.49906 33.0824 -0.0999994
      vertex 3.21308 32.5345 -0.0999994
      vertex 2.72798 33.425 -0.0999994
    endloop
  endfacet
  facet normal 0 0 1
    outer loop
      vertex 3.21308 32.5345 -0.0999994
      vertex 2.49906 33.0824 -0.0999994
      vertex 2.86378 32.1362 -0.0999994
    endloop
  endfacet
  facet normal -0 0 1
    outer loop
      vertex 2.22739 32.7726 -0.0999994
      vertex 2.86378 32.1362 -0.0999994
      vertex 2.49906 33.0824 -0.0999994
    endloop
  endfacet
  facet normal 0 0 1
    outer loop
      vertex 2.86378 32.1362 -0.0999994
      vertex 2.22739 32.7726 -0.0999994
      vertex 2.46548 31.7869 -0.0999994
    endloop
  endfacet
  facet normal -0 0 1
    outer loop
      vertex 1.9176 32.5009 -0.0999994
      vertex 2.46548 31.7869 -0.0999994
      vertex 2.22739 32.7726 -0.0999994
    endloop
  endfacet
  facet normal 0 0 1
    outer loop
      vertex 2.46548 31.7869 -0.0999994
      vertex 1.9176 32.5009 -0.0999994
      vertex 2.025 31.4926 -0.0999994
    endloop
  endfacet
  facet normal -0 0 1
    outer loop
      vertex 1.575 32.272 -0.0999994
      vertex 2.025 31.4926 -0.0999994
      vertex 1.9176 32.5009 -0.0999994
    endloop
  endfacet
  facet normal 0 0 1
    outer loop
      vertex 1.575 32.272 -0.0999994
      vertex 1.54987 31.2583 -0.0999994
      vertex 2.025 31.4926 -0.0999994
    endloop
  endfacet
  facet normal -0 0 1
    outer loop
      vertex 1.20545 32.0898 -0.0999994
      vertex 1.54987 31.2583 -0.0999994
      vertex 1.575 32.272 -0.0999994
    endloop
  endfacet
  facet normal 0 0 1
    outer loop
      vertex 1.20545 32.0898 -0.0999994
      vertex 1.04822 31.088 -0.0999994
      vertex 1.54987 31.2583 -0.0999994
    endloop
  endfacet
  facet normal -0 0 1
    outer loop
      vertex 0.81528 31.9573 -0.0999994
      vertex 1.04822 31.088 -0.0999994
      vertex 1.20545 32.0898 -0.0999994
    endloop
  endfacet
  facet normal 0 0 1
    outer loop
      vertex 0.81528 31.9573 -0.0999994
      vertex 0.52863 30.9846 -0.0999994
      vertex 1.04822 31.088 -0.0999994
    endloop
  endfacet
  facet normal -0 0 1
    outer loop
      vertex 0.411157 31.8769 -0.0999994
      vertex 0.52863 30.9846 -0.0999994
      vertex 0.81528 31.9573 -0.0999994
    endloop
  endfacet
  facet normal -0 0 1
    outer loop
      vertex 0 31.85 -0.0999994
      vertex 0.52863 30.9846 -0.0999994
      vertex 0.411157 31.8769 -0.0999994
    endloop
  endfacet
  facet normal 0 0 1
    outer loop
      vertex 0 31.85 -0.0999994
      vertex 0 30.95 -0.0999994
      vertex 0.52863 30.9846 -0.0999994
    endloop
  endfacet
  facet normal 0 0 1
    outer loop
      vertex -0.411157 31.8769 -0.0999994
      vertex 0 30.95 -0.0999994
      vertex 0 31.85 -0.0999994
    endloop
  endfacet
  facet normal 0 0 1
    outer loop
      vertex -0.411157 31.8769 -0.0999994
      vertex -0.52863 30.9846 -0.0999994
      vertex 0 30.95 -0.0999994
    endloop
  endfacet
  facet normal 0 0 1
    outer loop
      vertex -0.81528 31.9573 -0.0999994
      vertex -0.52863 30.9846 -0.0999994
      vertex -0.411157 31.8769 -0.0999994
    endloop
  endfacet
  facet normal 0 0 1
    outer loop
      vertex -0.81528 31.9573 -0.0999994
      vertex -1.04822 31.088 -0.0999994
      vertex -0.52863 30.9846 -0.0999994
    endloop
  endfacet
  facet normal 0 0 1
    outer loop
      vertex -1.20545 32.0898 -0.0999994
      vertex -1.04822 31.088 -0.0999994
      vertex -0.81528 31.9573 -0.0999994
    endloop
  endfacet
  facet normal 0 0 1
    outer loop
      vertex -1.20545 32.0898 -0.0999994
      vertex -1.54987 31.2583 -0.0999994
      vertex -1.04822 31.088 -0.0999994
    endloop
  endfacet
  facet normal 0 0 1
    outer loop
      vertex -1.575 32.272 -0.0999994
      vertex -1.54987 31.2583 -0.0999994
      vertex -1.20545 32.0898 -0.0999994
    endloop
  endfacet
  facet normal 0 0 1
    outer loop
      vertex -2.025 31.4926 -0.0999994
      vertex -1.575 32.272 -0.0999994
      vertex -1.9176 32.5009 -0.0999994
    endloop
  endfacet
  facet normal 0 0 1
    outer loop
      vertex -1.575 32.272 -0.0999994
      vertex -2.025 31.4926 -0.0999994
      vertex -1.54987 31.2583 -0.0999994
    endloop
  endfacet
  facet normal 0 0 1
    outer loop
      vertex -2.46548 31.7869 -0.0999994
      vertex -1.9176 32.5009 -0.0999994
      vertex -2.22739 32.7726 -0.0999994
    endloop
  endfacet
  facet normal 0 0 1
    outer loop
      vertex -1.9176 32.5009 -0.0999994
      vertex -2.46548 31.7869 -0.0999994
      vertex -2.025 31.4926 -0.0999994
    endloop
  endfacet
  facet normal 0 0 1
    outer loop
      vertex -2.86378 32.1362 -0.0999994
      vertex -2.22739 32.7726 -0.0999994
      vertex -2.49906 33.0824 -0.0999994
    endloop
  endfacet
  facet normal 0 0 1
    outer loop
      vertex -3.21308 32.5345 -0.0999994
      vertex -2.49906 33.0824 -0.0999994
      vertex -2.72798 33.425 -0.0999994
    endloop
  endfacet
  facet normal 0 0 1
    outer loop
      vertex -2.22739 32.7726 -0.0999994
      vertex -2.86378 32.1362 -0.0999994
      vertex -2.46548 31.7869 -0.0999994
    endloop
  endfacet
  facet normal 0 0 1
    outer loop
      vertex -3.5074 32.975 -0.0999994
      vertex -2.72798 33.425 -0.0999994
      vertex -2.91022 33.7945 -0.0999994
    endloop
  endfacet
  facet normal 0 0 1
    outer loop
      vertex -3.74171 33.4501 -0.0999994
      vertex -2.91022 33.7945 -0.0999994
      vertex -3.04267 34.1847 -0.0999994
    endloop
  endfacet
  facet normal 0 0 1
    outer loop
      vertex -3.912 33.9518 -0.0999994
      vertex -3.04267 34.1847 -0.0999994
      vertex -3.12305 34.5888 -0.0999994
    endloop
  endfacet
  facet normal 0 0 1
    outer loop
      vertex -2.49906 33.0824 -0.0999994
      vertex -3.21308 32.5345 -0.0999994
      vertex -2.86378 32.1362 -0.0999994
    endloop
  endfacet
  facet normal 0 0 1
    outer loop
      vertex -4.01535 34.4714 -0.0999994
      vertex -3.12305 34.5888 -0.0999994
      vertex -3.15 35 -0.0999994
    endloop
  endfacet
  facet normal -0 0 1
    outer loop
      vertex -3.912 36.0482 -0.0999994
      vertex -3.04267 35.8153 -0.0999994
      vertex -3.74171 36.5499 -0.0999994
    endloop
  endfacet
  facet normal 0 0 1
    outer loop
      vertex -3.04267 35.8153 -0.0999994
      vertex -3.912 36.0482 -0.0999994
      vertex -3.12305 35.4112 -0.0999994
    endloop
  endfacet
  facet normal 0 0 1
    outer loop
      vertex -2.72798 33.425 -0.0999994
      vertex -3.5074 32.975 -0.0999994
      vertex -3.21308 32.5345 -0.0999994
    endloop
  endfacet
  facet normal -0 0 1
    outer loop
      vertex -4.01535 35.5286 -0.0999994
      vertex -3.12305 35.4112 -0.0999994
      vertex -3.912 36.0482 -0.0999994
    endloop
  endfacet
  facet normal 0 0 1
    outer loop
      vertex -2.91022 33.7945 -0.0999994
      vertex -3.74171 33.4501 -0.0999994
      vertex -3.5074 32.975 -0.0999994
    endloop
  endfacet
  facet normal 0 0 1
    outer loop
      vertex -3.12305 35.4112 -0.0999994
      vertex -4.01535 35.5286 -0.0999994
      vertex -3.15 35 -0.0999994
    endloop
  endfacet
  facet normal 0 0 1
    outer loop
      vertex -3.04267 34.1847 -0.0999994
      vertex -3.912 33.9518 -0.0999994
      vertex -3.74171 33.4501 -0.0999994
    endloop
  endfacet
  facet normal 0 0 1
    outer loop
      vertex -4.05 35 -0.0999994
      vertex -3.15 35 -0.0999994
      vertex -4.01535 35.5286 -0.0999994
    endloop
  endfacet
  facet normal 0 0 1
    outer loop
      vertex -3.12305 34.5888 -0.0999994
      vertex -4.01535 34.4714 -0.0999994
      vertex -3.912 33.9518 -0.0999994
    endloop
  endfacet
  facet normal 0 0 1
    outer loop
      vertex -3.15 35 -0.0999994
      vertex -4.05 35 -0.0999994
      vertex -4.01535 34.4714 -0.0999994
    endloop
  endfacet
  facet normal -0.129825 -0.652378 -0.746692
    outer loop
      vertex 1.04822 38.912 -0.0999994
      vertex 0.81528 38.0427 0.700001
      vertex 0.52863 39.0154 -0.0999994
    endloop
  endfacet
  facet normal -0.213827 -0.629867 -0.74669
    outer loop
      vertex 1.04822 38.912 -0.0999994
      vertex 1.54987 38.7417 -0.0999994
      vertex 0.81528 38.0427 0.700001
    endloop
  endfacet
  facet normal -0.553067 -0.369532 -0.746701
    outer loop
      vertex 3.21308 37.4655 -0.0999994
      vertex 3.5074 37.025 -0.0999994
      vertex 2.72798 36.575 0.700001
    endloop
  endfacet
  facet normal -0.369527 -0.55308 -0.746694
    outer loop
      vertex 2.46548 38.2131 -0.0999994
      vertex 1.9176 37.4991 0.700001
      vertex 1.575 37.728 0.700001
    endloop
  endfacet
  facet normal -0.553055 -0.369543 -0.746705
    outer loop
      vertex 3.21308 37.4655 -0.0999994
      vertex 2.72798 36.575 0.700001
      vertex 2.49906 36.9176 0.700001
    endloop
  endfacet
  facet normal -0.62987 -0.213794 -0.746697
    outer loop
      vertex 3.74171 36.5499 -0.0999994
      vertex 3.912 36.0482 -0.0999994
      vertex 3.04267 35.8153 0.700001
    endloop
  endfacet
  facet normal -0.629865 -0.213802 -0.746699
    outer loop
      vertex 3.74171 36.5499 -0.0999994
      vertex 3.04267 35.8153 0.700001
      vertex 2.91022 36.2055 0.700001
    endloop
  endfacet
  facet normal -0.12979 0.652375 -0.746701
    outer loop
      vertex 0.81528 31.9573 0.700001
      vertex 0.52863 30.9846 -0.0999994
      vertex 0.411157 31.8769 0.700001
    endloop
  endfacet
  facet normal -0.596555 0.294209 -0.746701
    outer loop
      vertex 3.74171 33.4501 -0.0999994
      vertex 3.5074 32.975 -0.0999994
      vertex 2.72798 33.425 0.700001
    endloop
  endfacet
  facet normal -0.62987 0.213794 -0.746697
    outer loop
      vertex 3.912 33.9518 -0.0999994
      vertex 3.74171 33.4501 -0.0999994
      vertex 3.04267 34.1847 0.700001
    endloop
  endfacet
  facet normal 0.50009 -0.438567 -0.746706
    outer loop
      vertex -2.86378 37.8638 -0.0999994
      vertex -2.49906 36.9176 0.700001
      vertex -3.21308 37.4655 -0.0999994
    endloop
  endfacet
  facet normal 0.294188 -0.596575 -0.746694
    outer loop
      vertex -1.54987 38.7417 -0.0999994
      vertex -1.575 37.728 0.700001
      vertex -2.025 38.5074 -0.0999994
    endloop
  endfacet
  facet normal 0.36953 -0.553077 -0.746695
    outer loop
      vertex -2.025 38.5074 -0.0999994
      vertex -1.575 37.728 0.700001
      vertex -2.46548 38.2131 -0.0999994
    endloop
  endfacet
  facet normal -0.12979 -0.652375 -0.746701
    outer loop
      vertex 0.52863 39.0154 -0.0999994
      vertex 0.81528 38.0427 0.700001
      vertex 0.411157 38.1231 0.700001
    endloop
  endfacet
  facet normal 0.043443 -0.663737 -0.746704
    outer loop
      vertex 0 39.05 -0.0999994
      vertex 0 38.15 0.700001
      vertex -0.52863 39.0154 -0.0999994
    endloop
  endfacet
  facet normal 0.596553 -0.294224 -0.746698
    outer loop
      vertex -2.72798 36.575 0.700001
      vertex -2.91022 36.2055 0.700001
      vertex -3.74171 36.5499 -0.0999994
    endloop
  endfacet
  facet normal 0.629865 -0.213802 -0.746699
    outer loop
      vertex -2.91022 36.2055 0.700001
      vertex -3.04267 35.8153 0.700001
      vertex -3.74171 36.5499 -0.0999994
    endloop
  endfacet
  facet normal 0.663737 -0.0435013 -0.7467
    outer loop
      vertex -3.12305 35.4112 0.700001
      vertex -3.15 35 0.700001
      vertex -4.01535 35.5286 -0.0999994
    endloop
  endfacet
  facet normal 0.62987 -0.213794 -0.746697
    outer loop
      vertex -3.74171 36.5499 -0.0999994
      vertex -3.04267 35.8153 0.700001
      vertex -3.912 36.0482 -0.0999994
    endloop
  endfacet
  facet normal 0.438589 0.500076 -0.746702
    outer loop
      vertex -2.22739 32.7726 0.700001
      vertex -1.9176 32.5009 0.700001
      vertex -2.86378 32.1362 -0.0999994
    endloop
  endfacet
  facet normal 0.043443 0.663737 -0.746704
    outer loop
      vertex 0 31.85 0.700001
      vertex 0 30.95 -0.0999994
      vertex -0.52863 30.9846 -0.0999994
    endloop
  endfacet
  facet normal 0.553055 0.369543 -0.746705
    outer loop
      vertex -2.72798 33.425 0.700001
      vertex -2.49906 33.0824 0.700001
      vertex -3.21308 32.5345 -0.0999994
    endloop
  endfacet
  facet normal 0.652384 0.129761 -0.746698
    outer loop
      vertex -3.04267 34.1847 0.700001
      vertex -3.912 33.9518 -0.0999994
      vertex -4.01535 34.4714 -0.0999994
    endloop
  endfacet
  facet normal -0.50009 -0.438567 -0.746706
    outer loop
      vertex 2.86378 37.8638 -0.0999994
      vertex 3.21308 37.4655 -0.0999994
      vertex 2.49906 36.9176 0.700001
    endloop
  endfacet
  facet normal -0.294188 -0.596575 -0.746694
    outer loop
      vertex 2.025 38.5074 -0.0999994
      vertex 1.575 37.728 0.700001
      vertex 1.54987 38.7417 -0.0999994
    endloop
  endfacet
  facet normal -0.36953 -0.553077 -0.746695
    outer loop
      vertex 2.025 38.5074 -0.0999994
      vertex 2.46548 38.2131 -0.0999994
      vertex 1.575 37.728 0.700001
    endloop
  endfacet
  facet normal -0.294135 -0.596584 -0.746707
    outer loop
      vertex 1.54987 38.7417 -0.0999994
      vertex 1.575 37.728 0.700001
      vertex 1.20545 37.9102 0.700001
    endloop
  endfacet
  facet normal -0.213886 -0.629826 -0.746708
    outer loop
      vertex 1.54987 38.7417 -0.0999994
      vertex 1.20545 37.9102 0.700001
      vertex 0.81528 38.0427 0.700001
    endloop
  endfacet
  facet normal -0.438589 -0.500076 -0.746702
    outer loop
      vertex 2.86378 37.8638 -0.0999994
      vertex 2.22739 37.2274 0.700001
      vertex 1.9176 37.4991 0.700001
    endloop
  endfacet
  facet normal -0.438575 -0.500098 -0.746695
    outer loop
      vertex 2.46548 38.2131 -0.0999994
      vertex 2.86378 37.8638 -0.0999994
      vertex 1.9176 37.4991 0.700001
    endloop
  endfacet
  facet normal -0.652384 -0.129767 -0.746696
    outer loop
      vertex 4.01535 35.5286 -0.0999994
      vertex 3.12305 35.4112 0.700001
      vertex 3.04267 35.8153 0.700001
    endloop
  endfacet
  facet normal -0.369527 0.55308 -0.746694
    outer loop
      vertex 1.9176 32.5009 0.700001
      vertex 2.46548 31.7869 -0.0999994
      vertex 1.575 32.272 0.700001
    endloop
  endfacet
  facet normal -0.36953 0.553077 -0.746695
    outer loop
      vertex 2.46548 31.7869 -0.0999994
      vertex 2.025 31.4926 -0.0999994
      vertex 1.575 32.272 0.700001
    endloop
  endfacet
  facet normal -0.438575 0.500098 -0.746695
    outer loop
      vertex 2.86378 32.1362 -0.0999994
      vertex 2.46548 31.7869 -0.0999994
      vertex 1.9176 32.5009 0.700001
    endloop
  endfacet
  facet normal -0.553067 0.369532 -0.746701
    outer loop
      vertex 3.5074 32.975 -0.0999994
      vertex 3.21308 32.5345 -0.0999994
      vertex 2.72798 33.425 0.700001
    endloop
  endfacet
  facet normal -0.652384 0.129761 -0.746698
    outer loop
      vertex 4.01535 34.4714 -0.0999994
      vertex 3.912 33.9518 -0.0999994
      vertex 3.04267 34.1847 0.700001
    endloop
  endfacet
  facet normal 0.213886 -0.629826 -0.746708
    outer loop
      vertex -0.81528 38.0427 0.700001
      vertex -1.20545 37.9102 0.700001
      vertex -1.54987 38.7417 -0.0999994
    endloop
  endfacet
  facet normal 0.213827 -0.629867 -0.74669
    outer loop
      vertex -1.04822 38.912 -0.0999994
      vertex -0.81528 38.0427 0.700001
      vertex -1.54987 38.7417 -0.0999994
    endloop
  endfacet
  facet normal 0.438575 -0.500098 -0.746695
    outer loop
      vertex -2.46548 38.2131 -0.0999994
      vertex -1.9176 37.4991 0.700001
      vertex -2.86378 37.8638 -0.0999994
    endloop
  endfacet
  facet normal 0.0434255 -0.663743 -0.746699
    outer loop
      vertex 0 38.15 0.700001
      vertex -0.411157 38.1231 0.700001
      vertex -0.52863 39.0154 -0.0999994
    endloop
  endfacet
  facet normal -0.0434255 -0.663743 -0.746699
    outer loop
      vertex 0.52863 39.0154 -0.0999994
      vertex 0.411157 38.1231 0.700001
      vertex 0 38.15 0.700001
    endloop
  endfacet
  facet normal -0.043443 -0.663737 -0.746704
    outer loop
      vertex 0 39.05 -0.0999994
      vertex 0.52863 39.0154 -0.0999994
      vertex 0 38.15 0.700001
    endloop
  endfacet
  facet normal 0.652384 -0.129761 -0.746698
    outer loop
      vertex -3.912 36.0482 -0.0999994
      vertex -3.04267 35.8153 0.700001
      vertex -4.01535 35.5286 -0.0999994
    endloop
  endfacet
  facet normal 0.652384 -0.129767 -0.746696
    outer loop
      vertex -3.04267 35.8153 0.700001
      vertex -3.12305 35.4112 0.700001
      vertex -4.01535 35.5286 -0.0999994
    endloop
  endfacet
  facet normal 0.0434255 0.663743 -0.746699
    outer loop
      vertex -0.411157 31.8769 0.700001
      vertex 0 31.85 0.700001
      vertex -0.52863 30.9846 -0.0999994
    endloop
  endfacet
  facet normal 0.294135 0.596584 -0.746707
    outer loop
      vertex -1.20545 32.0898 0.700001
      vertex -1.54987 31.2583 -0.0999994
      vertex -1.575 32.272 0.700001
    endloop
  endfacet
  facet normal 0.663735 0.0435082 -0.746701
    outer loop
      vertex -3.15 35 0.700001
      vertex -4.01535 34.4714 -0.0999994
      vertex -4.05 35 -0.0999994
    endloop
  endfacet
  facet normal 0.553067 0.369532 -0.746701
    outer loop
      vertex -2.72798 33.425 0.700001
      vertex -3.21308 32.5345 -0.0999994
      vertex -3.5074 32.975 -0.0999994
    endloop
  endfacet
  facet normal -0.500108 -0.438555 -0.7467
    outer loop
      vertex 2.86378 37.8638 -0.0999994
      vertex 2.49906 36.9176 0.700001
      vertex 2.22739 37.2274 0.700001
    endloop
  endfacet
  facet normal -0.596553 -0.294224 -0.746698
    outer loop
      vertex 3.74171 36.5499 -0.0999994
      vertex 2.91022 36.2055 0.700001
      vertex 2.72798 36.575 0.700001
    endloop
  endfacet
  facet normal -0.663737 -0.0435013 -0.7467
    outer loop
      vertex 4.01535 35.5286 -0.0999994
      vertex 3.15 35 0.700001
      vertex 3.12305 35.4112 0.700001
    endloop
  endfacet
  facet normal -0.500108 0.438555 -0.7467
    outer loop
      vertex 2.49906 33.0824 0.700001
      vertex 2.86378 32.1362 -0.0999994
      vertex 2.22739 32.7726 0.700001
    endloop
  endfacet
  facet normal -0.294135 0.596584 -0.746707
    outer loop
      vertex 1.575 32.272 0.700001
      vertex 1.54987 31.2583 -0.0999994
      vertex 1.20545 32.0898 0.700001
    endloop
  endfacet
  facet normal -0.596553 0.294224 -0.746698
    outer loop
      vertex 2.91022 33.7945 0.700001
      vertex 3.74171 33.4501 -0.0999994
      vertex 2.72798 33.425 0.700001
    endloop
  endfacet
  facet normal -0.629865 0.213802 -0.746699
    outer loop
      vertex 3.04267 34.1847 0.700001
      vertex 3.74171 33.4501 -0.0999994
      vertex 2.91022 33.7945 0.700001
    endloop
  endfacet
  facet normal -0.652384 0.129767 -0.746696
    outer loop
      vertex 3.12305 34.5888 0.700001
      vertex 4.01535 34.4714 -0.0999994
      vertex 3.04267 34.1847 0.700001
    endloop
  endfacet
  facet normal -0.663737 0.0435013 -0.7467
    outer loop
      vertex 3.15 35 0.700001
      vertex 4.01535 34.4714 -0.0999994
      vertex 3.12305 34.5888 0.700001
    endloop
  endfacet
  facet normal 0.438589 -0.500076 -0.746702
    outer loop
      vertex -1.9176 37.4991 0.700001
      vertex -2.22739 37.2274 0.700001
      vertex -2.86378 37.8638 -0.0999994
    endloop
  endfacet
  facet normal 0.500108 -0.438555 -0.7467
    outer loop
      vertex -2.22739 37.2274 0.700001
      vertex -2.49906 36.9176 0.700001
      vertex -2.86378 37.8638 -0.0999994
    endloop
  endfacet
  facet normal 0.12979 -0.652375 -0.746701
    outer loop
      vertex -0.52863 39.0154 -0.0999994
      vertex -0.411157 38.1231 0.700001
      vertex -0.81528 38.0427 0.700001
    endloop
  endfacet
  facet normal -0.0434255 0.663743 -0.746699
    outer loop
      vertex 0.411157 31.8769 0.700001
      vertex 0.52863 30.9846 -0.0999994
      vertex 0 31.85 0.700001
    endloop
  endfacet
  facet normal 0.369527 0.55308 -0.746694
    outer loop
      vertex -1.9176 32.5009 0.700001
      vertex -1.575 32.272 0.700001
      vertex -2.46548 31.7869 -0.0999994
    endloop
  endfacet
  facet normal 0.294188 0.596575 -0.746694
    outer loop
      vertex -1.575 32.272 0.700001
      vertex -1.54987 31.2583 -0.0999994
      vertex -2.025 31.4926 -0.0999994
    endloop
  endfacet
  facet normal 0.36953 0.553077 -0.746695
    outer loop
      vertex -1.575 32.272 0.700001
      vertex -2.025 31.4926 -0.0999994
      vertex -2.46548 31.7869 -0.0999994
    endloop
  endfacet
  facet normal 0.213886 0.629826 -0.746708
    outer loop
      vertex -1.20545 32.0898 0.700001
      vertex -0.81528 31.9573 0.700001
      vertex -1.54987 31.2583 -0.0999994
    endloop
  endfacet
  facet normal 0.62987 0.213794 -0.746697
    outer loop
      vertex -3.04267 34.1847 0.700001
      vertex -3.74171 33.4501 -0.0999994
      vertex -3.912 33.9518 -0.0999994
    endloop
  endfacet
  facet normal 0.663737 0.0435013 -0.7467
    outer loop
      vertex -3.15 35 0.700001
      vertex -3.12305 34.5888 0.700001
      vertex -4.01535 34.4714 -0.0999994
    endloop
  endfacet
  facet normal 0.652384 0.129767 -0.746696
    outer loop
      vertex -3.12305 34.5888 0.700001
      vertex -3.04267 34.1847 0.700001
      vertex -4.01535 34.4714 -0.0999994
    endloop
  endfacet
  facet normal 0.596553 0.294224 -0.746698
    outer loop
      vertex -2.91022 33.7945 0.700001
      vertex -2.72798 33.425 0.700001
      vertex -3.74171 33.4501 -0.0999994
    endloop
  endfacet
  facet normal 0.596555 0.294209 -0.746701
    outer loop
      vertex -2.72798 33.425 0.700001
      vertex -3.5074 32.975 -0.0999994
      vertex -3.74171 33.4501 -0.0999994
    endloop
  endfacet
  facet normal 0.50009 0.438567 -0.746706
    outer loop
      vertex -2.49906 33.0824 0.700001
      vertex -2.86378 32.1362 -0.0999994
      vertex -3.21308 32.5345 -0.0999994
    endloop
  endfacet
  facet normal 0.500108 0.438555 -0.7467
    outer loop
      vertex -2.49906 33.0824 0.700001
      vertex -2.22739 32.7726 0.700001
      vertex -2.86378 32.1362 -0.0999994
    endloop
  endfacet
  facet normal -0.438589 0.500076 -0.746702
    outer loop
      vertex 2.22739 32.7726 0.700001
      vertex 2.86378 32.1362 -0.0999994
      vertex 1.9176 32.5009 0.700001
    endloop
  endfacet
  facet normal -0.129825 0.652378 -0.746692
    outer loop
      vertex 0.81528 31.9573 0.700001
      vertex 1.04822 31.088 -0.0999994
      vertex 0.52863 30.9846 -0.0999994
    endloop
  endfacet
  facet normal -0.213827 0.629867 -0.74669
    outer loop
      vertex 1.54987 31.2583 -0.0999994
      vertex 1.04822 31.088 -0.0999994
      vertex 0.81528 31.9573 0.700001
    endloop
  endfacet
  facet normal 0.213827 0.629867 -0.74669
    outer loop
      vertex -0.81528 31.9573 0.700001
      vertex -1.04822 31.088 -0.0999994
      vertex -1.54987 31.2583 -0.0999994
    endloop
  endfacet
  facet normal 0.129825 0.652378 -0.746692
    outer loop
      vertex -0.81528 31.9573 0.700001
      vertex -0.52863 30.9846 -0.0999994
      vertex -1.04822 31.088 -0.0999994
    endloop
  endfacet
  facet normal 0.12979 0.652375 -0.746701
    outer loop
      vertex -0.411157 31.8769 0.700001
      vertex -0.52863 30.9846 -0.0999994
      vertex -0.81528 31.9573 0.700001
    endloop
  endfacet
  facet normal -0.596552 0.294224 0.746698
    outer loop
      vertex 3.74171 -36.5499 5.1
      vertex 2.91022 -36.2055 4.3
      vertex 2.72798 -36.575 4.3
    endloop
  endfacet
  facet normal -0.663735 -0.0435082 0.746702
    outer loop
      vertex 4.05 -35 5.1
      vertex 4.01535 -34.4714 5.1
      vertex 3.15 -35 4.3
    endloop
  endfacet
  facet normal -0.663737 -0.0435013 0.7467
    outer loop
      vertex 3.15 -35 4.3
      vertex 4.01535 -34.4714 5.1
      vertex 3.12305 -34.5888 4.3
    endloop
  endfacet
  facet normal -0.369527 -0.55308 0.746694
    outer loop
      vertex 1.9176 -32.5009 4.3
      vertex 2.46548 -31.7869 5.1
      vertex 1.575 -32.272 4.3
    endloop
  endfacet
  facet normal 0.294188 -0.596575 0.746694
    outer loop
      vertex -1.575 -32.272 4.3
      vertex -1.54987 -31.2583 5.1
      vertex -2.025 -31.4926 5.1
    endloop
  endfacet
  facet normal -0.596555 0.294209 0.746701
    outer loop
      vertex 3.5074 -37.025 5.1
      vertex 3.74171 -36.5499 5.1
      vertex 2.72798 -36.575 4.3
    endloop
  endfacet
  facet normal -0.663735 0.0435082 0.746702
    outer loop
      vertex 4.01535 -35.5286 5.1
      vertex 4.05 -35 5.1
      vertex 3.15 -35 4.3
    endloop
  endfacet
  facet normal -0.629864 0.213802 0.746699
    outer loop
      vertex 3.74171 -36.5499 5.1
      vertex 3.04267 -35.8153 4.3
      vertex 2.91022 -36.2055 4.3
    endloop
  endfacet
  facet normal -0.294188 0.596575 0.746694
    outer loop
      vertex 2.025 -38.5074 5.1
      vertex 1.575 -37.728 4.3
      vertex 1.54987 -38.7417 5.1
    endloop
  endfacet
  facet normal 0.369527 0.55308 0.746694
    outer loop
      vertex -1.575 -37.728 4.3
      vertex -1.9176 -37.4991 4.3
      vertex -2.46548 -38.2131 5.1
    endloop
  endfacet
  facet normal 0.294188 0.596575 0.746694
    outer loop
      vertex -1.54987 -38.7417 5.1
      vertex -1.575 -37.728 4.3
      vertex -2.025 -38.5074 5.1
    endloop
  endfacet
  facet normal -0.652384 0.129761 0.746698
    outer loop
      vertex 3.912 -36.0482 5.1
      vertex 4.01535 -35.5286 5.1
      vertex 3.04267 -35.8153 4.3
    endloop
  endfacet
  facet normal -0.62987 0.213794 0.746697
    outer loop
      vertex 3.74171 -36.5499 5.1
      vertex 3.912 -36.0482 5.1
      vertex 3.04267 -35.8153 4.3
    endloop
  endfacet
  facet normal -0.553067 0.369532 0.746701
    outer loop
      vertex 3.21308 -37.4655 5.1
      vertex 3.5074 -37.025 5.1
      vertex 2.72798 -36.575 4.3
    endloop
  endfacet
  facet normal -0.663737 0.0435013 0.7467
    outer loop
      vertex 4.01535 -35.5286 5.1
      vertex 3.15 -35 4.3
      vertex 3.12305 -35.4112 4.3
    endloop
  endfacet
  facet normal -0.294135 0.596584 0.746707
    outer loop
      vertex 1.54987 -38.7417 5.1
      vertex 1.575 -37.728 4.3
      vertex 1.20545 -37.9102 4.3
    endloop
  endfacet
  facet normal -0.500089 0.438567 0.746706
    outer loop
      vertex 2.86378 -37.8638 5.1
      vertex 3.21308 -37.4655 5.1
      vertex 2.49906 -36.9176 4.3
    endloop
  endfacet
  facet normal 0.652384 0.129767 0.746696
    outer loop
      vertex -3.04267 -35.8153 4.3
      vertex -3.12305 -35.4112 4.3
      vertex -4.01535 -35.5286 5.1
    endloop
  endfacet
  facet normal 0.596555 0.294209 0.746701
    outer loop
      vertex -3.5074 -37.025 5.1
      vertex -2.72798 -36.575 4.3
      vertex -3.74171 -36.5499 5.1
    endloop
  endfacet
  facet normal 0.043443 0.663737 0.746704
    outer loop
      vertex 0 -39.05 5.1
      vertex 0 -38.15 4.3
      vertex -0.52863 -39.0154 5.1
    endloop
  endfacet
  facet normal -0.596555 -0.294209 0.746701
    outer loop
      vertex 3.74171 -33.4501 5.1
      vertex 3.5074 -32.975 5.1
      vertex 2.72798 -33.425 4.3
    endloop
  endfacet
  facet normal 0.129789 -0.652375 0.746701
    outer loop
      vertex -0.411157 -31.8769 4.3
      vertex -0.52863 -30.9846 5.1
      vertex -0.81528 -31.9573 4.3
    endloop
  endfacet
  facet normal 0.553067 -0.369532 0.746701
    outer loop
      vertex -2.72798 -33.425 4.3
      vertex -3.21308 -32.5345 5.1
      vertex -3.5074 -32.975 5.1
    endloop
  endfacet
  facet normal 0.663735 -0.0435082 0.746702
    outer loop
      vertex -3.15 -35 4.3
      vertex -4.01535 -34.4714 5.1
      vertex -4.05 -35 5.1
    endloop
  endfacet
  facet normal -0.652384 0.129767 0.746696
    outer loop
      vertex 4.01535 -35.5286 5.1
      vertex 3.12305 -35.4112 4.3
      vertex 3.04267 -35.8153 4.3
    endloop
  endfacet
  facet normal -0.553055 0.369542 0.746705
    outer loop
      vertex 3.21308 -37.4655 5.1
      vertex 2.72798 -36.575 4.3
      vertex 2.49906 -36.9176 4.3
    endloop
  endfacet
  facet normal -0.213886 0.629825 0.746708
    outer loop
      vertex 1.54987 -38.7417 5.1
      vertex 1.20545 -37.9102 4.3
      vertex 0.81528 -38.0427 4.3
    endloop
  endfacet
  facet normal -0.0434255 0.663743 0.746699
    outer loop
      vertex 0.52863 -39.0154 5.1
      vertex 0.411157 -38.1231 4.3
      vertex 0 -38.15 4.3
    endloop
  endfacet
  facet normal -0.369527 0.55308 0.746694
    outer loop
      vertex 2.46548 -38.2131 5.1
      vertex 1.9176 -37.4991 4.3
      vertex 1.575 -37.728 4.3
    endloop
  endfacet
  facet normal -0.36953 0.553077 0.746695
    outer loop
      vertex 2.025 -38.5074 5.1
      vertex 2.46548 -38.2131 5.1
      vertex 1.575 -37.728 4.3
    endloop
  endfacet
  facet normal -0.500108 0.438555 0.7467
    outer loop
      vertex 2.86378 -37.8638 5.1
      vertex 2.49906 -36.9176 4.3
      vertex 2.22739 -37.2274 4.3
    endloop
  endfacet
  facet normal 0.663737 0.0435013 0.7467
    outer loop
      vertex -3.12305 -35.4112 4.3
      vertex -3.15 -35 4.3
      vertex -4.01535 -35.5286 5.1
    endloop
  endfacet
  facet normal 0.129789 0.652375 0.746701
    outer loop
      vertex -0.52863 -39.0154 5.1
      vertex -0.411157 -38.1231 4.3
      vertex -0.81528 -38.0427 4.3
    endloop
  endfacet
  facet normal 0.129825 0.652378 0.746692
    outer loop
      vertex -0.52863 -39.0154 5.1
      vertex -0.81528 -38.0427 4.3
      vertex -1.04822 -38.912 5.1
    endloop
  endfacet
  facet normal 0.213827 0.629867 0.74669
    outer loop
      vertex -1.04822 -38.912 5.1
      vertex -0.81528 -38.0427 4.3
      vertex -1.54987 -38.7417 5.1
    endloop
  endfacet
  facet normal 0.62987 0.213794 0.746697
    outer loop
      vertex -3.74171 -36.5499 5.1
      vertex -3.04267 -35.8153 4.3
      vertex -3.912 -36.0482 5.1
    endloop
  endfacet
  facet normal 0.596552 0.294224 0.746698
    outer loop
      vertex -2.72798 -36.575 4.3
      vertex -2.91022 -36.2055 4.3
      vertex -3.74171 -36.5499 5.1
    endloop
  endfacet
  facet normal -0.043443 0.663737 0.746704
    outer loop
      vertex 0.52863 -39.0154 5.1
      vertex 0 -38.15 4.3
      vertex 0 -39.05 5.1
    endloop
  endfacet
  facet normal -0.213827 -0.629867 0.74669
    outer loop
      vertex 1.54987 -31.2583 5.1
      vertex 1.04822 -31.088 5.1
      vertex 0.81528 -31.9573 4.3
    endloop
  endfacet
  facet normal -0.62987 -0.213794 0.746697
    outer loop
      vertex 3.912 -33.9518 5.1
      vertex 3.74171 -33.4501 5.1
      vertex 3.04267 -34.1847 4.3
    endloop
  endfacet
  facet normal 0.36953 -0.553077 0.746695
    outer loop
      vertex -1.575 -32.272 4.3
      vertex -2.025 -31.4926 5.1
      vertex -2.46548 -31.7869 5.1
    endloop
  endfacet
  facet normal 0.213827 -0.629867 0.74669
    outer loop
      vertex -0.81528 -31.9573 4.3
      vertex -1.04822 -31.088 5.1
      vertex -1.54987 -31.2583 5.1
    endloop
  endfacet
  facet normal 0.294135 -0.596584 0.746707
    outer loop
      vertex -1.20545 -32.0898 4.3
      vertex -1.54987 -31.2583 5.1
      vertex -1.575 -32.272 4.3
    endloop
  endfacet
  facet normal 0.0434255 -0.663743 0.746699
    outer loop
      vertex -0.411157 -31.8769 4.3
      vertex 0 -31.85 4.3
      vertex -0.52863 -30.9846 5.1
    endloop
  endfacet
  facet normal 0.500089 -0.438567 0.746706
    outer loop
      vertex -2.49906 -33.0824 4.3
      vertex -2.86378 -32.1362 5.1
      vertex -3.21308 -32.5345 5.1
    endloop
  endfacet
  facet normal 0.652384 -0.129767 0.746696
    outer loop
      vertex -3.12305 -34.5888 4.3
      vertex -3.04267 -34.1847 4.3
      vertex -4.01535 -34.4714 5.1
    endloop
  endfacet
  facet normal 0.652384 -0.129761 0.746698
    outer loop
      vertex -3.04267 -34.1847 4.3
      vertex -3.912 -33.9518 5.1
      vertex -4.01535 -34.4714 5.1
    endloop
  endfacet
  facet normal 0.62987 -0.213794 0.746697
    outer loop
      vertex -3.04267 -34.1847 4.3
      vertex -3.74171 -33.4501 5.1
      vertex -3.912 -33.9518 5.1
    endloop
  endfacet
  facet normal 0.663735 0.0435082 0.746702
    outer loop
      vertex -4.01535 -35.5286 5.1
      vertex -3.15 -35 4.3
      vertex -4.05 -35 5.1
    endloop
  endfacet
  facet normal 0 0 -1
    outer loop
      vertex 3.15 -35 5.1
      vertex 4.05 -35 5.1
      vertex 4.01535 -35.5286 5.1
    endloop
  endfacet
  facet normal 0 0 -1
    outer loop
      vertex 3.12305 -35.4112 5.1
      vertex 4.01535 -35.5286 5.1
      vertex 3.912 -36.0482 5.1
    endloop
  endfacet
  facet normal 0 0 -1
    outer loop
      vertex 4.05 -35 5.1
      vertex 3.15 -35 5.1
      vertex 4.01535 -34.4714 5.1
    endloop
  endfacet
  facet normal 0 0 -1
    outer loop
      vertex 3.04267 -35.8153 5.1
      vertex 3.912 -36.0482 5.1
      vertex 3.74171 -36.5499 5.1
    endloop
  endfacet
  facet normal 0 0 -1
    outer loop
      vertex 3.12305 -34.5888 5.1
      vertex 4.01535 -34.4714 5.1
      vertex 3.15 -35 5.1
    endloop
  endfacet
  facet normal 0 0 -1
    outer loop
      vertex 2.91022 -36.2055 5.1
      vertex 3.74171 -36.5499 5.1
      vertex 3.5074 -37.025 5.1
    endloop
  endfacet
  facet normal -0 0 -1
    outer loop
      vertex 4.01535 -34.4714 5.1
      vertex 3.12305 -34.5888 5.1
      vertex 3.912 -33.9518 5.1
    endloop
  endfacet
  facet normal 0 0 -1
    outer loop
      vertex 2.72798 -36.575 5.1
      vertex 3.5074 -37.025 5.1
      vertex 3.21308 -37.4655 5.1
    endloop
  endfacet
  facet normal 0 0 -1
    outer loop
      vertex 3.04267 -34.1847 5.1
      vertex 3.912 -33.9518 5.1
      vertex 3.12305 -34.5888 5.1
    endloop
  endfacet
  facet normal -0 0 -1
    outer loop
      vertex 3.912 -33.9518 5.1
      vertex 3.04267 -34.1847 5.1
      vertex 3.74171 -33.4501 5.1
    endloop
  endfacet
  facet normal 0 0 -1
    outer loop
      vertex 4.01535 -35.5286 5.1
      vertex 3.12305 -35.4112 5.1
      vertex 3.15 -35 5.1
    endloop
  endfacet
  facet normal 0 0 -1
    outer loop
      vertex 3.912 -36.0482 5.1
      vertex 3.04267 -35.8153 5.1
      vertex 3.12305 -35.4112 5.1
    endloop
  endfacet
  facet normal 0 0 -1
    outer loop
      vertex 3.74171 -36.5499 5.1
      vertex 2.91022 -36.2055 5.1
      vertex 3.04267 -35.8153 5.1
    endloop
  endfacet
  facet normal 0 0 -1
    outer loop
      vertex 2.49906 -36.9176 5.1
      vertex 3.21308 -37.4655 5.1
      vertex 2.86378 -37.8638 5.1
    endloop
  endfacet
  facet normal 0 0 -1
    outer loop
      vertex 3.5074 -37.025 5.1
      vertex 2.72798 -36.575 5.1
      vertex 2.91022 -36.2055 5.1
    endloop
  endfacet
  facet normal 0 0 -1
    outer loop
      vertex 3.21308 -37.4655 5.1
      vertex 2.49906 -36.9176 5.1
      vertex 2.72798 -36.575 5.1
    endloop
  endfacet
  facet normal 0 0 -1
    outer loop
      vertex 2.22739 -37.2274 5.1
      vertex 2.86378 -37.8638 5.1
      vertex 2.46548 -38.2131 5.1
    endloop
  endfacet
  facet normal 0 0 -1
    outer loop
      vertex 2.86378 -37.8638 5.1
      vertex 2.22739 -37.2274 5.1
      vertex 2.49906 -36.9176 5.1
    endloop
  endfacet
  facet normal 0 0 -1
    outer loop
      vertex 1.9176 -37.4991 5.1
      vertex 2.46548 -38.2131 5.1
      vertex 2.025 -38.5074 5.1
    endloop
  endfacet
  facet normal 0 0 -1
    outer loop
      vertex 2.46548 -38.2131 5.1
      vertex 1.9176 -37.4991 5.1
      vertex 2.22739 -37.2274 5.1
    endloop
  endfacet
  facet normal 0 0 -1
    outer loop
      vertex 2.025 -38.5074 5.1
      vertex 1.575 -37.728 5.1
      vertex 1.9176 -37.4991 5.1
    endloop
  endfacet
  facet normal 0 0 -1
    outer loop
      vertex 1.54987 -38.7417 5.1
      vertex 1.575 -37.728 5.1
      vertex 2.025 -38.5074 5.1
    endloop
  endfacet
  facet normal 0 0 -1
    outer loop
      vertex 1.54987 -38.7417 5.1
      vertex 1.20545 -37.9102 5.1
      vertex 1.575 -37.728 5.1
    endloop
  endfacet
  facet normal 0 0 -1
    outer loop
      vertex 1.04822 -38.912 5.1
      vertex 1.20545 -37.9102 5.1
      vertex 1.54987 -38.7417 5.1
    endloop
  endfacet
  facet normal 0 0 -1
    outer loop
      vertex 1.04822 -38.912 5.1
      vertex 0.81528 -38.0427 5.1
      vertex 1.20545 -37.9102 5.1
    endloop
  endfacet
  facet normal 0 0 -1
    outer loop
      vertex 0.52863 -39.0154 5.1
      vertex 0.81528 -38.0427 5.1
      vertex 1.04822 -38.912 5.1
    endloop
  endfacet
  facet normal 0 0 -1
    outer loop
      vertex 0.52863 -39.0154 5.1
      vertex 0.411157 -38.1231 5.1
      vertex 0.81528 -38.0427 5.1
    endloop
  endfacet
  facet normal 0 0 -1
    outer loop
      vertex 0 -39.05 5.1
      vertex 0.411157 -38.1231 5.1
      vertex 0.52863 -39.0154 5.1
    endloop
  endfacet
  facet normal 0 0 -1
    outer loop
      vertex 0 -39.05 5.1
      vertex 0 -38.15 5.1
      vertex 0.411157 -38.1231 5.1
    endloop
  endfacet
  facet normal 0 0 -1
    outer loop
      vertex 0 -39.05 5.1
      vertex -0.411157 -38.1231 5.1
      vertex 0 -38.15 5.1
    endloop
  endfacet
  facet normal 0 0 -1
    outer loop
      vertex -0.52863 -39.0154 5.1
      vertex -0.411157 -38.1231 5.1
      vertex 0 -39.05 5.1
    endloop
  endfacet
  facet normal 0 0 -1
    outer loop
      vertex -0.52863 -39.0154 5.1
      vertex -0.81528 -38.0427 5.1
      vertex -0.411157 -38.1231 5.1
    endloop
  endfacet
  facet normal 0 0 -1
    outer loop
      vertex -1.04822 -38.912 5.1
      vertex -0.81528 -38.0427 5.1
      vertex -0.52863 -39.0154 5.1
    endloop
  endfacet
  facet normal 0 0 -1
    outer loop
      vertex -1.04822 -38.912 5.1
      vertex -1.20545 -37.9102 5.1
      vertex -0.81528 -38.0427 5.1
    endloop
  endfacet
  facet normal 0 0 -1
    outer loop
      vertex -1.54987 -38.7417 5.1
      vertex -1.20545 -37.9102 5.1
      vertex -1.04822 -38.912 5.1
    endloop
  endfacet
  facet normal 0 0 -1
    outer loop
      vertex -1.54987 -38.7417 5.1
      vertex -1.575 -37.728 5.1
      vertex -1.20545 -37.9102 5.1
    endloop
  endfacet
  facet normal 0 0 -1
    outer loop
      vertex -2.025 -38.5074 5.1
      vertex -1.575 -37.728 5.1
      vertex -1.54987 -38.7417 5.1
    endloop
  endfacet
  facet normal -0 0 -1
    outer loop
      vertex -1.575 -37.728 5.1
      vertex -2.025 -38.5074 5.1
      vertex -1.9176 -37.4991 5.1
    endloop
  endfacet
  facet normal 0 0 -1
    outer loop
      vertex -2.46548 -38.2131 5.1
      vertex -1.9176 -37.4991 5.1
      vertex -2.025 -38.5074 5.1
    endloop
  endfacet
  facet normal -0 0 -1
    outer loop
      vertex -1.9176 -37.4991 5.1
      vertex -2.46548 -38.2131 5.1
      vertex -2.22739 -37.2274 5.1
    endloop
  endfacet
  facet normal 0 0 -1
    outer loop
      vertex -2.86378 -37.8638 5.1
      vertex -2.22739 -37.2274 5.1
      vertex -2.46548 -38.2131 5.1
    endloop
  endfacet
  facet normal -0 0 -1
    outer loop
      vertex -2.22739 -37.2274 5.1
      vertex -2.86378 -37.8638 5.1
      vertex -2.49906 -36.9176 5.1
    endloop
  endfacet
  facet normal 0 0 -1
    outer loop
      vertex -3.21308 -37.4655 5.1
      vertex -2.49906 -36.9176 5.1
      vertex -2.86378 -37.8638 5.1
    endloop
  endfacet
  facet normal -0 0 -1
    outer loop
      vertex -2.49906 -36.9176 5.1
      vertex -3.21308 -37.4655 5.1
      vertex -2.72798 -36.575 5.1
    endloop
  endfacet
  facet normal 0 0 -1
    outer loop
      vertex -3.5074 -37.025 5.1
      vertex -2.72798 -36.575 5.1
      vertex -3.21308 -37.4655 5.1
    endloop
  endfacet
  facet normal -0 0 -1
    outer loop
      vertex -2.72798 -36.575 5.1
      vertex -3.5074 -37.025 5.1
      vertex -2.91022 -36.2055 5.1
    endloop
  endfacet
  facet normal -0 0 -1
    outer loop
      vertex -2.91022 -36.2055 5.1
      vertex -3.74171 -36.5499 5.1
      vertex -3.04267 -35.8153 5.1
    endloop
  endfacet
  facet normal 0 0 -1
    outer loop
      vertex -3.74171 -36.5499 5.1
      vertex -2.91022 -36.2055 5.1
      vertex -3.5074 -37.025 5.1
    endloop
  endfacet
  facet normal 0 0 -1
    outer loop
      vertex 2.91022 -33.7945 5.1
      vertex 3.74171 -33.4501 5.1
      vertex 3.04267 -34.1847 5.1
    endloop
  endfacet
  facet normal -0 0 -1
    outer loop
      vertex 3.74171 -33.4501 5.1
      vertex 2.91022 -33.7945 5.1
      vertex 3.5074 -32.975 5.1
    endloop
  endfacet
  facet normal 0 0 -1
    outer loop
      vertex 2.72798 -33.425 5.1
      vertex 3.5074 -32.975 5.1
      vertex 2.91022 -33.7945 5.1
    endloop
  endfacet
  facet normal -0 0 -1
    outer loop
      vertex 3.5074 -32.975 5.1
      vertex 2.72798 -33.425 5.1
      vertex 3.21308 -32.5345 5.1
    endloop
  endfacet
  facet normal 0 0 -1
    outer loop
      vertex 2.49906 -33.0824 5.1
      vertex 3.21308 -32.5345 5.1
      vertex 2.72798 -33.425 5.1
    endloop
  endfacet
  facet normal -0 0 -1
    outer loop
      vertex 3.21308 -32.5345 5.1
      vertex 2.49906 -33.0824 5.1
      vertex 2.86378 -32.1362 5.1
    endloop
  endfacet
  facet normal 0 0 -1
    outer loop
      vertex 2.22739 -32.7726 5.1
      vertex 2.86378 -32.1362 5.1
      vertex 2.49906 -33.0824 5.1
    endloop
  endfacet
  facet normal -0 0 -1
    outer loop
      vertex 2.86378 -32.1362 5.1
      vertex 2.22739 -32.7726 5.1
      vertex 2.46548 -31.7869 5.1
    endloop
  endfacet
  facet normal 0 0 -1
    outer loop
      vertex 1.9176 -32.5009 5.1
      vertex 2.46548 -31.7869 5.1
      vertex 2.22739 -32.7726 5.1
    endloop
  endfacet
  facet normal -0 0 -1
    outer loop
      vertex 2.46548 -31.7869 5.1
      vertex 1.9176 -32.5009 5.1
      vertex 2.025 -31.4926 5.1
    endloop
  endfacet
  facet normal 0 0 -1
    outer loop
      vertex 1.575 -32.272 5.1
      vertex 2.025 -31.4926 5.1
      vertex 1.9176 -32.5009 5.1
    endloop
  endfacet
  facet normal 0 0 -1
    outer loop
      vertex 1.575 -32.272 5.1
      vertex 1.54987 -31.2583 5.1
      vertex 2.025 -31.4926 5.1
    endloop
  endfacet
  facet normal 0 0 -1
    outer loop
      vertex 1.20545 -32.0898 5.1
      vertex 1.54987 -31.2583 5.1
      vertex 1.575 -32.272 5.1
    endloop
  endfacet
  facet normal 0 0 -1
    outer loop
      vertex 1.20545 -32.0898 5.1
      vertex 1.04822 -31.088 5.1
      vertex 1.54987 -31.2583 5.1
    endloop
  endfacet
  facet normal 0 0 -1
    outer loop
      vertex 0.81528 -31.9573 5.1
      vertex 1.04822 -31.088 5.1
      vertex 1.20545 -32.0898 5.1
    endloop
  endfacet
  facet normal 0 0 -1
    outer loop
      vertex 0.81528 -31.9573 5.1
      vertex 0.52863 -30.9846 5.1
      vertex 1.04822 -31.088 5.1
    endloop
  endfacet
  facet normal 0 0 -1
    outer loop
      vertex 0.411157 -31.8769 5.1
      vertex 0.52863 -30.9846 5.1
      vertex 0.81528 -31.9573 5.1
    endloop
  endfacet
  facet normal 0 0 -1
    outer loop
      vertex 0 -31.85 5.1
      vertex 0.52863 -30.9846 5.1
      vertex 0.411157 -31.8769 5.1
    endloop
  endfacet
  facet normal 0 0 -1
    outer loop
      vertex 0 -31.85 5.1
      vertex 0 -30.95 5.1
      vertex 0.52863 -30.9846 5.1
    endloop
  endfacet
  facet normal 0 0 -1
    outer loop
      vertex -0.411157 -31.8769 5.1
      vertex 0 -30.95 5.1
      vertex 0 -31.85 5.1
    endloop
  endfacet
  facet normal 0 0 -1
    outer loop
      vertex -0.411157 -31.8769 5.1
      vertex -0.52863 -30.9846 5.1
      vertex 0 -30.95 5.1
    endloop
  endfacet
  facet normal 0 0 -1
    outer loop
      vertex -0.81528 -31.9573 5.1
      vertex -0.52863 -30.9846 5.1
      vertex -0.411157 -31.8769 5.1
    endloop
  endfacet
  facet normal 0 0 -1
    outer loop
      vertex -0.81528 -31.9573 5.1
      vertex -1.04822 -31.088 5.1
      vertex -0.52863 -30.9846 5.1
    endloop
  endfacet
  facet normal 0 0 -1
    outer loop
      vertex -1.20545 -32.0898 5.1
      vertex -1.04822 -31.088 5.1
      vertex -0.81528 -31.9573 5.1
    endloop
  endfacet
  facet normal 0 0 -1
    outer loop
      vertex -1.20545 -32.0898 5.1
      vertex -1.54987 -31.2583 5.1
      vertex -1.04822 -31.088 5.1
    endloop
  endfacet
  facet normal 0 0 -1
    outer loop
      vertex -1.575 -32.272 5.1
      vertex -1.54987 -31.2583 5.1
      vertex -1.20545 -32.0898 5.1
    endloop
  endfacet
  facet normal 0 0 -1
    outer loop
      vertex -2.025 -31.4926 5.1
      vertex -1.575 -32.272 5.1
      vertex -1.9176 -32.5009 5.1
    endloop
  endfacet
  facet normal 0 0 -1
    outer loop
      vertex -1.575 -32.272 5.1
      vertex -2.025 -31.4926 5.1
      vertex -1.54987 -31.2583 5.1
    endloop
  endfacet
  facet normal 0 0 -1
    outer loop
      vertex -2.46548 -31.7869 5.1
      vertex -1.9176 -32.5009 5.1
      vertex -2.22739 -32.7726 5.1
    endloop
  endfacet
  facet normal 0 0 -1
    outer loop
      vertex -1.9176 -32.5009 5.1
      vertex -2.46548 -31.7869 5.1
      vertex -2.025 -31.4926 5.1
    endloop
  endfacet
  facet normal 0 0 -1
    outer loop
      vertex -2.86378 -32.1362 5.1
      vertex -2.22739 -32.7726 5.1
      vertex -2.49906 -33.0824 5.1
    endloop
  endfacet
  facet normal 0 0 -1
    outer loop
      vertex -3.21308 -32.5345 5.1
      vertex -2.49906 -33.0824 5.1
      vertex -2.72798 -33.425 5.1
    endloop
  endfacet
  facet normal 0 0 -1
    outer loop
      vertex -2.22739 -32.7726 5.1
      vertex -2.86378 -32.1362 5.1
      vertex -2.46548 -31.7869 5.1
    endloop
  endfacet
  facet normal 0 0 -1
    outer loop
      vertex -3.5074 -32.975 5.1
      vertex -2.72798 -33.425 5.1
      vertex -2.91022 -33.7945 5.1
    endloop
  endfacet
  facet normal 0 0 -1
    outer loop
      vertex -3.74171 -33.4501 5.1
      vertex -2.91022 -33.7945 5.1
      vertex -3.04267 -34.1847 5.1
    endloop
  endfacet
  facet normal 0 0 -1
    outer loop
      vertex -3.912 -33.9518 5.1
      vertex -3.04267 -34.1847 5.1
      vertex -3.12305 -34.5888 5.1
    endloop
  endfacet
  facet normal 0 0 -1
    outer loop
      vertex -2.49906 -33.0824 5.1
      vertex -3.21308 -32.5345 5.1
      vertex -2.86378 -32.1362 5.1
    endloop
  endfacet
  facet normal 0 0 -1
    outer loop
      vertex -4.01535 -34.4714 5.1
      vertex -3.12305 -34.5888 5.1
      vertex -3.15 -35 5.1
    endloop
  endfacet
  facet normal 0 0 -1
    outer loop
      vertex -3.912 -36.0482 5.1
      vertex -3.04267 -35.8153 5.1
      vertex -3.74171 -36.5499 5.1
    endloop
  endfacet
  facet normal -0 0 -1
    outer loop
      vertex -3.04267 -35.8153 5.1
      vertex -3.912 -36.0482 5.1
      vertex -3.12305 -35.4112 5.1
    endloop
  endfacet
  facet normal 0 0 -1
    outer loop
      vertex -2.72798 -33.425 5.1
      vertex -3.5074 -32.975 5.1
      vertex -3.21308 -32.5345 5.1
    endloop
  endfacet
  facet normal 0 0 -1
    outer loop
      vertex -4.01535 -35.5286 5.1
      vertex -3.12305 -35.4112 5.1
      vertex -3.912 -36.0482 5.1
    endloop
  endfacet
  facet normal 0 0 -1
    outer loop
      vertex -2.91022 -33.7945 5.1
      vertex -3.74171 -33.4501 5.1
      vertex -3.5074 -32.975 5.1
    endloop
  endfacet
  facet normal -0 0 -1
    outer loop
      vertex -3.12305 -35.4112 5.1
      vertex -4.01535 -35.5286 5.1
      vertex -3.15 -35 5.1
    endloop
  endfacet
  facet normal 0 0 -1
    outer loop
      vertex -3.04267 -34.1847 5.1
      vertex -3.912 -33.9518 5.1
      vertex -3.74171 -33.4501 5.1
    endloop
  endfacet
  facet normal 0 0 -1
    outer loop
      vertex -4.05 -35 5.1
      vertex -3.15 -35 5.1
      vertex -4.01535 -35.5286 5.1
    endloop
  endfacet
  facet normal 0 0 -1
    outer loop
      vertex -3.12305 -34.5888 5.1
      vertex -4.01535 -34.4714 5.1
      vertex -3.912 -33.9518 5.1
    endloop
  endfacet
  facet normal 0 0 -1
    outer loop
      vertex -3.15 -35 5.1
      vertex -4.05 -35 5.1
      vertex -4.01535 -34.4714 5.1
    endloop
  endfacet
  facet normal -0.129825 0.652378 0.746692
    outer loop
      vertex 1.04822 -38.912 5.1
      vertex 0.81528 -38.0427 4.3
      vertex 0.52863 -39.0154 5.1
    endloop
  endfacet
  facet normal -0.213827 0.629867 0.74669
    outer loop
      vertex 1.04822 -38.912 5.1
      vertex 1.54987 -38.7417 5.1
      vertex 0.81528 -38.0427 4.3
    endloop
  endfacet
  facet normal -0.438589 0.500075 0.746702
    outer loop
      vertex 2.86378 -37.8638 5.1
      vertex 2.22739 -37.2274 4.3
      vertex 1.9176 -37.4991 4.3
    endloop
  endfacet
  facet normal -0.438575 0.500098 0.746695
    outer loop
      vertex 2.46548 -38.2131 5.1
      vertex 2.86378 -37.8638 5.1
      vertex 1.9176 -37.4991 4.3
    endloop
  endfacet
  facet normal 0.0434255 0.663743 0.746699
    outer loop
      vertex 0 -38.15 4.3
      vertex -0.411157 -38.1231 4.3
      vertex -0.52863 -39.0154 5.1
    endloop
  endfacet
  facet normal 0.36953 0.553077 0.746695
    outer loop
      vertex -2.025 -38.5074 5.1
      vertex -1.575 -37.728 4.3
      vertex -2.46548 -38.2131 5.1
    endloop
  endfacet
  facet normal 0.213886 0.629825 0.746708
    outer loop
      vertex -0.81528 -38.0427 4.3
      vertex -1.20545 -37.9102 4.3
      vertex -1.54987 -38.7417 5.1
    endloop
  endfacet
  facet normal 0.294135 0.596584 0.746707
    outer loop
      vertex -1.54987 -38.7417 5.1
      vertex -1.20545 -37.9102 4.3
      vertex -1.575 -37.728 4.3
    endloop
  endfacet
  facet normal 0.500108 0.438555 0.7467
    outer loop
      vertex -2.22739 -37.2274 4.3
      vertex -2.49906 -36.9176 4.3
      vertex -2.86378 -37.8638 5.1
    endloop
  endfacet
  facet normal 0.553067 0.369532 0.746701
    outer loop
      vertex -3.21308 -37.4655 5.1
      vertex -2.72798 -36.575 4.3
      vertex -3.5074 -37.025 5.1
    endloop
  endfacet
  facet normal 0.652384 0.129761 0.746698
    outer loop
      vertex -3.912 -36.0482 5.1
      vertex -3.04267 -35.8153 4.3
      vertex -4.01535 -35.5286 5.1
    endloop
  endfacet
  facet normal 0.629864 0.213802 0.746699
    outer loop
      vertex -2.91022 -36.2055 4.3
      vertex -3.04267 -35.8153 4.3
      vertex -3.74171 -36.5499 5.1
    endloop
  endfacet
  facet normal -0.294135 -0.596584 0.746707
    outer loop
      vertex 1.575 -32.272 4.3
      vertex 1.54987 -31.2583 5.1
      vertex 1.20545 -32.0898 4.3
    endloop
  endfacet
  facet normal -0.043443 -0.663737 0.746704
    outer loop
      vertex 0.52863 -30.9846 5.1
      vertex 0 -30.95 5.1
      vertex 0 -31.85 4.3
    endloop
  endfacet
  facet normal 0.043443 -0.663737 0.746704
    outer loop
      vertex 0 -31.85 4.3
      vertex 0 -30.95 5.1
      vertex -0.52863 -30.9846 5.1
    endloop
  endfacet
  facet normal -0.629864 -0.213802 0.746699
    outer loop
      vertex 3.04267 -34.1847 4.3
      vertex 3.74171 -33.4501 5.1
      vertex 2.91022 -33.7945 4.3
    endloop
  endfacet
  facet normal -0.500089 -0.438567 0.746706
    outer loop
      vertex 3.21308 -32.5345 5.1
      vertex 2.86378 -32.1362 5.1
      vertex 2.49906 -33.0824 4.3
    endloop
  endfacet
  facet normal -0.553055 -0.369542 0.746705
    outer loop
      vertex 2.72798 -33.425 4.3
      vertex 3.21308 -32.5345 5.1
      vertex 2.49906 -33.0824 4.3
    endloop
  endfacet
  facet normal -0.553067 -0.369532 0.746701
    outer loop
      vertex 3.5074 -32.975 5.1
      vertex 3.21308 -32.5345 5.1
      vertex 2.72798 -33.425 4.3
    endloop
  endfacet
  facet normal -0.500108 -0.438555 0.7467
    outer loop
      vertex 2.49906 -33.0824 4.3
      vertex 2.86378 -32.1362 5.1
      vertex 2.22739 -32.7726 4.3
    endloop
  endfacet
  facet normal 0.129825 -0.652378 0.746692
    outer loop
      vertex -0.81528 -31.9573 4.3
      vertex -0.52863 -30.9846 5.1
      vertex -1.04822 -31.088 5.1
    endloop
  endfacet
  facet normal 0.213886 -0.629825 0.746708
    outer loop
      vertex -1.20545 -32.0898 4.3
      vertex -0.81528 -31.9573 4.3
      vertex -1.54987 -31.2583 5.1
    endloop
  endfacet
  facet normal 0.438589 -0.500075 0.746702
    outer loop
      vertex -2.22739 -32.7726 4.3
      vertex -1.9176 -32.5009 4.3
      vertex -2.86378 -32.1362 5.1
    endloop
  endfacet
  facet normal 0.500108 -0.438555 0.7467
    outer loop
      vertex -2.49906 -33.0824 4.3
      vertex -2.22739 -32.7726 4.3
      vertex -2.86378 -32.1362 5.1
    endloop
  endfacet
  facet normal 0.438575 -0.500098 0.746695
    outer loop
      vertex -1.9176 -32.5009 4.3
      vertex -2.46548 -31.7869 5.1
      vertex -2.86378 -32.1362 5.1
    endloop
  endfacet
  facet normal 0.369527 -0.55308 0.746694
    outer loop
      vertex -1.9176 -32.5009 4.3
      vertex -1.575 -32.272 4.3
      vertex -2.46548 -31.7869 5.1
    endloop
  endfacet
  facet normal 0.553055 -0.369542 0.746705
    outer loop
      vertex -2.72798 -33.425 4.3
      vertex -2.49906 -33.0824 4.3
      vertex -3.21308 -32.5345 5.1
    endloop
  endfacet
  facet normal 0.663737 -0.0435013 0.7467
    outer loop
      vertex -3.15 -35 4.3
      vertex -3.12305 -34.5888 4.3
      vertex -4.01535 -34.4714 5.1
    endloop
  endfacet
  facet normal 0.596555 -0.294209 0.746701
    outer loop
      vertex -2.72798 -33.425 4.3
      vertex -3.5074 -32.975 5.1
      vertex -3.74171 -33.4501 5.1
    endloop
  endfacet
  facet normal 0.629864 -0.213802 0.746699
    outer loop
      vertex -3.04267 -34.1847 4.3
      vertex -2.91022 -33.7945 4.3
      vertex -3.74171 -33.4501 5.1
    endloop
  endfacet
  facet normal 0.596552 -0.294224 0.746698
    outer loop
      vertex -2.91022 -33.7945 4.3
      vertex -2.72798 -33.425 4.3
      vertex -3.74171 -33.4501 5.1
    endloop
  endfacet
  facet normal -0.129789 0.652375 0.746701
    outer loop
      vertex 0.52863 -39.0154 5.1
      vertex 0.81528 -38.0427 4.3
      vertex 0.411157 -38.1231 4.3
    endloop
  endfacet
  facet normal 0.500089 0.438567 0.746706
    outer loop
      vertex -2.86378 -37.8638 5.1
      vertex -2.49906 -36.9176 4.3
      vertex -3.21308 -37.4655 5.1
    endloop
  endfacet
  facet normal 0.553055 0.369542 0.746705
    outer loop
      vertex -2.49906 -36.9176 4.3
      vertex -2.72798 -36.575 4.3
      vertex -3.21308 -37.4655 5.1
    endloop
  endfacet
  facet normal 0.438589 0.500075 0.746702
    outer loop
      vertex -1.9176 -37.4991 4.3
      vertex -2.22739 -37.2274 4.3
      vertex -2.86378 -37.8638 5.1
    endloop
  endfacet
  facet normal 0.438575 0.500098 0.746695
    outer loop
      vertex -2.46548 -38.2131 5.1
      vertex -1.9176 -37.4991 4.3
      vertex -2.86378 -37.8638 5.1
    endloop
  endfacet
  facet normal -0.294188 -0.596575 0.746694
    outer loop
      vertex 1.575 -32.272 4.3
      vertex 2.025 -31.4926 5.1
      vertex 1.54987 -31.2583 5.1
    endloop
  endfacet
  facet normal -0.36953 -0.553077 0.746695
    outer loop
      vertex 2.46548 -31.7869 5.1
      vertex 2.025 -31.4926 5.1
      vertex 1.575 -32.272 4.3
    endloop
  endfacet
  facet normal -0.0434255 -0.663743 0.746699
    outer loop
      vertex 0.411157 -31.8769 4.3
      vertex 0.52863 -30.9846 5.1
      vertex 0 -31.85 4.3
    endloop
  endfacet
  facet normal -0.213886 -0.629825 0.746708
    outer loop
      vertex 1.20545 -32.0898 4.3
      vertex 1.54987 -31.2583 5.1
      vertex 0.81528 -31.9573 4.3
    endloop
  endfacet
  facet normal -0.652384 -0.129761 0.746698
    outer loop
      vertex 4.01535 -34.4714 5.1
      vertex 3.912 -33.9518 5.1
      vertex 3.04267 -34.1847 4.3
    endloop
  endfacet
  facet normal -0.652384 -0.129767 0.746696
    outer loop
      vertex 3.12305 -34.5888 4.3
      vertex 4.01535 -34.4714 5.1
      vertex 3.04267 -34.1847 4.3
    endloop
  endfacet
  facet normal -0.438589 -0.500075 0.746702
    outer loop
      vertex 2.22739 -32.7726 4.3
      vertex 2.86378 -32.1362 5.1
      vertex 1.9176 -32.5009 4.3
    endloop
  endfacet
  facet normal -0.438575 -0.500098 0.746695
    outer loop
      vertex 2.86378 -32.1362 5.1
      vertex 2.46548 -31.7869 5.1
      vertex 1.9176 -32.5009 4.3
    endloop
  endfacet
  facet normal -0.129789 -0.652375 0.746701
    outer loop
      vertex 0.81528 -31.9573 4.3
      vertex 0.52863 -30.9846 5.1
      vertex 0.411157 -31.8769 4.3
    endloop
  endfacet
  facet normal -0.129825 -0.652378 0.746692
    outer loop
      vertex 0.81528 -31.9573 4.3
      vertex 1.04822 -31.088 5.1
      vertex 0.52863 -30.9846 5.1
    endloop
  endfacet
  facet normal -0.596552 -0.294224 0.746698
    outer loop
      vertex 2.91022 -33.7945 4.3
      vertex 3.74171 -33.4501 5.1
      vertex 2.72798 -33.425 4.3
    endloop
  endfacet
  facet normal -0.663735 -0.0435082 -0.746701
    outer loop
      vertex 4.01535 -34.4714 -0.0999994
      vertex 4.05 -35 -0.0999994
      vertex 3.15 -35 0.700001
    endloop
  endfacet
  facet normal -0.62987 0.213794 -0.746697
    outer loop
      vertex 3.912 -36.0482 -0.0999994
      vertex 3.74171 -36.5499 -0.0999994
      vertex 3.04267 -35.8153 0.700001
    endloop
  endfacet
  facet normal 0.663735 0.0435082 -0.746701
    outer loop
      vertex -3.15 -35 0.700001
      vertex -4.01535 -35.5286 -0.0999994
      vertex -4.05 -35 -0.0999994
    endloop
  endfacet
  facet normal -0.596555 -0.294209 -0.746701
    outer loop
      vertex 3.5074 -32.975 -0.0999994
      vertex 3.74171 -33.4501 -0.0999994
      vertex 2.72798 -33.425 0.700001
    endloop
  endfacet
  facet normal 0.294135 0.596584 -0.746707
    outer loop
      vertex -1.20545 -37.9102 0.700001
      vertex -1.54987 -38.7417 -0.0999994
      vertex -1.575 -37.728 0.700001
    endloop
  endfacet
  facet normal 0.36953 -0.553077 -0.746695
    outer loop
      vertex -2.025 -31.4926 -0.0999994
      vertex -1.575 -32.272 0.700001
      vertex -2.46548 -31.7869 -0.0999994
    endloop
  endfacet
  facet normal 0.500108 -0.438555 -0.7467
    outer loop
      vertex -2.22739 -32.7726 0.700001
      vertex -2.49906 -33.0824 0.700001
      vertex -2.86378 -32.1362 -0.0999994
    endloop
  endfacet
  facet normal -0.213827 -0.629867 -0.74669
    outer loop
      vertex 1.04822 -31.088 -0.0999994
      vertex 1.54987 -31.2583 -0.0999994
      vertex 0.81528 -31.9573 0.700001
    endloop
  endfacet
  facet normal -0.438575 -0.500098 -0.746695
    outer loop
      vertex 2.46548 -31.7869 -0.0999994
      vertex 2.86378 -32.1362 -0.0999994
      vertex 1.9176 -32.5009 0.700001
    endloop
  endfacet
  facet normal -0.652384 -0.129767 -0.746696
    outer loop
      vertex 4.01535 -34.4714 -0.0999994
      vertex 3.12305 -34.5888 0.700001
      vertex 3.04267 -34.1847 0.700001
    endloop
  endfacet
  facet normal -0.36953 0.553077 -0.746695
    outer loop
      vertex 2.46548 -38.2131 -0.0999994
      vertex 2.025 -38.5074 -0.0999994
      vertex 1.575 -37.728 0.700001
    endloop
  endfacet
  facet normal -0.663735 0.0435082 -0.746701
    outer loop
      vertex 4.05 -35 -0.0999994
      vertex 4.01535 -35.5286 -0.0999994
      vertex 3.15 -35 0.700001
    endloop
  endfacet
  facet normal 0.553055 -0.369543 -0.746705
    outer loop
      vertex -2.49906 -33.0824 0.700001
      vertex -2.72798 -33.425 0.700001
      vertex -3.21308 -32.5345 -0.0999994
    endloop
  endfacet
  facet normal 0.294188 -0.596575 -0.746694
    outer loop
      vertex -1.54987 -31.2583 -0.0999994
      vertex -1.575 -32.272 0.700001
      vertex -2.025 -31.4926 -0.0999994
    endloop
  endfacet
  facet normal 0.663735 -0.0435082 -0.746701
    outer loop
      vertex -4.01535 -34.4714 -0.0999994
      vertex -3.15 -35 0.700001
      vertex -4.05 -35 -0.0999994
    endloop
  endfacet
  facet normal 0.652384 -0.129761 -0.746698
    outer loop
      vertex -3.912 -33.9518 -0.0999994
      vertex -3.04267 -34.1847 0.700001
      vertex -4.01535 -34.4714 -0.0999994
    endloop
  endfacet
  facet normal 0.596553 -0.294224 -0.746698
    outer loop
      vertex -2.72798 -33.425 0.700001
      vertex -2.91022 -33.7945 0.700001
      vertex -3.74171 -33.4501 -0.0999994
    endloop
  endfacet
  facet normal 0.50009 0.438567 -0.746706
    outer loop
      vertex -2.49906 -36.9176 0.700001
      vertex -2.86378 -37.8638 -0.0999994
      vertex -3.21308 -37.4655 -0.0999994
    endloop
  endfacet
  facet normal -0.0434255 -0.663743 -0.746699
    outer loop
      vertex 0.52863 -30.9846 -0.0999994
      vertex 0.411157 -31.8769 0.700001
      vertex 0 -31.85 0.700001
    endloop
  endfacet
  facet normal -0.129825 -0.652378 -0.746692
    outer loop
      vertex 1.04822 -31.088 -0.0999994
      vertex 0.81528 -31.9573 0.700001
      vertex 0.52863 -30.9846 -0.0999994
    endloop
  endfacet
  facet normal -0.294188 -0.596575 -0.746694
    outer loop
      vertex 2.025 -31.4926 -0.0999994
      vertex 1.575 -32.272 0.700001
      vertex 1.54987 -31.2583 -0.0999994
    endloop
  endfacet
  facet normal -0.50009 -0.438567 -0.746706
    outer loop
      vertex 2.86378 -32.1362 -0.0999994
      vertex 3.21308 -32.5345 -0.0999994
      vertex 2.49906 -33.0824 0.700001
    endloop
  endfacet
  facet normal -0.213886 -0.629826 -0.746708
    outer loop
      vertex 1.54987 -31.2583 -0.0999994
      vertex 1.20545 -32.0898 0.700001
      vertex 0.81528 -31.9573 0.700001
    endloop
  endfacet
  facet normal -0.596553 -0.294224 -0.746698
    outer loop
      vertex 3.74171 -33.4501 -0.0999994
      vertex 2.91022 -33.7945 0.700001
      vertex 2.72798 -33.425 0.700001
    endloop
  endfacet
  facet normal -0.438575 0.500098 -0.746695
    outer loop
      vertex 2.86378 -37.8638 -0.0999994
      vertex 2.46548 -38.2131 -0.0999994
      vertex 1.9176 -37.4991 0.700001
    endloop
  endfacet
  facet normal -0.50009 0.438567 -0.746706
    outer loop
      vertex 3.21308 -37.4655 -0.0999994
      vertex 2.86378 -37.8638 -0.0999994
      vertex 2.49906 -36.9176 0.700001
    endloop
  endfacet
  facet normal -0.596555 0.294209 -0.746701
    outer loop
      vertex 3.74171 -36.5499 -0.0999994
      vertex 3.5074 -37.025 -0.0999994
      vertex 2.72798 -36.575 0.700001
    endloop
  endfacet
  facet normal -0.652384 0.129761 -0.746698
    outer loop
      vertex 4.01535 -35.5286 -0.0999994
      vertex 3.912 -36.0482 -0.0999994
      vertex 3.04267 -35.8153 0.700001
    endloop
  endfacet
  facet normal -0.652384 0.129767 -0.746696
    outer loop
      vertex 3.12305 -35.4112 0.700001
      vertex 4.01535 -35.5286 -0.0999994
      vertex 3.04267 -35.8153 0.700001
    endloop
  endfacet
  facet normal 0.50009 -0.438567 -0.746706
    outer loop
      vertex -2.86378 -32.1362 -0.0999994
      vertex -2.49906 -33.0824 0.700001
      vertex -3.21308 -32.5345 -0.0999994
    endloop
  endfacet
  facet normal 0.294135 -0.596584 -0.746707
    outer loop
      vertex -1.54987 -31.2583 -0.0999994
      vertex -1.20545 -32.0898 0.700001
      vertex -1.575 -32.272 0.700001
    endloop
  endfacet
  facet normal 0.213886 -0.629826 -0.746708
    outer loop
      vertex -0.81528 -31.9573 0.700001
      vertex -1.20545 -32.0898 0.700001
      vertex -1.54987 -31.2583 -0.0999994
    endloop
  endfacet
  facet normal 0.663737 -0.0435013 -0.7467
    outer loop
      vertex -3.12305 -34.5888 0.700001
      vertex -3.15 -35 0.700001
      vertex -4.01535 -34.4714 -0.0999994
    endloop
  endfacet
  facet normal 0.652384 -0.129767 -0.746696
    outer loop
      vertex -3.04267 -34.1847 0.700001
      vertex -3.12305 -34.5888 0.700001
      vertex -4.01535 -34.4714 -0.0999994
    endloop
  endfacet
  facet normal 0.553067 -0.369532 -0.746701
    outer loop
      vertex -3.21308 -32.5345 -0.0999994
      vertex -2.72798 -33.425 0.700001
      vertex -3.5074 -32.975 -0.0999994
    endloop
  endfacet
  facet normal 0.596555 -0.294209 -0.746701
    outer loop
      vertex -3.5074 -32.975 -0.0999994
      vertex -2.72798 -33.425 0.700001
      vertex -3.74171 -33.4501 -0.0999994
    endloop
  endfacet
  facet normal 0 0 1
    outer loop
      vertex 3.15 -35 -0.0999994
      vertex 4.05 -35 -0.0999994
      vertex 4.01535 -34.4714 -0.0999994
    endloop
  endfacet
  facet normal 0 0 1
    outer loop
      vertex 3.12305 -34.5888 -0.0999994
      vertex 4.01535 -34.4714 -0.0999994
      vertex 3.912 -33.9518 -0.0999994
    endloop
  endfacet
  facet normal 0 0 1
    outer loop
      vertex 4.05 -35 -0.0999994
      vertex 3.15 -35 -0.0999994
      vertex 4.01535 -35.5286 -0.0999994
    endloop
  endfacet
  facet normal 0 0 1
    outer loop
      vertex 3.04267 -34.1847 -0.0999994
      vertex 3.912 -33.9518 -0.0999994
      vertex 3.74171 -33.4501 -0.0999994
    endloop
  endfacet
  facet normal -0 0 1
    outer loop
      vertex 3.12305 -35.4112 -0.0999994
      vertex 4.01535 -35.5286 -0.0999994
      vertex 3.15 -35 -0.0999994
    endloop
  endfacet
  facet normal 0 0 1
    outer loop
      vertex 2.91022 -33.7945 -0.0999994
      vertex 3.74171 -33.4501 -0.0999994
      vertex 3.5074 -32.975 -0.0999994
    endloop
  endfacet
  facet normal 0 0 1
    outer loop
      vertex 4.01535 -35.5286 -0.0999994
      vertex 3.12305 -35.4112 -0.0999994
      vertex 3.912 -36.0482 -0.0999994
    endloop
  endfacet
  facet normal 0 0 1
    outer loop
      vertex 2.72798 -33.425 -0.0999994
      vertex 3.5074 -32.975 -0.0999994
      vertex 3.21308 -32.5345 -0.0999994
    endloop
  endfacet
  facet normal -0 0 1
    outer loop
      vertex 3.04267 -35.8153 -0.0999994
      vertex 3.912 -36.0482 -0.0999994
      vertex 3.12305 -35.4112 -0.0999994
    endloop
  endfacet
  facet normal 0 0 1
    outer loop
      vertex 3.912 -36.0482 -0.0999994
      vertex 3.04267 -35.8153 -0.0999994
      vertex 3.74171 -36.5499 -0.0999994
    endloop
  endfacet
  facet normal 0 0 1
    outer loop
      vertex 4.01535 -34.4714 -0.0999994
      vertex 3.12305 -34.5888 -0.0999994
      vertex 3.15 -35 -0.0999994
    endloop
  endfacet
  facet normal 0 0 1
    outer loop
      vertex 3.912 -33.9518 -0.0999994
      vertex 3.04267 -34.1847 -0.0999994
      vertex 3.12305 -34.5888 -0.0999994
    endloop
  endfacet
  facet normal 0 0 1
    outer loop
      vertex 3.74171 -33.4501 -0.0999994
      vertex 2.91022 -33.7945 -0.0999994
      vertex 3.04267 -34.1847 -0.0999994
    endloop
  endfacet
  facet normal 0 0 1
    outer loop
      vertex 2.49906 -33.0824 -0.0999994
      vertex 3.21308 -32.5345 -0.0999994
      vertex 2.86378 -32.1362 -0.0999994
    endloop
  endfacet
  facet normal 0 0 1
    outer loop
      vertex 3.5074 -32.975 -0.0999994
      vertex 2.72798 -33.425 -0.0999994
      vertex 2.91022 -33.7945 -0.0999994
    endloop
  endfacet
  facet normal 0 0 1
    outer loop
      vertex 3.21308 -32.5345 -0.0999994
      vertex 2.49906 -33.0824 -0.0999994
      vertex 2.72798 -33.425 -0.0999994
    endloop
  endfacet
  facet normal 0 0 1
    outer loop
      vertex 2.22739 -32.7726 -0.0999994
      vertex 2.86378 -32.1362 -0.0999994
      vertex 2.46548 -31.7869 -0.0999994
    endloop
  endfacet
  facet normal 0 0 1
    outer loop
      vertex 2.86378 -32.1362 -0.0999994
      vertex 2.22739 -32.7726 -0.0999994
      vertex 2.49906 -33.0824 -0.0999994
    endloop
  endfacet
  facet normal 0 0 1
    outer loop
      vertex 1.9176 -32.5009 -0.0999994
      vertex 2.46548 -31.7869 -0.0999994
      vertex 2.025 -31.4926 -0.0999994
    endloop
  endfacet
  facet normal 0 0 1
    outer loop
      vertex 2.46548 -31.7869 -0.0999994
      vertex 1.9176 -32.5009 -0.0999994
      vertex 2.22739 -32.7726 -0.0999994
    endloop
  endfacet
  facet normal 0 0 1
    outer loop
      vertex 2.025 -31.4926 -0.0999994
      vertex 1.575 -32.272 -0.0999994
      vertex 1.9176 -32.5009 -0.0999994
    endloop
  endfacet
  facet normal 0 0 1
    outer loop
      vertex 1.54987 -31.2583 -0.0999994
      vertex 1.575 -32.272 -0.0999994
      vertex 2.025 -31.4926 -0.0999994
    endloop
  endfacet
  facet normal 0 0 1
    outer loop
      vertex 1.54987 -31.2583 -0.0999994
      vertex 1.20545 -32.0898 -0.0999994
      vertex 1.575 -32.272 -0.0999994
    endloop
  endfacet
  facet normal 0 0 1
    outer loop
      vertex 1.04822 -31.088 -0.0999994
      vertex 1.20545 -32.0898 -0.0999994
      vertex 1.54987 -31.2583 -0.0999994
    endloop
  endfacet
  facet normal 0 0 1
    outer loop
      vertex 1.04822 -31.088 -0.0999994
      vertex 0.81528 -31.9573 -0.0999994
      vertex 1.20545 -32.0898 -0.0999994
    endloop
  endfacet
  facet normal 0 0 1
    outer loop
      vertex 0.52863 -30.9846 -0.0999994
      vertex 0.81528 -31.9573 -0.0999994
      vertex 1.04822 -31.088 -0.0999994
    endloop
  endfacet
  facet normal 0 0 1
    outer loop
      vertex 0.52863 -30.9846 -0.0999994
      vertex 0.411157 -31.8769 -0.0999994
      vertex 0.81528 -31.9573 -0.0999994
    endloop
  endfacet
  facet normal 0 0 1
    outer loop
      vertex 0 -30.95 -0.0999994
      vertex 0.411157 -31.8769 -0.0999994
      vertex 0.52863 -30.9846 -0.0999994
    endloop
  endfacet
  facet normal 0 0 1
    outer loop
      vertex 0 -30.95 -0.0999994
      vertex 0 -31.85 -0.0999994
      vertex 0.411157 -31.8769 -0.0999994
    endloop
  endfacet
  facet normal 0 0 1
    outer loop
      vertex 0 -30.95 -0.0999994
      vertex -0.411157 -31.8769 -0.0999994
      vertex 0 -31.85 -0.0999994
    endloop
  endfacet
  facet normal -0 0 1
    outer loop
      vertex -0.52863 -30.9846 -0.0999994
      vertex -0.411157 -31.8769 -0.0999994
      vertex 0 -30.95 -0.0999994
    endloop
  endfacet
  facet normal 0 0 1
    outer loop
      vertex -0.52863 -30.9846 -0.0999994
      vertex -0.81528 -31.9573 -0.0999994
      vertex -0.411157 -31.8769 -0.0999994
    endloop
  endfacet
  facet normal -0 0 1
    outer loop
      vertex -1.04822 -31.088 -0.0999994
      vertex -0.81528 -31.9573 -0.0999994
      vertex -0.52863 -30.9846 -0.0999994
    endloop
  endfacet
  facet normal 0 0 1
    outer loop
      vertex -1.04822 -31.088 -0.0999994
      vertex -1.20545 -32.0898 -0.0999994
      vertex -0.81528 -31.9573 -0.0999994
    endloop
  endfacet
  facet normal -0 0 1
    outer loop
      vertex -1.54987 -31.2583 -0.0999994
      vertex -1.20545 -32.0898 -0.0999994
      vertex -1.04822 -31.088 -0.0999994
    endloop
  endfacet
  facet normal 0 0 1
    outer loop
      vertex -1.54987 -31.2583 -0.0999994
      vertex -1.575 -32.272 -0.0999994
      vertex -1.20545 -32.0898 -0.0999994
    endloop
  endfacet
  facet normal -0 0 1
    outer loop
      vertex -2.025 -31.4926 -0.0999994
      vertex -1.575 -32.272 -0.0999994
      vertex -1.54987 -31.2583 -0.0999994
    endloop
  endfacet
  facet normal 0 0 1
    outer loop
      vertex -1.575 -32.272 -0.0999994
      vertex -2.025 -31.4926 -0.0999994
      vertex -1.9176 -32.5009 -0.0999994
    endloop
  endfacet
  facet normal -0 0 1
    outer loop
      vertex -2.46548 -31.7869 -0.0999994
      vertex -1.9176 -32.5009 -0.0999994
      vertex -2.025 -31.4926 -0.0999994
    endloop
  endfacet
  facet normal 0 0 1
    outer loop
      vertex -1.9176 -32.5009 -0.0999994
      vertex -2.46548 -31.7869 -0.0999994
      vertex -2.22739 -32.7726 -0.0999994
    endloop
  endfacet
  facet normal -0 0 1
    outer loop
      vertex -2.86378 -32.1362 -0.0999994
      vertex -2.22739 -32.7726 -0.0999994
      vertex -2.46548 -31.7869 -0.0999994
    endloop
  endfacet
  facet normal 0 0 1
    outer loop
      vertex -2.22739 -32.7726 -0.0999994
      vertex -2.86378 -32.1362 -0.0999994
      vertex -2.49906 -33.0824 -0.0999994
    endloop
  endfacet
  facet normal -0 0 1
    outer loop
      vertex -3.21308 -32.5345 -0.0999994
      vertex -2.49906 -33.0824 -0.0999994
      vertex -2.86378 -32.1362 -0.0999994
    endloop
  endfacet
  facet normal 0 0 1
    outer loop
      vertex -2.49906 -33.0824 -0.0999994
      vertex -3.21308 -32.5345 -0.0999994
      vertex -2.72798 -33.425 -0.0999994
    endloop
  endfacet
  facet normal -0 0 1
    outer loop
      vertex -3.5074 -32.975 -0.0999994
      vertex -2.72798 -33.425 -0.0999994
      vertex -3.21308 -32.5345 -0.0999994
    endloop
  endfacet
  facet normal 0 0 1
    outer loop
      vertex -2.72798 -33.425 -0.0999994
      vertex -3.5074 -32.975 -0.0999994
      vertex -2.91022 -33.7945 -0.0999994
    endloop
  endfacet
  facet normal 0 0 1
    outer loop
      vertex -2.91022 -33.7945 -0.0999994
      vertex -3.74171 -33.4501 -0.0999994
      vertex -3.04267 -34.1847 -0.0999994
    endloop
  endfacet
  facet normal -0 0 1
    outer loop
      vertex -3.74171 -33.4501 -0.0999994
      vertex -2.91022 -33.7945 -0.0999994
      vertex -3.5074 -32.975 -0.0999994
    endloop
  endfacet
  facet normal -0 0 1
    outer loop
      vertex 2.91022 -36.2055 -0.0999994
      vertex 3.74171 -36.5499 -0.0999994
      vertex 3.04267 -35.8153 -0.0999994
    endloop
  endfacet
  facet normal 0 0 1
    outer loop
      vertex 3.74171 -36.5499 -0.0999994
      vertex 2.91022 -36.2055 -0.0999994
      vertex 3.5074 -37.025 -0.0999994
    endloop
  endfacet
  facet normal -0 0 1
    outer loop
      vertex 2.72798 -36.575 -0.0999994
      vertex 3.5074 -37.025 -0.0999994
      vertex 2.91022 -36.2055 -0.0999994
    endloop
  endfacet
  facet normal 0 0 1
    outer loop
      vertex 3.5074 -37.025 -0.0999994
      vertex 2.72798 -36.575 -0.0999994
      vertex 3.21308 -37.4655 -0.0999994
    endloop
  endfacet
  facet normal -0 0 1
    outer loop
      vertex 2.49906 -36.9176 -0.0999994
      vertex 3.21308 -37.4655 -0.0999994
      vertex 2.72798 -36.575 -0.0999994
    endloop
  endfacet
  facet normal 0 0 1
    outer loop
      vertex 3.21308 -37.4655 -0.0999994
      vertex 2.49906 -36.9176 -0.0999994
      vertex 2.86378 -37.8638 -0.0999994
    endloop
  endfacet
  facet normal -0 0 1
    outer loop
      vertex 2.22739 -37.2274 -0.0999994
      vertex 2.86378 -37.8638 -0.0999994
      vertex 2.49906 -36.9176 -0.0999994
    endloop
  endfacet
  facet normal 0 0 1
    outer loop
      vertex 2.86378 -37.8638 -0.0999994
      vertex 2.22739 -37.2274 -0.0999994
      vertex 2.46548 -38.2131 -0.0999994
    endloop
  endfacet
  facet normal -0 0 1
    outer loop
      vertex 1.9176 -37.4991 -0.0999994
      vertex 2.46548 -38.2131 -0.0999994
      vertex 2.22739 -37.2274 -0.0999994
    endloop
  endfacet
  facet normal 0 0 1
    outer loop
      vertex 2.46548 -38.2131 -0.0999994
      vertex 1.9176 -37.4991 -0.0999994
      vertex 2.025 -38.5074 -0.0999994
    endloop
  endfacet
  facet normal -0 0 1
    outer loop
      vertex 1.575 -37.728 -0.0999994
      vertex 2.025 -38.5074 -0.0999994
      vertex 1.9176 -37.4991 -0.0999994
    endloop
  endfacet
  facet normal 0 0 1
    outer loop
      vertex 1.575 -37.728 -0.0999994
      vertex 1.54987 -38.7417 -0.0999994
      vertex 2.025 -38.5074 -0.0999994
    endloop
  endfacet
  facet normal -0 0 1
    outer loop
      vertex 1.20545 -37.9102 -0.0999994
      vertex 1.54987 -38.7417 -0.0999994
      vertex 1.575 -37.728 -0.0999994
    endloop
  endfacet
  facet normal 0 0 1
    outer loop
      vertex 1.20545 -37.9102 -0.0999994
      vertex 1.04822 -38.912 -0.0999994
      vertex 1.54987 -38.7417 -0.0999994
    endloop
  endfacet
  facet normal -0 0 1
    outer loop
      vertex 0.81528 -38.0427 -0.0999994
      vertex 1.04822 -38.912 -0.0999994
      vertex 1.20545 -37.9102 -0.0999994
    endloop
  endfacet
  facet normal 0 0 1
    outer loop
      vertex 0.81528 -38.0427 -0.0999994
      vertex 0.52863 -39.0154 -0.0999994
      vertex 1.04822 -38.912 -0.0999994
    endloop
  endfacet
  facet normal -0 0 1
    outer loop
      vertex 0.411157 -38.1231 -0.0999994
      vertex 0.52863 -39.0154 -0.0999994
      vertex 0.81528 -38.0427 -0.0999994
    endloop
  endfacet
  facet normal -0 0 1
    outer loop
      vertex 0 -38.15 -0.0999994
      vertex 0.52863 -39.0154 -0.0999994
      vertex 0.411157 -38.1231 -0.0999994
    endloop
  endfacet
  facet normal 0 0 1
    outer loop
      vertex 0 -38.15 -0.0999994
      vertex 0 -39.05 -0.0999994
      vertex 0.52863 -39.0154 -0.0999994
    endloop
  endfacet
  facet normal 0 0 1
    outer loop
      vertex -0.411157 -38.1231 -0.0999994
      vertex 0 -39.05 -0.0999994
      vertex 0 -38.15 -0.0999994
    endloop
  endfacet
  facet normal 0 0 1
    outer loop
      vertex -0.411157 -38.1231 -0.0999994
      vertex -0.52863 -39.0154 -0.0999994
      vertex 0 -39.05 -0.0999994
    endloop
  endfacet
  facet normal 0 0 1
    outer loop
      vertex -0.81528 -38.0427 -0.0999994
      vertex -0.52863 -39.0154 -0.0999994
      vertex -0.411157 -38.1231 -0.0999994
    endloop
  endfacet
  facet normal 0 0 1
    outer loop
      vertex -0.81528 -38.0427 -0.0999994
      vertex -1.04822 -38.912 -0.0999994
      vertex -0.52863 -39.0154 -0.0999994
    endloop
  endfacet
  facet normal 0 0 1
    outer loop
      vertex -1.20545 -37.9102 -0.0999994
      vertex -1.04822 -38.912 -0.0999994
      vertex -0.81528 -38.0427 -0.0999994
    endloop
  endfacet
  facet normal 0 0 1
    outer loop
      vertex -1.20545 -37.9102 -0.0999994
      vertex -1.54987 -38.7417 -0.0999994
      vertex -1.04822 -38.912 -0.0999994
    endloop
  endfacet
  facet normal 0 0 1
    outer loop
      vertex -1.575 -37.728 -0.0999994
      vertex -1.54987 -38.7417 -0.0999994
      vertex -1.20545 -37.9102 -0.0999994
    endloop
  endfacet
  facet normal 0 0 1
    outer loop
      vertex -2.025 -38.5074 -0.0999994
      vertex -1.575 -37.728 -0.0999994
      vertex -1.9176 -37.4991 -0.0999994
    endloop
  endfacet
  facet normal 0 0 1
    outer loop
      vertex -1.575 -37.728 -0.0999994
      vertex -2.025 -38.5074 -0.0999994
      vertex -1.54987 -38.7417 -0.0999994
    endloop
  endfacet
  facet normal 0 0 1
    outer loop
      vertex -2.46548 -38.2131 -0.0999994
      vertex -1.9176 -37.4991 -0.0999994
      vertex -2.22739 -37.2274 -0.0999994
    endloop
  endfacet
  facet normal 0 0 1
    outer loop
      vertex -1.9176 -37.4991 -0.0999994
      vertex -2.46548 -38.2131 -0.0999994
      vertex -2.025 -38.5074 -0.0999994
    endloop
  endfacet
  facet normal 0 0 1
    outer loop
      vertex -2.86378 -37.8638 -0.0999994
      vertex -2.22739 -37.2274 -0.0999994
      vertex -2.49906 -36.9176 -0.0999994
    endloop
  endfacet
  facet normal 0 0 1
    outer loop
      vertex -3.21308 -37.4655 -0.0999994
      vertex -2.49906 -36.9176 -0.0999994
      vertex -2.72798 -36.575 -0.0999994
    endloop
  endfacet
  facet normal 0 0 1
    outer loop
      vertex -2.22739 -37.2274 -0.0999994
      vertex -2.86378 -37.8638 -0.0999994
      vertex -2.46548 -38.2131 -0.0999994
    endloop
  endfacet
  facet normal 0 0 1
    outer loop
      vertex -3.5074 -37.025 -0.0999994
      vertex -2.72798 -36.575 -0.0999994
      vertex -2.91022 -36.2055 -0.0999994
    endloop
  endfacet
  facet normal 0 0 1
    outer loop
      vertex -3.74171 -36.5499 -0.0999994
      vertex -2.91022 -36.2055 -0.0999994
      vertex -3.04267 -35.8153 -0.0999994
    endloop
  endfacet
  facet normal 0 0 1
    outer loop
      vertex -3.912 -36.0482 -0.0999994
      vertex -3.04267 -35.8153 -0.0999994
      vertex -3.12305 -35.4112 -0.0999994
    endloop
  endfacet
  facet normal 0 0 1
    outer loop
      vertex -2.49906 -36.9176 -0.0999994
      vertex -3.21308 -37.4655 -0.0999994
      vertex -2.86378 -37.8638 -0.0999994
    endloop
  endfacet
  facet normal 0 0 1
    outer loop
      vertex -4.01535 -35.5286 -0.0999994
      vertex -3.12305 -35.4112 -0.0999994
      vertex -3.15 -35 -0.0999994
    endloop
  endfacet
  facet normal -0 0 1
    outer loop
      vertex -3.912 -33.9518 -0.0999994
      vertex -3.04267 -34.1847 -0.0999994
      vertex -3.74171 -33.4501 -0.0999994
    endloop
  endfacet
  facet normal 0 0 1
    outer loop
      vertex -3.04267 -34.1847 -0.0999994
      vertex -3.912 -33.9518 -0.0999994
      vertex -3.12305 -34.5888 -0.0999994
    endloop
  endfacet
  facet normal 0 0 1
    outer loop
      vertex -2.72798 -36.575 -0.0999994
      vertex -3.5074 -37.025 -0.0999994
      vertex -3.21308 -37.4655 -0.0999994
    endloop
  endfacet
  facet normal -0 0 1
    outer loop
      vertex -4.01535 -34.4714 -0.0999994
      vertex -3.12305 -34.5888 -0.0999994
      vertex -3.912 -33.9518 -0.0999994
    endloop
  endfacet
  facet normal 0 0 1
    outer loop
      vertex -2.91022 -36.2055 -0.0999994
      vertex -3.74171 -36.5499 -0.0999994
      vertex -3.5074 -37.025 -0.0999994
    endloop
  endfacet
  facet normal 0 0 1
    outer loop
      vertex -3.12305 -34.5888 -0.0999994
      vertex -4.01535 -34.4714 -0.0999994
      vertex -3.15 -35 -0.0999994
    endloop
  endfacet
  facet normal 0 0 1
    outer loop
      vertex -3.04267 -35.8153 -0.0999994
      vertex -3.912 -36.0482 -0.0999994
      vertex -3.74171 -36.5499 -0.0999994
    endloop
  endfacet
  facet normal 0 0 1
    outer loop
      vertex -4.05 -35 -0.0999994
      vertex -3.15 -35 -0.0999994
      vertex -4.01535 -34.4714 -0.0999994
    endloop
  endfacet
  facet normal 0 0 1
    outer loop
      vertex -3.12305 -35.4112 -0.0999994
      vertex -4.01535 -35.5286 -0.0999994
      vertex -3.912 -36.0482 -0.0999994
    endloop
  endfacet
  facet normal 0 0 1
    outer loop
      vertex -3.15 -35 -0.0999994
      vertex -4.05 -35 -0.0999994
      vertex -4.01535 -35.5286 -0.0999994
    endloop
  endfacet
  facet normal 0.500108 0.438555 -0.7467
    outer loop
      vertex -2.49906 -36.9176 0.700001
      vertex -2.22739 -37.2274 0.700001
      vertex -2.86378 -37.8638 -0.0999994
    endloop
  endfacet
  facet normal 0.0434255 0.663743 -0.746699
    outer loop
      vertex -0.411157 -38.1231 0.700001
      vertex 0 -38.15 0.700001
      vertex -0.52863 -39.0154 -0.0999994
    endloop
  endfacet
  facet normal 0.043443 0.663737 -0.746704
    outer loop
      vertex 0 -38.15 0.700001
      vertex 0 -39.05 -0.0999994
      vertex -0.52863 -39.0154 -0.0999994
    endloop
  endfacet
  facet normal 0.369527 0.55308 -0.746694
    outer loop
      vertex -1.9176 -37.4991 0.700001
      vertex -1.575 -37.728 0.700001
      vertex -2.46548 -38.2131 -0.0999994
    endloop
  endfacet
  facet normal -0.369527 -0.55308 -0.746694
    outer loop
      vertex 2.46548 -31.7869 -0.0999994
      vertex 1.9176 -32.5009 0.700001
      vertex 1.575 -32.272 0.700001
    endloop
  endfacet
  facet normal -0.438589 -0.500076 -0.746702
    outer loop
      vertex 2.86378 -32.1362 -0.0999994
      vertex 2.22739 -32.7726 0.700001
      vertex 1.9176 -32.5009 0.700001
    endloop
  endfacet
  facet normal -0.36953 -0.553077 -0.746695
    outer loop
      vertex 2.025 -31.4926 -0.0999994
      vertex 2.46548 -31.7869 -0.0999994
      vertex 1.575 -32.272 0.700001
    endloop
  endfacet
  facet normal -0.294135 -0.596584 -0.746707
    outer loop
      vertex 1.54987 -31.2583 -0.0999994
      vertex 1.575 -32.272 0.700001
      vertex 1.20545 -32.0898 0.700001
    endloop
  endfacet
  facet normal -0.663737 -0.0435013 -0.7467
    outer loop
      vertex 4.01535 -34.4714 -0.0999994
      vertex 3.15 -35 0.700001
      vertex 3.12305 -34.5888 0.700001
    endloop
  endfacet
  facet normal -0.62987 -0.213794 -0.746697
    outer loop
      vertex 3.74171 -33.4501 -0.0999994
      vertex 3.912 -33.9518 -0.0999994
      vertex 3.04267 -34.1847 0.700001
    endloop
  endfacet
  facet normal -0.652384 -0.129761 -0.746698
    outer loop
      vertex 3.912 -33.9518 -0.0999994
      vertex 4.01535 -34.4714 -0.0999994
      vertex 3.04267 -34.1847 0.700001
    endloop
  endfacet
  facet normal -0.553067 -0.369532 -0.746701
    outer loop
      vertex 3.21308 -32.5345 -0.0999994
      vertex 3.5074 -32.975 -0.0999994
      vertex 2.72798 -33.425 0.700001
    endloop
  endfacet
  facet normal -0.553055 -0.369543 -0.746705
    outer loop
      vertex 3.21308 -32.5345 -0.0999994
      vertex 2.72798 -33.425 0.700001
      vertex 2.49906 -33.0824 0.700001
    endloop
  endfacet
  facet normal -0.438589 0.500076 -0.746702
    outer loop
      vertex 2.22739 -37.2274 0.700001
      vertex 2.86378 -37.8638 -0.0999994
      vertex 1.9176 -37.4991 0.700001
    endloop
  endfacet
  facet normal -0.369527 0.55308 -0.746694
    outer loop
      vertex 1.9176 -37.4991 0.700001
      vertex 2.46548 -38.2131 -0.0999994
      vertex 1.575 -37.728 0.700001
    endloop
  endfacet
  facet normal -0.553067 0.369532 -0.746701
    outer loop
      vertex 3.5074 -37.025 -0.0999994
      vertex 3.21308 -37.4655 -0.0999994
      vertex 2.72798 -36.575 0.700001
    endloop
  endfacet
  facet normal 0.369527 -0.55308 -0.746694
    outer loop
      vertex -1.575 -32.272 0.700001
      vertex -1.9176 -32.5009 0.700001
      vertex -2.46548 -31.7869 -0.0999994
    endloop
  endfacet
  facet normal -0.12979 -0.652375 -0.746701
    outer loop
      vertex 0.52863 -30.9846 -0.0999994
      vertex 0.81528 -31.9573 0.700001
      vertex 0.411157 -31.8769 0.700001
    endloop
  endfacet
  facet normal 0.043443 -0.663737 -0.746704
    outer loop
      vertex 0 -30.95 -0.0999994
      vertex 0 -31.85 0.700001
      vertex -0.52863 -30.9846 -0.0999994
    endloop
  endfacet
  facet normal -0.043443 -0.663737 -0.746704
    outer loop
      vertex 0 -30.95 -0.0999994
      vertex 0.52863 -30.9846 -0.0999994
      vertex 0 -31.85 0.700001
    endloop
  endfacet
  facet normal 0.0434255 -0.663743 -0.746699
    outer loop
      vertex 0 -31.85 0.700001
      vertex -0.411157 -31.8769 0.700001
      vertex -0.52863 -30.9846 -0.0999994
    endloop
  endfacet
  facet normal 0.12979 -0.652375 -0.746701
    outer loop
      vertex -0.52863 -30.9846 -0.0999994
      vertex -0.411157 -31.8769 0.700001
      vertex -0.81528 -31.9573 0.700001
    endloop
  endfacet
  facet normal 0.629865 -0.213802 -0.746699
    outer loop
      vertex -2.91022 -33.7945 0.700001
      vertex -3.04267 -34.1847 0.700001
      vertex -3.74171 -33.4501 -0.0999994
    endloop
  endfacet
  facet normal 0.62987 -0.213794 -0.746697
    outer loop
      vertex -3.74171 -33.4501 -0.0999994
      vertex -3.04267 -34.1847 0.700001
      vertex -3.912 -33.9518 -0.0999994
    endloop
  endfacet
  facet normal 0.652384 0.129767 -0.746696
    outer loop
      vertex -3.12305 -35.4112 0.700001
      vertex -3.04267 -35.8153 0.700001
      vertex -4.01535 -35.5286 -0.0999994
    endloop
  endfacet
  facet normal 0.553055 0.369543 -0.746705
    outer loop
      vertex -2.72798 -36.575 0.700001
      vertex -2.49906 -36.9176 0.700001
      vertex -3.21308 -37.4655 -0.0999994
    endloop
  endfacet
  facet normal -0.043443 0.663737 -0.746704
    outer loop
      vertex 0 -38.15 0.700001
      vertex 0.52863 -39.0154 -0.0999994
      vertex 0 -39.05 -0.0999994
    endloop
  endfacet
  facet normal -0.213827 0.629867 -0.74669
    outer loop
      vertex 1.54987 -38.7417 -0.0999994
      vertex 1.04822 -38.912 -0.0999994
      vertex 0.81528 -38.0427 0.700001
    endloop
  endfacet
  facet normal -0.500108 -0.438555 -0.7467
    outer loop
      vertex 2.86378 -32.1362 -0.0999994
      vertex 2.49906 -33.0824 0.700001
      vertex 2.22739 -32.7726 0.700001
    endloop
  endfacet
  facet normal -0.629865 -0.213802 -0.746699
    outer loop
      vertex 3.74171 -33.4501 -0.0999994
      vertex 3.04267 -34.1847 0.700001
      vertex 2.91022 -33.7945 0.700001
    endloop
  endfacet
  facet normal -0.294135 0.596584 -0.746707
    outer loop
      vertex 1.575 -37.728 0.700001
      vertex 1.54987 -38.7417 -0.0999994
      vertex 1.20545 -37.9102 0.700001
    endloop
  endfacet
  facet normal -0.294188 0.596575 -0.746694
    outer loop
      vertex 1.575 -37.728 0.700001
      vertex 2.025 -38.5074 -0.0999994
      vertex 1.54987 -38.7417 -0.0999994
    endloop
  endfacet
  facet normal -0.553055 0.369543 -0.746705
    outer loop
      vertex 2.72798 -36.575 0.700001
      vertex 3.21308 -37.4655 -0.0999994
      vertex 2.49906 -36.9176 0.700001
    endloop
  endfacet
  facet normal -0.663737 0.0435013 -0.7467
    outer loop
      vertex 3.15 -35 0.700001
      vertex 4.01535 -35.5286 -0.0999994
      vertex 3.12305 -35.4112 0.700001
    endloop
  endfacet
  facet normal -0.596553 0.294224 -0.746698
    outer loop
      vertex 2.91022 -36.2055 0.700001
      vertex 3.74171 -36.5499 -0.0999994
      vertex 2.72798 -36.575 0.700001
    endloop
  endfacet
  facet normal -0.629865 0.213802 -0.746699
    outer loop
      vertex 3.04267 -35.8153 0.700001
      vertex 3.74171 -36.5499 -0.0999994
      vertex 2.91022 -36.2055 0.700001
    endloop
  endfacet
  facet normal 0.438575 -0.500098 -0.746695
    outer loop
      vertex -2.46548 -31.7869 -0.0999994
      vertex -1.9176 -32.5009 0.700001
      vertex -2.86378 -32.1362 -0.0999994
    endloop
  endfacet
  facet normal 0.438589 -0.500076 -0.746702
    outer loop
      vertex -1.9176 -32.5009 0.700001
      vertex -2.22739 -32.7726 0.700001
      vertex -2.86378 -32.1362 -0.0999994
    endloop
  endfacet
  facet normal 0.129825 -0.652378 -0.746692
    outer loop
      vertex -0.52863 -30.9846 -0.0999994
      vertex -0.81528 -31.9573 0.700001
      vertex -1.04822 -31.088 -0.0999994
    endloop
  endfacet
  facet normal 0.213827 -0.629867 -0.74669
    outer loop
      vertex -1.04822 -31.088 -0.0999994
      vertex -0.81528 -31.9573 0.700001
      vertex -1.54987 -31.2583 -0.0999994
    endloop
  endfacet
  facet normal 0.62987 0.213794 -0.746697
    outer loop
      vertex -3.04267 -35.8153 0.700001
      vertex -3.74171 -36.5499 -0.0999994
      vertex -3.912 -36.0482 -0.0999994
    endloop
  endfacet
  facet normal 0.652384 0.129761 -0.746698
    outer loop
      vertex -3.04267 -35.8153 0.700001
      vertex -3.912 -36.0482 -0.0999994
      vertex -4.01535 -35.5286 -0.0999994
    endloop
  endfacet
  facet normal 0.663737 0.0435013 -0.7467
    outer loop
      vertex -3.15 -35 0.700001
      vertex -3.12305 -35.4112 0.700001
      vertex -4.01535 -35.5286 -0.0999994
    endloop
  endfacet
  facet normal 0.629865 0.213802 -0.746699
    outer loop
      vertex -3.04267 -35.8153 0.700001
      vertex -2.91022 -36.2055 0.700001
      vertex -3.74171 -36.5499 -0.0999994
    endloop
  endfacet
  facet normal 0.553067 0.369532 -0.746701
    outer loop
      vertex -2.72798 -36.575 0.700001
      vertex -3.21308 -37.4655 -0.0999994
      vertex -3.5074 -37.025 -0.0999994
    endloop
  endfacet
  facet normal 0.438589 0.500076 -0.746702
    outer loop
      vertex -2.22739 -37.2274 0.700001
      vertex -1.9176 -37.4991 0.700001
      vertex -2.86378 -37.8638 -0.0999994
    endloop
  endfacet
  facet normal 0.438575 0.500098 -0.746695
    outer loop
      vertex -1.9176 -37.4991 0.700001
      vertex -2.46548 -38.2131 -0.0999994
      vertex -2.86378 -37.8638 -0.0999994
    endloop
  endfacet
  facet normal 0.294188 0.596575 -0.746694
    outer loop
      vertex -1.575 -37.728 0.700001
      vertex -1.54987 -38.7417 -0.0999994
      vertex -2.025 -38.5074 -0.0999994
    endloop
  endfacet
  facet normal 0.36953 0.553077 -0.746695
    outer loop
      vertex -1.575 -37.728 0.700001
      vertex -2.025 -38.5074 -0.0999994
      vertex -2.46548 -38.2131 -0.0999994
    endloop
  endfacet
  facet normal 0.213886 0.629826 -0.746708
    outer loop
      vertex -1.20545 -37.9102 0.700001
      vertex -0.81528 -38.0427 0.700001
      vertex -1.54987 -38.7417 -0.0999994
    endloop
  endfacet
  facet normal -0.0434255 0.663743 -0.746699
    outer loop
      vertex 0.411157 -38.1231 0.700001
      vertex 0.52863 -39.0154 -0.0999994
      vertex 0 -38.15 0.700001
    endloop
  endfacet
  facet normal -0.213886 0.629826 -0.746708
    outer loop
      vertex 1.20545 -37.9102 0.700001
      vertex 1.54987 -38.7417 -0.0999994
      vertex 0.81528 -38.0427 0.700001
    endloop
  endfacet
  facet normal -0.500108 0.438555 -0.7467
    outer loop
      vertex 2.49906 -36.9176 0.700001
      vertex 2.86378 -37.8638 -0.0999994
      vertex 2.22739 -37.2274 0.700001
    endloop
  endfacet
  facet normal 0.596553 0.294224 -0.746698
    outer loop
      vertex -2.91022 -36.2055 0.700001
      vertex -2.72798 -36.575 0.700001
      vertex -3.74171 -36.5499 -0.0999994
    endloop
  endfacet
  facet normal 0.596555 0.294209 -0.746701
    outer loop
      vertex -2.72798 -36.575 0.700001
      vertex -3.5074 -37.025 -0.0999994
      vertex -3.74171 -36.5499 -0.0999994
    endloop
  endfacet
  facet normal 0.213827 0.629867 -0.74669
    outer loop
      vertex -0.81528 -38.0427 0.700001
      vertex -1.04822 -38.912 -0.0999994
      vertex -1.54987 -38.7417 -0.0999994
    endloop
  endfacet
  facet normal -0.12979 0.652375 -0.746701
    outer loop
      vertex 0.81528 -38.0427 0.700001
      vertex 0.52863 -39.0154 -0.0999994
      vertex 0.411157 -38.1231 0.700001
    endloop
  endfacet
  facet normal -0.129825 0.652378 -0.746692
    outer loop
      vertex 0.81528 -38.0427 0.700001
      vertex 1.04822 -38.912 -0.0999994
      vertex 0.52863 -39.0154 -0.0999994
    endloop
  endfacet
  facet normal 0.129825 0.652378 -0.746692
    outer loop
      vertex -0.81528 -38.0427 0.700001
      vertex -0.52863 -39.0154 -0.0999994
      vertex -1.04822 -38.912 -0.0999994
    endloop
  endfacet
  facet normal 0.12979 0.652375 -0.746701
    outer loop
      vertex -0.411157 -38.1231 0.700001
      vertex -0.52863 -39.0154 -0.0999994
      vertex -0.81528 -38.0427 0.700001
    endloop
  endfacet
endsolid OpenSCAD_Model
