solid OpenSCAD_Model
  facet normal 0.573563 1.64888e-18 0.819161
    outer loop
      vertex 44.8245 2 11.0553
      vertex 46.7905 -2 9.67874
      vertex 46.7905 2 9.67874
    endloop
  endfacet
  facet normal 0.573563 1.64888e-18 0.819161
    outer loop
      vertex 46.7905 -2 9.67874
      vertex 44.8245 2 11.0553
      vertex 44.8245 -2 11.0553
    endloop
  endfacet
  facet normal 0.81915 9.73905e-06 -0.573579
    outer loop
      vertex 46.7905 2 9.67874
      vertex 44 0 5.69349
      vertex 43.825 2 5.4436
    endloop
  endfacet
  facet normal 0.819152 0 -0.573576
    outer loop
      vertex 46.7905 -2 9.67874
      vertex 44 0 5.69349
      vertex 46.7905 2 9.67874
    endloop
  endfacet
  facet normal 0.81915 -9.73905e-06 -0.573579
    outer loop
      vertex 44 0 5.69349
      vertex 46.7905 -2 9.67874
      vertex 43.825 -2 5.4436
    endloop
  endfacet
  facet normal 0 -1 0
    outer loop
      vertex 43.825 -2 9.62787
      vertex 46.7905 -2 9.67874
      vertex 44.8245 -2 11.0553
    endloop
  endfacet
  facet normal 0 -1 0
    outer loop
      vertex 46.7905 -2 9.67874
      vertex 43.825 -2 9.62787
      vertex 43.825 -2 5.4436
    endloop
  endfacet
  facet normal -0.819151 -7.23069e-06 0.573577
    outer loop
      vertex 44 0 9.87777
      vertex 44.8245 2 11.0553
      vertex 43.825 2 9.62787
    endloop
  endfacet
  facet normal -0.819151 7.23069e-06 0.573577
    outer loop
      vertex 44.8245 -2 11.0553
      vertex 44 0 9.87777
      vertex 43.825 -2 9.62787
    endloop
  endfacet
  facet normal -0.819157 3.10178e-18 0.573569
    outer loop
      vertex 44 0 9.87777
      vertex 44.8245 -2 11.0553
      vertex 44.8245 2 11.0553
    endloop
  endfacet
  facet normal 0 1 0
    outer loop
      vertex 46.7905 2 9.67874
      vertex 43.825 2 9.62787
      vertex 44.8245 2 11.0553
    endloop
  endfacet
  facet normal -0 1 0
    outer loop
      vertex 43.825 2 9.62787
      vertex 46.7905 2 9.67874
      vertex 43.825 2 5.4436
    endloop
  endfacet
  facet normal -0.81604 -0.0713679 -0.573573
    outer loop
      vertex 43.8401 1.82787 22.3614
      vertex 43.754 2.81236 22.3614
      vertex 44.8283 1.91433 20.9447
    endloop
  endfacet
  facet normal 0.816028 0.071409 0.573584
    outer loop
      vertex 43.7483 2.87701 26.5456
      vertex 46.7868 2.08567 22.3213
      vertex 46.4381 6.07045 22.3213
    endloop
  endfacet
  facet normal 0.816028 0.0714026 0.573585
    outer loop
      vertex 46.7868 2.08567 22.3213
      vertex 43.7483 2.87701 26.5456
      vertex 43.8401 1.82787 26.5456
    endloop
  endfacet
  facet normal 0.571414 0.0500032 -0.819137
    outer loop
      vertex 46.7868 2.08567 22.3213
      vertex 44.4797 5.8991 20.9447
      vertex 46.4381 6.07045 22.3213
    endloop
  endfacet
  facet normal 0.0871548 -0.996195 -1.16021e-18
    outer loop
      vertex 46.7868 2.08567 22.3213
      vertex 43.8401 1.82787 26.5456
      vertex 43.8401 1.82787 24.4763
    endloop
  endfacet
  facet normal -0.0871577 0.996195 3.3277e-18
    outer loop
      vertex 46.4381 6.07045 22.3213
      vertex 43.4915 5.81265 22.3614
      vertex 43.4915 5.81265 24.4763
    endloop
  endfacet
  facet normal -0.0871578 0.996195 -5.87624e-06
    outer loop
      vertex 43.4915 5.81265 22.3614
      vertex 46.4381 6.07045 22.3213
      vertex 44.4797 5.8991 20.9447
    endloop
  endfacet
  facet normal -0.816037 -0.0713964 -0.573573
    outer loop
      vertex 44.4797 5.8991 20.9447
      vertex 43.754 2.81236 22.3614
      vertex 43.4915 5.81265 22.3614
    endloop
  endfacet
  facet normal -0.816045 -0.0713901 -0.573563
    outer loop
      vertex 43.754 2.81236 22.3614
      vertex 44.4797 5.8991 20.9447
      vertex 44.8283 1.91433 20.9447
    endloop
  endfacet
  facet normal 0.571396 0.0499875 -0.819151
    outer loop
      vertex 44.8283 1.91433 20.9447
      vertex 44.4797 5.8991 20.9447
      vertex 46.7868 2.08567 22.3213
    endloop
  endfacet
  facet normal 0.0871548 -0.996195 0
    outer loop
      vertex 43.8401 1.82787 22.3614
      vertex 46.7868 2.08567 22.3213
      vertex 43.8401 1.82787 24.4763
    endloop
  endfacet
  facet normal 0.0871547 -0.996195 -3.3059e-06
    outer loop
      vertex 46.7868 2.08567 22.3213
      vertex 43.8401 1.82787 22.3614
      vertex 44.8283 1.91433 20.9447
    endloop
  endfacet
  facet normal -0.0871577 0.996195 3.40103e-18
    outer loop
      vertex 46.4381 6.07045 22.3213
      vertex 43.4915 5.81265 24.4763
      vertex 43.4915 5.81265 26.5456
    endloop
  endfacet
  facet normal 0.816039 0.0713843 0.573572
    outer loop
      vertex 46.4381 6.07045 22.3213
      vertex 43.4915 5.81265 26.5456
      vertex 43.7483 2.87701 26.5456
    endloop
  endfacet
  facet normal 0.80671 0.14224 -0.573573
    outer loop
      vertex 45.7323 10.0947 9.67874
      vertex 43.3315 7.64052 5.69349
      vertex 42.8119 9.57975 5.4436
    endloop
  endfacet
  facet normal 0.806708 0.142246 -0.573575
    outer loop
      vertex 46.4269 6.15547 9.67874
      vertex 43.3315 7.64052 5.69349
      vertex 45.7323 10.0947 9.67874
    endloop
  endfacet
  facet normal 0.806708 0.142252 -0.573573
    outer loop
      vertex 43.3315 7.64052 5.69349
      vertex 46.4269 6.15547 9.67874
      vertex 43.5065 5.64052 5.4436
    endloop
  endfacet
  facet normal 0.564855 0.0996003 0.819157
    outer loop
      vertex 45.7323 10.0947 9.67874
      vertex 44.4908 5.81408 11.0553
      vertex 46.4269 6.15547 9.67874
    endloop
  endfacet
  facet normal 0.564877 0.0995897 0.819144
    outer loop
      vertex 44.4908 5.81408 11.0553
      vertex 45.7323 10.0947 9.67874
      vertex 43.7963 9.75331 11.0553
    endloop
  endfacet
  facet normal -0.806687 -0.142226 0.57361
    outer loop
      vertex 43.3315 7.64052 9.87777
      vertex 43.7963 9.75331 11.0553
      vertex 42.8119 9.57975 9.62787
    endloop
  endfacet
  facet normal -0.806691 -0.142222 0.573604
    outer loop
      vertex 43.3315 7.64052 9.87777
      vertex 44.4908 5.81408 11.0553
      vertex 43.7963 9.75331 11.0553
    endloop
  endfacet
  facet normal -0.806709 -0.142255 0.573572
    outer loop
      vertex 44.4908 5.81408 11.0553
      vertex 43.3315 7.64052 9.87777
      vertex 43.5065 5.64052 9.62787
    endloop
  endfacet
  facet normal 0.17365 -0.984807 -1.58053e-07
    outer loop
      vertex 43.5065 5.64052 9.62787
      vertex 46.4269 6.15547 9.67874
      vertex 44.4908 5.81408 11.0553
    endloop
  endfacet
  facet normal 0.17365 -0.984807 5.6009e-18
    outer loop
      vertex 46.4269 6.15547 9.67874
      vertex 43.5065 5.64052 9.62787
      vertex 43.5065 5.64052 5.4436
    endloop
  endfacet
  facet normal -0.17365 0.984807 1.24712e-05
    outer loop
      vertex 45.7323 10.0947 9.67874
      vertex 42.8119 9.57975 9.62787
      vertex 43.7963 9.75331 11.0553
    endloop
  endfacet
  facet normal -0.17365 0.984807 0
    outer loop
      vertex 42.8119 9.57975 9.62787
      vertex 45.7323 10.0947 9.67874
      vertex 42.8119 9.57975 5.4436
    endloop
  endfacet
  facet normal 0.258808 -0.965929 0
    outer loop
      vertex 42.8566 9.41285 22.3614
      vertex 45.7138 10.1784 22.3213
      vertex 42.8566 9.41285 26.5456
    endloop
  endfacet
  facet normal 0.258808 -0.965929 -1.81122e-06
    outer loop
      vertex 45.7138 10.1784 22.3213
      vertex 42.8566 9.41285 22.3614
      vertex 43.8148 9.66959 20.9447
    endloop
  endfacet
  facet normal 0.791232 0.212009 0.573589
    outer loop
      vertex 45.7138 10.1784 22.3213
      vertex 42.0939 12.2593 26.5456
      vertex 42.8566 9.41285 26.5456
    endloop
  endfacet
  facet normal 0.791258 0.211951 0.573575
    outer loop
      vertex 42.0939 12.2593 26.5456
      vertex 44.6785 14.0421 22.3213
      vertex 41.8214 13.2766 26.5456
    endloop
  endfacet
  facet normal 0.791232 0.212015 0.573586
    outer loop
      vertex 44.6785 14.0421 22.3213
      vertex 42.0939 12.2593 26.5456
      vertex 45.7138 10.1784 22.3213
    endloop
  endfacet
  facet normal -0.79124 -0.212017 -0.573575
    outer loop
      vertex 43.8148 9.66959 20.9447
      vertex 42.0771 12.322 22.3614
      vertex 42.7795 13.5333 20.9447
    endloop
  endfacet
  facet normal -0.791236 -0.21201 -0.573582
    outer loop
      vertex 42.0771 12.322 22.3614
      vertex 43.8148 9.66959 20.9447
      vertex 42.8566 9.41285 22.3614
    endloop
  endfacet
  facet normal -0.258801 0.965931 -5.16857e-18
    outer loop
      vertex 44.6785 14.0421 22.3213
      vertex 41.8214 13.2766 22.3614
      vertex 41.8214 13.2766 26.5456
    endloop
  endfacet
  facet normal -0.258801 0.965931 -1.92259e-06
    outer loop
      vertex 41.8214 13.2766 22.3614
      vertex 44.6785 14.0421 22.3213
      vertex 42.7795 13.5333 20.9447
    endloop
  endfacet
  facet normal -0.791282 -0.211953 -0.573541
    outer loop
      vertex 42.0771 12.322 22.3614
      vertex 41.8214 13.2766 22.3614
      vertex 42.7795 13.5333 20.9447
    endloop
  endfacet
  facet normal 0.554032 0.148456 -0.819151
    outer loop
      vertex 43.8148 9.66959 20.9447
      vertex 44.6785 14.0421 22.3213
      vertex 45.7138 10.1784 22.3213
    endloop
  endfacet
  facet normal 0.554033 0.148456 -0.819151
    outer loop
      vertex 44.6785 14.0421 22.3213
      vertex 43.8148 9.66959 20.9447
      vertex 42.7795 13.5333 20.9447
    endloop
  endfacet
  facet normal -0.76975 -0.280199 0.573563
    outer loop
      vertex 42.8053 13.4515 11.0553
      vertex 41.6281 13.9978 9.74232
      vertex 41.8661 13.1097 9.62787
    endloop
  endfacet
  facet normal 0.769757 0.280161 -0.573571
    outer loop
      vertex 44.6527 14.1239 9.67874
      vertex 41.3465 15.0489 5.69349
      vertex 40.984 15.8263 5.58672
    endloop
  endfacet
  facet normal 0.769757 0.280165 -0.57357
    outer loop
      vertex 41.3465 15.0489 5.69349
      vertex 44.6527 14.1239 9.67874
      vertex 41.8661 13.1097 5.4436
    endloop
  endfacet
  facet normal 0.538979 0.196174 0.819156
    outer loop
      vertex 43.2846 17.8827 9.67874
      vertex 42.8053 13.4515 11.0553
      vertex 44.6527 14.1239 9.67874
    endloop
  endfacet
  facet normal 0.538979 0.196174 0.819156
    outer loop
      vertex 42.8053 13.4515 11.0553
      vertex 43.2846 17.8827 9.67874
      vertex 41.4372 17.2103 11.0553
    endloop
  endfacet
  facet normal -0.342038 0.939686 -2.58193e-05
    outer loop
      vertex 43.2846 17.8827 9.67874
      vertex 40.498 16.8684 9.62787
      vertex 41.4372 17.2103 11.0553
    endloop
  endfacet
  facet normal -0.342038 0.939686 0
    outer loop
      vertex 40.498 16.8684 9.62787
      vertex 43.2846 17.8827 9.67874
      vertex 40.498 16.8684 7.51823
    endloop
  endfacet
  facet normal -0.769746 -0.280183 0.573576
    outer loop
      vertex 41.3465 15.0489 9.87777
      vertex 41.4372 17.2103 11.0553
      vertex 40.498 16.8684 9.62787
    endloop
  endfacet
  facet normal -0.769751 -0.28014 0.573589
    outer loop
      vertex 42.8053 13.4515 11.0553
      vertex 41.3465 15.0489 9.87777
      vertex 41.6281 13.9978 9.74232
    endloop
  endfacet
  facet normal -0.769762 -0.280172 0.573558
    outer loop
      vertex 41.3465 15.0489 9.87777
      vertex 42.8053 13.4515 11.0553
      vertex 41.4372 17.2103 11.0553
    endloop
  endfacet
  facet normal 0.342009 -0.939697 -1.83544e-05
    outer loop
      vertex 41.8661 13.1097 9.62787
      vertex 44.6527 14.1239 9.67874
      vertex 42.8053 13.4515 11.0553
    endloop
  endfacet
  facet normal 0.342008 -0.939697 1.60951e-17
    outer loop
      vertex 44.6527 14.1239 9.67874
      vertex 41.8661 13.1097 9.62787
      vertex 41.8661 13.1097 5.4436
    endloop
  endfacet
  facet normal -0.342038 0.939686 0
    outer loop
      vertex 40.498 16.8684 5.4436
      vertex 40.498 16.8684 7.51823
      vertex 43.2846 17.8827 9.67874
    endloop
  endfacet
  facet normal 0.769738 0.280206 -0.573574
    outer loop
      vertex 43.2846 17.8827 9.67874
      vertex 40.984 15.8263 5.58672
      vertex 40.498 16.8684 5.4436
    endloop
  endfacet
  facet normal 0.769757 0.28017 -0.573567
    outer loop
      vertex 40.984 15.8263 5.58672
      vertex 43.2846 17.8827 9.67874
      vertex 44.6527 14.1239 9.67874
    endloop
  endfacet
  facet normal -0.422597 0.906318 0
    outer loop
      vertex 41.5614 21.5871 22.3213
      vertex 38.8806 20.3371 24.4763
      vertex 38.8806 20.3371 26.5456
    endloop
  endfacet
  facet normal 0.742404 0.346185 0.573579
    outer loop
      vertex 41.5614 21.5871 22.3213
      vertex 38.8806 20.3371 26.5456
      vertex 40.126 17.6663 26.5456
    endloop
  endfacet
  facet normal 0.422624 -0.906305 0
    outer loop
      vertex 40.571 16.7118 24.387
      vertex 43.2518 17.9619 22.3213
      vertex 40.571 16.7118 26.5456
    endloop
  endfacet
  facet normal 0.422617 -0.906308 -1.16233e-05
    outer loop
      vertex 43.2518 17.9619 22.3213
      vertex 40.571 16.7118 24.387
      vertex 41.4701 17.1311 20.9447
    endloop
  endfacet
  facet normal 0.422654 -0.906291 0
    outer loop
      vertex 40.571 16.7118 24.387
      vertex 40.571 16.7118 22.3614
      vertex 41.4701 17.1311 20.9447
    endloop
  endfacet
  facet normal -0.742439 -0.346146 -0.573556
    outer loop
      vertex 39.2982 19.4414 22.3614
      vertex 38.8806 20.3371 22.3614
      vertex 39.7796 20.7563 20.9447
    endloop
  endfacet
  facet normal -0.422597 0.906318 0
    outer loop
      vertex 41.5614 21.5871 22.3213
      vertex 38.8806 20.3371 22.3614
      vertex 38.8806 20.3371 24.4763
    endloop
  endfacet
  facet normal -0.422597 0.906318 9.96462e-06
    outer loop
      vertex 38.8806 20.3371 22.3614
      vertex 41.5614 21.5871 22.3213
      vertex 39.7796 20.7563 20.9447
    endloop
  endfacet
  facet normal 0.519859 0.242406 -0.819137
    outer loop
      vertex 43.2518 17.9619 22.3213
      vertex 41.4701 17.1311 20.9447
      vertex 41.5614 21.5871 22.3213
    endloop
  endfacet
  facet normal 0.742409 0.346179 0.573575
    outer loop
      vertex 40.126 17.6663 26.5456
      vertex 43.2518 17.9619 22.3213
      vertex 41.5614 21.5871 22.3213
    endloop
  endfacet
  facet normal 0.742426 0.346128 0.573584
    outer loop
      vertex 43.2518 17.9619 22.3213
      vertex 40.126 17.6663 26.5456
      vertex 40.571 16.7118 26.5456
    endloop
  endfacet
  facet normal 0.519838 0.24241 -0.81915
    outer loop
      vertex 41.4701 17.1311 20.9447
      vertex 39.7796 20.7563 20.9447
      vertex 41.5614 21.5871 22.3213
    endloop
  endfacet
  facet normal -0.742395 -0.346193 -0.573585
    outer loop
      vertex 41.4701 17.1311 20.9447
      vertex 39.2982 19.4414 22.3614
      vertex 39.7796 20.7563 20.9447
    endloop
  endfacet
  facet normal -0.742387 -0.346172 -0.573608
    outer loop
      vertex 39.2982 19.4414 22.3614
      vertex 41.4701 17.1311 20.9447
      vertex 40.571 16.7118 22.3614
    endloop
  endfacet
  facet normal -0.499987 0.866033 0
    outer loop
      vertex 36.9536 23.6446 5.4436
      vertex 36.9536 23.6446 7.51823
      vertex 39.5218 25.1273 9.67874
    endloop
  endfacet
  facet normal 0.709416 0.40956 -0.573576
    outer loop
      vertex 39.5218 25.1273 9.67874
      vertex 38.1051 22 5.69349
      vertex 36.9536 23.6446 5.4436
    endloop
  endfacet
  facet normal 0.709405 0.409571 -0.573582
    outer loop
      vertex 38.1051 22 5.69349
      vertex 39.5218 25.1273 9.67874
      vertex 38.4676 21.2226 5.58672
    endloop
  endfacet
  facet normal 0.496721 0.286782 0.819161
    outer loop
      vertex 39.5218 25.1273 9.67874
      vertex 39.8192 20.6802 11.0553
      vertex 41.5218 21.6632 9.67874
    endloop
  endfacet
  facet normal 0.496721 0.286782 0.819161
    outer loop
      vertex 39.8192 20.6802 11.0553
      vertex 39.5218 25.1273 9.67874
      vertex 37.8192 24.1443 11.0553
    endloop
  endfacet
  facet normal 0.709402 0.409574 -0.573583
    outer loop
      vertex 41.5218 21.6632 9.67874
      vertex 38.4676 21.2226 5.58672
      vertex 39.5218 25.1273 9.67874
    endloop
  endfacet
  facet normal 0.709388 0.409608 -0.573576
    outer loop
      vertex 38.4676 21.2226 5.58672
      vertex 41.5218 21.6632 9.67874
      vertex 38.9536 20.1805 5.4436
    endloop
  endfacet
  facet normal -0.499987 0.866033 2.28542e-05
    outer loop
      vertex 39.5218 25.1273 9.67874
      vertex 36.9536 23.6446 9.62787
      vertex 37.8192 24.1443 11.0553
    endloop
  endfacet
  facet normal -0.499987 0.866033 0
    outer loop
      vertex 36.9536 23.6446 9.62787
      vertex 39.5218 25.1273 9.67874
      vertex 36.9536 23.6446 7.51823
    endloop
  endfacet
  facet normal -0.709421 -0.40956 0.57357
    outer loop
      vertex 38.1051 22 9.87777
      vertex 37.8192 24.1443 11.0553
      vertex 36.9536 23.6446 9.62787
    endloop
  endfacet
  facet normal -0.709396 -0.40957 0.573594
    outer loop
      vertex 38.1051 22 9.87777
      vertex 39.8192 20.6802 11.0553
      vertex 37.8192 24.1443 11.0553
    endloop
  endfacet
  facet normal -0.7094 -0.409596 0.57357
    outer loop
      vertex 39.8192 20.6802 11.0553
      vertex 38.1051 22 9.87777
      vertex 38.9536 20.1805 9.62787
    endloop
  endfacet
  facet normal 0.499987 -0.866033 -2.28542e-05
    outer loop
      vertex 38.9536 20.1805 9.62787
      vertex 41.5218 21.6632 9.67874
      vertex 39.8192 20.6802 11.0553
    endloop
  endfacet
  facet normal 0.499987 -0.866033 1.37531e-17
    outer loop
      vertex 41.5218 21.6632 9.67874
      vertex 38.9536 20.1805 9.62787
      vertex 38.9536 20.1805 5.4436
    endloop
  endfacet
  facet normal 0.573576 -0.819152 0
    outer loop
      vertex 37.0527 23.503 22.3614
      vertex 39.4757 25.1996 22.3213
      vertex 37.0527 23.503 26.5456
    endloop
  endfacet
  facet normal 0.573576 -0.819153 -7.1891e-06
    outer loop
      vertex 39.4757 25.1996 22.3213
      vertex 37.0527 23.503 22.3614
      vertex 37.8653 24.072 20.9447
    endloop
  endfacet
  facet normal 0.670997 0.469857 0.573583
    outer loop
      vertex 39.4757 25.1996 22.3213
      vertex 35.3624 25.9169 26.5456
      vertex 37.0527 23.503 26.5456
    endloop
  endfacet
  facet normal 0.671016 0.469797 0.573611
    outer loop
      vertex 39.4757 25.1996 22.3213
      vertex 34.7584 26.7796 26.5456
      vertex 35.3624 25.9169 26.5456
    endloop
  endfacet
  facet normal 0.671006 0.469844 0.573583
    outer loop
      vertex 34.7584 26.7796 26.5456
      vertex 39.4757 25.1996 22.3213
      vertex 37.1814 28.4762 22.3213
    endloop
  endfacet
  facet normal -0.671001 -0.46984 -0.573591
    outer loop
      vertex 37.8653 24.072 20.9447
      vertex 35.3252 25.9701 22.3614
      vertex 35.571 27.3486 20.9447
    endloop
  endfacet
  facet normal -0.671002 -0.469846 -0.573586
    outer loop
      vertex 35.3252 25.9701 22.3614
      vertex 37.8653 24.072 20.9447
      vertex 37.0527 23.503 22.3614
    endloop
  endfacet
  facet normal -0.573576 0.819152 1.36307e-17
    outer loop
      vertex 37.1814 28.4762 22.3213
      vertex 34.7584 26.7796 22.3614
      vertex 34.7584 26.7796 26.5456
    endloop
  endfacet
  facet normal -0.573576 0.819153 7.1891e-06
    outer loop
      vertex 34.7584 26.7796 22.3614
      vertex 37.1814 28.4762 22.3213
      vertex 35.571 27.3486 20.9447
    endloop
  endfacet
  facet normal -0.671012 -0.469833 -0.573586
    outer loop
      vertex 35.3252 25.9701 22.3614
      vertex 34.7584 26.7796 22.3614
      vertex 35.571 27.3486 20.9447
    endloop
  endfacet
  facet normal 0.469856 0.328997 -0.819144
    outer loop
      vertex 37.8653 24.072 20.9447
      vertex 37.1814 28.4762 22.3213
      vertex 39.4757 25.1996 22.3213
    endloop
  endfacet
  facet normal 0.469856 0.328997 -0.819144
    outer loop
      vertex 37.1814 28.4762 22.3213
      vertex 37.8653 24.072 20.9447
      vertex 35.571 27.3486 20.9447
    endloop
  endfacet
  facet normal 0.439374 0.368695 0.819155
    outer loop
      vertex 37.1292 28.5443 9.67874
      vertex 34.558 31.6084 9.67874
      vertex 35.6232 27.2806 11.0553
    endloop
  endfacet
  facet normal -0.627455 -0.52658 0.573597
    outer loop
      vertex 35.6232 27.2806 11.0553
      vertex 34.3301 27.3912 9.74232
      vertex 34.8575 26.6381 9.62787
    endloop
  endfacet
  facet normal 0.627489 0.526568 -0.573572
    outer loop
      vertex 34.558 31.6084 9.67874
      vertex 33.706 28.2827 5.69349
      vertex 32.2863 29.7023 5.4436
    endloop
  endfacet
  facet normal 0.627545 0.526526 -0.573549
    outer loop
      vertex 33.706 28.2827 5.69349
      vertex 34.558 31.6084 9.67874
      vertex 34.198 27.58 5.58672
    endloop
  endfacet
  facet normal 0.439374 0.368695 0.819155
    outer loop
      vertex 34.558 31.6084 9.67874
      vertex 33.052 30.3447 11.0553
      vertex 35.6232 27.2806 11.0553
    endloop
  endfacet
  facet normal 0.627497 0.526556 -0.573574
    outer loop
      vertex 37.1292 28.5443 9.67874
      vertex 34.198 27.58 5.58672
      vertex 34.558 31.6084 9.67874
    endloop
  endfacet
  facet normal 0.627514 0.526528 -0.57358
    outer loop
      vertex 34.198 27.58 5.58672
      vertex 37.1292 28.5443 9.67874
      vertex 34.8575 26.6381 5.4436
    endloop
  endfacet
  facet normal -0.642772 0.766058 3.84231e-05
    outer loop
      vertex 34.558 31.6084 9.67874
      vertex 32.2863 29.7023 9.62787
      vertex 33.052 30.3447 11.0553
    endloop
  endfacet
  facet normal -0.642771 0.766058 0
    outer loop
      vertex 32.2863 29.7023 9.62787
      vertex 34.558 31.6084 9.67874
      vertex 32.2863 29.7023 7.51823
    endloop
  endfacet
  facet normal -0.62749 -0.526565 0.573572
    outer loop
      vertex 33.706 28.2827 9.87777
      vertex 33.052 30.3447 11.0553
      vertex 32.2863 29.7023 9.62787
    endloop
  endfacet
  facet normal -0.627507 -0.526449 0.57366
    outer loop
      vertex 35.6232 27.2806 11.0553
      vertex 33.706 28.2827 9.87777
      vertex 34.3301 27.3912 9.74232
    endloop
  endfacet
  facet normal -0.627504 -0.526562 0.573559
    outer loop
      vertex 33.706 28.2827 9.87777
      vertex 35.6232 27.2806 11.0553
      vertex 33.052 30.3447 11.0553
    endloop
  endfacet
  facet normal 0.642791 -0.766042 -2.4126e-06
    outer loop
      vertex 34.8575 26.6381 9.62787
      vertex 37.1292 28.5443 9.67874
      vertex 35.6232 27.2806 11.0553
    endloop
  endfacet
  facet normal 0.642791 -0.766042 3.32378e-17
    outer loop
      vertex 37.1292 28.5443 9.67874
      vertex 34.8575 26.6381 9.62787
      vertex 34.8575 26.6381 5.4436
    endloop
  endfacet
  facet normal -0.642771 0.766058 0
    outer loop
      vertex 32.2863 29.7023 5.4436
      vertex 32.2863 29.7023 7.51823
      vertex 34.558 31.6084 9.67874
    endloop
  endfacet
  facet normal 0.405573 0.405573 -0.819159
    outer loop
      vertex 33.1099 30.2815 20.9447
      vertex 31.6717 34.5001 22.3213
      vertex 34.5001 31.6717 22.3213
    endloop
  endfacet
  facet normal 0.405573 0.405573 -0.819159
    outer loop
      vertex 31.6717 34.5001 22.3213
      vertex 33.1099 30.2815 20.9447
      vertex 30.2815 33.1099 20.9447
    endloop
  endfacet
  facet normal 0.707107 -0.707107 0
    outer loop
      vertex 32.4085 29.5801 24.387
      vertex 34.5001 31.6717 22.3213
      vertex 32.4085 29.5801 26.5456
    endloop
  endfacet
  facet normal 0.707107 -0.707107 1.18733e-15
    outer loop
      vertex 34.5001 31.6717 22.3213
      vertex 32.4085 29.5801 24.387
      vertex 33.1099 30.2815 20.9447
    endloop
  endfacet
  facet normal 0.707107 -0.707107 0
    outer loop
      vertex 32.4085 29.5801 24.387
      vertex 32.4085 29.5801 22.3614
      vertex 33.1099 30.2815 20.9447
    endloop
  endfacet
  facet normal -0.707107 0.707107 1.15341e-17
    outer loop
      vertex 30.2815 33.1099 20.9447
      vertex 29.5801 32.4085 22.3614
      vertex 29.5801 32.4085 24.387
    endloop
  endfacet
  facet normal -0.579238 -0.579238 -0.573555
    outer loop
      vertex 33.1099 30.2815 20.9447
      vertex 29.5801 32.4085 22.3614
      vertex 30.2815 33.1099 20.9447
    endloop
  endfacet
  facet normal -0.579238 -0.579238 -0.573555
    outer loop
      vertex 29.5801 32.4085 22.3614
      vertex 33.1099 30.2815 20.9447
      vertex 32.4085 29.5801 22.3614
    endloop
  endfacet
  facet normal -0.707107 0.707107 -1.58935e-17
    outer loop
      vertex 31.6717 34.5001 22.3213
      vertex 29.5801 32.4085 24.387
      vertex 29.5801 32.4085 26.5456
    endloop
  endfacet
  facet normal -0.707107 0.707107 1.21594e-15
    outer loop
      vertex 29.5801 32.4085 24.387
      vertex 31.6717 34.5001 22.3213
      vertex 30.2815 33.1099 20.9447
    endloop
  endfacet
  facet normal 0.579223 0.579223 0.573587
    outer loop
      vertex 29.5801 32.4085 26.5456
      vertex 34.5001 31.6717 22.3213
      vertex 31.6717 34.5001 22.3213
    endloop
  endfacet
  facet normal 0.579223 0.579223 0.573587
    outer loop
      vertex 34.5001 31.6717 22.3213
      vertex 29.5801 32.4085 26.5456
      vertex 32.4085 29.5801 26.5456
    endloop
  endfacet
  facet normal 0.368695 0.439374 0.819155
    outer loop
      vertex 31.6084 34.558 9.67874
      vertex 27.2806 35.6232 11.0553
      vertex 30.3447 33.052 11.0553
    endloop
  endfacet
  facet normal -0.526562 -0.627504 0.573559
    outer loop
      vertex 27.2806 35.6232 11.0553
      vertex 28.2827 33.706 9.87777
      vertex 30.3447 33.052 11.0553
    endloop
  endfacet
  facet normal -0.526449 -0.627507 0.57366
    outer loop
      vertex 28.2827 33.706 9.87777
      vertex 27.2806 35.6232 11.0553
      vertex 27.3912 34.3301 9.74232
    endloop
  endfacet
  facet normal -0.526565 -0.62749 0.573572
    outer loop
      vertex 30.3447 33.052 11.0553
      vertex 28.2827 33.706 9.87777
      vertex 29.7023 32.2863 9.62787
    endloop
  endfacet
  facet normal 0.526568 0.627489 -0.573572
    outer loop
      vertex 31.6084 34.558 9.67874
      vertex 29.7023 32.2863 5.4436
      vertex 28.2827 33.706 5.69349
    endloop
  endfacet
  facet normal 0.526526 0.627545 -0.573549
    outer loop
      vertex 31.6084 34.558 9.67874
      vertex 28.2827 33.706 5.69349
      vertex 27.58 34.198 5.58672
    endloop
  endfacet
  facet normal 0.368695 0.439374 0.819155
    outer loop
      vertex 28.5443 37.1292 9.67874
      vertex 27.2806 35.6232 11.0553
      vertex 31.6084 34.558 9.67874
    endloop
  endfacet
  facet normal -0.766042 0.642791 0
    outer loop
      vertex 26.6381 34.8575 9.62787
      vertex 28.5443 37.1292 9.67874
      vertex 26.6381 34.8575 5.4436
    endloop
  endfacet
  facet normal -0.766042 0.642791 -2.4126e-06
    outer loop
      vertex 28.5443 37.1292 9.67874
      vertex 26.6381 34.8575 9.62787
      vertex 27.2806 35.6232 11.0553
    endloop
  endfacet
  facet normal 0.766058 -0.642771 0
    outer loop
      vertex 29.7023 32.2863 7.51823
      vertex 29.7023 32.2863 5.4436
      vertex 31.6084 34.558 9.67874
    endloop
  endfacet
  facet normal 0.766058 -0.642772 3.84231e-05
    outer loop
      vertex 29.7023 32.2863 9.62787
      vertex 31.6084 34.558 9.67874
      vertex 30.3447 33.052 11.0553
    endloop
  endfacet
  facet normal 0.766058 -0.642771 8.24935e-18
    outer loop
      vertex 31.6084 34.558 9.67874
      vertex 29.7023 32.2863 9.62787
      vertex 29.7023 32.2863 7.51823
    endloop
  endfacet
  facet normal 0.526556 0.627497 -0.573574
    outer loop
      vertex 27.58 34.198 5.58672
      vertex 28.5443 37.1292 9.67874
      vertex 31.6084 34.558 9.67874
    endloop
  endfacet
  facet normal 0.526528 0.627514 -0.57358
    outer loop
      vertex 28.5443 37.1292 9.67874
      vertex 27.58 34.198 5.58672
      vertex 26.6381 34.8575 5.4436
    endloop
  endfacet
  facet normal -0.52658 -0.627455 0.573597
    outer loop
      vertex 27.2806 35.6232 11.0553
      vertex 26.6381 34.8575 9.62787
      vertex 27.3912 34.3301 9.74232
    endloop
  endfacet
  facet normal -0.469833 -0.671012 -0.573586
    outer loop
      vertex 26.7796 34.7584 22.3614
      vertex 25.9701 35.3252 22.3614
      vertex 27.3486 35.571 20.9447
    endloop
  endfacet
  facet normal 0.469844 0.671006 0.573583
    outer loop
      vertex 25.1996 39.4757 22.3213
      vertex 26.7796 34.7584 26.5456
      vertex 28.4762 37.1814 22.3213
    endloop
  endfacet
  facet normal 0.469797 0.671016 0.573611
    outer loop
      vertex 26.7796 34.7584 26.5456
      vertex 25.1996 39.4757 22.3213
      vertex 25.9169 35.3624 26.5456
    endloop
  endfacet
  facet normal 0.819152 -0.573576 0
    outer loop
      vertex 26.7796 34.7584 22.3614
      vertex 28.4762 37.1814 22.3213
      vertex 26.7796 34.7584 26.5456
    endloop
  endfacet
  facet normal 0.819153 -0.573576 7.1891e-06
    outer loop
      vertex 28.4762 37.1814 22.3213
      vertex 26.7796 34.7584 22.3614
      vertex 27.3486 35.571 20.9447
    endloop
  endfacet
  facet normal -0.819153 0.573576 -7.1891e-06
    outer loop
      vertex 23.503 37.0527 22.3614
      vertex 25.1996 39.4757 22.3213
      vertex 24.072 37.8653 20.9447
    endloop
  endfacet
  facet normal -0.819152 0.573576 -2.74717e-17
    outer loop
      vertex 25.1996 39.4757 22.3213
      vertex 23.503 37.0527 22.3614
      vertex 23.503 37.0527 26.5456
    endloop
  endfacet
  facet normal -0.469846 -0.671002 -0.573586
    outer loop
      vertex 24.072 37.8653 20.9447
      vertex 25.9701 35.3252 22.3614
      vertex 23.503 37.0527 22.3614
    endloop
  endfacet
  facet normal -0.46984 -0.671001 -0.573591
    outer loop
      vertex 25.9701 35.3252 22.3614
      vertex 24.072 37.8653 20.9447
      vertex 27.3486 35.571 20.9447
    endloop
  endfacet
  facet normal 0.328997 0.469856 -0.819144
    outer loop
      vertex 27.3486 35.571 20.9447
      vertex 25.1996 39.4757 22.3213
      vertex 28.4762 37.1814 22.3213
    endloop
  endfacet
  facet normal 0.328997 0.469856 -0.819144
    outer loop
      vertex 25.1996 39.4757 22.3213
      vertex 27.3486 35.571 20.9447
      vertex 24.072 37.8653 20.9447
    endloop
  endfacet
  facet normal 0.469857 0.670997 0.573583
    outer loop
      vertex 25.1996 39.4757 22.3213
      vertex 23.503 37.0527 26.5456
      vertex 25.9169 35.3624 26.5456
    endloop
  endfacet
  facet normal 0.286782 0.496721 0.819161
    outer loop
      vertex 21.6632 41.5218 9.67874
      vertex 24.1443 37.8192 11.0553
      vertex 25.1273 39.5218 9.67874
    endloop
  endfacet
  facet normal 0.286782 0.496721 0.819161
    outer loop
      vertex 24.1443 37.8192 11.0553
      vertex 21.6632 41.5218 9.67874
      vertex 20.6802 39.8192 11.0553
    endloop
  endfacet
  facet normal 0.40956 0.709416 -0.573576
    outer loop
      vertex 25.1273 39.5218 9.67874
      vertex 23.6446 36.9536 5.4436
      vertex 22 38.1051 5.69349
    endloop
  endfacet
  facet normal 0.409571 0.709405 -0.573582
    outer loop
      vertex 25.1273 39.5218 9.67874
      vertex 22 38.1051 5.69349
      vertex 21.2226 38.4676 5.58672
    endloop
  endfacet
  facet normal -0.40957 -0.709396 0.573594
    outer loop
      vertex 20.6802 39.8192 11.0553
      vertex 22 38.1051 9.87777
      vertex 24.1443 37.8192 11.0553
    endloop
  endfacet
  facet normal -0.409596 -0.7094 0.57357
    outer loop
      vertex 22 38.1051 9.87777
      vertex 20.6802 39.8192 11.0553
      vertex 20.1805 38.9536 9.62787
    endloop
  endfacet
  facet normal -0.40956 -0.709421 0.57357
    outer loop
      vertex 24.1443 37.8192 11.0553
      vertex 22 38.1051 9.87777
      vertex 23.6446 36.9536 9.62787
    endloop
  endfacet
  facet normal 0.866033 -0.499987 0
    outer loop
      vertex 23.6446 36.9536 7.51823
      vertex 23.6446 36.9536 5.4436
      vertex 25.1273 39.5218 9.67874
    endloop
  endfacet
  facet normal 0.866033 -0.499987 2.28542e-05
    outer loop
      vertex 23.6446 36.9536 9.62787
      vertex 25.1273 39.5218 9.67874
      vertex 24.1443 37.8192 11.0553
    endloop
  endfacet
  facet normal 0.866033 -0.499987 2.7278e-17
    outer loop
      vertex 25.1273 39.5218 9.67874
      vertex 23.6446 36.9536 9.62787
      vertex 23.6446 36.9536 7.51823
    endloop
  endfacet
  facet normal 0.409574 0.709402 -0.573583
    outer loop
      vertex 21.2226 38.4676 5.58672
      vertex 21.6632 41.5218 9.67874
      vertex 25.1273 39.5218 9.67874
    endloop
  endfacet
  facet normal 0.409608 0.709388 -0.573576
    outer loop
      vertex 21.6632 41.5218 9.67874
      vertex 21.2226 38.4676 5.58672
      vertex 20.1805 38.9536 5.4436
    endloop
  endfacet
  facet normal -0.866033 0.499987 0
    outer loop
      vertex 20.1805 38.9536 9.62787
      vertex 21.6632 41.5218 9.67874
      vertex 20.1805 38.9536 5.4436
    endloop
  endfacet
  facet normal -0.866033 0.499987 -2.28542e-05
    outer loop
      vertex 21.6632 41.5218 9.67874
      vertex 20.1805 38.9536 9.62787
      vertex 20.6802 39.8192 11.0553
    endloop
  endfacet
  facet normal 0.906318 -0.422597 0
    outer loop
      vertex 21.5871 41.5614 22.3213
      vertex 20.3371 38.8806 26.5456
      vertex 20.3371 38.8806 24.4763
    endloop
  endfacet
  facet normal 0.346185 0.742404 0.573579
    outer loop
      vertex 21.5871 41.5614 22.3213
      vertex 17.6663 40.126 26.5456
      vertex 20.3371 38.8806 26.5456
    endloop
  endfacet
  facet normal -0.346146 -0.742439 -0.573556
    outer loop
      vertex 20.3371 38.8806 22.3614
      vertex 19.4414 39.2982 22.3614
      vertex 20.7563 39.7796 20.9447
    endloop
  endfacet
  facet normal -0.906291 0.422654 0
    outer loop
      vertex 16.7118 40.571 22.3614
      vertex 16.7118 40.571 24.387
      vertex 17.1311 41.4701 20.9447
    endloop
  endfacet
  facet normal 0.346179 0.742409 0.573575
    outer loop
      vertex 17.9619 43.2518 22.3213
      vertex 17.6663 40.126 26.5456
      vertex 21.5871 41.5614 22.3213
    endloop
  endfacet
  facet normal 0.346128 0.742426 0.573584
    outer loop
      vertex 17.6663 40.126 26.5456
      vertex 17.9619 43.2518 22.3213
      vertex 16.7118 40.571 26.5456
    endloop
  endfacet
  facet normal -0.346172 -0.742387 -0.573608
    outer loop
      vertex 17.1311 41.4701 20.9447
      vertex 19.4414 39.2982 22.3614
      vertex 16.7118 40.571 22.3614
    endloop
  endfacet
  facet normal -0.346193 -0.742395 -0.573585
    outer loop
      vertex 19.4414 39.2982 22.3614
      vertex 17.1311 41.4701 20.9447
      vertex 20.7563 39.7796 20.9447
    endloop
  endfacet
  facet normal 0.24241 0.519838 -0.81915
    outer loop
      vertex 20.7563 39.7796 20.9447
      vertex 17.1311 41.4701 20.9447
      vertex 21.5871 41.5614 22.3213
    endloop
  endfacet
  facet normal 0.906318 -0.422597 0
    outer loop
      vertex 20.3371 38.8806 22.3614
      vertex 21.5871 41.5614 22.3213
      vertex 20.3371 38.8806 24.4763
    endloop
  endfacet
  facet normal 0.906318 -0.422597 9.96462e-06
    outer loop
      vertex 21.5871 41.5614 22.3213
      vertex 20.3371 38.8806 22.3614
      vertex 20.7563 39.7796 20.9447
    endloop
  endfacet
  facet normal 0.242406 0.519859 -0.819137
    outer loop
      vertex 21.5871 41.5614 22.3213
      vertex 17.1311 41.4701 20.9447
      vertex 17.9619 43.2518 22.3213
    endloop
  endfacet
  facet normal -0.906308 0.422617 -1.16233e-05
    outer loop
      vertex 16.7118 40.571 24.387
      vertex 17.9619 43.2518 22.3213
      vertex 17.1311 41.4701 20.9447
    endloop
  endfacet
  facet normal -0.906305 0.422624 -2.33311e-17
    outer loop
      vertex 17.9619 43.2518 22.3213
      vertex 16.7118 40.571 24.387
      vertex 16.7118 40.571 26.5456
    endloop
  endfacet
  facet normal 0.939686 -0.342038 -2.58193e-05
    outer loop
      vertex 16.8684 40.498 9.62787
      vertex 17.8827 43.2846 9.67874
      vertex 17.2103 41.4372 11.0553
    endloop
  endfacet
  facet normal 0.939686 -0.342038 -3.35518e-17
    outer loop
      vertex 17.8827 43.2846 9.67874
      vertex 16.8684 40.498 9.62787
      vertex 16.8684 40.498 7.51823
    endloop
  endfacet
  facet normal 0.939686 -0.342038 0
    outer loop
      vertex 16.8684 40.498 7.51823
      vertex 16.8684 40.498 5.4436
      vertex 17.8827 43.2846 9.67874
    endloop
  endfacet
  facet normal 0.196174 0.538979 0.819156
    outer loop
      vertex 14.1239 44.6527 9.67874
      vertex 17.2103 41.4372 11.0553
      vertex 17.8827 43.2846 9.67874
    endloop
  endfacet
  facet normal 0.196174 0.538979 0.819156
    outer loop
      vertex 17.2103 41.4372 11.0553
      vertex 14.1239 44.6527 9.67874
      vertex 13.4515 42.8053 11.0553
    endloop
  endfacet
  facet normal 0.280161 0.769757 -0.573571
    outer loop
      vertex 14.1239 44.6527 9.67874
      vertex 15.8263 40.984 5.58672
      vertex 15.0489 41.3465 5.69349
    endloop
  endfacet
  facet normal 0.280165 0.769757 -0.57357
    outer loop
      vertex 14.1239 44.6527 9.67874
      vertex 15.0489 41.3465 5.69349
      vertex 13.1097 41.8661 5.4436
    endloop
  endfacet
  facet normal 0.28017 0.769757 -0.573567
    outer loop
      vertex 17.8827 43.2846 9.67874
      vertex 15.8263 40.984 5.58672
      vertex 14.1239 44.6527 9.67874
    endloop
  endfacet
  facet normal 0.280206 0.769738 -0.573574
    outer loop
      vertex 15.8263 40.984 5.58672
      vertex 17.8827 43.2846 9.67874
      vertex 16.8684 40.498 5.4436
    endloop
  endfacet
  facet normal -0.280172 -0.769762 0.573558
    outer loop
      vertex 13.4515 42.8053 11.0553
      vertex 15.0489 41.3465 9.87777
      vertex 17.2103 41.4372 11.0553
    endloop
  endfacet
  facet normal -0.28014 -0.769751 0.573589
    outer loop
      vertex 15.0489 41.3465 9.87777
      vertex 13.4515 42.8053 11.0553
      vertex 13.9978 41.6281 9.74232
    endloop
  endfacet
  facet normal -0.280183 -0.769746 0.573576
    outer loop
      vertex 17.2103 41.4372 11.0553
      vertex 15.0489 41.3465 9.87777
      vertex 16.8684 40.498 9.62787
    endloop
  endfacet
  facet normal -0.280199 -0.76975 0.573563
    outer loop
      vertex 13.4515 42.8053 11.0553
      vertex 13.1097 41.8661 9.62787
      vertex 13.9978 41.6281 9.74232
    endloop
  endfacet
  facet normal -0.939697 0.342008 0
    outer loop
      vertex 13.1097 41.8661 9.62787
      vertex 14.1239 44.6527 9.67874
      vertex 13.1097 41.8661 5.4436
    endloop
  endfacet
  facet normal -0.939697 0.342009 -1.83544e-05
    outer loop
      vertex 14.1239 44.6527 9.67874
      vertex 13.1097 41.8661 9.62787
      vertex 13.4515 42.8053 11.0553
    endloop
  endfacet
  facet normal -0.211953 -0.791282 -0.573541
    outer loop
      vertex 13.2766 41.8214 22.3614
      vertex 12.322 42.0771 22.3614
      vertex 13.5333 42.7795 20.9447
    endloop
  endfacet
  facet normal 0.211951 0.791258 0.573575
    outer loop
      vertex 14.0421 44.6785 22.3213
      vertex 12.2593 42.0939 26.5456
      vertex 13.2766 41.8214 26.5456
    endloop
  endfacet
  facet normal 0.212015 0.791232 0.573586
    outer loop
      vertex 12.2593 42.0939 26.5456
      vertex 14.0421 44.6785 22.3213
      vertex 10.1784 45.7138 22.3213
    endloop
  endfacet
  facet normal -0.965929 0.258808 -1.81122e-06
    outer loop
      vertex 9.41285 42.8566 22.3614
      vertex 10.1784 45.7138 22.3213
      vertex 9.66959 43.8148 20.9447
    endloop
  endfacet
  facet normal -0.965929 0.258808 1.61884e-17
    outer loop
      vertex 10.1784 45.7138 22.3213
      vertex 9.41285 42.8566 22.3614
      vertex 9.41285 42.8566 26.5456
    endloop
  endfacet
  facet normal -0.21201 -0.791236 -0.573582
    outer loop
      vertex 9.66959 43.8148 20.9447
      vertex 12.322 42.0771 22.3614
      vertex 9.41285 42.8566 22.3614
    endloop
  endfacet
  facet normal -0.212017 -0.79124 -0.573575
    outer loop
      vertex 12.322 42.0771 22.3614
      vertex 9.66959 43.8148 20.9447
      vertex 13.5333 42.7795 20.9447
    endloop
  endfacet
  facet normal 0.148456 0.554033 -0.819151
    outer loop
      vertex 13.5333 42.7795 20.9447
      vertex 10.1784 45.7138 22.3213
      vertex 14.0421 44.6785 22.3213
    endloop
  endfacet
  facet normal 0.148456 0.554033 -0.819151
    outer loop
      vertex 10.1784 45.7138 22.3213
      vertex 13.5333 42.7795 20.9447
      vertex 9.66959 43.8148 20.9447
    endloop
  endfacet
  facet normal 0.965931 -0.258801 0
    outer loop
      vertex 13.2766 41.8214 22.3614
      vertex 14.0421 44.6785 22.3213
      vertex 13.2766 41.8214 26.5456
    endloop
  endfacet
  facet normal 0.965931 -0.258801 -1.92259e-06
    outer loop
      vertex 14.0421 44.6785 22.3213
      vertex 13.2766 41.8214 22.3614
      vertex 13.5333 42.7795 20.9447
    endloop
  endfacet
  facet normal 0.212009 0.791232 0.573589
    outer loop
      vertex 10.1784 45.7138 22.3213
      vertex 9.41285 42.8566 26.5456
      vertex 12.2593 42.0939 26.5456
    endloop
  endfacet
  facet normal 0.142246 0.806708 -0.573575
    outer loop
      vertex 10.0947 45.7323 9.67874
      vertex 7.64052 43.3315 5.69349
      vertex 6.15547 46.4269 9.67874
    endloop
  endfacet
  facet normal 0.14224 0.80671 -0.573573
    outer loop
      vertex 7.64052 43.3315 5.69349
      vertex 10.0947 45.7323 9.67874
      vertex 9.57975 42.8119 5.4436
    endloop
  endfacet
  facet normal 0.142252 0.806708 -0.573573
    outer loop
      vertex 6.15547 46.4269 9.67874
      vertex 7.64052 43.3315 5.69349
      vertex 5.64052 43.5065 5.4436
    endloop
  endfacet
  facet normal 0.0996036 0.564874 0.819144
    outer loop
      vertex 6.15547 46.4269 9.67874
      vertex 9.75331 43.7963 11.0553
      vertex 10.0947 45.7323 9.67874
    endloop
  endfacet
  facet normal 0.0995864 0.564858 0.819157
    outer loop
      vertex 9.75331 43.7963 11.0553
      vertex 6.15547 46.4269 9.67874
      vertex 5.81408 44.4908 11.0553
    endloop
  endfacet
  facet normal -0.984807 0.17365 0
    outer loop
      vertex 5.64052 43.5065 9.62787
      vertex 6.15547 46.4269 9.67874
      vertex 5.64052 43.5065 5.4436
    endloop
  endfacet
  facet normal -0.984807 0.17365 -1.58053e-07
    outer loop
      vertex 6.15547 46.4269 9.67874
      vertex 5.64052 43.5065 9.62787
      vertex 5.81408 44.4908 11.0553
    endloop
  endfacet
  facet normal -0.142222 -0.806691 0.573604
    outer loop
      vertex 5.81408 44.4908 11.0553
      vertex 7.64052 43.3315 9.87777
      vertex 9.75331 43.7963 11.0553
    endloop
  endfacet
  facet normal -0.142255 -0.806709 0.573572
    outer loop
      vertex 7.64052 43.3315 9.87777
      vertex 5.81408 44.4908 11.0553
      vertex 5.64052 43.5065 9.62787
    endloop
  endfacet
  facet normal -0.142226 -0.806687 0.57361
    outer loop
      vertex 9.75331 43.7963 11.0553
      vertex 7.64052 43.3315 9.87777
      vertex 9.57975 42.8119 9.62787
    endloop
  endfacet
  facet normal 0.984807 -0.17365 1.24712e-05
    outer loop
      vertex 9.57975 42.8119 9.62787
      vertex 10.0947 45.7323 9.67874
      vertex 9.75331 43.7963 11.0553
    endloop
  endfacet
  facet normal 0.984807 -0.17365 -1.04853e-19
    outer loop
      vertex 10.0947 45.7323 9.67874
      vertex 9.57975 42.8119 9.62787
      vertex 9.57975 42.8119 5.4436
    endloop
  endfacet
  facet normal 0.996195 -0.0871577 3.40103e-18
    outer loop
      vertex 6.07045 46.4381 22.3213
      vertex 5.81265 43.4915 26.5456
      vertex 5.81265 43.4915 24.4763
    endloop
  endfacet
  facet normal 0.0713843 0.816039 0.573572
    outer loop
      vertex 6.07045 46.4381 22.3213
      vertex 2.87701 43.7483 26.5456
      vertex 5.81265 43.4915 26.5456
    endloop
  endfacet
  facet normal 0.071409 0.816028 0.573584
    outer loop
      vertex 2.08567 46.7868 22.3213
      vertex 2.87701 43.7483 26.5456
      vertex 6.07045 46.4381 22.3213
    endloop
  endfacet
  facet normal 0.0714026 0.816028 0.573585
    outer loop
      vertex 2.87701 43.7483 26.5456
      vertex 2.08567 46.7868 22.3213
      vertex 1.82787 43.8401 26.5456
    endloop
  endfacet
  facet normal -0.0713679 -0.81604 -0.573573
    outer loop
      vertex 2.81236 43.754 22.3614
      vertex 1.82787 43.8401 22.3614
      vertex 1.91433 44.8283 20.9447
    endloop
  endfacet
  facet normal -0.996195 0.0871547 -3.3059e-06
    outer loop
      vertex 1.82787 43.8401 22.3614
      vertex 2.08567 46.7868 22.3213
      vertex 1.91433 44.8283 20.9447
    endloop
  endfacet
  facet normal -0.996195 0.0871548 -1.13519e-18
    outer loop
      vertex 2.08567 46.7868 22.3213
      vertex 1.82787 43.8401 22.3614
      vertex 1.82787 43.8401 24.4763
    endloop
  endfacet
  facet normal -0.996195 0.0871548 -1.16021e-18
    outer loop
      vertex 2.08567 46.7868 22.3213
      vertex 1.82787 43.8401 24.4763
      vertex 1.82787 43.8401 26.5456
    endloop
  endfacet
  facet normal 0.0500032 0.571414 -0.819137
    outer loop
      vertex 5.8991 44.4797 20.9447
      vertex 2.08567 46.7868 22.3213
      vertex 6.07045 46.4381 22.3213
    endloop
  endfacet
  facet normal 0.996195 -0.0871577 0
    outer loop
      vertex 5.81265 43.4915 22.3614
      vertex 6.07045 46.4381 22.3213
      vertex 5.81265 43.4915 24.4763
    endloop
  endfacet
  facet normal 0.996195 -0.0871578 -5.87624e-06
    outer loop
      vertex 6.07045 46.4381 22.3213
      vertex 5.81265 43.4915 22.3614
      vertex 5.8991 44.4797 20.9447
    endloop
  endfacet
  facet normal 0.0499875 0.571396 -0.819151
    outer loop
      vertex 5.8991 44.4797 20.9447
      vertex 1.91433 44.8283 20.9447
      vertex 2.08567 46.7868 22.3213
    endloop
  endfacet
  facet normal -0.0713901 -0.816045 -0.573563
    outer loop
      vertex 5.8991 44.4797 20.9447
      vertex 2.81236 43.754 22.3614
      vertex 1.91433 44.8283 20.9447
    endloop
  endfacet
  facet normal -0.0713964 -0.816037 -0.573573
    outer loop
      vertex 2.81236 43.754 22.3614
      vertex 5.8991 44.4797 20.9447
      vertex 5.81265 43.4915 22.3614
    endloop
  endfacet
  facet normal -0 0.573563 0.819161
    outer loop
      vertex -2 46.7905 9.67874
      vertex 2 44.8245 11.0553
      vertex 2 46.7905 9.67874
    endloop
  endfacet
  facet normal 0 0.573563 0.819161
    outer loop
      vertex 2 44.8245 11.0553
      vertex -2 46.7905 9.67874
      vertex -2 44.8245 11.0553
    endloop
  endfacet
  facet normal 0 0.819152 -0.573576
    outer loop
      vertex 2 46.7905 9.67874
      vertex 0 44 5.69349
      vertex -2 46.7905 9.67874
    endloop
  endfacet
  facet normal 9.73905e-06 0.81915 -0.573579
    outer loop
      vertex 0 44 5.69349
      vertex 2 46.7905 9.67874
      vertex 2 43.825 5.4436
    endloop
  endfacet
  facet normal -9.73905e-06 0.81915 -0.573579
    outer loop
      vertex -2 46.7905 9.67874
      vertex 0 44 5.69349
      vertex -2 43.825 5.4436
    endloop
  endfacet
  facet normal 1 0 0
    outer loop
      vertex 2 43.825 9.62787
      vertex 2 46.7905 9.67874
      vertex 2 44.8245 11.0553
    endloop
  endfacet
  facet normal 1 0 0
    outer loop
      vertex 2 46.7905 9.67874
      vertex 2 43.825 9.62787
      vertex 2 43.825 5.4436
    endloop
  endfacet
  facet normal 0 -0.819157 0.573569
    outer loop
      vertex -2 44.8245 11.0553
      vertex 0 44 9.87777
      vertex 2 44.8245 11.0553
    endloop
  endfacet
  facet normal 7.23069e-06 -0.819151 0.573577
    outer loop
      vertex 0 44 9.87777
      vertex -2 44.8245 11.0553
      vertex -2 43.825 9.62787
    endloop
  endfacet
  facet normal -7.23069e-06 -0.819151 0.573577
    outer loop
      vertex 2 44.8245 11.0553
      vertex 0 44 9.87777
      vertex 2 43.825 9.62787
    endloop
  endfacet
  facet normal -1 0 0
    outer loop
      vertex -2 43.825 9.62787
      vertex -2 46.7905 9.67874
      vertex -2 43.825 5.4436
    endloop
  endfacet
  facet normal -1 -0 0
    outer loop
      vertex -2 46.7905 9.67874
      vertex -2 43.825 9.62787
      vertex -2 44.8245 11.0553
    endloop
  endfacet
  facet normal 0.0713679 -0.81604 -0.573573
    outer loop
      vertex -1.82787 43.8401 22.3614
      vertex -2.81236 43.754 22.3614
      vertex -1.91433 44.8283 20.9447
    endloop
  endfacet
  facet normal -0.0714026 0.816028 0.573585
    outer loop
      vertex -2.08567 46.7868 22.3213
      vertex -2.87701 43.7483 26.5456
      vertex -1.82787 43.8401 26.5456
    endloop
  endfacet
  facet normal -0.071409 0.816028 0.573584
    outer loop
      vertex -2.87701 43.7483 26.5456
      vertex -2.08567 46.7868 22.3213
      vertex -6.07045 46.4381 22.3213
    endloop
  endfacet
  facet normal -0.0500032 0.571414 -0.819137
    outer loop
      vertex -5.8991 44.4797 20.9447
      vertex -6.07045 46.4381 22.3213
      vertex -2.08567 46.7868 22.3213
    endloop
  endfacet
  facet normal 0.996195 0.0871548 -0
    outer loop
      vertex -1.82787 43.8401 24.4763
      vertex -2.08567 46.7868 22.3213
      vertex -1.82787 43.8401 26.5456
    endloop
  endfacet
  facet normal -0.996195 -0.0871578 -5.87624e-06
    outer loop
      vertex -5.81265 43.4915 22.3614
      vertex -6.07045 46.4381 22.3213
      vertex -5.8991 44.4797 20.9447
    endloop
  endfacet
  facet normal -0.996195 -0.0871577 -3.3277e-18
    outer loop
      vertex -6.07045 46.4381 22.3213
      vertex -5.81265 43.4915 22.3614
      vertex -5.81265 43.4915 24.4763
    endloop
  endfacet
  facet normal 0.0713964 -0.816037 -0.573573
    outer loop
      vertex -5.8991 44.4797 20.9447
      vertex -2.81236 43.754 22.3614
      vertex -5.81265 43.4915 22.3614
    endloop
  endfacet
  facet normal 0.0713901 -0.816045 -0.573563
    outer loop
      vertex -2.81236 43.754 22.3614
      vertex -5.8991 44.4797 20.9447
      vertex -1.91433 44.8283 20.9447
    endloop
  endfacet
  facet normal -0.0499875 0.571396 -0.819151
    outer loop
      vertex -1.91433 44.8283 20.9447
      vertex -5.8991 44.4797 20.9447
      vertex -2.08567 46.7868 22.3213
    endloop
  endfacet
  facet normal 0.996195 0.0871548 -0
    outer loop
      vertex -1.82787 43.8401 22.3614
      vertex -2.08567 46.7868 22.3213
      vertex -1.82787 43.8401 24.4763
    endloop
  endfacet
  facet normal 0.996195 0.0871547 -3.3059e-06
    outer loop
      vertex -2.08567 46.7868 22.3213
      vertex -1.82787 43.8401 22.3614
      vertex -1.91433 44.8283 20.9447
    endloop
  endfacet
  facet normal -0.996195 -0.0871577 -0
    outer loop
      vertex -5.81265 43.4915 26.5456
      vertex -6.07045 46.4381 22.3213
      vertex -5.81265 43.4915 24.4763
    endloop
  endfacet
  facet normal -0.0713843 0.816039 0.573572
    outer loop
      vertex -2.87701 43.7483 26.5456
      vertex -6.07045 46.4381 22.3213
      vertex -5.81265 43.4915 26.5456
    endloop
  endfacet
  facet normal -0.0995864 0.564858 0.819157
    outer loop
      vertex -6.15547 46.4269 9.67874
      vertex -9.75331 43.7963 11.0553
      vertex -5.81408 44.4908 11.0553
    endloop
  endfacet
  facet normal -0.0996036 0.564874 0.819144
    outer loop
      vertex -9.75331 43.7963 11.0553
      vertex -6.15547 46.4269 9.67874
      vertex -10.0947 45.7323 9.67874
    endloop
  endfacet
  facet normal -0.142246 0.806708 -0.573575
    outer loop
      vertex -6.15547 46.4269 9.67874
      vertex -7.64052 43.3315 5.69349
      vertex -10.0947 45.7323 9.67874
    endloop
  endfacet
  facet normal -0.142252 0.806708 -0.573573
    outer loop
      vertex -7.64052 43.3315 5.69349
      vertex -6.15547 46.4269 9.67874
      vertex -5.64052 43.5065 5.4436
    endloop
  endfacet
  facet normal -0.14224 0.80671 -0.573573
    outer loop
      vertex -10.0947 45.7323 9.67874
      vertex -7.64052 43.3315 5.69349
      vertex -9.57975 42.8119 5.4436
    endloop
  endfacet
  facet normal 0.984807 0.17365 -1.58053e-07
    outer loop
      vertex -5.64052 43.5065 9.62787
      vertex -6.15547 46.4269 9.67874
      vertex -5.81408 44.4908 11.0553
    endloop
  endfacet
  facet normal 0.984807 0.17365 -5.6009e-18
    outer loop
      vertex -6.15547 46.4269 9.67874
      vertex -5.64052 43.5065 9.62787
      vertex -5.64052 43.5065 5.4436
    endloop
  endfacet
  facet normal 0.142222 -0.806691 0.573604
    outer loop
      vertex -9.75331 43.7963 11.0553
      vertex -7.64052 43.3315 9.87777
      vertex -5.81408 44.4908 11.0553
    endloop
  endfacet
  facet normal 0.142226 -0.806687 0.57361
    outer loop
      vertex -7.64052 43.3315 9.87777
      vertex -9.75331 43.7963 11.0553
      vertex -9.57975 42.8119 9.62787
    endloop
  endfacet
  facet normal 0.142255 -0.806709 0.573572
    outer loop
      vertex -5.81408 44.4908 11.0553
      vertex -7.64052 43.3315 9.87777
      vertex -5.64052 43.5065 9.62787
    endloop
  endfacet
  facet normal -0.984807 -0.17365 -0
    outer loop
      vertex -9.57975 42.8119 9.62787
      vertex -10.0947 45.7323 9.67874
      vertex -9.57975 42.8119 5.4436
    endloop
  endfacet
  facet normal -0.984807 -0.17365 1.24712e-05
    outer loop
      vertex -10.0947 45.7323 9.67874
      vertex -9.57975 42.8119 9.62787
      vertex -9.75331 43.7963 11.0553
    endloop
  endfacet
  facet normal 0.965929 0.258808 -0
    outer loop
      vertex -9.41285 42.8566 22.3614
      vertex -10.1784 45.7138 22.3213
      vertex -9.41285 42.8566 26.5456
    endloop
  endfacet
  facet normal 0.965929 0.258808 -1.81122e-06
    outer loop
      vertex -10.1784 45.7138 22.3213
      vertex -9.41285 42.8566 22.3614
      vertex -9.66959 43.8148 20.9447
    endloop
  endfacet
  facet normal -0.212009 0.791232 0.573589
    outer loop
      vertex -10.1784 45.7138 22.3213
      vertex -12.2593 42.0939 26.5456
      vertex -9.41285 42.8566 26.5456
    endloop
  endfacet
  facet normal -0.212015 0.791232 0.573586
    outer loop
      vertex -14.0421 44.6785 22.3213
      vertex -12.2593 42.0939 26.5456
      vertex -10.1784 45.7138 22.3213
    endloop
  endfacet
  facet normal -0.211951 0.791258 0.573575
    outer loop
      vertex -12.2593 42.0939 26.5456
      vertex -14.0421 44.6785 22.3213
      vertex -13.2766 41.8214 26.5456
    endloop
  endfacet
  facet normal 0.212017 -0.79124 -0.573575
    outer loop
      vertex -9.66959 43.8148 20.9447
      vertex -12.322 42.0771 22.3614
      vertex -13.5333 42.7795 20.9447
    endloop
  endfacet
  facet normal 0.21201 -0.791236 -0.573582
    outer loop
      vertex -12.322 42.0771 22.3614
      vertex -9.66959 43.8148 20.9447
      vertex -9.41285 42.8566 22.3614
    endloop
  endfacet
  facet normal 0.211953 -0.791282 -0.573541
    outer loop
      vertex -13.2766 41.8214 22.3614
      vertex -13.5333 42.7795 20.9447
      vertex -12.322 42.0771 22.3614
    endloop
  endfacet
  facet normal -0.148456 0.554033 -0.819151
    outer loop
      vertex -13.5333 42.7795 20.9447
      vertex -10.1784 45.7138 22.3213
      vertex -9.66959 43.8148 20.9447
    endloop
  endfacet
  facet normal -0.148456 0.554033 -0.819151
    outer loop
      vertex -10.1784 45.7138 22.3213
      vertex -13.5333 42.7795 20.9447
      vertex -14.0421 44.6785 22.3213
    endloop
  endfacet
  facet normal -0.965931 -0.258801 -1.92259e-06
    outer loop
      vertex -13.2766 41.8214 22.3614
      vertex -14.0421 44.6785 22.3213
      vertex -13.5333 42.7795 20.9447
    endloop
  endfacet
  facet normal -0.965931 -0.258801 5.16857e-18
    outer loop
      vertex -14.0421 44.6785 22.3213
      vertex -13.2766 41.8214 22.3614
      vertex -13.2766 41.8214 26.5456
    endloop
  endfacet
  facet normal -0.196174 0.538979 0.819156
    outer loop
      vertex -14.1239 44.6527 9.67874
      vertex -17.2103 41.4372 11.0553
      vertex -13.4515 42.8053 11.0553
    endloop
  endfacet
  facet normal -0.196174 0.538979 0.819156
    outer loop
      vertex -17.2103 41.4372 11.0553
      vertex -14.1239 44.6527 9.67874
      vertex -17.8827 43.2846 9.67874
    endloop
  endfacet
  facet normal 0.280199 -0.76975 0.573563
    outer loop
      vertex -13.4515 42.8053 11.0553
      vertex -13.9978 41.6281 9.74232
      vertex -13.1097 41.8661 9.62787
    endloop
  endfacet
  facet normal -0.280165 0.769757 -0.57357
    outer loop
      vertex -14.1239 44.6527 9.67874
      vertex -13.1097 41.8661 5.4436
      vertex -15.0489 41.3465 5.69349
    endloop
  endfacet
  facet normal -0.280161 0.769757 -0.573571
    outer loop
      vertex -14.1239 44.6527 9.67874
      vertex -15.0489 41.3465 5.69349
      vertex -15.8263 40.984 5.58672
    endloop
  endfacet
  facet normal 0.939697 0.342009 -1.83544e-05
    outer loop
      vertex -13.1097 41.8661 9.62787
      vertex -14.1239 44.6527 9.67874
      vertex -13.4515 42.8053 11.0553
    endloop
  endfacet
  facet normal 0.939697 0.342008 -1.60951e-17
    outer loop
      vertex -14.1239 44.6527 9.67874
      vertex -13.1097 41.8661 9.62787
      vertex -13.1097 41.8661 5.4436
    endloop
  endfacet
  facet normal -0.939686 -0.342038 -0
    outer loop
      vertex -16.8684 40.498 9.62787
      vertex -17.8827 43.2846 9.67874
      vertex -16.8684 40.498 7.51823
    endloop
  endfacet
  facet normal -0.939686 -0.342038 -2.58193e-05
    outer loop
      vertex -17.8827 43.2846 9.67874
      vertex -16.8684 40.498 9.62787
      vertex -17.2103 41.4372 11.0553
    endloop
  endfacet
  facet normal 0.280172 -0.769762 0.573558
    outer loop
      vertex -17.2103 41.4372 11.0553
      vertex -15.0489 41.3465 9.87777
      vertex -13.4515 42.8053 11.0553
    endloop
  endfacet
  facet normal 0.280183 -0.769746 0.573576
    outer loop
      vertex -15.0489 41.3465 9.87777
      vertex -17.2103 41.4372 11.0553
      vertex -16.8684 40.498 9.62787
    endloop
  endfacet
  facet normal 0.28014 -0.769751 0.573589
    outer loop
      vertex -13.4515 42.8053 11.0553
      vertex -15.0489 41.3465 9.87777
      vertex -13.9978 41.6281 9.74232
    endloop
  endfacet
  facet normal -0.939686 -0.342038 -0
    outer loop
      vertex -16.8684 40.498 7.51823
      vertex -17.8827 43.2846 9.67874
      vertex -16.8684 40.498 5.4436
    endloop
  endfacet
  facet normal -0.28017 0.769757 -0.573567
    outer loop
      vertex -15.8263 40.984 5.58672
      vertex -17.8827 43.2846 9.67874
      vertex -14.1239 44.6527 9.67874
    endloop
  endfacet
  facet normal -0.280206 0.769738 -0.573574
    outer loop
      vertex -17.8827 43.2846 9.67874
      vertex -15.8263 40.984 5.58672
      vertex -16.8684 40.498 5.4436
    endloop
  endfacet
  facet normal -0.906318 -0.422597 -0
    outer loop
      vertex -20.3371 38.8806 26.5456
      vertex -21.5871 41.5614 22.3213
      vertex -20.3371 38.8806 24.4763
    endloop
  endfacet
  facet normal -0.346185 0.742404 0.573579
    outer loop
      vertex -17.6663 40.126 26.5456
      vertex -21.5871 41.5614 22.3213
      vertex -20.3371 38.8806 26.5456
    endloop
  endfacet
  facet normal 0.906305 0.422624 -0
    outer loop
      vertex -16.7118 40.571 24.387
      vertex -17.9619 43.2518 22.3213
      vertex -16.7118 40.571 26.5456
    endloop
  endfacet
  facet normal 0.906308 0.422617 -1.16233e-05
    outer loop
      vertex -17.9619 43.2518 22.3213
      vertex -16.7118 40.571 24.387
      vertex -17.1311 41.4701 20.9447
    endloop
  endfacet
  facet normal 0.906291 0.422654 -0
    outer loop
      vertex -16.7118 40.571 22.3614
      vertex -17.1311 41.4701 20.9447
      vertex -16.7118 40.571 24.387
    endloop
  endfacet
  facet normal 0.346146 -0.742439 -0.573556
    outer loop
      vertex -20.3371 38.8806 22.3614
      vertex -20.7563 39.7796 20.9447
      vertex -19.4414 39.2982 22.3614
    endloop
  endfacet
  facet normal -0.906318 -0.422597 9.96462e-06
    outer loop
      vertex -20.3371 38.8806 22.3614
      vertex -21.5871 41.5614 22.3213
      vertex -20.7563 39.7796 20.9447
    endloop
  endfacet
  facet normal -0.906318 -0.422597 0
    outer loop
      vertex -21.5871 41.5614 22.3213
      vertex -20.3371 38.8806 22.3614
      vertex -20.3371 38.8806 24.4763
    endloop
  endfacet
  facet normal -0.242406 0.519859 -0.819137
    outer loop
      vertex -17.1311 41.4701 20.9447
      vertex -21.5871 41.5614 22.3213
      vertex -17.9619 43.2518 22.3213
    endloop
  endfacet
  facet normal -0.346128 0.742426 0.573584
    outer loop
      vertex -17.9619 43.2518 22.3213
      vertex -17.6663 40.126 26.5456
      vertex -16.7118 40.571 26.5456
    endloop
  endfacet
  facet normal -0.346179 0.742409 0.573575
    outer loop
      vertex -17.6663 40.126 26.5456
      vertex -17.9619 43.2518 22.3213
      vertex -21.5871 41.5614 22.3213
    endloop
  endfacet
  facet normal -0.24241 0.519838 -0.81915
    outer loop
      vertex -20.7563 39.7796 20.9447
      vertex -21.5871 41.5614 22.3213
      vertex -17.1311 41.4701 20.9447
    endloop
  endfacet
  facet normal 0.346193 -0.742395 -0.573585
    outer loop
      vertex -17.1311 41.4701 20.9447
      vertex -19.4414 39.2982 22.3614
      vertex -20.7563 39.7796 20.9447
    endloop
  endfacet
  facet normal 0.346172 -0.742387 -0.573608
    outer loop
      vertex -19.4414 39.2982 22.3614
      vertex -17.1311 41.4701 20.9447
      vertex -16.7118 40.571 22.3614
    endloop
  endfacet
  facet normal -0.286782 0.496721 0.819161
    outer loop
      vertex -21.6632 41.5218 9.67874
      vertex -24.1443 37.8192 11.0553
      vertex -20.6802 39.8192 11.0553
    endloop
  endfacet
  facet normal -0.286782 0.496721 0.819161
    outer loop
      vertex -24.1443 37.8192 11.0553
      vertex -21.6632 41.5218 9.67874
      vertex -25.1273 39.5218 9.67874
    endloop
  endfacet
  facet normal -0.866033 -0.499987 -0
    outer loop
      vertex -23.6446 36.9536 7.51823
      vertex -25.1273 39.5218 9.67874
      vertex -23.6446 36.9536 5.4436
    endloop
  endfacet
  facet normal -0.409571 0.709405 -0.573582
    outer loop
      vertex -25.1273 39.5218 9.67874
      vertex -21.2226 38.4676 5.58672
      vertex -22 38.1051 5.69349
    endloop
  endfacet
  facet normal -0.40956 0.709416 -0.573576
    outer loop
      vertex -25.1273 39.5218 9.67874
      vertex -22 38.1051 5.69349
      vertex -23.6446 36.9536 5.4436
    endloop
  endfacet
  facet normal -0.409574 0.709402 -0.573583
    outer loop
      vertex -21.6632 41.5218 9.67874
      vertex -21.2226 38.4676 5.58672
      vertex -25.1273 39.5218 9.67874
    endloop
  endfacet
  facet normal -0.409608 0.709388 -0.573576
    outer loop
      vertex -21.2226 38.4676 5.58672
      vertex -21.6632 41.5218 9.67874
      vertex -20.1805 38.9536 5.4436
    endloop
  endfacet
  facet normal 0.866033 0.499987 -2.28542e-05
    outer loop
      vertex -20.1805 38.9536 9.62787
      vertex -21.6632 41.5218 9.67874
      vertex -20.6802 39.8192 11.0553
    endloop
  endfacet
  facet normal 0.866033 0.499987 -1.37531e-17
    outer loop
      vertex -21.6632 41.5218 9.67874
      vertex -20.1805 38.9536 9.62787
      vertex -20.1805 38.9536 5.4436
    endloop
  endfacet
  facet normal -0.866033 -0.499987 -0
    outer loop
      vertex -23.6446 36.9536 9.62787
      vertex -25.1273 39.5218 9.67874
      vertex -23.6446 36.9536 7.51823
    endloop
  endfacet
  facet normal -0.866033 -0.499987 2.28542e-05
    outer loop
      vertex -25.1273 39.5218 9.67874
      vertex -23.6446 36.9536 9.62787
      vertex -24.1443 37.8192 11.0553
    endloop
  endfacet
  facet normal 0.40957 -0.709396 0.573594
    outer loop
      vertex -24.1443 37.8192 11.0553
      vertex -22 38.1051 9.87777
      vertex -20.6802 39.8192 11.0553
    endloop
  endfacet
  facet normal 0.40956 -0.709421 0.57357
    outer loop
      vertex -22 38.1051 9.87777
      vertex -24.1443 37.8192 11.0553
      vertex -23.6446 36.9536 9.62787
    endloop
  endfacet
  facet normal 0.409596 -0.7094 0.57357
    outer loop
      vertex -20.6802 39.8192 11.0553
      vertex -22 38.1051 9.87777
      vertex -20.1805 38.9536 9.62787
    endloop
  endfacet
  facet normal -0.469857 0.670997 0.573583
    outer loop
      vertex -25.1996 39.4757 22.3213
      vertex -25.9169 35.3624 26.5456
      vertex -23.503 37.0527 26.5456
    endloop
  endfacet
  facet normal -0.469797 0.671016 0.573611
    outer loop
      vertex -25.1996 39.4757 22.3213
      vertex -26.7796 34.7584 26.5456
      vertex -25.9169 35.3624 26.5456
    endloop
  endfacet
  facet normal -0.469844 0.671006 0.573583
    outer loop
      vertex -26.7796 34.7584 26.5456
      vertex -25.1996 39.4757 22.3213
      vertex -28.4762 37.1814 22.3213
    endloop
  endfacet
  facet normal 0.46984 -0.671001 -0.573591
    outer loop
      vertex -24.072 37.8653 20.9447
      vertex -25.9701 35.3252 22.3614
      vertex -27.3486 35.571 20.9447
    endloop
  endfacet
  facet normal 0.469846 -0.671002 -0.573586
    outer loop
      vertex -25.9701 35.3252 22.3614
      vertex -24.072 37.8653 20.9447
      vertex -23.503 37.0527 22.3614
    endloop
  endfacet
  facet normal 0.469833 -0.671012 -0.573586
    outer loop
      vertex -26.7796 34.7584 22.3614
      vertex -27.3486 35.571 20.9447
      vertex -25.9701 35.3252 22.3614
    endloop
  endfacet
  facet normal -0.328997 0.469856 -0.819144
    outer loop
      vertex -27.3486 35.571 20.9447
      vertex -25.1996 39.4757 22.3213
      vertex -24.072 37.8653 20.9447
    endloop
  endfacet
  facet normal -0.328997 0.469856 -0.819144
    outer loop
      vertex -25.1996 39.4757 22.3213
      vertex -27.3486 35.571 20.9447
      vertex -28.4762 37.1814 22.3213
    endloop
  endfacet
  facet normal -0.819153 -0.573576 7.1891e-06
    outer loop
      vertex -26.7796 34.7584 22.3614
      vertex -28.4762 37.1814 22.3213
      vertex -27.3486 35.571 20.9447
    endloop
  endfacet
  facet normal -0.819152 -0.573576 -1.36307e-17
    outer loop
      vertex -28.4762 37.1814 22.3213
      vertex -26.7796 34.7584 22.3614
      vertex -26.7796 34.7584 26.5456
    endloop
  endfacet
  facet normal 0.819152 0.573576 -0
    outer loop
      vertex -23.503 37.0527 22.3614
      vertex -25.1996 39.4757 22.3213
      vertex -23.503 37.0527 26.5456
    endloop
  endfacet
  facet normal 0.819153 0.573576 -7.1891e-06
    outer loop
      vertex -25.1996 39.4757 22.3213
      vertex -23.503 37.0527 22.3614
      vertex -24.072 37.8653 20.9447
    endloop
  endfacet
  facet normal -0.368695 0.439374 0.819155
    outer loop
      vertex -28.5443 37.1292 9.67874
      vertex -31.6084 34.558 9.67874
      vertex -27.2806 35.6232 11.0553
    endloop
  endfacet
  facet normal 0.52658 -0.627455 0.573597
    outer loop
      vertex -27.2806 35.6232 11.0553
      vertex -27.3912 34.3301 9.74232
      vertex -26.6381 34.8575 9.62787
    endloop
  endfacet
  facet normal -0.526526 0.627545 -0.573549
    outer loop
      vertex -31.6084 34.558 9.67874
      vertex -27.58 34.198 5.58672
      vertex -28.2827 33.706 5.69349
    endloop
  endfacet
  facet normal -0.526568 0.627489 -0.573572
    outer loop
      vertex -31.6084 34.558 9.67874
      vertex -28.2827 33.706 5.69349
      vertex -29.7023 32.2863 5.4436
    endloop
  endfacet
  facet normal -0.368695 0.439374 0.819155
    outer loop
      vertex -27.2806 35.6232 11.0553
      vertex -31.6084 34.558 9.67874
      vertex -30.3447 33.052 11.0553
    endloop
  endfacet
  facet normal -0.526556 0.627497 -0.573574
    outer loop
      vertex -28.5443 37.1292 9.67874
      vertex -27.58 34.198 5.58672
      vertex -31.6084 34.558 9.67874
    endloop
  endfacet
  facet normal -0.526528 0.627514 -0.57358
    outer loop
      vertex -27.58 34.198 5.58672
      vertex -28.5443 37.1292 9.67874
      vertex -26.6381 34.8575 5.4436
    endloop
  endfacet
  facet normal 0.766042 0.642791 -2.4126e-06
    outer loop
      vertex -26.6381 34.8575 9.62787
      vertex -28.5443 37.1292 9.67874
      vertex -27.2806 35.6232 11.0553
    endloop
  endfacet
  facet normal 0.766042 0.642791 -3.32378e-17
    outer loop
      vertex -28.5443 37.1292 9.67874
      vertex -26.6381 34.8575 9.62787
      vertex -26.6381 34.8575 5.4436
    endloop
  endfacet
  facet normal -0.766058 -0.642771 -0
    outer loop
      vertex -29.7023 32.2863 9.62787
      vertex -31.6084 34.558 9.67874
      vertex -29.7023 32.2863 7.51823
    endloop
  endfacet
  facet normal -0.766058 -0.642772 3.84231e-05
    outer loop
      vertex -31.6084 34.558 9.67874
      vertex -29.7023 32.2863 9.62787
      vertex -30.3447 33.052 11.0553
    endloop
  endfacet
  facet normal 0.526562 -0.627504 0.573559
    outer loop
      vertex -30.3447 33.052 11.0553
      vertex -28.2827 33.706 9.87777
      vertex -27.2806 35.6232 11.0553
    endloop
  endfacet
  facet normal 0.526565 -0.62749 0.573572
    outer loop
      vertex -28.2827 33.706 9.87777
      vertex -30.3447 33.052 11.0553
      vertex -29.7023 32.2863 9.62787
    endloop
  endfacet
  facet normal 0.526449 -0.627507 0.57366
    outer loop
      vertex -27.2806 35.6232 11.0553
      vertex -28.2827 33.706 9.87777
      vertex -27.3912 34.3301 9.74232
    endloop
  endfacet
  facet normal -0.766058 -0.642771 -0
    outer loop
      vertex -29.7023 32.2863 7.51823
      vertex -31.6084 34.558 9.67874
      vertex -29.7023 32.2863 5.4436
    endloop
  endfacet
  facet normal 0.579238 -0.579238 -0.573555
    outer loop
      vertex -29.5801 32.4085 22.3614
      vertex -33.1099 30.2815 20.9447
      vertex -30.2815 33.1099 20.9447
    endloop
  endfacet
  facet normal 0.579238 -0.579238 -0.573555
    outer loop
      vertex -33.1099 30.2815 20.9447
      vertex -29.5801 32.4085 22.3614
      vertex -32.4085 29.5801 22.3614
    endloop
  endfacet
  facet normal -0.405573 0.405573 -0.819159
    outer loop
      vertex -33.1099 30.2815 20.9447
      vertex -31.6717 34.5001 22.3213
      vertex -30.2815 33.1099 20.9447
    endloop
  endfacet
  facet normal -0.405573 0.405573 -0.819159
    outer loop
      vertex -31.6717 34.5001 22.3213
      vertex -33.1099 30.2815 20.9447
      vertex -34.5001 31.6717 22.3213
    endloop
  endfacet
  facet normal 0.707107 0.707107 -0
    outer loop
      vertex -29.5801 32.4085 24.387
      vertex -31.6717 34.5001 22.3213
      vertex -29.5801 32.4085 26.5456
    endloop
  endfacet
  facet normal 0.707107 0.707107 1.22844e-15
    outer loop
      vertex -31.6717 34.5001 22.3213
      vertex -29.5801 32.4085 24.387
      vertex -30.2815 33.1099 20.9447
    endloop
  endfacet
  facet normal 0.707107 0.707107 -0
    outer loop
      vertex -29.5801 32.4085 22.3614
      vertex -30.2815 33.1099 20.9447
      vertex -29.5801 32.4085 24.387
    endloop
  endfacet
  facet normal -0.707107 -0.707107 -0
    outer loop
      vertex -32.4085 29.5801 24.387
      vertex -33.1099 30.2815 20.9447
      vertex -32.4085 29.5801 22.3614
    endloop
  endfacet
  facet normal -0.707107 -0.707107 1.22713e-15
    outer loop
      vertex -32.4085 29.5801 24.387
      vertex -34.5001 31.6717 22.3213
      vertex -33.1099 30.2815 20.9447
    endloop
  endfacet
  facet normal -0.707107 -0.707107 1.58935e-17
    outer loop
      vertex -34.5001 31.6717 22.3213
      vertex -32.4085 29.5801 24.387
      vertex -32.4085 29.5801 26.5456
    endloop
  endfacet
  facet normal -0.579223 0.579223 0.573587
    outer loop
      vertex -34.5001 31.6717 22.3213
      vertex -29.5801 32.4085 26.5456
      vertex -31.6717 34.5001 22.3213
    endloop
  endfacet
  facet normal -0.579223 0.579223 0.573587
    outer loop
      vertex -29.5801 32.4085 26.5456
      vertex -34.5001 31.6717 22.3213
      vertex -32.4085 29.5801 26.5456
    endloop
  endfacet
  facet normal -0.439374 0.368695 0.819155
    outer loop
      vertex -34.558 31.6084 9.67874
      vertex -35.6232 27.2806 11.0553
      vertex -33.052 30.3447 11.0553
    endloop
  endfacet
  facet normal 0.62749 -0.526565 0.573572
    outer loop
      vertex -33.052 30.3447 11.0553
      vertex -33.706 28.2827 9.87777
      vertex -32.2863 29.7023 9.62787
    endloop
  endfacet
  facet normal 0.627504 -0.526562 0.573559
    outer loop
      vertex -35.6232 27.2806 11.0553
      vertex -33.706 28.2827 9.87777
      vertex -33.052 30.3447 11.0553
    endloop
  endfacet
  facet normal 0.627507 -0.526449 0.57366
    outer loop
      vertex -33.706 28.2827 9.87777
      vertex -35.6232 27.2806 11.0553
      vertex -34.3301 27.3912 9.74232
    endloop
  endfacet
  facet normal -0.627489 0.526568 -0.573572
    outer loop
      vertex -33.706 28.2827 5.69349
      vertex -34.558 31.6084 9.67874
      vertex -32.2863 29.7023 5.4436
    endloop
  endfacet
  facet normal -0.627545 0.526526 -0.573549
    outer loop
      vertex -34.558 31.6084 9.67874
      vertex -33.706 28.2827 5.69349
      vertex -34.198 27.58 5.58672
    endloop
  endfacet
  facet normal -0.439374 0.368695 0.819155
    outer loop
      vertex -34.558 31.6084 9.67874
      vertex -37.1292 28.5443 9.67874
      vertex -35.6232 27.2806 11.0553
    endloop
  endfacet
  facet normal 0.642771 0.766058 -0
    outer loop
      vertex -32.2863 29.7023 5.4436
      vertex -34.558 31.6084 9.67874
      vertex -32.2863 29.7023 7.51823
    endloop
  endfacet
  facet normal 0.642772 0.766058 3.84231e-05
    outer loop
      vertex -32.2863 29.7023 9.62787
      vertex -34.558 31.6084 9.67874
      vertex -33.052 30.3447 11.0553
    endloop
  endfacet
  facet normal 0.642771 0.766058 -8.24935e-18
    outer loop
      vertex -34.558 31.6084 9.67874
      vertex -32.2863 29.7023 9.62787
      vertex -32.2863 29.7023 7.51823
    endloop
  endfacet
  facet normal -0.642791 -0.766042 -2.4126e-06
    outer loop
      vertex -37.1292 28.5443 9.67874
      vertex -34.8575 26.6381 9.62787
      vertex -35.6232 27.2806 11.0553
    endloop
  endfacet
  facet normal -0.642791 -0.766042 -0
    outer loop
      vertex -34.8575 26.6381 9.62787
      vertex -37.1292 28.5443 9.67874
      vertex -34.8575 26.6381 5.4436
    endloop
  endfacet
  facet normal -0.627497 0.526556 -0.573574
    outer loop
      vertex -34.198 27.58 5.58672
      vertex -37.1292 28.5443 9.67874
      vertex -34.558 31.6084 9.67874
    endloop
  endfacet
  facet normal -0.627514 0.526528 -0.57358
    outer loop
      vertex -37.1292 28.5443 9.67874
      vertex -34.198 27.58 5.58672
      vertex -34.8575 26.6381 5.4436
    endloop
  endfacet
  facet normal 0.627455 -0.52658 0.573597
    outer loop
      vertex -34.3301 27.3912 9.74232
      vertex -35.6232 27.2806 11.0553
      vertex -34.8575 26.6381 9.62787
    endloop
  endfacet
  facet normal 0.671012 -0.469833 -0.573586
    outer loop
      vertex -35.3252 25.9701 22.3614
      vertex -35.571 27.3486 20.9447
      vertex -34.7584 26.7796 22.3614
    endloop
  endfacet
  facet normal -0.671006 0.469844 0.573583
    outer loop
      vertex -39.4757 25.1996 22.3213
      vertex -34.7584 26.7796 26.5456
      vertex -37.1814 28.4762 22.3213
    endloop
  endfacet
  facet normal -0.671016 0.469797 0.573611
    outer loop
      vertex -34.7584 26.7796 26.5456
      vertex -39.4757 25.1996 22.3213
      vertex -35.3624 25.9169 26.5456
    endloop
  endfacet
  facet normal -0.469856 0.328997 -0.819144
    outer loop
      vertex -37.8653 24.072 20.9447
      vertex -37.1814 28.4762 22.3213
      vertex -35.571 27.3486 20.9447
    endloop
  endfacet
  facet normal -0.469856 0.328997 -0.819144
    outer loop
      vertex -37.1814 28.4762 22.3213
      vertex -37.8653 24.072 20.9447
      vertex -39.4757 25.1996 22.3213
    endloop
  endfacet
  facet normal 0.573576 0.819152 -0
    outer loop
      vertex -34.7584 26.7796 22.3614
      vertex -37.1814 28.4762 22.3213
      vertex -34.7584 26.7796 26.5456
    endloop
  endfacet
  facet normal 0.573576 0.819153 7.1891e-06
    outer loop
      vertex -37.1814 28.4762 22.3213
      vertex -34.7584 26.7796 22.3614
      vertex -35.571 27.3486 20.9447
    endloop
  endfacet
  facet normal 0.671001 -0.46984 -0.573591
    outer loop
      vertex -35.3252 25.9701 22.3614
      vertex -37.8653 24.072 20.9447
      vertex -35.571 27.3486 20.9447
    endloop
  endfacet
  facet normal 0.671002 -0.469846 -0.573586
    outer loop
      vertex -37.8653 24.072 20.9447
      vertex -35.3252 25.9701 22.3614
      vertex -37.0527 23.503 22.3614
    endloop
  endfacet
  facet normal -0.573576 -0.819152 2.74717e-17
    outer loop
      vertex -39.4757 25.1996 22.3213
      vertex -37.0527 23.503 22.3614
      vertex -37.0527 23.503 26.5456
    endloop
  endfacet
  facet normal -0.573576 -0.819153 -7.1891e-06
    outer loop
      vertex -37.0527 23.503 22.3614
      vertex -39.4757 25.1996 22.3213
      vertex -37.8653 24.072 20.9447
    endloop
  endfacet
  facet normal -0.670997 0.469857 0.573583
    outer loop
      vertex -35.3624 25.9169 26.5456
      vertex -39.4757 25.1996 22.3213
      vertex -37.0527 23.503 26.5456
    endloop
  endfacet
  facet normal -0.496721 0.286782 0.819161
    outer loop
      vertex -39.5218 25.1273 9.67874
      vertex -39.8192 20.6802 11.0553
      vertex -37.8192 24.1443 11.0553
    endloop
  endfacet
  facet normal -0.496721 0.286782 0.819161
    outer loop
      vertex -39.8192 20.6802 11.0553
      vertex -39.5218 25.1273 9.67874
      vertex -41.5218 21.6632 9.67874
    endloop
  endfacet
  facet normal -0.709416 0.40956 -0.573576
    outer loop
      vertex -38.1051 22 5.69349
      vertex -39.5218 25.1273 9.67874
      vertex -36.9536 23.6446 5.4436
    endloop
  endfacet
  facet normal -0.709405 0.409571 -0.573582
    outer loop
      vertex -39.5218 25.1273 9.67874
      vertex -38.1051 22 5.69349
      vertex -38.4676 21.2226 5.58672
    endloop
  endfacet
  facet normal 0.709421 -0.40956 0.57357
    outer loop
      vertex -37.8192 24.1443 11.0553
      vertex -38.1051 22 9.87777
      vertex -36.9536 23.6446 9.62787
    endloop
  endfacet
  facet normal 0.709396 -0.40957 0.573594
    outer loop
      vertex -39.8192 20.6802 11.0553
      vertex -38.1051 22 9.87777
      vertex -37.8192 24.1443 11.0553
    endloop
  endfacet
  facet normal 0.7094 -0.409596 0.57357
    outer loop
      vertex -38.1051 22 9.87777
      vertex -39.8192 20.6802 11.0553
      vertex -38.9536 20.1805 9.62787
    endloop
  endfacet
  facet normal 0.499987 0.866033 -0
    outer loop
      vertex -36.9536 23.6446 5.4436
      vertex -39.5218 25.1273 9.67874
      vertex -36.9536 23.6446 7.51823
    endloop
  endfacet
  facet normal 0.499987 0.866033 2.28542e-05
    outer loop
      vertex -36.9536 23.6446 9.62787
      vertex -39.5218 25.1273 9.67874
      vertex -37.8192 24.1443 11.0553
    endloop
  endfacet
  facet normal 0.499987 0.866033 -2.7278e-17
    outer loop
      vertex -39.5218 25.1273 9.67874
      vertex -36.9536 23.6446 9.62787
      vertex -36.9536 23.6446 7.51823
    endloop
  endfacet
  facet normal -0.499987 -0.866033 -2.28542e-05
    outer loop
      vertex -41.5218 21.6632 9.67874
      vertex -38.9536 20.1805 9.62787
      vertex -39.8192 20.6802 11.0553
    endloop
  endfacet
  facet normal -0.499987 -0.866033 -0
    outer loop
      vertex -38.9536 20.1805 9.62787
      vertex -41.5218 21.6632 9.67874
      vertex -38.9536 20.1805 5.4436
    endloop
  endfacet
  facet normal -0.709402 0.409574 -0.573583
    outer loop
      vertex -38.4676 21.2226 5.58672
      vertex -41.5218 21.6632 9.67874
      vertex -39.5218 25.1273 9.67874
    endloop
  endfacet
  facet normal -0.709388 0.409608 -0.573576
    outer loop
      vertex -41.5218 21.6632 9.67874
      vertex -38.4676 21.2226 5.58672
      vertex -38.9536 20.1805 5.4436
    endloop
  endfacet
  facet normal 0.422597 0.906318 -0
    outer loop
      vertex -38.8806 20.3371 24.4763
      vertex -41.5614 21.5871 22.3213
      vertex -38.8806 20.3371 26.5456
    endloop
  endfacet
  facet normal -0.742404 0.346185 0.573579
    outer loop
      vertex -38.8806 20.3371 26.5456
      vertex -41.5614 21.5871 22.3213
      vertex -40.126 17.6663 26.5456
    endloop
  endfacet
  facet normal 0.742439 -0.346146 -0.573556
    outer loop
      vertex -39.2982 19.4414 22.3614
      vertex -39.7796 20.7563 20.9447
      vertex -38.8806 20.3371 22.3614
    endloop
  endfacet
  facet normal -0.422654 -0.906291 -0
    outer loop
      vertex -40.571 16.7118 24.387
      vertex -41.4701 17.1311 20.9447
      vertex -40.571 16.7118 22.3614
    endloop
  endfacet
  facet normal -0.742409 0.346179 0.573575
    outer loop
      vertex -43.2518 17.9619 22.3213
      vertex -40.126 17.6663 26.5456
      vertex -41.5614 21.5871 22.3213
    endloop
  endfacet
  facet normal -0.742426 0.346128 0.573584
    outer loop
      vertex -40.126 17.6663 26.5456
      vertex -43.2518 17.9619 22.3213
      vertex -40.571 16.7118 26.5456
    endloop
  endfacet
  facet normal 0.742395 -0.346193 -0.573585
    outer loop
      vertex -39.2982 19.4414 22.3614
      vertex -41.4701 17.1311 20.9447
      vertex -39.7796 20.7563 20.9447
    endloop
  endfacet
  facet normal 0.742387 -0.346172 -0.573608
    outer loop
      vertex -41.4701 17.1311 20.9447
      vertex -39.2982 19.4414 22.3614
      vertex -40.571 16.7118 22.3614
    endloop
  endfacet
  facet normal -0.519838 0.24241 -0.81915
    outer loop
      vertex -41.4701 17.1311 20.9447
      vertex -41.5614 21.5871 22.3213
      vertex -39.7796 20.7563 20.9447
    endloop
  endfacet
  facet normal 0.422597 0.906318 -0
    outer loop
      vertex -38.8806 20.3371 22.3614
      vertex -41.5614 21.5871 22.3213
      vertex -38.8806 20.3371 24.4763
    endloop
  endfacet
  facet normal 0.422597 0.906318 9.96462e-06
    outer loop
      vertex -41.5614 21.5871 22.3213
      vertex -38.8806 20.3371 22.3614
      vertex -39.7796 20.7563 20.9447
    endloop
  endfacet
  facet normal -0.519859 0.242406 -0.819137
    outer loop
      vertex -41.4701 17.1311 20.9447
      vertex -43.2518 17.9619 22.3213
      vertex -41.5614 21.5871 22.3213
    endloop
  endfacet
  facet normal -0.422624 -0.906305 2.33311e-17
    outer loop
      vertex -43.2518 17.9619 22.3213
      vertex -40.571 16.7118 24.387
      vertex -40.571 16.7118 26.5456
    endloop
  endfacet
  facet normal -0.422617 -0.906308 -1.16233e-05
    outer loop
      vertex -40.571 16.7118 24.387
      vertex -43.2518 17.9619 22.3213
      vertex -41.4701 17.1311 20.9447
    endloop
  endfacet
  facet normal -0.538979 0.196174 0.819156
    outer loop
      vertex -43.2846 17.8827 9.67874
      vertex -42.8053 13.4515 11.0553
      vertex -41.4372 17.2103 11.0553
    endloop
  endfacet
  facet normal -0.538979 0.196174 0.819156
    outer loop
      vertex -42.8053 13.4515 11.0553
      vertex -43.2846 17.8827 9.67874
      vertex -44.6527 14.1239 9.67874
    endloop
  endfacet
  facet normal 0.342038 0.939686 -2.58193e-05
    outer loop
      vertex -40.498 16.8684 9.62787
      vertex -43.2846 17.8827 9.67874
      vertex -41.4372 17.2103 11.0553
    endloop
  endfacet
  facet normal 0.342038 0.939686 3.35518e-17
    outer loop
      vertex -43.2846 17.8827 9.67874
      vertex -40.498 16.8684 9.62787
      vertex -40.498 16.8684 7.51823
    endloop
  endfacet
  facet normal 0.342038 0.939686 -0
    outer loop
      vertex -40.498 16.8684 5.4436
      vertex -43.2846 17.8827 9.67874
      vertex -40.498 16.8684 7.51823
    endloop
  endfacet
  facet normal -0.769757 0.280161 -0.573571
    outer loop
      vertex -41.3465 15.0489 5.69349
      vertex -44.6527 14.1239 9.67874
      vertex -40.984 15.8263 5.58672
    endloop
  endfacet
  facet normal -0.769757 0.280165 -0.57357
    outer loop
      vertex -44.6527 14.1239 9.67874
      vertex -41.3465 15.0489 5.69349
      vertex -41.8661 13.1097 5.4436
    endloop
  endfacet
  facet normal -0.769738 0.280206 -0.573574
    outer loop
      vertex -40.984 15.8263 5.58672
      vertex -43.2846 17.8827 9.67874
      vertex -40.498 16.8684 5.4436
    endloop
  endfacet
  facet normal -0.769757 0.28017 -0.573567
    outer loop
      vertex -43.2846 17.8827 9.67874
      vertex -40.984 15.8263 5.58672
      vertex -44.6527 14.1239 9.67874
    endloop
  endfacet
  facet normal 0.769746 -0.280183 0.573576
    outer loop
      vertex -41.4372 17.2103 11.0553
      vertex -41.3465 15.0489 9.87777
      vertex -40.498 16.8684 9.62787
    endloop
  endfacet
  facet normal 0.769762 -0.280172 0.573558
    outer loop
      vertex -42.8053 13.4515 11.0553
      vertex -41.3465 15.0489 9.87777
      vertex -41.4372 17.2103 11.0553
    endloop
  endfacet
  facet normal 0.769751 -0.28014 0.573589
    outer loop
      vertex -41.3465 15.0489 9.87777
      vertex -42.8053 13.4515 11.0553
      vertex -41.6281 13.9978 9.74232
    endloop
  endfacet
  facet normal 0.76975 -0.280199 0.573563
    outer loop
      vertex -41.6281 13.9978 9.74232
      vertex -42.8053 13.4515 11.0553
      vertex -41.8661 13.1097 9.62787
    endloop
  endfacet
  facet normal -0.342009 -0.939697 -1.83544e-05
    outer loop
      vertex -44.6527 14.1239 9.67874
      vertex -41.8661 13.1097 9.62787
      vertex -42.8053 13.4515 11.0553
    endloop
  endfacet
  facet normal -0.342008 -0.939697 -0
    outer loop
      vertex -41.8661 13.1097 9.62787
      vertex -44.6527 14.1239 9.67874
      vertex -41.8661 13.1097 5.4436
    endloop
  endfacet
  facet normal 0.791282 -0.211953 -0.573541
    outer loop
      vertex -42.0771 12.322 22.3614
      vertex -42.7795 13.5333 20.9447
      vertex -41.8214 13.2766 22.3614
    endloop
  endfacet
  facet normal -0.791258 0.211951 0.573575
    outer loop
      vertex -44.6785 14.0421 22.3213
      vertex -42.0939 12.2593 26.5456
      vertex -41.8214 13.2766 26.5456
    endloop
  endfacet
  facet normal -0.791232 0.212015 0.573586
    outer loop
      vertex -42.0939 12.2593 26.5456
      vertex -44.6785 14.0421 22.3213
      vertex -45.7138 10.1784 22.3213
    endloop
  endfacet
  facet normal -0.554033 0.148456 -0.819151
    outer loop
      vertex -43.8148 9.66959 20.9447
      vertex -44.6785 14.0421 22.3213
      vertex -42.7795 13.5333 20.9447
    endloop
  endfacet
  facet normal -0.554032 0.148456 -0.819151
    outer loop
      vertex -44.6785 14.0421 22.3213
      vertex -43.8148 9.66959 20.9447
      vertex -45.7138 10.1784 22.3213
    endloop
  endfacet
  facet normal 0.79124 -0.212017 -0.573575
    outer loop
      vertex -42.0771 12.322 22.3614
      vertex -43.8148 9.66959 20.9447
      vertex -42.7795 13.5333 20.9447
    endloop
  endfacet
  facet normal 0.791236 -0.21201 -0.573582
    outer loop
      vertex -43.8148 9.66959 20.9447
      vertex -42.0771 12.322 22.3614
      vertex -42.8566 9.41285 22.3614
    endloop
  endfacet
  facet normal 0.258801 0.965931 -0
    outer loop
      vertex -41.8214 13.2766 22.3614
      vertex -44.6785 14.0421 22.3213
      vertex -41.8214 13.2766 26.5456
    endloop
  endfacet
  facet normal 0.258801 0.965931 -1.92259e-06
    outer loop
      vertex -44.6785 14.0421 22.3213
      vertex -41.8214 13.2766 22.3614
      vertex -42.7795 13.5333 20.9447
    endloop
  endfacet
  facet normal -0.258808 -0.965929 -1.61884e-17
    outer loop
      vertex -45.7138 10.1784 22.3213
      vertex -42.8566 9.41285 22.3614
      vertex -42.8566 9.41285 26.5456
    endloop
  endfacet
  facet normal -0.258808 -0.965929 -1.81122e-06
    outer loop
      vertex -42.8566 9.41285 22.3614
      vertex -45.7138 10.1784 22.3213
      vertex -43.8148 9.66959 20.9447
    endloop
  endfacet
  facet normal -0.791232 0.212009 0.573589
    outer loop
      vertex -42.0939 12.2593 26.5456
      vertex -45.7138 10.1784 22.3213
      vertex -42.8566 9.41285 26.5456
    endloop
  endfacet
  facet normal -0.564877 0.0995897 0.819144
    outer loop
      vertex -45.7323 10.0947 9.67874
      vertex -44.4908 5.81408 11.0553
      vertex -43.7963 9.75331 11.0553
    endloop
  endfacet
  facet normal -0.564855 0.0996003 0.819157
    outer loop
      vertex -44.4908 5.81408 11.0553
      vertex -45.7323 10.0947 9.67874
      vertex -46.4269 6.15547 9.67874
    endloop
  endfacet
  facet normal -0.80671 0.14224 -0.573573
    outer loop
      vertex -43.3315 7.64052 5.69349
      vertex -45.7323 10.0947 9.67874
      vertex -42.8119 9.57975 5.4436
    endloop
  endfacet
  facet normal -0.806708 0.142246 -0.573575
    outer loop
      vertex -43.3315 7.64052 5.69349
      vertex -46.4269 6.15547 9.67874
      vertex -45.7323 10.0947 9.67874
    endloop
  endfacet
  facet normal -0.806708 0.142252 -0.573573
    outer loop
      vertex -46.4269 6.15547 9.67874
      vertex -43.3315 7.64052 5.69349
      vertex -43.5065 5.64052 5.4436
    endloop
  endfacet
  facet normal 0.17365 0.984807 1.24712e-05
    outer loop
      vertex -42.8119 9.57975 9.62787
      vertex -45.7323 10.0947 9.67874
      vertex -43.7963 9.75331 11.0553
    endloop
  endfacet
  facet normal 0.17365 0.984807 1.04853e-19
    outer loop
      vertex -45.7323 10.0947 9.67874
      vertex -42.8119 9.57975 9.62787
      vertex -42.8119 9.57975 5.4436
    endloop
  endfacet
  facet normal -0.17365 -0.984807 -1.58053e-07
    outer loop
      vertex -46.4269 6.15547 9.67874
      vertex -43.5065 5.64052 9.62787
      vertex -44.4908 5.81408 11.0553
    endloop
  endfacet
  facet normal -0.17365 -0.984807 -0
    outer loop
      vertex -43.5065 5.64052 9.62787
      vertex -46.4269 6.15547 9.67874
      vertex -43.5065 5.64052 5.4436
    endloop
  endfacet
  facet normal 0.806687 -0.142226 0.57361
    outer loop
      vertex -43.7963 9.75331 11.0553
      vertex -43.3315 7.64052 9.87777
      vertex -42.8119 9.57975 9.62787
    endloop
  endfacet
  facet normal 0.806691 -0.142222 0.573604
    outer loop
      vertex -44.4908 5.81408 11.0553
      vertex -43.3315 7.64052 9.87777
      vertex -43.7963 9.75331 11.0553
    endloop
  endfacet
  facet normal 0.806709 -0.142255 0.573572
    outer loop
      vertex -43.3315 7.64052 9.87777
      vertex -44.4908 5.81408 11.0553
      vertex -43.5065 5.64052 9.62787
    endloop
  endfacet
  facet normal 0.0871577 0.996195 -0
    outer loop
      vertex -43.4915 5.81265 24.4763
      vertex -46.4381 6.07045 22.3213
      vertex -43.4915 5.81265 26.5456
    endloop
  endfacet
  facet normal -0.816039 0.0713843 0.573572
    outer loop
      vertex -43.4915 5.81265 26.5456
      vertex -46.4381 6.07045 22.3213
      vertex -43.7483 2.87701 26.5456
    endloop
  endfacet
  facet normal -0.816028 0.071409 0.573584
    outer loop
      vertex -46.7868 2.08567 22.3213
      vertex -43.7483 2.87701 26.5456
      vertex -46.4381 6.07045 22.3213
    endloop
  endfacet
  facet normal -0.816028 0.0714026 0.573585
    outer loop
      vertex -43.7483 2.87701 26.5456
      vertex -46.7868 2.08567 22.3213
      vertex -43.8401 1.82787 26.5456
    endloop
  endfacet
  facet normal 0.81604 -0.0713679 -0.573573
    outer loop
      vertex -43.8401 1.82787 22.3614
      vertex -44.8283 1.91433 20.9447
      vertex -43.754 2.81236 22.3614
    endloop
  endfacet
  facet normal -0.0871548 -0.996195 1.13519e-18
    outer loop
      vertex -46.7868 2.08567 22.3213
      vertex -43.8401 1.82787 22.3614
      vertex -43.8401 1.82787 24.4763
    endloop
  endfacet
  facet normal -0.0871547 -0.996195 -3.3059e-06
    outer loop
      vertex -43.8401 1.82787 22.3614
      vertex -46.7868 2.08567 22.3213
      vertex -44.8283 1.91433 20.9447
    endloop
  endfacet
  facet normal -0.0871548 -0.996195 -0
    outer loop
      vertex -43.8401 1.82787 26.5456
      vertex -46.7868 2.08567 22.3213
      vertex -43.8401 1.82787 24.4763
    endloop
  endfacet
  facet normal -0.571414 0.0500032 -0.819137
    outer loop
      vertex -44.4797 5.8991 20.9447
      vertex -46.7868 2.08567 22.3213
      vertex -46.4381 6.07045 22.3213
    endloop
  endfacet
  facet normal 0.0871577 0.996195 -0
    outer loop
      vertex -43.4915 5.81265 22.3614
      vertex -46.4381 6.07045 22.3213
      vertex -43.4915 5.81265 24.4763
    endloop
  endfacet
  facet normal 0.0871578 0.996195 -5.87624e-06
    outer loop
      vertex -46.4381 6.07045 22.3213
      vertex -43.4915 5.81265 22.3614
      vertex -44.4797 5.8991 20.9447
    endloop
  endfacet
  facet normal -0.571396 0.0499875 -0.819151
    outer loop
      vertex -44.8283 1.91433 20.9447
      vertex -46.7868 2.08567 22.3213
      vertex -44.4797 5.8991 20.9447
    endloop
  endfacet
  facet normal 0.816037 -0.0713964 -0.573573
    outer loop
      vertex -43.754 2.81236 22.3614
      vertex -44.4797 5.8991 20.9447
      vertex -43.4915 5.81265 22.3614
    endloop
  endfacet
  facet normal 0.816045 -0.0713901 -0.573563
    outer loop
      vertex -44.4797 5.8991 20.9447
      vertex -43.754 2.81236 22.3614
      vertex -44.8283 1.91433 20.9447
    endloop
  endfacet
  facet normal -0.573563 -1.64888e-18 0.819161
    outer loop
      vertex -46.7905 2 9.67874
      vertex -44.8245 -2 11.0553
      vertex -44.8245 2 11.0553
    endloop
  endfacet
  facet normal -0.573563 -1.64888e-18 0.819161
    outer loop
      vertex -44.8245 -2 11.0553
      vertex -46.7905 2 9.67874
      vertex -46.7905 -2 9.67874
    endloop
  endfacet
  facet normal 0.819151 -7.23069e-06 0.573577
    outer loop
      vertex -44.8245 2 11.0553
      vertex -44 0 9.87777
      vertex -43.825 2 9.62787
    endloop
  endfacet
  facet normal 0.819157 -0 0.573569
    outer loop
      vertex -44.8245 -2 11.0553
      vertex -44 0 9.87777
      vertex -44.8245 2 11.0553
    endloop
  endfacet
  facet normal 0.819151 7.23069e-06 0.573577
    outer loop
      vertex -44 0 9.87777
      vertex -44.8245 -2 11.0553
      vertex -43.825 -2 9.62787
    endloop
  endfacet
  facet normal -0.81915 9.73905e-06 -0.573579
    outer loop
      vertex -44 0 5.69349
      vertex -46.7905 2 9.67874
      vertex -43.825 2 5.4436
    endloop
  endfacet
  facet normal -0.81915 -9.73905e-06 -0.573579
    outer loop
      vertex -46.7905 -2 9.67874
      vertex -44 0 5.69349
      vertex -43.825 -2 5.4436
    endloop
  endfacet
  facet normal -0.819152 -4.10942e-17 -0.573576
    outer loop
      vertex -44 0 5.69349
      vertex -46.7905 -2 9.67874
      vertex -46.7905 2 9.67874
    endloop
  endfacet
  facet normal 0 1 0
    outer loop
      vertex -43.825 2 9.62787
      vertex -46.7905 2 9.67874
      vertex -44.8245 2 11.0553
    endloop
  endfacet
  facet normal 0 1 0
    outer loop
      vertex -46.7905 2 9.67874
      vertex -43.825 2 9.62787
      vertex -43.825 2 5.4436
    endloop
  endfacet
  facet normal 0 -1 0
    outer loop
      vertex -46.7905 -2 9.67874
      vertex -43.825 -2 9.62787
      vertex -44.8245 -2 11.0553
    endloop
  endfacet
  facet normal -0 -1 -0
    outer loop
      vertex -43.825 -2 9.62787
      vertex -46.7905 -2 9.67874
      vertex -43.825 -2 5.4436
    endloop
  endfacet
  facet normal 0.81604 0.0713679 -0.573573
    outer loop
      vertex -43.754 -2.81236 22.3614
      vertex -44.8283 -1.91433 20.9447
      vertex -43.8401 -1.82787 22.3614
    endloop
  endfacet
  facet normal -0.816028 -0.0714026 0.573585
    outer loop
      vertex -46.7868 -2.08567 22.3213
      vertex -43.7483 -2.87701 26.5456
      vertex -43.8401 -1.82787 26.5456
    endloop
  endfacet
  facet normal -0.816028 -0.071409 0.573584
    outer loop
      vertex -43.7483 -2.87701 26.5456
      vertex -46.7868 -2.08567 22.3213
      vertex -46.4381 -6.07045 22.3213
    endloop
  endfacet
  facet normal -0.571414 -0.0500032 -0.819137
    outer loop
      vertex -46.4381 -6.07045 22.3213
      vertex -46.7868 -2.08567 22.3213
      vertex -44.4797 -5.8991 20.9447
    endloop
  endfacet
  facet normal -0.0871548 0.996195 0
    outer loop
      vertex -43.8401 -1.82787 24.4763
      vertex -46.7868 -2.08567 22.3213
      vertex -43.8401 -1.82787 26.5456
    endloop
  endfacet
  facet normal 0.0871577 -0.996195 3.3277e-18
    outer loop
      vertex -46.4381 -6.07045 22.3213
      vertex -43.4915 -5.81265 22.3614
      vertex -43.4915 -5.81265 24.4763
    endloop
  endfacet
  facet normal 0.0871578 -0.996195 -5.87624e-06
    outer loop
      vertex -43.4915 -5.81265 22.3614
      vertex -46.4381 -6.07045 22.3213
      vertex -44.4797 -5.8991 20.9447
    endloop
  endfacet
  facet normal 0.816037 0.0713964 -0.573573
    outer loop
      vertex -44.4797 -5.8991 20.9447
      vertex -43.754 -2.81236 22.3614
      vertex -43.4915 -5.81265 22.3614
    endloop
  endfacet
  facet normal 0.816045 0.0713901 -0.573563
    outer loop
      vertex -43.754 -2.81236 22.3614
      vertex -44.4797 -5.8991 20.9447
      vertex -44.8283 -1.91433 20.9447
    endloop
  endfacet
  facet normal -0.571396 -0.0499875 -0.819151
    outer loop
      vertex -44.4797 -5.8991 20.9447
      vertex -46.7868 -2.08567 22.3213
      vertex -44.8283 -1.91433 20.9447
    endloop
  endfacet
  facet normal -0.0871548 0.996195 0
    outer loop
      vertex -43.8401 -1.82787 22.3614
      vertex -46.7868 -2.08567 22.3213
      vertex -43.8401 -1.82787 24.4763
    endloop
  endfacet
  facet normal -0.0871547 0.996195 -3.3059e-06
    outer loop
      vertex -46.7868 -2.08567 22.3213
      vertex -43.8401 -1.82787 22.3614
      vertex -44.8283 -1.91433 20.9447
    endloop
  endfacet
  facet normal 0.0871577 -0.996195 0
    outer loop
      vertex -43.4915 -5.81265 26.5456
      vertex -46.4381 -6.07045 22.3213
      vertex -43.4915 -5.81265 24.4763
    endloop
  endfacet
  facet normal -0.816039 -0.0713843 0.573572
    outer loop
      vertex -43.7483 -2.87701 26.5456
      vertex -46.4381 -6.07045 22.3213
      vertex -43.4915 -5.81265 26.5456
    endloop
  endfacet
  facet normal -0.564877 -0.0995897 0.819144
    outer loop
      vertex -44.4908 -5.81408 11.0553
      vertex -45.7323 -10.0947 9.67874
      vertex -43.7963 -9.75331 11.0553
    endloop
  endfacet
  facet normal -0.564855 -0.0996003 0.819157
    outer loop
      vertex -45.7323 -10.0947 9.67874
      vertex -44.4908 -5.81408 11.0553
      vertex -46.4269 -6.15547 9.67874
    endloop
  endfacet
  facet normal 0.806709 0.142255 0.573572
    outer loop
      vertex -44.4908 -5.81408 11.0553
      vertex -43.3315 -7.64052 9.87777
      vertex -43.5065 -5.64052 9.62787
    endloop
  endfacet
  facet normal 0.806691 0.142222 0.573604
    outer loop
      vertex -43.7963 -9.75331 11.0553
      vertex -43.3315 -7.64052 9.87777
      vertex -44.4908 -5.81408 11.0553
    endloop
  endfacet
  facet normal 0.806687 0.142226 0.57361
    outer loop
      vertex -43.3315 -7.64052 9.87777
      vertex -43.7963 -9.75331 11.0553
      vertex -42.8119 -9.57975 9.62787
    endloop
  endfacet
  facet normal -0.806708 -0.142252 -0.573573
    outer loop
      vertex -43.3315 -7.64052 5.69349
      vertex -46.4269 -6.15547 9.67874
      vertex -43.5065 -5.64052 5.4436
    endloop
  endfacet
  facet normal -0.80671 -0.14224 -0.573573
    outer loop
      vertex -45.7323 -10.0947 9.67874
      vertex -43.3315 -7.64052 5.69349
      vertex -42.8119 -9.57975 5.4436
    endloop
  endfacet
  facet normal -0.806708 -0.142246 -0.573575
    outer loop
      vertex -43.3315 -7.64052 5.69349
      vertex -45.7323 -10.0947 9.67874
      vertex -46.4269 -6.15547 9.67874
    endloop
  endfacet
  facet normal -0.17365 0.984807 -1.58053e-07
    outer loop
      vertex -43.5065 -5.64052 9.62787
      vertex -46.4269 -6.15547 9.67874
      vertex -44.4908 -5.81408 11.0553
    endloop
  endfacet
  facet normal -0.17365 0.984807 5.6009e-18
    outer loop
      vertex -46.4269 -6.15547 9.67874
      vertex -43.5065 -5.64052 9.62787
      vertex -43.5065 -5.64052 5.4436
    endloop
  endfacet
  facet normal 0.17365 -0.984807 1.24712e-05
    outer loop
      vertex -45.7323 -10.0947 9.67874
      vertex -42.8119 -9.57975 9.62787
      vertex -43.7963 -9.75331 11.0553
    endloop
  endfacet
  facet normal 0.17365 -0.984807 0
    outer loop
      vertex -42.8119 -9.57975 9.62787
      vertex -45.7323 -10.0947 9.67874
      vertex -42.8119 -9.57975 5.4436
    endloop
  endfacet
  facet normal -0.791232 -0.212009 0.573589
    outer loop
      vertex -42.8566 -9.41285 26.5456
      vertex -45.7138 -10.1784 22.3213
      vertex -42.0939 -12.2593 26.5456
    endloop
  endfacet
  facet normal -0.791232 -0.212015 0.573586
    outer loop
      vertex -44.6785 -14.0421 22.3213
      vertex -42.0939 -12.2593 26.5456
      vertex -45.7138 -10.1784 22.3213
    endloop
  endfacet
  facet normal -0.791258 -0.211951 0.573575
    outer loop
      vertex -42.0939 -12.2593 26.5456
      vertex -44.6785 -14.0421 22.3213
      vertex -41.8214 -13.2766 26.5456
    endloop
  endfacet
  facet normal 0.791236 0.21201 -0.573582
    outer loop
      vertex -42.0771 -12.322 22.3614
      vertex -43.8148 -9.66959 20.9447
      vertex -42.8566 -9.41285 22.3614
    endloop
  endfacet
  facet normal 0.79124 0.212017 -0.573575
    outer loop
      vertex -43.8148 -9.66959 20.9447
      vertex -42.0771 -12.322 22.3614
      vertex -42.7795 -13.5333 20.9447
    endloop
  endfacet
  facet normal 0.791282 0.211953 -0.573541
    outer loop
      vertex -41.8214 -13.2766 22.3614
      vertex -42.7795 -13.5333 20.9447
      vertex -42.0771 -12.322 22.3614
    endloop
  endfacet
  facet normal -0.554033 -0.148456 -0.819151
    outer loop
      vertex -44.6785 -14.0421 22.3213
      vertex -43.8148 -9.66959 20.9447
      vertex -42.7795 -13.5333 20.9447
    endloop
  endfacet
  facet normal -0.554032 -0.148456 -0.819151
    outer loop
      vertex -43.8148 -9.66959 20.9447
      vertex -44.6785 -14.0421 22.3213
      vertex -45.7138 -10.1784 22.3213
    endloop
  endfacet
  facet normal 0.258801 -0.965931 -5.16857e-18
    outer loop
      vertex -44.6785 -14.0421 22.3213
      vertex -41.8214 -13.2766 22.3614
      vertex -41.8214 -13.2766 26.5456
    endloop
  endfacet
  facet normal 0.258801 -0.965931 -1.92259e-06
    outer loop
      vertex -41.8214 -13.2766 22.3614
      vertex -44.6785 -14.0421 22.3213
      vertex -42.7795 -13.5333 20.9447
    endloop
  endfacet
  facet normal -0.258808 0.965929 0
    outer loop
      vertex -42.8566 -9.41285 22.3614
      vertex -45.7138 -10.1784 22.3213
      vertex -42.8566 -9.41285 26.5456
    endloop
  endfacet
  facet normal -0.258808 0.965929 -1.81122e-06
    outer loop
      vertex -45.7138 -10.1784 22.3213
      vertex -42.8566 -9.41285 22.3614
      vertex -43.8148 -9.66959 20.9447
    endloop
  endfacet
  facet normal -0.538979 -0.196174 0.819156
    outer loop
      vertex -42.8053 -13.4515 11.0553
      vertex -43.2846 -17.8827 9.67874
      vertex -41.4372 -17.2103 11.0553
    endloop
  endfacet
  facet normal -0.538979 -0.196174 0.819156
    outer loop
      vertex -43.2846 -17.8827 9.67874
      vertex -42.8053 -13.4515 11.0553
      vertex -44.6527 -14.1239 9.67874
    endloop
  endfacet
  facet normal 0.76975 0.280199 0.573563
    outer loop
      vertex -41.8661 -13.1097 9.62787
      vertex -42.8053 -13.4515 11.0553
      vertex -41.6281 -13.9978 9.74232
    endloop
  endfacet
  facet normal -0.769757 -0.280165 -0.57357
    outer loop
      vertex -41.3465 -15.0489 5.69349
      vertex -44.6527 -14.1239 9.67874
      vertex -41.8661 -13.1097 5.4436
    endloop
  endfacet
  facet normal -0.769757 -0.280161 -0.573571
    outer loop
      vertex -44.6527 -14.1239 9.67874
      vertex -41.3465 -15.0489 5.69349
      vertex -40.984 -15.8263 5.58672
    endloop
  endfacet
  facet normal -0.342009 0.939697 -1.83544e-05
    outer loop
      vertex -41.8661 -13.1097 9.62787
      vertex -44.6527 -14.1239 9.67874
      vertex -42.8053 -13.4515 11.0553
    endloop
  endfacet
  facet normal -0.342008 0.939697 1.60951e-17
    outer loop
      vertex -44.6527 -14.1239 9.67874
      vertex -41.8661 -13.1097 9.62787
      vertex -41.8661 -13.1097 5.4436
    endloop
  endfacet
  facet normal 0.342038 -0.939686 -2.58193e-05
    outer loop
      vertex -43.2846 -17.8827 9.67874
      vertex -40.498 -16.8684 9.62787
      vertex -41.4372 -17.2103 11.0553
    endloop
  endfacet
  facet normal 0.342038 -0.939686 0
    outer loop
      vertex -40.498 -16.8684 9.62787
      vertex -43.2846 -17.8827 9.67874
      vertex -40.498 -16.8684 7.51823
    endloop
  endfacet
  facet normal 0.769751 0.28014 0.573589
    outer loop
      vertex -42.8053 -13.4515 11.0553
      vertex -41.3465 -15.0489 9.87777
      vertex -41.6281 -13.9978 9.74232
    endloop
  endfacet
  facet normal 0.769762 0.280172 0.573558
    outer loop
      vertex -41.4372 -17.2103 11.0553
      vertex -41.3465 -15.0489 9.87777
      vertex -42.8053 -13.4515 11.0553
    endloop
  endfacet
  facet normal 0.769746 0.280183 0.573576
    outer loop
      vertex -41.3465 -15.0489 9.87777
      vertex -41.4372 -17.2103 11.0553
      vertex -40.498 -16.8684 9.62787
    endloop
  endfacet
  facet normal 0.342038 -0.939686 0
    outer loop
      vertex -40.498 -16.8684 7.51823
      vertex -43.2846 -17.8827 9.67874
      vertex -40.498 -16.8684 5.4436
    endloop
  endfacet
  facet normal -0.769738 -0.280206 -0.573574
    outer loop
      vertex -43.2846 -17.8827 9.67874
      vertex -40.984 -15.8263 5.58672
      vertex -40.498 -16.8684 5.4436
    endloop
  endfacet
  facet normal -0.769757 -0.28017 -0.573567
    outer loop
      vertex -40.984 -15.8263 5.58672
      vertex -43.2846 -17.8827 9.67874
      vertex -44.6527 -14.1239 9.67874
    endloop
  endfacet
  facet normal 0.422597 -0.906318 0
    outer loop
      vertex -38.8806 -20.3371 26.5456
      vertex -41.5614 -21.5871 22.3213
      vertex -38.8806 -20.3371 24.4763
    endloop
  endfacet
  facet normal -0.742404 -0.346185 0.573579
    outer loop
      vertex -40.126 -17.6663 26.5456
      vertex -41.5614 -21.5871 22.3213
      vertex -38.8806 -20.3371 26.5456
    endloop
  endfacet
  facet normal -0.422624 0.906305 0
    outer loop
      vertex -40.571 -16.7118 24.387
      vertex -43.2518 -17.9619 22.3213
      vertex -40.571 -16.7118 26.5456
    endloop
  endfacet
  facet normal -0.422617 0.906308 -1.16233e-05
    outer loop
      vertex -43.2518 -17.9619 22.3213
      vertex -40.571 -16.7118 24.387
      vertex -41.4701 -17.1311 20.9447
    endloop
  endfacet
  facet normal -0.422654 0.906291 0
    outer loop
      vertex -40.571 -16.7118 22.3614
      vertex -41.4701 -17.1311 20.9447
      vertex -40.571 -16.7118 24.387
    endloop
  endfacet
  facet normal 0.742439 0.346146 -0.573556
    outer loop
      vertex -38.8806 -20.3371 22.3614
      vertex -39.7796 -20.7563 20.9447
      vertex -39.2982 -19.4414 22.3614
    endloop
  endfacet
  facet normal 0.422597 -0.906318 0
    outer loop
      vertex -41.5614 -21.5871 22.3213
      vertex -38.8806 -20.3371 22.3614
      vertex -38.8806 -20.3371 24.4763
    endloop
  endfacet
  facet normal 0.422597 -0.906318 9.96462e-06
    outer loop
      vertex -38.8806 -20.3371 22.3614
      vertex -41.5614 -21.5871 22.3213
      vertex -39.7796 -20.7563 20.9447
    endloop
  endfacet
  facet normal -0.519859 -0.242406 -0.819137
    outer loop
      vertex -41.5614 -21.5871 22.3213
      vertex -43.2518 -17.9619 22.3213
      vertex -41.4701 -17.1311 20.9447
    endloop
  endfacet
  facet normal -0.742426 -0.346128 0.573584
    outer loop
      vertex -43.2518 -17.9619 22.3213
      vertex -40.126 -17.6663 26.5456
      vertex -40.571 -16.7118 26.5456
    endloop
  endfacet
  facet normal -0.742409 -0.346179 0.573575
    outer loop
      vertex -40.126 -17.6663 26.5456
      vertex -43.2518 -17.9619 22.3213
      vertex -41.5614 -21.5871 22.3213
    endloop
  endfacet
  facet normal -0.519838 -0.24241 -0.81915
    outer loop
      vertex -39.7796 -20.7563 20.9447
      vertex -41.5614 -21.5871 22.3213
      vertex -41.4701 -17.1311 20.9447
    endloop
  endfacet
  facet normal 0.742387 0.346172 -0.573608
    outer loop
      vertex -39.2982 -19.4414 22.3614
      vertex -41.4701 -17.1311 20.9447
      vertex -40.571 -16.7118 22.3614
    endloop
  endfacet
  facet normal 0.742395 0.346193 -0.573585
    outer loop
      vertex -41.4701 -17.1311 20.9447
      vertex -39.2982 -19.4414 22.3614
      vertex -39.7796 -20.7563 20.9447
    endloop
  endfacet
  facet normal -0.496721 -0.286782 0.819161
    outer loop
      vertex -39.8192 -20.6802 11.0553
      vertex -39.5218 -25.1273 9.67874
      vertex -37.8192 -24.1443 11.0553
    endloop
  endfacet
  facet normal -0.496721 -0.286782 0.819161
    outer loop
      vertex -39.5218 -25.1273 9.67874
      vertex -39.8192 -20.6802 11.0553
      vertex -41.5218 -21.6632 9.67874
    endloop
  endfacet
  facet normal 0.499987 -0.866033 0
    outer loop
      vertex -36.9536 -23.6446 7.51823
      vertex -39.5218 -25.1273 9.67874
      vertex -36.9536 -23.6446 5.4436
    endloop
  endfacet
  facet normal -0.709405 -0.409571 -0.573582
    outer loop
      vertex -38.1051 -22 5.69349
      vertex -39.5218 -25.1273 9.67874
      vertex -38.4676 -21.2226 5.58672
    endloop
  endfacet
  facet normal -0.709416 -0.40956 -0.573576
    outer loop
      vertex -39.5218 -25.1273 9.67874
      vertex -38.1051 -22 5.69349
      vertex -36.9536 -23.6446 5.4436
    endloop
  endfacet
  facet normal -0.709388 -0.409608 -0.573576
    outer loop
      vertex -38.4676 -21.2226 5.58672
      vertex -41.5218 -21.6632 9.67874
      vertex -38.9536 -20.1805 5.4436
    endloop
  endfacet
  facet normal -0.709402 -0.409574 -0.573583
    outer loop
      vertex -41.5218 -21.6632 9.67874
      vertex -38.4676 -21.2226 5.58672
      vertex -39.5218 -25.1273 9.67874
    endloop
  endfacet
  facet normal -0.499987 0.866033 -2.28542e-05
    outer loop
      vertex -38.9536 -20.1805 9.62787
      vertex -41.5218 -21.6632 9.67874
      vertex -39.8192 -20.6802 11.0553
    endloop
  endfacet
  facet normal -0.499987 0.866033 1.37531e-17
    outer loop
      vertex -41.5218 -21.6632 9.67874
      vertex -38.9536 -20.1805 9.62787
      vertex -38.9536 -20.1805 5.4436
    endloop
  endfacet
  facet normal 0.7094 0.409596 0.57357
    outer loop
      vertex -39.8192 -20.6802 11.0553
      vertex -38.1051 -22 9.87777
      vertex -38.9536 -20.1805 9.62787
    endloop
  endfacet
  facet normal 0.709396 0.40957 0.573594
    outer loop
      vertex -37.8192 -24.1443 11.0553
      vertex -38.1051 -22 9.87777
      vertex -39.8192 -20.6802 11.0553
    endloop
  endfacet
  facet normal 0.709421 0.40956 0.57357
    outer loop
      vertex -38.1051 -22 9.87777
      vertex -37.8192 -24.1443 11.0553
      vertex -36.9536 -23.6446 9.62787
    endloop
  endfacet
  facet normal 0.499987 -0.866033 2.28542e-05
    outer loop
      vertex -39.5218 -25.1273 9.67874
      vertex -36.9536 -23.6446 9.62787
      vertex -37.8192 -24.1443 11.0553
    endloop
  endfacet
  facet normal 0.499987 -0.866033 0
    outer loop
      vertex -36.9536 -23.6446 9.62787
      vertex -39.5218 -25.1273 9.67874
      vertex -36.9536 -23.6446 7.51823
    endloop
  endfacet
  facet normal -0.670997 -0.469857 0.573583
    outer loop
      vertex -37.0527 -23.503 26.5456
      vertex -39.4757 -25.1996 22.3213
      vertex -35.3624 -25.9169 26.5456
    endloop
  endfacet
  facet normal -0.671016 -0.469797 0.573611
    outer loop
      vertex -39.4757 -25.1996 22.3213
      vertex -34.7584 -26.7796 26.5456
      vertex -35.3624 -25.9169 26.5456
    endloop
  endfacet
  facet normal -0.671006 -0.469844 0.573583
    outer loop
      vertex -34.7584 -26.7796 26.5456
      vertex -39.4757 -25.1996 22.3213
      vertex -37.1814 -28.4762 22.3213
    endloop
  endfacet
  facet normal 0.671002 0.469846 -0.573586
    outer loop
      vertex -35.3252 -25.9701 22.3614
      vertex -37.8653 -24.072 20.9447
      vertex -37.0527 -23.503 22.3614
    endloop
  endfacet
  facet normal 0.671001 0.46984 -0.573591
    outer loop
      vertex -37.8653 -24.072 20.9447
      vertex -35.3252 -25.9701 22.3614
      vertex -35.571 -27.3486 20.9447
    endloop
  endfacet
  facet normal 0.671012 0.469833 -0.573586
    outer loop
      vertex -34.7584 -26.7796 22.3614
      vertex -35.571 -27.3486 20.9447
      vertex -35.3252 -25.9701 22.3614
    endloop
  endfacet
  facet normal -0.469856 -0.328997 -0.819144
    outer loop
      vertex -37.1814 -28.4762 22.3213
      vertex -37.8653 -24.072 20.9447
      vertex -35.571 -27.3486 20.9447
    endloop
  endfacet
  facet normal -0.469856 -0.328997 -0.819144
    outer loop
      vertex -37.8653 -24.072 20.9447
      vertex -37.1814 -28.4762 22.3213
      vertex -39.4757 -25.1996 22.3213
    endloop
  endfacet
  facet normal 0.573576 -0.819152 1.36307e-17
    outer loop
      vertex -37.1814 -28.4762 22.3213
      vertex -34.7584 -26.7796 22.3614
      vertex -34.7584 -26.7796 26.5456
    endloop
  endfacet
  facet normal 0.573576 -0.819153 7.1891e-06
    outer loop
      vertex -34.7584 -26.7796 22.3614
      vertex -37.1814 -28.4762 22.3213
      vertex -35.571 -27.3486 20.9447
    endloop
  endfacet
  facet normal -0.573576 0.819152 0
    outer loop
      vertex -37.0527 -23.503 22.3614
      vertex -39.4757 -25.1996 22.3213
      vertex -37.0527 -23.503 26.5456
    endloop
  endfacet
  facet normal -0.573576 0.819153 -7.1891e-06
    outer loop
      vertex -39.4757 -25.1996 22.3213
      vertex -37.0527 -23.503 22.3614
      vertex -37.8653 -24.072 20.9447
    endloop
  endfacet
  facet normal -0.439374 -0.368695 0.819155
    outer loop
      vertex -35.6232 -27.2806 11.0553
      vertex -37.1292 -28.5443 9.67874
      vertex -34.558 -31.6084 9.67874
    endloop
  endfacet
  facet normal 0.627455 0.52658 0.573597
    outer loop
      vertex -34.8575 -26.6381 9.62787
      vertex -35.6232 -27.2806 11.0553
      vertex -34.3301 -27.3912 9.74232
    endloop
  endfacet
  facet normal -0.627545 -0.526526 -0.573549
    outer loop
      vertex -33.706 -28.2827 5.69349
      vertex -34.558 -31.6084 9.67874
      vertex -34.198 -27.58 5.58672
    endloop
  endfacet
  facet normal -0.627489 -0.526568 -0.573572
    outer loop
      vertex -34.558 -31.6084 9.67874
      vertex -33.706 -28.2827 5.69349
      vertex -32.2863 -29.7023 5.4436
    endloop
  endfacet
  facet normal -0.439374 -0.368695 0.819155
    outer loop
      vertex -33.052 -30.3447 11.0553
      vertex -35.6232 -27.2806 11.0553
      vertex -34.558 -31.6084 9.67874
    endloop
  endfacet
  facet normal -0.627514 -0.526528 -0.57358
    outer loop
      vertex -34.198 -27.58 5.58672
      vertex -37.1292 -28.5443 9.67874
      vertex -34.8575 -26.6381 5.4436
    endloop
  endfacet
  facet normal -0.627497 -0.526556 -0.573574
    outer loop
      vertex -37.1292 -28.5443 9.67874
      vertex -34.198 -27.58 5.58672
      vertex -34.558 -31.6084 9.67874
    endloop
  endfacet
  facet normal -0.642791 0.766042 -2.4126e-06
    outer loop
      vertex -34.8575 -26.6381 9.62787
      vertex -37.1292 -28.5443 9.67874
      vertex -35.6232 -27.2806 11.0553
    endloop
  endfacet
  facet normal -0.642791 0.766042 3.32378e-17
    outer loop
      vertex -37.1292 -28.5443 9.67874
      vertex -34.8575 -26.6381 9.62787
      vertex -34.8575 -26.6381 5.4436
    endloop
  endfacet
  facet normal 0.642772 -0.766058 3.84231e-05
    outer loop
      vertex -34.558 -31.6084 9.67874
      vertex -32.2863 -29.7023 9.62787
      vertex -33.052 -30.3447 11.0553
    endloop
  endfacet
  facet normal 0.642771 -0.766058 0
    outer loop
      vertex -32.2863 -29.7023 9.62787
      vertex -34.558 -31.6084 9.67874
      vertex -32.2863 -29.7023 7.51823
    endloop
  endfacet
  facet normal 0.627507 0.526449 0.57366
    outer loop
      vertex -35.6232 -27.2806 11.0553
      vertex -33.706 -28.2827 9.87777
      vertex -34.3301 -27.3912 9.74232
    endloop
  endfacet
  facet normal 0.627504 0.526562 0.573559
    outer loop
      vertex -33.052 -30.3447 11.0553
      vertex -33.706 -28.2827 9.87777
      vertex -35.6232 -27.2806 11.0553
    endloop
  endfacet
  facet normal 0.62749 0.526565 0.573572
    outer loop
      vertex -33.706 -28.2827 9.87777
      vertex -33.052 -30.3447 11.0553
      vertex -32.2863 -29.7023 9.62787
    endloop
  endfacet
  facet normal 0.642771 -0.766058 0
    outer loop
      vertex -32.2863 -29.7023 7.51823
      vertex -34.558 -31.6084 9.67874
      vertex -32.2863 -29.7023 5.4436
    endloop
  endfacet
  facet normal 0.579238 0.579238 -0.573555
    outer loop
      vertex -29.5801 -32.4085 22.3614
      vertex -33.1099 -30.2815 20.9447
      vertex -32.4085 -29.5801 22.3614
    endloop
  endfacet
  facet normal 0.579238 0.579238 -0.573555
    outer loop
      vertex -33.1099 -30.2815 20.9447
      vertex -29.5801 -32.4085 22.3614
      vertex -30.2815 -33.1099 20.9447
    endloop
  endfacet
  facet normal -0.707107 0.707107 1.18733e-15
    outer loop
      vertex -34.5001 -31.6717 22.3213
      vertex -32.4085 -29.5801 24.387
      vertex -33.1099 -30.2815 20.9447
    endloop
  endfacet
  facet normal -0.707107 0.707107 0
    outer loop
      vertex -32.4085 -29.5801 24.387
      vertex -34.5001 -31.6717 22.3213
      vertex -32.4085 -29.5801 26.5456
    endloop
  endfacet
  facet normal -0.707107 0.707107 0
    outer loop
      vertex -32.4085 -29.5801 22.3614
      vertex -33.1099 -30.2815 20.9447
      vertex -32.4085 -29.5801 24.387
    endloop
  endfacet
  facet normal 0.707107 -0.707107 0
    outer loop
      vertex -29.5801 -32.4085 24.387
      vertex -30.2815 -33.1099 20.9447
      vertex -29.5801 -32.4085 22.3614
    endloop
  endfacet
  facet normal 0.707107 -0.707107 -1.58935e-17
    outer loop
      vertex -31.6717 -34.5001 22.3213
      vertex -29.5801 -32.4085 24.387
      vertex -29.5801 -32.4085 26.5456
    endloop
  endfacet
  facet normal 0.707107 -0.707107 1.21594e-15
    outer loop
      vertex -29.5801 -32.4085 24.387
      vertex -31.6717 -34.5001 22.3213
      vertex -30.2815 -33.1099 20.9447
    endloop
  endfacet
  facet normal -0.405573 -0.405573 -0.819159
    outer loop
      vertex -31.6717 -34.5001 22.3213
      vertex -33.1099 -30.2815 20.9447
      vertex -30.2815 -33.1099 20.9447
    endloop
  endfacet
  facet normal -0.405573 -0.405573 -0.819159
    outer loop
      vertex -33.1099 -30.2815 20.9447
      vertex -31.6717 -34.5001 22.3213
      vertex -34.5001 -31.6717 22.3213
    endloop
  endfacet
  facet normal -0.579223 -0.579223 0.573587
    outer loop
      vertex -34.5001 -31.6717 22.3213
      vertex -29.5801 -32.4085 26.5456
      vertex -32.4085 -29.5801 26.5456
    endloop
  endfacet
  facet normal -0.579223 -0.579223 0.573587
    outer loop
      vertex -29.5801 -32.4085 26.5456
      vertex -34.5001 -31.6717 22.3213
      vertex -31.6717 -34.5001 22.3213
    endloop
  endfacet
  facet normal -0.368695 -0.439374 0.819155
    outer loop
      vertex -30.3447 -33.052 11.0553
      vertex -31.6084 -34.558 9.67874
      vertex -27.2806 -35.6232 11.0553
    endloop
  endfacet
  facet normal 0.526562 0.627504 0.573559
    outer loop
      vertex -27.2806 -35.6232 11.0553
      vertex -28.2827 -33.706 9.87777
      vertex -30.3447 -33.052 11.0553
    endloop
  endfacet
  facet normal 0.526449 0.627507 0.57366
    outer loop
      vertex -28.2827 -33.706 9.87777
      vertex -27.2806 -35.6232 11.0553
      vertex -27.3912 -34.3301 9.74232
    endloop
  endfacet
  facet normal 0.526565 0.62749 0.573572
    outer loop
      vertex -30.3447 -33.052 11.0553
      vertex -28.2827 -33.706 9.87777
      vertex -29.7023 -32.2863 9.62787
    endloop
  endfacet
  facet normal -0.526568 -0.627489 -0.573572
    outer loop
      vertex -31.6084 -34.558 9.67874
      vertex -29.7023 -32.2863 5.4436
      vertex -28.2827 -33.706 5.69349
    endloop
  endfacet
  facet normal -0.526526 -0.627545 -0.573549
    outer loop
      vertex -31.6084 -34.558 9.67874
      vertex -28.2827 -33.706 5.69349
      vertex -27.58 -34.198 5.58672
    endloop
  endfacet
  facet normal -0.368695 -0.439374 0.819155
    outer loop
      vertex -27.2806 -35.6232 11.0553
      vertex -31.6084 -34.558 9.67874
      vertex -28.5443 -37.1292 9.67874
    endloop
  endfacet
  facet normal -0.766058 0.642771 0
    outer loop
      vertex -29.7023 -32.2863 5.4436
      vertex -31.6084 -34.558 9.67874
      vertex -29.7023 -32.2863 7.51823
    endloop
  endfacet
  facet normal -0.766058 0.642771 8.24935e-18
    outer loop
      vertex -31.6084 -34.558 9.67874
      vertex -29.7023 -32.2863 9.62787
      vertex -29.7023 -32.2863 7.51823
    endloop
  endfacet
  facet normal -0.766058 0.642772 3.84231e-05
    outer loop
      vertex -29.7023 -32.2863 9.62787
      vertex -31.6084 -34.558 9.67874
      vertex -30.3447 -33.052 11.0553
    endloop
  endfacet
  facet normal 0.766042 -0.642791 -2.4126e-06
    outer loop
      vertex -28.5443 -37.1292 9.67874
      vertex -26.6381 -34.8575 9.62787
      vertex -27.2806 -35.6232 11.0553
    endloop
  endfacet
  facet normal 0.766042 -0.642791 0
    outer loop
      vertex -26.6381 -34.8575 9.62787
      vertex -28.5443 -37.1292 9.67874
      vertex -26.6381 -34.8575 5.4436
    endloop
  endfacet
  facet normal -0.526556 -0.627497 -0.573574
    outer loop
      vertex -27.58 -34.198 5.58672
      vertex -28.5443 -37.1292 9.67874
      vertex -31.6084 -34.558 9.67874
    endloop
  endfacet
  facet normal -0.526528 -0.627514 -0.57358
    outer loop
      vertex -28.5443 -37.1292 9.67874
      vertex -27.58 -34.198 5.58672
      vertex -26.6381 -34.8575 5.4436
    endloop
  endfacet
  facet normal 0.52658 0.627455 0.573597
    outer loop
      vertex -26.6381 -34.8575 9.62787
      vertex -27.3912 -34.3301 9.74232
      vertex -27.2806 -35.6232 11.0553
    endloop
  endfacet
  facet normal 0.469833 0.671012 -0.573586
    outer loop
      vertex -25.9701 -35.3252 22.3614
      vertex -27.3486 -35.571 20.9447
      vertex -26.7796 -34.7584 22.3614
    endloop
  endfacet
  facet normal -0.469844 -0.671006 0.573583
    outer loop
      vertex -25.1996 -39.4757 22.3213
      vertex -26.7796 -34.7584 26.5456
      vertex -28.4762 -37.1814 22.3213
    endloop
  endfacet
  facet normal -0.469797 -0.671016 0.573611
    outer loop
      vertex -26.7796 -34.7584 26.5456
      vertex -25.1996 -39.4757 22.3213
      vertex -25.9169 -35.3624 26.5456
    endloop
  endfacet
  facet normal -0.328997 -0.469856 -0.819144
    outer loop
      vertex -25.1996 -39.4757 22.3213
      vertex -27.3486 -35.571 20.9447
      vertex -24.072 -37.8653 20.9447
    endloop
  endfacet
  facet normal -0.328997 -0.469856 -0.819144
    outer loop
      vertex -27.3486 -35.571 20.9447
      vertex -25.1996 -39.4757 22.3213
      vertex -28.4762 -37.1814 22.3213
    endloop
  endfacet
  facet normal -0.819153 0.573576 7.1891e-06
    outer loop
      vertex -28.4762 -37.1814 22.3213
      vertex -26.7796 -34.7584 22.3614
      vertex -27.3486 -35.571 20.9447
    endloop
  endfacet
  facet normal -0.819152 0.573576 0
    outer loop
      vertex -26.7796 -34.7584 22.3614
      vertex -28.4762 -37.1814 22.3213
      vertex -26.7796 -34.7584 26.5456
    endloop
  endfacet
  facet normal 0.469846 0.671002 -0.573586
    outer loop
      vertex -24.072 -37.8653 20.9447
      vertex -25.9701 -35.3252 22.3614
      vertex -23.503 -37.0527 22.3614
    endloop
  endfacet
  facet normal 0.46984 0.671001 -0.573591
    outer loop
      vertex -25.9701 -35.3252 22.3614
      vertex -24.072 -37.8653 20.9447
      vertex -27.3486 -35.571 20.9447
    endloop
  endfacet
  facet normal 0.819152 -0.573576 -2.74717e-17
    outer loop
      vertex -25.1996 -39.4757 22.3213
      vertex -23.503 -37.0527 22.3614
      vertex -23.503 -37.0527 26.5456
    endloop
  endfacet
  facet normal 0.819153 -0.573576 -7.1891e-06
    outer loop
      vertex -23.503 -37.0527 22.3614
      vertex -25.1996 -39.4757 22.3213
      vertex -24.072 -37.8653 20.9447
    endloop
  endfacet
  facet normal -0.469857 -0.670997 0.573583
    outer loop
      vertex -23.503 -37.0527 26.5456
      vertex -25.9169 -35.3624 26.5456
      vertex -25.1996 -39.4757 22.3213
    endloop
  endfacet
  facet normal -0.286782 -0.496721 0.819161
    outer loop
      vertex -24.1443 -37.8192 11.0553
      vertex -21.6632 -41.5218 9.67874
      vertex -20.6802 -39.8192 11.0553
    endloop
  endfacet
  facet normal -0.286782 -0.496721 0.819161
    outer loop
      vertex -21.6632 -41.5218 9.67874
      vertex -24.1443 -37.8192 11.0553
      vertex -25.1273 -39.5218 9.67874
    endloop
  endfacet
  facet normal -0.40956 -0.709416 -0.573576
    outer loop
      vertex -25.1273 -39.5218 9.67874
      vertex -23.6446 -36.9536 5.4436
      vertex -22 -38.1051 5.69349
    endloop
  endfacet
  facet normal -0.409571 -0.709405 -0.573582
    outer loop
      vertex -25.1273 -39.5218 9.67874
      vertex -22 -38.1051 5.69349
      vertex -21.2226 -38.4676 5.58672
    endloop
  endfacet
  facet normal -0.866033 0.499987 0
    outer loop
      vertex -23.6446 -36.9536 5.4436
      vertex -25.1273 -39.5218 9.67874
      vertex -23.6446 -36.9536 7.51823
    endloop
  endfacet
  facet normal -0.866033 0.499987 2.7278e-17
    outer loop
      vertex -25.1273 -39.5218 9.67874
      vertex -23.6446 -36.9536 9.62787
      vertex -23.6446 -36.9536 7.51823
    endloop
  endfacet
  facet normal -0.866033 0.499987 2.28542e-05
    outer loop
      vertex -23.6446 -36.9536 9.62787
      vertex -25.1273 -39.5218 9.67874
      vertex -24.1443 -37.8192 11.0553
    endloop
  endfacet
  facet normal 0.866033 -0.499987 -2.28542e-05
    outer loop
      vertex -21.6632 -41.5218 9.67874
      vertex -20.1805 -38.9536 9.62787
      vertex -20.6802 -39.8192 11.0553
    endloop
  endfacet
  facet normal 0.866033 -0.499987 0
    outer loop
      vertex -20.1805 -38.9536 9.62787
      vertex -21.6632 -41.5218 9.67874
      vertex -20.1805 -38.9536 5.4436
    endloop
  endfacet
  facet normal -0.409574 -0.709402 -0.573583
    outer loop
      vertex -21.2226 -38.4676 5.58672
      vertex -21.6632 -41.5218 9.67874
      vertex -25.1273 -39.5218 9.67874
    endloop
  endfacet
  facet normal -0.409608 -0.709388 -0.573576
    outer loop
      vertex -21.6632 -41.5218 9.67874
      vertex -21.2226 -38.4676 5.58672
      vertex -20.1805 -38.9536 5.4436
    endloop
  endfacet
  facet normal 0.40957 0.709396 0.573594
    outer loop
      vertex -20.6802 -39.8192 11.0553
      vertex -22 -38.1051 9.87777
      vertex -24.1443 -37.8192 11.0553
    endloop
  endfacet
  facet normal 0.409596 0.7094 0.57357
    outer loop
      vertex -22 -38.1051 9.87777
      vertex -20.6802 -39.8192 11.0553
      vertex -20.1805 -38.9536 9.62787
    endloop
  endfacet
  facet normal 0.40956 0.709421 0.57357
    outer loop
      vertex -24.1443 -37.8192 11.0553
      vertex -22 -38.1051 9.87777
      vertex -23.6446 -36.9536 9.62787
    endloop
  endfacet
  facet normal -0.906318 0.422597 0
    outer loop
      vertex -20.3371 -38.8806 24.4763
      vertex -21.5871 -41.5614 22.3213
      vertex -20.3371 -38.8806 26.5456
    endloop
  endfacet
  facet normal -0.346185 -0.742404 0.573579
    outer loop
      vertex -20.3371 -38.8806 26.5456
      vertex -21.5871 -41.5614 22.3213
      vertex -17.6663 -40.126 26.5456
    endloop
  endfacet
  facet normal 0.346146 0.742439 -0.573556
    outer loop
      vertex -19.4414 -39.2982 22.3614
      vertex -20.7563 -39.7796 20.9447
      vertex -20.3371 -38.8806 22.3614
    endloop
  endfacet
  facet normal 0.906291 -0.422654 0
    outer loop
      vertex -16.7118 -40.571 24.387
      vertex -17.1311 -41.4701 20.9447
      vertex -16.7118 -40.571 22.3614
    endloop
  endfacet
  facet normal -0.346179 -0.742409 0.573575
    outer loop
      vertex -17.9619 -43.2518 22.3213
      vertex -17.6663 -40.126 26.5456
      vertex -21.5871 -41.5614 22.3213
    endloop
  endfacet
  facet normal -0.346128 -0.742426 0.573584
    outer loop
      vertex -17.6663 -40.126 26.5456
      vertex -17.9619 -43.2518 22.3213
      vertex -16.7118 -40.571 26.5456
    endloop
  endfacet
  facet normal 0.346172 0.742387 -0.573608
    outer loop
      vertex -17.1311 -41.4701 20.9447
      vertex -19.4414 -39.2982 22.3614
      vertex -16.7118 -40.571 22.3614
    endloop
  endfacet
  facet normal 0.346193 0.742395 -0.573585
    outer loop
      vertex -19.4414 -39.2982 22.3614
      vertex -17.1311 -41.4701 20.9447
      vertex -20.7563 -39.7796 20.9447
    endloop
  endfacet
  facet normal -0.24241 -0.519838 -0.81915
    outer loop
      vertex -17.1311 -41.4701 20.9447
      vertex -21.5871 -41.5614 22.3213
      vertex -20.7563 -39.7796 20.9447
    endloop
  endfacet
  facet normal -0.906318 0.422597 9.96462e-06
    outer loop
      vertex -21.5871 -41.5614 22.3213
      vertex -20.3371 -38.8806 22.3614
      vertex -20.7563 -39.7796 20.9447
    endloop
  endfacet
  facet normal -0.906318 0.422597 0
    outer loop
      vertex -20.3371 -38.8806 22.3614
      vertex -21.5871 -41.5614 22.3213
      vertex -20.3371 -38.8806 24.4763
    endloop
  endfacet
  facet normal -0.242406 -0.519859 -0.819137
    outer loop
      vertex -17.9619 -43.2518 22.3213
      vertex -21.5871 -41.5614 22.3213
      vertex -17.1311 -41.4701 20.9447
    endloop
  endfacet
  facet normal 0.906305 -0.422624 -2.33311e-17
    outer loop
      vertex -17.9619 -43.2518 22.3213
      vertex -16.7118 -40.571 24.387
      vertex -16.7118 -40.571 26.5456
    endloop
  endfacet
  facet normal 0.906308 -0.422617 -1.16233e-05
    outer loop
      vertex -16.7118 -40.571 24.387
      vertex -17.9619 -43.2518 22.3213
      vertex -17.1311 -41.4701 20.9447
    endloop
  endfacet
  facet normal -0.196174 -0.538979 0.819156
    outer loop
      vertex -17.2103 -41.4372 11.0553
      vertex -14.1239 -44.6527 9.67874
      vertex -13.4515 -42.8053 11.0553
    endloop
  endfacet
  facet normal -0.196174 -0.538979 0.819156
    outer loop
      vertex -14.1239 -44.6527 9.67874
      vertex -17.2103 -41.4372 11.0553
      vertex -17.8827 -43.2846 9.67874
    endloop
  endfacet
  facet normal -0.939686 0.342038 -3.35518e-17
    outer loop
      vertex -17.8827 -43.2846 9.67874
      vertex -16.8684 -40.498 9.62787
      vertex -16.8684 -40.498 7.51823
    endloop
  endfacet
  facet normal -0.939686 0.342038 -2.58193e-05
    outer loop
      vertex -16.8684 -40.498 9.62787
      vertex -17.8827 -43.2846 9.67874
      vertex -17.2103 -41.4372 11.0553
    endloop
  endfacet
  facet normal -0.939686 0.342038 0
    outer loop
      vertex -16.8684 -40.498 5.4436
      vertex -17.8827 -43.2846 9.67874
      vertex -16.8684 -40.498 7.51823
    endloop
  endfacet
  facet normal -0.280161 -0.769757 -0.573571
    outer loop
      vertex -14.1239 -44.6527 9.67874
      vertex -15.8263 -40.984 5.58672
      vertex -15.0489 -41.3465 5.69349
    endloop
  endfacet
  facet normal -0.280165 -0.769757 -0.57357
    outer loop
      vertex -14.1239 -44.6527 9.67874
      vertex -15.0489 -41.3465 5.69349
      vertex -13.1097 -41.8661 5.4436
    endloop
  endfacet
  facet normal -0.28017 -0.769757 -0.573567
    outer loop
      vertex -17.8827 -43.2846 9.67874
      vertex -15.8263 -40.984 5.58672
      vertex -14.1239 -44.6527 9.67874
    endloop
  endfacet
  facet normal -0.280206 -0.769738 -0.573574
    outer loop
      vertex -15.8263 -40.984 5.58672
      vertex -17.8827 -43.2846 9.67874
      vertex -16.8684 -40.498 5.4436
    endloop
  endfacet
  facet normal 0.280172 0.769762 0.573558
    outer loop
      vertex -13.4515 -42.8053 11.0553
      vertex -15.0489 -41.3465 9.87777
      vertex -17.2103 -41.4372 11.0553
    endloop
  endfacet
  facet normal 0.28014 0.769751 0.573589
    outer loop
      vertex -15.0489 -41.3465 9.87777
      vertex -13.4515 -42.8053 11.0553
      vertex -13.9978 -41.6281 9.74232
    endloop
  endfacet
  facet normal 0.280183 0.769746 0.573576
    outer loop
      vertex -17.2103 -41.4372 11.0553
      vertex -15.0489 -41.3465 9.87777
      vertex -16.8684 -40.498 9.62787
    endloop
  endfacet
  facet normal 0.280199 0.76975 0.573563
    outer loop
      vertex -13.1097 -41.8661 9.62787
      vertex -13.9978 -41.6281 9.74232
      vertex -13.4515 -42.8053 11.0553
    endloop
  endfacet
  facet normal 0.939697 -0.342009 -1.83544e-05
    outer loop
      vertex -14.1239 -44.6527 9.67874
      vertex -13.1097 -41.8661 9.62787
      vertex -13.4515 -42.8053 11.0553
    endloop
  endfacet
  facet normal 0.939697 -0.342008 0
    outer loop
      vertex -13.1097 -41.8661 9.62787
      vertex -14.1239 -44.6527 9.67874
      vertex -13.1097 -41.8661 5.4436
    endloop
  endfacet
  facet normal 0.211953 0.791282 -0.573541
    outer loop
      vertex -12.322 -42.0771 22.3614
      vertex -13.5333 -42.7795 20.9447
      vertex -13.2766 -41.8214 22.3614
    endloop
  endfacet
  facet normal -0.211951 -0.791258 0.573575
    outer loop
      vertex -14.0421 -44.6785 22.3213
      vertex -12.2593 -42.0939 26.5456
      vertex -13.2766 -41.8214 26.5456
    endloop
  endfacet
  facet normal -0.212015 -0.791232 0.573586
    outer loop
      vertex -12.2593 -42.0939 26.5456
      vertex -14.0421 -44.6785 22.3213
      vertex -10.1784 -45.7138 22.3213
    endloop
  endfacet
  facet normal -0.148456 -0.554033 -0.819151
    outer loop
      vertex -10.1784 -45.7138 22.3213
      vertex -13.5333 -42.7795 20.9447
      vertex -9.66959 -43.8148 20.9447
    endloop
  endfacet
  facet normal -0.148456 -0.554033 -0.819151
    outer loop
      vertex -13.5333 -42.7795 20.9447
      vertex -10.1784 -45.7138 22.3213
      vertex -14.0421 -44.6785 22.3213
    endloop
  endfacet
  facet normal -0.965931 0.258801 -1.92259e-06
    outer loop
      vertex -14.0421 -44.6785 22.3213
      vertex -13.2766 -41.8214 22.3614
      vertex -13.5333 -42.7795 20.9447
    endloop
  endfacet
  facet normal -0.965931 0.258801 0
    outer loop
      vertex -13.2766 -41.8214 22.3614
      vertex -14.0421 -44.6785 22.3213
      vertex -13.2766 -41.8214 26.5456
    endloop
  endfacet
  facet normal 0.21201 0.791236 -0.573582
    outer loop
      vertex -9.66959 -43.8148 20.9447
      vertex -12.322 -42.0771 22.3614
      vertex -9.41285 -42.8566 22.3614
    endloop
  endfacet
  facet normal 0.212017 0.79124 -0.573575
    outer loop
      vertex -12.322 -42.0771 22.3614
      vertex -9.66959 -43.8148 20.9447
      vertex -13.5333 -42.7795 20.9447
    endloop
  endfacet
  facet normal 0.965929 -0.258808 1.61884e-17
    outer loop
      vertex -10.1784 -45.7138 22.3213
      vertex -9.41285 -42.8566 22.3614
      vertex -9.41285 -42.8566 26.5456
    endloop
  endfacet
  facet normal 0.965929 -0.258808 -1.81122e-06
    outer loop
      vertex -9.41285 -42.8566 22.3614
      vertex -10.1784 -45.7138 22.3213
      vertex -9.66959 -43.8148 20.9447
    endloop
  endfacet
  facet normal -0.212009 -0.791232 0.573589
    outer loop
      vertex -9.41285 -42.8566 26.5456
      vertex -12.2593 -42.0939 26.5456
      vertex -10.1784 -45.7138 22.3213
    endloop
  endfacet
  facet normal -0.0995864 -0.564858 0.819157
    outer loop
      vertex -9.75331 -43.7963 11.0553
      vertex -6.15547 -46.4269 9.67874
      vertex -5.81408 -44.4908 11.0553
    endloop
  endfacet
  facet normal -0.0996036 -0.564874 0.819144
    outer loop
      vertex -6.15547 -46.4269 9.67874
      vertex -9.75331 -43.7963 11.0553
      vertex -10.0947 -45.7323 9.67874
    endloop
  endfacet
  facet normal 0.142222 0.806691 0.573604
    outer loop
      vertex -5.81408 -44.4908 11.0553
      vertex -7.64052 -43.3315 9.87777
      vertex -9.75331 -43.7963 11.0553
    endloop
  endfacet
  facet normal 0.142255 0.806709 0.573572
    outer loop
      vertex -7.64052 -43.3315 9.87777
      vertex -5.81408 -44.4908 11.0553
      vertex -5.64052 -43.5065 9.62787
    endloop
  endfacet
  facet normal 0.142226 0.806687 0.57361
    outer loop
      vertex -9.75331 -43.7963 11.0553
      vertex -7.64052 -43.3315 9.87777
      vertex -9.57975 -42.8119 9.62787
    endloop
  endfacet
  facet normal -0.142246 -0.806708 -0.573575
    outer loop
      vertex -10.0947 -45.7323 9.67874
      vertex -7.64052 -43.3315 5.69349
      vertex -6.15547 -46.4269 9.67874
    endloop
  endfacet
  facet normal -0.14224 -0.80671 -0.573573
    outer loop
      vertex -7.64052 -43.3315 5.69349
      vertex -10.0947 -45.7323 9.67874
      vertex -9.57975 -42.8119 5.4436
    endloop
  endfacet
  facet normal -0.142252 -0.806708 -0.573573
    outer loop
      vertex -6.15547 -46.4269 9.67874
      vertex -7.64052 -43.3315 5.69349
      vertex -5.64052 -43.5065 5.4436
    endloop
  endfacet
  facet normal -0.984807 0.17365 -1.04853e-19
    outer loop
      vertex -10.0947 -45.7323 9.67874
      vertex -9.57975 -42.8119 9.62787
      vertex -9.57975 -42.8119 5.4436
    endloop
  endfacet
  facet normal -0.984807 0.17365 1.24712e-05
    outer loop
      vertex -9.57975 -42.8119 9.62787
      vertex -10.0947 -45.7323 9.67874
      vertex -9.75331 -43.7963 11.0553
    endloop
  endfacet
  facet normal 0.984807 -0.17365 -1.58053e-07
    outer loop
      vertex -6.15547 -46.4269 9.67874
      vertex -5.64052 -43.5065 9.62787
      vertex -5.81408 -44.4908 11.0553
    endloop
  endfacet
  facet normal 0.984807 -0.17365 0
    outer loop
      vertex -5.64052 -43.5065 9.62787
      vertex -6.15547 -46.4269 9.67874
      vertex -5.64052 -43.5065 5.4436
    endloop
  endfacet
  facet normal -0.996195 0.0871577 0
    outer loop
      vertex -5.81265 -43.4915 24.4763
      vertex -6.07045 -46.4381 22.3213
      vertex -5.81265 -43.4915 26.5456
    endloop
  endfacet
  facet normal -0.0713843 -0.816039 0.573572
    outer loop
      vertex -5.81265 -43.4915 26.5456
      vertex -6.07045 -46.4381 22.3213
      vertex -2.87701 -43.7483 26.5456
    endloop
  endfacet
  facet normal -0.071409 -0.816028 0.573584
    outer loop
      vertex -2.08567 -46.7868 22.3213
      vertex -2.87701 -43.7483 26.5456
      vertex -6.07045 -46.4381 22.3213
    endloop
  endfacet
  facet normal -0.0714026 -0.816028 0.573585
    outer loop
      vertex -2.87701 -43.7483 26.5456
      vertex -2.08567 -46.7868 22.3213
      vertex -1.82787 -43.8401 26.5456
    endloop
  endfacet
  facet normal 0.0713679 0.81604 -0.573573
    outer loop
      vertex -1.91433 -44.8283 20.9447
      vertex -2.81236 -43.754 22.3614
      vertex -1.82787 -43.8401 22.3614
    endloop
  endfacet
  facet normal 0.996195 -0.0871548 -1.13519e-18
    outer loop
      vertex -2.08567 -46.7868 22.3213
      vertex -1.82787 -43.8401 22.3614
      vertex -1.82787 -43.8401 24.4763
    endloop
  endfacet
  facet normal 0.996195 -0.0871547 -3.3059e-06
    outer loop
      vertex -1.82787 -43.8401 22.3614
      vertex -2.08567 -46.7868 22.3213
      vertex -1.91433 -44.8283 20.9447
    endloop
  endfacet
  facet normal 0.996195 -0.0871548 0
    outer loop
      vertex -1.82787 -43.8401 26.5456
      vertex -2.08567 -46.7868 22.3213
      vertex -1.82787 -43.8401 24.4763
    endloop
  endfacet
  facet normal -0.0500032 -0.571414 -0.819137
    outer loop
      vertex -2.08567 -46.7868 22.3213
      vertex -6.07045 -46.4381 22.3213
      vertex -5.8991 -44.4797 20.9447
    endloop
  endfacet
  facet normal -0.996195 0.0871578 -5.87624e-06
    outer loop
      vertex -6.07045 -46.4381 22.3213
      vertex -5.81265 -43.4915 22.3614
      vertex -5.8991 -44.4797 20.9447
    endloop
  endfacet
  facet normal -0.996195 0.0871577 0
    outer loop
      vertex -5.81265 -43.4915 22.3614
      vertex -6.07045 -46.4381 22.3213
      vertex -5.81265 -43.4915 24.4763
    endloop
  endfacet
  facet normal -0.0499875 -0.571396 -0.819151
    outer loop
      vertex -2.08567 -46.7868 22.3213
      vertex -5.8991 -44.4797 20.9447
      vertex -1.91433 -44.8283 20.9447
    endloop
  endfacet
  facet normal 0.0713901 0.816045 -0.573563
    outer loop
      vertex -5.8991 -44.4797 20.9447
      vertex -2.81236 -43.754 22.3614
      vertex -1.91433 -44.8283 20.9447
    endloop
  endfacet
  facet normal 0.0713964 0.816037 -0.573573
    outer loop
      vertex -2.81236 -43.754 22.3614
      vertex -5.8991 -44.4797 20.9447
      vertex -5.81265 -43.4915 22.3614
    endloop
  endfacet
  facet normal 0 -0.573563 0.819161
    outer loop
      vertex -2 -44.8245 11.0553
      vertex 2 -46.7905 9.67874
      vertex 2 -44.8245 11.0553
    endloop
  endfacet
  facet normal 0 -0.573563 0.819161
    outer loop
      vertex 2 -46.7905 9.67874
      vertex -2 -44.8245 11.0553
      vertex -2 -46.7905 9.67874
    endloop
  endfacet
  facet normal 0 0.819157 0.573569
    outer loop
      vertex 2 -44.8245 11.0553
      vertex 0 -44 9.87777
      vertex -2 -44.8245 11.0553
    endloop
  endfacet
  facet normal -7.23069e-06 0.819151 0.573577
    outer loop
      vertex 0 -44 9.87777
      vertex 2 -44.8245 11.0553
      vertex 2 -43.825 9.62787
    endloop
  endfacet
  facet normal 7.23069e-06 0.819151 0.573577
    outer loop
      vertex -2 -44.8245 11.0553
      vertex 0 -44 9.87777
      vertex -2 -43.825 9.62787
    endloop
  endfacet
  facet normal 0 -0.819152 -0.573576
    outer loop
      vertex -2 -46.7905 9.67874
      vertex 0 -44 5.69349
      vertex 2 -46.7905 9.67874
    endloop
  endfacet
  facet normal -9.73905e-06 -0.81915 -0.573579
    outer loop
      vertex 0 -44 5.69349
      vertex -2 -46.7905 9.67874
      vertex -2 -43.825 5.4436
    endloop
  endfacet
  facet normal 9.73905e-06 -0.81915 -0.573579
    outer loop
      vertex 2 -46.7905 9.67874
      vertex 0 -44 5.69349
      vertex 2 -43.825 5.4436
    endloop
  endfacet
  facet normal -1 0 0
    outer loop
      vertex -2 -46.7905 9.67874
      vertex -2 -43.825 9.62787
      vertex -2 -43.825 5.4436
    endloop
  endfacet
  facet normal -1 0 0
    outer loop
      vertex -2 -43.825 9.62787
      vertex -2 -46.7905 9.67874
      vertex -2 -44.8245 11.0553
    endloop
  endfacet
  facet normal 1 -0 0
    outer loop
      vertex 2 -46.7905 9.67874
      vertex 2 -43.825 9.62787
      vertex 2 -44.8245 11.0553
    endloop
  endfacet
  facet normal 1 0 0
    outer loop
      vertex 2 -43.825 9.62787
      vertex 2 -46.7905 9.67874
      vertex 2 -43.825 5.4436
    endloop
  endfacet
  facet normal -0.0713679 0.81604 -0.573573
    outer loop
      vertex 1.91433 -44.8283 20.9447
      vertex 1.82787 -43.8401 22.3614
      vertex 2.81236 -43.754 22.3614
    endloop
  endfacet
  facet normal 0.0714026 -0.816028 0.573585
    outer loop
      vertex 2.08567 -46.7868 22.3213
      vertex 2.87701 -43.7483 26.5456
      vertex 1.82787 -43.8401 26.5456
    endloop
  endfacet
  facet normal 0.071409 -0.816028 0.573584
    outer loop
      vertex 2.87701 -43.7483 26.5456
      vertex 2.08567 -46.7868 22.3213
      vertex 6.07045 -46.4381 22.3213
    endloop
  endfacet
  facet normal 0.0500032 -0.571414 -0.819137
    outer loop
      vertex 6.07045 -46.4381 22.3213
      vertex 2.08567 -46.7868 22.3213
      vertex 5.8991 -44.4797 20.9447
    endloop
  endfacet
  facet normal -0.996195 -0.0871548 -0
    outer loop
      vertex 1.82787 -43.8401 26.5456
      vertex 1.82787 -43.8401 24.4763
      vertex 2.08567 -46.7868 22.3213
    endloop
  endfacet
  facet normal 0.996195 0.0871577 -3.3277e-18
    outer loop
      vertex 6.07045 -46.4381 22.3213
      vertex 5.81265 -43.4915 22.3614
      vertex 5.81265 -43.4915 24.4763
    endloop
  endfacet
  facet normal 0.996195 0.0871578 -5.87624e-06
    outer loop
      vertex 5.81265 -43.4915 22.3614
      vertex 6.07045 -46.4381 22.3213
      vertex 5.8991 -44.4797 20.9447
    endloop
  endfacet
  facet normal -0.0713964 0.816037 -0.573573
    outer loop
      vertex 5.8991 -44.4797 20.9447
      vertex 2.81236 -43.754 22.3614
      vertex 5.81265 -43.4915 22.3614
    endloop
  endfacet
  facet normal -0.0713901 0.816045 -0.573563
    outer loop
      vertex 2.81236 -43.754 22.3614
      vertex 5.8991 -44.4797 20.9447
      vertex 1.91433 -44.8283 20.9447
    endloop
  endfacet
  facet normal 0.0499875 -0.571396 -0.819151
    outer loop
      vertex 2.08567 -46.7868 22.3213
      vertex 1.91433 -44.8283 20.9447
      vertex 5.8991 -44.4797 20.9447
    endloop
  endfacet
  facet normal -0.996195 -0.0871547 -3.3059e-06
    outer loop
      vertex 2.08567 -46.7868 22.3213
      vertex 1.82787 -43.8401 22.3614
      vertex 1.91433 -44.8283 20.9447
    endloop
  endfacet
  facet normal -0.996195 -0.0871548 0
    outer loop
      vertex 1.82787 -43.8401 22.3614
      vertex 2.08567 -46.7868 22.3213
      vertex 1.82787 -43.8401 24.4763
    endloop
  endfacet
  facet normal 0.996195 0.0871577 -0
    outer loop
      vertex 5.81265 -43.4915 24.4763
      vertex 5.81265 -43.4915 26.5456
      vertex 6.07045 -46.4381 22.3213
    endloop
  endfacet
  facet normal 0.0713843 -0.816039 0.573572
    outer loop
      vertex 5.81265 -43.4915 26.5456
      vertex 2.87701 -43.7483 26.5456
      vertex 6.07045 -46.4381 22.3213
    endloop
  endfacet
  facet normal -0.142222 0.806691 0.573604
    outer loop
      vertex 9.75331 -43.7963 11.0553
      vertex 7.64052 -43.3315 9.87777
      vertex 5.81408 -44.4908 11.0553
    endloop
  endfacet
  facet normal -0.142226 0.806687 0.57361
    outer loop
      vertex 7.64052 -43.3315 9.87777
      vertex 9.75331 -43.7963 11.0553
      vertex 9.57975 -42.8119 9.62787
    endloop
  endfacet
  facet normal -0.142255 0.806709 0.573572
    outer loop
      vertex 5.81408 -44.4908 11.0553
      vertex 7.64052 -43.3315 9.87777
      vertex 5.64052 -43.5065 9.62787
    endloop
  endfacet
  facet normal 0.0996036 -0.564874 0.819144
    outer loop
      vertex 9.75331 -43.7963 11.0553
      vertex 6.15547 -46.4269 9.67874
      vertex 10.0947 -45.7323 9.67874
    endloop
  endfacet
  facet normal 0.0995864 -0.564858 0.819157
    outer loop
      vertex 6.15547 -46.4269 9.67874
      vertex 9.75331 -43.7963 11.0553
      vertex 5.81408 -44.4908 11.0553
    endloop
  endfacet
  facet normal 0.142246 -0.806708 -0.573575
    outer loop
      vertex 6.15547 -46.4269 9.67874
      vertex 7.64052 -43.3315 5.69349
      vertex 10.0947 -45.7323 9.67874
    endloop
  endfacet
  facet normal 0.142252 -0.806708 -0.573573
    outer loop
      vertex 7.64052 -43.3315 5.69349
      vertex 6.15547 -46.4269 9.67874
      vertex 5.64052 -43.5065 5.4436
    endloop
  endfacet
  facet normal 0.14224 -0.80671 -0.573573
    outer loop
      vertex 10.0947 -45.7323 9.67874
      vertex 7.64052 -43.3315 5.69349
      vertex 9.57975 -42.8119 5.4436
    endloop
  endfacet
  facet normal 0.984807 0.17365 1.24712e-05
    outer loop
      vertex 10.0947 -45.7323 9.67874
      vertex 9.57975 -42.8119 9.62787
      vertex 9.75331 -43.7963 11.0553
    endloop
  endfacet
  facet normal 0.984807 0.17365 0
    outer loop
      vertex 9.57975 -42.8119 9.62787
      vertex 10.0947 -45.7323 9.67874
      vertex 9.57975 -42.8119 5.4436
    endloop
  endfacet
  facet normal -0.984807 -0.17365 -5.6009e-18
    outer loop
      vertex 6.15547 -46.4269 9.67874
      vertex 5.64052 -43.5065 9.62787
      vertex 5.64052 -43.5065 5.4436
    endloop
  endfacet
  facet normal -0.984807 -0.17365 -1.58053e-07
    outer loop
      vertex 5.64052 -43.5065 9.62787
      vertex 6.15547 -46.4269 9.67874
      vertex 5.81408 -44.4908 11.0553
    endloop
  endfacet
  facet normal -0.965929 -0.258808 -1.81122e-06
    outer loop
      vertex 10.1784 -45.7138 22.3213
      vertex 9.41285 -42.8566 22.3614
      vertex 9.66959 -43.8148 20.9447
    endloop
  endfacet
  facet normal -0.965929 -0.258808 0
    outer loop
      vertex 9.41285 -42.8566 22.3614
      vertex 10.1784 -45.7138 22.3213
      vertex 9.41285 -42.8566 26.5456
    endloop
  endfacet
  facet normal 0.212009 -0.791232 0.573589
    outer loop
      vertex 12.2593 -42.0939 26.5456
      vertex 9.41285 -42.8566 26.5456
      vertex 10.1784 -45.7138 22.3213
    endloop
  endfacet
  facet normal 0.212015 -0.791232 0.573586
    outer loop
      vertex 14.0421 -44.6785 22.3213
      vertex 12.2593 -42.0939 26.5456
      vertex 10.1784 -45.7138 22.3213
    endloop
  endfacet
  facet normal 0.211951 -0.791258 0.573575
    outer loop
      vertex 12.2593 -42.0939 26.5456
      vertex 14.0421 -44.6785 22.3213
      vertex 13.2766 -41.8214 26.5456
    endloop
  endfacet
  facet normal -0.212017 0.79124 -0.573575
    outer loop
      vertex 9.66959 -43.8148 20.9447
      vertex 12.322 -42.0771 22.3614
      vertex 13.5333 -42.7795 20.9447
    endloop
  endfacet
  facet normal -0.21201 0.791236 -0.573582
    outer loop
      vertex 12.322 -42.0771 22.3614
      vertex 9.66959 -43.8148 20.9447
      vertex 9.41285 -42.8566 22.3614
    endloop
  endfacet
  facet normal 0.965931 0.258801 5.16857e-18
    outer loop
      vertex 14.0421 -44.6785 22.3213
      vertex 13.2766 -41.8214 22.3614
      vertex 13.2766 -41.8214 26.5456
    endloop
  endfacet
  facet normal 0.965931 0.258801 -1.92259e-06
    outer loop
      vertex 13.2766 -41.8214 22.3614
      vertex 14.0421 -44.6785 22.3213
      vertex 13.5333 -42.7795 20.9447
    endloop
  endfacet
  facet normal -0.211953 0.791282 -0.573541
    outer loop
      vertex 13.5333 -42.7795 20.9447
      vertex 12.322 -42.0771 22.3614
      vertex 13.2766 -41.8214 22.3614
    endloop
  endfacet
  facet normal 0.148456 -0.554033 -0.819151
    outer loop
      vertex 10.1784 -45.7138 22.3213
      vertex 13.5333 -42.7795 20.9447
      vertex 14.0421 -44.6785 22.3213
    endloop
  endfacet
  facet normal 0.148456 -0.554033 -0.819151
    outer loop
      vertex 13.5333 -42.7795 20.9447
      vertex 10.1784 -45.7138 22.3213
      vertex 9.66959 -43.8148 20.9447
    endloop
  endfacet
  facet normal -0.280199 0.76975 0.573563
    outer loop
      vertex 13.9978 -41.6281 9.74232
      vertex 13.1097 -41.8661 9.62787
      vertex 13.4515 -42.8053 11.0553
    endloop
  endfacet
  facet normal 0.280165 -0.769757 -0.57357
    outer loop
      vertex 14.1239 -44.6527 9.67874
      vertex 13.1097 -41.8661 5.4436
      vertex 15.0489 -41.3465 5.69349
    endloop
  endfacet
  facet normal 0.280161 -0.769757 -0.573571
    outer loop
      vertex 14.1239 -44.6527 9.67874
      vertex 15.0489 -41.3465 5.69349
      vertex 15.8263 -40.984 5.58672
    endloop
  endfacet
  facet normal 0.196174 -0.538979 0.819156
    outer loop
      vertex 17.2103 -41.4372 11.0553
      vertex 14.1239 -44.6527 9.67874
      vertex 17.8827 -43.2846 9.67874
    endloop
  endfacet
  facet normal 0.196174 -0.538979 0.819156
    outer loop
      vertex 14.1239 -44.6527 9.67874
      vertex 17.2103 -41.4372 11.0553
      vertex 13.4515 -42.8053 11.0553
    endloop
  endfacet
  facet normal 0.939686 0.342038 -2.58193e-05
    outer loop
      vertex 17.8827 -43.2846 9.67874
      vertex 16.8684 -40.498 9.62787
      vertex 17.2103 -41.4372 11.0553
    endloop
  endfacet
  facet normal 0.939686 0.342038 0
    outer loop
      vertex 16.8684 -40.498 9.62787
      vertex 17.8827 -43.2846 9.67874
      vertex 16.8684 -40.498 7.51823
    endloop
  endfacet
  facet normal -0.280172 0.769762 0.573558
    outer loop
      vertex 17.2103 -41.4372 11.0553
      vertex 15.0489 -41.3465 9.87777
      vertex 13.4515 -42.8053 11.0553
    endloop
  endfacet
  facet normal -0.280183 0.769746 0.573576
    outer loop
      vertex 15.0489 -41.3465 9.87777
      vertex 17.2103 -41.4372 11.0553
      vertex 16.8684 -40.498 9.62787
    endloop
  endfacet
  facet normal -0.28014 0.769751 0.573589
    outer loop
      vertex 13.4515 -42.8053 11.0553
      vertex 15.0489 -41.3465 9.87777
      vertex 13.9978 -41.6281 9.74232
    endloop
  endfacet
  facet normal -0.939697 -0.342008 -1.60951e-17
    outer loop
      vertex 14.1239 -44.6527 9.67874
      vertex 13.1097 -41.8661 9.62787
      vertex 13.1097 -41.8661 5.4436
    endloop
  endfacet
  facet normal -0.939697 -0.342009 -1.83544e-05
    outer loop
      vertex 13.1097 -41.8661 9.62787
      vertex 14.1239 -44.6527 9.67874
      vertex 13.4515 -42.8053 11.0553
    endloop
  endfacet
  facet normal 0.939686 0.342038 3.4118e-17
    outer loop
      vertex 17.8827 -43.2846 9.67874
      vertex 16.8684 -40.498 5.4436
      vertex 16.8684 -40.498 7.51823
    endloop
  endfacet
  facet normal 0.28017 -0.769757 -0.573567
    outer loop
      vertex 15.8263 -40.984 5.58672
      vertex 17.8827 -43.2846 9.67874
      vertex 14.1239 -44.6527 9.67874
    endloop
  endfacet
  facet normal 0.280206 -0.769738 -0.573574
    outer loop
      vertex 17.8827 -43.2846 9.67874
      vertex 15.8263 -40.984 5.58672
      vertex 16.8684 -40.498 5.4436
    endloop
  endfacet
  facet normal 0.906318 0.422597 -0
    outer loop
      vertex 20.3371 -38.8806 24.4763
      vertex 20.3371 -38.8806 26.5456
      vertex 21.5871 -41.5614 22.3213
    endloop
  endfacet
  facet normal 0.346185 -0.742404 0.573579
    outer loop
      vertex 20.3371 -38.8806 26.5456
      vertex 17.6663 -40.126 26.5456
      vertex 21.5871 -41.5614 22.3213
    endloop
  endfacet
  facet normal -0.906308 -0.422617 -1.16233e-05
    outer loop
      vertex 17.9619 -43.2518 22.3213
      vertex 16.7118 -40.571 24.387
      vertex 17.1311 -41.4701 20.9447
    endloop
  endfacet
  facet normal -0.906305 -0.422624 0
    outer loop
      vertex 16.7118 -40.571 24.387
      vertex 17.9619 -43.2518 22.3213
      vertex 16.7118 -40.571 26.5456
    endloop
  endfacet
  facet normal -0.906291 -0.422654 -1.29353e-17
    outer loop
      vertex 17.1311 -41.4701 20.9447
      vertex 16.7118 -40.571 24.387
      vertex 16.7118 -40.571 22.3614
    endloop
  endfacet
  facet normal -0.346146 0.742439 -0.573556
    outer loop
      vertex 20.7563 -39.7796 20.9447
      vertex 19.4414 -39.2982 22.3614
      vertex 20.3371 -38.8806 22.3614
    endloop
  endfacet
  facet normal 0.906318 0.422597 0
    outer loop
      vertex 21.5871 -41.5614 22.3213
      vertex 20.3371 -38.8806 22.3614
      vertex 20.3371 -38.8806 24.4763
    endloop
  endfacet
  facet normal 0.906318 0.422597 9.96462e-06
    outer loop
      vertex 20.3371 -38.8806 22.3614
      vertex 21.5871 -41.5614 22.3213
      vertex 20.7563 -39.7796 20.9447
    endloop
  endfacet
  facet normal 0.242406 -0.519859 -0.819137
    outer loop
      vertex 17.9619 -43.2518 22.3213
      vertex 17.1311 -41.4701 20.9447
      vertex 21.5871 -41.5614 22.3213
    endloop
  endfacet
  facet normal 0.346128 -0.742426 0.573584
    outer loop
      vertex 17.9619 -43.2518 22.3213
      vertex 17.6663 -40.126 26.5456
      vertex 16.7118 -40.571 26.5456
    endloop
  endfacet
  facet normal 0.346179 -0.742409 0.573575
    outer loop
      vertex 17.6663 -40.126 26.5456
      vertex 17.9619 -43.2518 22.3213
      vertex 21.5871 -41.5614 22.3213
    endloop
  endfacet
  facet normal 0.24241 -0.519838 -0.81915
    outer loop
      vertex 21.5871 -41.5614 22.3213
      vertex 17.1311 -41.4701 20.9447
      vertex 20.7563 -39.7796 20.9447
    endloop
  endfacet
  facet normal -0.346193 0.742395 -0.573585
    outer loop
      vertex 17.1311 -41.4701 20.9447
      vertex 19.4414 -39.2982 22.3614
      vertex 20.7563 -39.7796 20.9447
    endloop
  endfacet
  facet normal -0.346172 0.742387 -0.573608
    outer loop
      vertex 19.4414 -39.2982 22.3614
      vertex 17.1311 -41.4701 20.9447
      vertex 16.7118 -40.571 22.3614
    endloop
  endfacet
  facet normal 0.866033 0.499987 -2.77383e-17
    outer loop
      vertex 25.1273 -39.5218 9.67874
      vertex 23.6446 -36.9536 5.4436
      vertex 23.6446 -36.9536 7.51823
    endloop
  endfacet
  facet normal 0.409571 -0.709405 -0.573582
    outer loop
      vertex 25.1273 -39.5218 9.67874
      vertex 21.2226 -38.4676 5.58672
      vertex 22 -38.1051 5.69349
    endloop
  endfacet
  facet normal 0.40956 -0.709416 -0.573576
    outer loop
      vertex 25.1273 -39.5218 9.67874
      vertex 22 -38.1051 5.69349
      vertex 23.6446 -36.9536 5.4436
    endloop
  endfacet
  facet normal 0.286782 -0.496721 0.819161
    outer loop
      vertex 24.1443 -37.8192 11.0553
      vertex 21.6632 -41.5218 9.67874
      vertex 25.1273 -39.5218 9.67874
    endloop
  endfacet
  facet normal 0.286782 -0.496721 0.819161
    outer loop
      vertex 21.6632 -41.5218 9.67874
      vertex 24.1443 -37.8192 11.0553
      vertex 20.6802 -39.8192 11.0553
    endloop
  endfacet
  facet normal 0.409574 -0.709402 -0.573583
    outer loop
      vertex 21.6632 -41.5218 9.67874
      vertex 21.2226 -38.4676 5.58672
      vertex 25.1273 -39.5218 9.67874
    endloop
  endfacet
  facet normal 0.409608 -0.709388 -0.573576
    outer loop
      vertex 21.2226 -38.4676 5.58672
      vertex 21.6632 -41.5218 9.67874
      vertex 20.1805 -38.9536 5.4436
    endloop
  endfacet
  facet normal -0.40957 0.709396 0.573594
    outer loop
      vertex 24.1443 -37.8192 11.0553
      vertex 22 -38.1051 9.87777
      vertex 20.6802 -39.8192 11.0553
    endloop
  endfacet
  facet normal -0.40956 0.709421 0.57357
    outer loop
      vertex 22 -38.1051 9.87777
      vertex 24.1443 -37.8192 11.0553
      vertex 23.6446 -36.9536 9.62787
    endloop
  endfacet
  facet normal -0.409596 0.7094 0.57357
    outer loop
      vertex 20.6802 -39.8192 11.0553
      vertex 22 -38.1051 9.87777
      vertex 20.1805 -38.9536 9.62787
    endloop
  endfacet
  facet normal 0.866033 0.499987 2.28542e-05
    outer loop
      vertex 25.1273 -39.5218 9.67874
      vertex 23.6446 -36.9536 9.62787
      vertex 24.1443 -37.8192 11.0553
    endloop
  endfacet
  facet normal 0.866033 0.499987 0
    outer loop
      vertex 23.6446 -36.9536 9.62787
      vertex 25.1273 -39.5218 9.67874
      vertex 23.6446 -36.9536 7.51823
    endloop
  endfacet
  facet normal -0.866033 -0.499987 -1.37531e-17
    outer loop
      vertex 21.6632 -41.5218 9.67874
      vertex 20.1805 -38.9536 9.62787
      vertex 20.1805 -38.9536 5.4436
    endloop
  endfacet
  facet normal -0.866033 -0.499987 -2.28542e-05
    outer loop
      vertex 20.1805 -38.9536 9.62787
      vertex 21.6632 -41.5218 9.67874
      vertex 20.6802 -39.8192 11.0553
    endloop
  endfacet
  facet normal -0.819153 -0.573576 -7.1891e-06
    outer loop
      vertex 25.1996 -39.4757 22.3213
      vertex 23.503 -37.0527 22.3614
      vertex 24.072 -37.8653 20.9447
    endloop
  endfacet
  facet normal -0.819152 -0.573576 0
    outer loop
      vertex 23.503 -37.0527 22.3614
      vertex 25.1996 -39.4757 22.3213
      vertex 23.503 -37.0527 26.5456
    endloop
  endfacet
  facet normal 0.469857 -0.670997 0.573583
    outer loop
      vertex 25.9169 -35.3624 26.5456
      vertex 23.503 -37.0527 26.5456
      vertex 25.1996 -39.4757 22.3213
    endloop
  endfacet
  facet normal 0.469797 -0.671016 0.573611
    outer loop
      vertex 25.1996 -39.4757 22.3213
      vertex 26.7796 -34.7584 26.5456
      vertex 25.9169 -35.3624 26.5456
    endloop
  endfacet
  facet normal 0.469844 -0.671006 0.573583
    outer loop
      vertex 26.7796 -34.7584 26.5456
      vertex 25.1996 -39.4757 22.3213
      vertex 28.4762 -37.1814 22.3213
    endloop
  endfacet
  facet normal -0.46984 0.671001 -0.573591
    outer loop
      vertex 24.072 -37.8653 20.9447
      vertex 25.9701 -35.3252 22.3614
      vertex 27.3486 -35.571 20.9447
    endloop
  endfacet
  facet normal -0.469846 0.671002 -0.573586
    outer loop
      vertex 25.9701 -35.3252 22.3614
      vertex 24.072 -37.8653 20.9447
      vertex 23.503 -37.0527 22.3614
    endloop
  endfacet
  facet normal 0.819152 0.573576 -1.36307e-17
    outer loop
      vertex 28.4762 -37.1814 22.3213
      vertex 26.7796 -34.7584 22.3614
      vertex 26.7796 -34.7584 26.5456
    endloop
  endfacet
  facet normal 0.819153 0.573576 7.1891e-06
    outer loop
      vertex 26.7796 -34.7584 22.3614
      vertex 28.4762 -37.1814 22.3213
      vertex 27.3486 -35.571 20.9447
    endloop
  endfacet
  facet normal -0.469833 0.671012 -0.573586
    outer loop
      vertex 27.3486 -35.571 20.9447
      vertex 25.9701 -35.3252 22.3614
      vertex 26.7796 -34.7584 22.3614
    endloop
  endfacet
  facet normal 0.328997 -0.469856 -0.819144
    outer loop
      vertex 25.1996 -39.4757 22.3213
      vertex 27.3486 -35.571 20.9447
      vertex 28.4762 -37.1814 22.3213
    endloop
  endfacet
  facet normal 0.328997 -0.469856 -0.819144
    outer loop
      vertex 27.3486 -35.571 20.9447
      vertex 25.1996 -39.4757 22.3213
      vertex 24.072 -37.8653 20.9447
    endloop
  endfacet
  facet normal 0.368695 -0.439374 0.819155
    outer loop
      vertex 31.6084 -34.558 9.67874
      vertex 27.2806 -35.6232 11.0553
      vertex 28.5443 -37.1292 9.67874
    endloop
  endfacet
  facet normal -0.52658 0.627455 0.573597
    outer loop
      vertex 27.3912 -34.3301 9.74232
      vertex 26.6381 -34.8575 9.62787
      vertex 27.2806 -35.6232 11.0553
    endloop
  endfacet
  facet normal 0.526526 -0.627545 -0.573549
    outer loop
      vertex 31.6084 -34.558 9.67874
      vertex 27.58 -34.198 5.58672
      vertex 28.2827 -33.706 5.69349
    endloop
  endfacet
  facet normal 0.526568 -0.627489 -0.573572
    outer loop
      vertex 31.6084 -34.558 9.67874
      vertex 28.2827 -33.706 5.69349
      vertex 29.7023 -32.2863 5.4436
    endloop
  endfacet
  facet normal 0.368695 -0.439374 0.819155
    outer loop
      vertex 30.3447 -33.052 11.0553
      vertex 27.2806 -35.6232 11.0553
      vertex 31.6084 -34.558 9.67874
    endloop
  endfacet
  facet normal 0.526556 -0.627497 -0.573574
    outer loop
      vertex 28.5443 -37.1292 9.67874
      vertex 27.58 -34.198 5.58672
      vertex 31.6084 -34.558 9.67874
    endloop
  endfacet
  facet normal 0.526528 -0.627514 -0.57358
    outer loop
      vertex 27.58 -34.198 5.58672
      vertex 28.5443 -37.1292 9.67874
      vertex 26.6381 -34.8575 5.4436
    endloop
  endfacet
  facet normal 0.766058 0.642772 3.84231e-05
    outer loop
      vertex 31.6084 -34.558 9.67874
      vertex 29.7023 -32.2863 9.62787
      vertex 30.3447 -33.052 11.0553
    endloop
  endfacet
  facet normal 0.766058 0.642771 0
    outer loop
      vertex 29.7023 -32.2863 9.62787
      vertex 31.6084 -34.558 9.67874
      vertex 29.7023 -32.2863 7.51823
    endloop
  endfacet
  facet normal -0.526562 0.627504 0.573559
    outer loop
      vertex 30.3447 -33.052 11.0553
      vertex 28.2827 -33.706 9.87777
      vertex 27.2806 -35.6232 11.0553
    endloop
  endfacet
  facet normal -0.526565 0.62749 0.573572
    outer loop
      vertex 28.2827 -33.706 9.87777
      vertex 30.3447 -33.052 11.0553
      vertex 29.7023 -32.2863 9.62787
    endloop
  endfacet
  facet normal -0.526449 0.627507 0.57366
    outer loop
      vertex 27.2806 -35.6232 11.0553
      vertex 28.2827 -33.706 9.87777
      vertex 27.3912 -34.3301 9.74232
    endloop
  endfacet
  facet normal -0.766042 -0.642791 -3.32378e-17
    outer loop
      vertex 28.5443 -37.1292 9.67874
      vertex 26.6381 -34.8575 9.62787
      vertex 26.6381 -34.8575 5.4436
    endloop
  endfacet
  facet normal -0.766042 -0.642791 -2.4126e-06
    outer loop
      vertex 26.6381 -34.8575 9.62787
      vertex 28.5443 -37.1292 9.67874
      vertex 27.2806 -35.6232 11.0553
    endloop
  endfacet
  facet normal 0.766058 0.642771 -8.38856e-18
    outer loop
      vertex 31.6084 -34.558 9.67874
      vertex 29.7023 -32.2863 5.4436
      vertex 29.7023 -32.2863 7.51823
    endloop
  endfacet
  facet normal -0.707107 -0.707107 0
    outer loop
      vertex 29.5801 -32.4085 24.387
      vertex 31.6717 -34.5001 22.3213
      vertex 29.5801 -32.4085 26.5456
    endloop
  endfacet
  facet normal -0.707107 -0.707107 1.22844e-15
    outer loop
      vertex 31.6717 -34.5001 22.3213
      vertex 29.5801 -32.4085 24.387
      vertex 30.2815 -33.1099 20.9447
    endloop
  endfacet
  facet normal -0.707107 -0.707107 -0
    outer loop
      vertex 29.5801 -32.4085 24.387
      vertex 29.5801 -32.4085 22.3614
      vertex 30.2815 -33.1099 20.9447
    endloop
  endfacet
  facet normal 0.707107 0.707107 -1.15341e-17
    outer loop
      vertex 33.1099 -30.2815 20.9447
      vertex 32.4085 -29.5801 22.3614
      vertex 32.4085 -29.5801 24.387
    endloop
  endfacet
  facet normal -0.579238 0.579238 -0.573555
    outer loop
      vertex 33.1099 -30.2815 20.9447
      vertex 29.5801 -32.4085 22.3614
      vertex 32.4085 -29.5801 22.3614
    endloop
  endfacet
  facet normal -0.579238 0.579238 -0.573555
    outer loop
      vertex 29.5801 -32.4085 22.3614
      vertex 33.1099 -30.2815 20.9447
      vertex 30.2815 -33.1099 20.9447
    endloop
  endfacet
  facet normal 0.707107 0.707107 1.58935e-17
    outer loop
      vertex 34.5001 -31.6717 22.3213
      vertex 32.4085 -29.5801 24.387
      vertex 32.4085 -29.5801 26.5456
    endloop
  endfacet
  facet normal 0.707107 0.707107 1.22713e-15
    outer loop
      vertex 32.4085 -29.5801 24.387
      vertex 34.5001 -31.6717 22.3213
      vertex 33.1099 -30.2815 20.9447
    endloop
  endfacet
  facet normal 0.405573 -0.405573 -0.819159
    outer loop
      vertex 31.6717 -34.5001 22.3213
      vertex 33.1099 -30.2815 20.9447
      vertex 34.5001 -31.6717 22.3213
    endloop
  endfacet
  facet normal 0.405573 -0.405573 -0.819159
    outer loop
      vertex 33.1099 -30.2815 20.9447
      vertex 31.6717 -34.5001 22.3213
      vertex 30.2815 -33.1099 20.9447
    endloop
  endfacet
  facet normal 0.579223 -0.579223 0.573587
    outer loop
      vertex 29.5801 -32.4085 26.5456
      vertex 34.5001 -31.6717 22.3213
      vertex 32.4085 -29.5801 26.5456
    endloop
  endfacet
  facet normal 0.579223 -0.579223 0.573587
    outer loop
      vertex 34.5001 -31.6717 22.3213
      vertex 29.5801 -32.4085 26.5456
      vertex 31.6717 -34.5001 22.3213
    endloop
  endfacet
  facet normal 0.439374 -0.368695 0.819155
    outer loop
      vertex 35.6232 -27.2806 11.0553
      vertex 33.052 -30.3447 11.0553
      vertex 34.558 -31.6084 9.67874
    endloop
  endfacet
  facet normal -0.627507 0.526449 0.57366
    outer loop
      vertex 33.706 -28.2827 9.87777
      vertex 35.6232 -27.2806 11.0553
      vertex 34.3301 -27.3912 9.74232
    endloop
  endfacet
  facet normal -0.62749 0.526565 0.573572
    outer loop
      vertex 33.052 -30.3447 11.0553
      vertex 33.706 -28.2827 9.87777
      vertex 32.2863 -29.7023 9.62787
    endloop
  endfacet
  facet normal -0.627504 0.526562 0.573559
    outer loop
      vertex 33.706 -28.2827 9.87777
      vertex 33.052 -30.3447 11.0553
      vertex 35.6232 -27.2806 11.0553
    endloop
  endfacet
  facet normal 0.627489 -0.526568 -0.573572
    outer loop
      vertex 33.706 -28.2827 5.69349
      vertex 34.558 -31.6084 9.67874
      vertex 32.2863 -29.7023 5.4436
    endloop
  endfacet
  facet normal 0.627545 -0.526526 -0.573549
    outer loop
      vertex 34.558 -31.6084 9.67874
      vertex 33.706 -28.2827 5.69349
      vertex 34.198 -27.58 5.58672
    endloop
  endfacet
  facet normal 0.439374 -0.368695 0.819155
    outer loop
      vertex 35.6232 -27.2806 11.0553
      vertex 34.558 -31.6084 9.67874
      vertex 37.1292 -28.5443 9.67874
    endloop
  endfacet
  facet normal 0.642791 0.766042 -2.4126e-06
    outer loop
      vertex 37.1292 -28.5443 9.67874
      vertex 34.8575 -26.6381 9.62787
      vertex 35.6232 -27.2806 11.0553
    endloop
  endfacet
  facet normal 0.642791 0.766042 0
    outer loop
      vertex 34.8575 -26.6381 9.62787
      vertex 37.1292 -28.5443 9.67874
      vertex 34.8575 -26.6381 5.4436
    endloop
  endfacet
  facet normal -0.642771 -0.766058 -8.38856e-18
    outer loop
      vertex 34.558 -31.6084 9.67874
      vertex 32.2863 -29.7023 7.51823
      vertex 32.2863 -29.7023 5.4436
    endloop
  endfacet
  facet normal -0.642772 -0.766058 3.84231e-05
    outer loop
      vertex 32.2863 -29.7023 9.62787
      vertex 34.558 -31.6084 9.67874
      vertex 33.052 -30.3447 11.0553
    endloop
  endfacet
  facet normal -0.642771 -0.766058 -8.24935e-18
    outer loop
      vertex 34.558 -31.6084 9.67874
      vertex 32.2863 -29.7023 9.62787
      vertex 32.2863 -29.7023 7.51823
    endloop
  endfacet
  facet normal 0.627514 -0.526528 -0.57358
    outer loop
      vertex 37.1292 -28.5443 9.67874
      vertex 34.198 -27.58 5.58672
      vertex 34.8575 -26.6381 5.4436
    endloop
  endfacet
  facet normal 0.627497 -0.526556 -0.573574
    outer loop
      vertex 34.198 -27.58 5.58672
      vertex 37.1292 -28.5443 9.67874
      vertex 34.558 -31.6084 9.67874
    endloop
  endfacet
  facet normal -0.627455 0.52658 0.573597
    outer loop
      vertex 34.8575 -26.6381 9.62787
      vertex 34.3301 -27.3912 9.74232
      vertex 35.6232 -27.2806 11.0553
    endloop
  endfacet
  facet normal -0.671012 0.469833 -0.573586
    outer loop
      vertex 35.571 -27.3486 20.9447
      vertex 34.7584 -26.7796 22.3614
      vertex 35.3252 -25.9701 22.3614
    endloop
  endfacet
  facet normal 0.671016 -0.469797 0.573611
    outer loop
      vertex 34.7584 -26.7796 26.5456
      vertex 39.4757 -25.1996 22.3213
      vertex 35.3624 -25.9169 26.5456
    endloop
  endfacet
  facet normal 0.671006 -0.469844 0.573583
    outer loop
      vertex 39.4757 -25.1996 22.3213
      vertex 34.7584 -26.7796 26.5456
      vertex 37.1814 -28.4762 22.3213
    endloop
  endfacet
  facet normal 0.573576 0.819152 2.74717e-17
    outer loop
      vertex 39.4757 -25.1996 22.3213
      vertex 37.0527 -23.503 22.3614
      vertex 37.0527 -23.503 26.5456
    endloop
  endfacet
  facet normal 0.573576 0.819153 -7.1891e-06
    outer loop
      vertex 37.0527 -23.503 22.3614
      vertex 39.4757 -25.1996 22.3213
      vertex 37.8653 -24.072 20.9447
    endloop
  endfacet
  facet normal -0.671002 0.469846 -0.573586
    outer loop
      vertex 37.8653 -24.072 20.9447
      vertex 35.3252 -25.9701 22.3614
      vertex 37.0527 -23.503 22.3614
    endloop
  endfacet
  facet normal -0.671001 0.46984 -0.573591
    outer loop
      vertex 35.3252 -25.9701 22.3614
      vertex 37.8653 -24.072 20.9447
      vertex 35.571 -27.3486 20.9447
    endloop
  endfacet
  facet normal 0.469856 -0.328997 -0.819144
    outer loop
      vertex 37.1814 -28.4762 22.3213
      vertex 37.8653 -24.072 20.9447
      vertex 39.4757 -25.1996 22.3213
    endloop
  endfacet
  facet normal 0.469856 -0.328997 -0.819144
    outer loop
      vertex 37.8653 -24.072 20.9447
      vertex 37.1814 -28.4762 22.3213
      vertex 35.571 -27.3486 20.9447
    endloop
  endfacet
  facet normal -0.573576 -0.819152 0
    outer loop
      vertex 34.7584 -26.7796 22.3614
      vertex 37.1814 -28.4762 22.3213
      vertex 34.7584 -26.7796 26.5456
    endloop
  endfacet
  facet normal -0.573576 -0.819153 7.1891e-06
    outer loop
      vertex 37.1814 -28.4762 22.3213
      vertex 34.7584 -26.7796 22.3614
      vertex 35.571 -27.3486 20.9447
    endloop
  endfacet
  facet normal 0.670997 -0.469857 0.573583
    outer loop
      vertex 37.0527 -23.503 26.5456
      vertex 35.3624 -25.9169 26.5456
      vertex 39.4757 -25.1996 22.3213
    endloop
  endfacet
  facet normal 0.496721 -0.286782 0.819161
    outer loop
      vertex 39.8192 -20.6802 11.0553
      vertex 39.5218 -25.1273 9.67874
      vertex 41.5218 -21.6632 9.67874
    endloop
  endfacet
  facet normal 0.496721 -0.286782 0.819161
    outer loop
      vertex 39.5218 -25.1273 9.67874
      vertex 39.8192 -20.6802 11.0553
      vertex 37.8192 -24.1443 11.0553
    endloop
  endfacet
  facet normal 0.709416 -0.40956 -0.573576
    outer loop
      vertex 38.1051 -22 5.69349
      vertex 39.5218 -25.1273 9.67874
      vertex 36.9536 -23.6446 5.4436
    endloop
  endfacet
  facet normal 0.709405 -0.409571 -0.573582
    outer loop
      vertex 39.5218 -25.1273 9.67874
      vertex 38.1051 -22 5.69349
      vertex 38.4676 -21.2226 5.58672
    endloop
  endfacet
  facet normal -0.7094 0.409596 0.57357
    outer loop
      vertex 38.1051 -22 9.87777
      vertex 39.8192 -20.6802 11.0553
      vertex 38.9536 -20.1805 9.62787
    endloop
  endfacet
  facet normal -0.709421 0.40956 0.57357
    outer loop
      vertex 37.8192 -24.1443 11.0553
      vertex 38.1051 -22 9.87777
      vertex 36.9536 -23.6446 9.62787
    endloop
  endfacet
  facet normal -0.709396 0.40957 0.573594
    outer loop
      vertex 38.1051 -22 9.87777
      vertex 37.8192 -24.1443 11.0553
      vertex 39.8192 -20.6802 11.0553
    endloop
  endfacet
  facet normal -0.499987 -0.866033 -2.77383e-17
    outer loop
      vertex 39.5218 -25.1273 9.67874
      vertex 36.9536 -23.6446 7.51823
      vertex 36.9536 -23.6446 5.4436
    endloop
  endfacet
  facet normal -0.499987 -0.866033 2.28542e-05
    outer loop
      vertex 36.9536 -23.6446 9.62787
      vertex 39.5218 -25.1273 9.67874
      vertex 37.8192 -24.1443 11.0553
    endloop
  endfacet
  facet normal -0.499987 -0.866033 -2.7278e-17
    outer loop
      vertex 39.5218 -25.1273 9.67874
      vertex 36.9536 -23.6446 9.62787
      vertex 36.9536 -23.6446 7.51823
    endloop
  endfacet
  facet normal 0.709388 -0.409608 -0.573576
    outer loop
      vertex 41.5218 -21.6632 9.67874
      vertex 38.4676 -21.2226 5.58672
      vertex 38.9536 -20.1805 5.4436
    endloop
  endfacet
  facet normal 0.709402 -0.409574 -0.573583
    outer loop
      vertex 38.4676 -21.2226 5.58672
      vertex 41.5218 -21.6632 9.67874
      vertex 39.5218 -25.1273 9.67874
    endloop
  endfacet
  facet normal 0.499987 0.866033 -2.28542e-05
    outer loop
      vertex 41.5218 -21.6632 9.67874
      vertex 38.9536 -20.1805 9.62787
      vertex 39.8192 -20.6802 11.0553
    endloop
  endfacet
  facet normal 0.499987 0.866033 0
    outer loop
      vertex 38.9536 -20.1805 9.62787
      vertex 41.5218 -21.6632 9.67874
      vertex 38.9536 -20.1805 5.4436
    endloop
  endfacet
  facet normal -0.422597 -0.906318 -0
    outer loop
      vertex 38.8806 -20.3371 26.5456
      vertex 38.8806 -20.3371 24.4763
      vertex 41.5614 -21.5871 22.3213
    endloop
  endfacet
  facet normal 0.742404 -0.346185 0.573579
    outer loop
      vertex 40.126 -17.6663 26.5456
      vertex 38.8806 -20.3371 26.5456
      vertex 41.5614 -21.5871 22.3213
    endloop
  endfacet
  facet normal -0.742439 0.346146 -0.573556
    outer loop
      vertex 39.7796 -20.7563 20.9447
      vertex 38.8806 -20.3371 22.3614
      vertex 39.2982 -19.4414 22.3614
    endloop
  endfacet
  facet normal 0.422654 0.906291 -1.29353e-17
    outer loop
      vertex 41.4701 -17.1311 20.9447
      vertex 40.571 -16.7118 22.3614
      vertex 40.571 -16.7118 24.387
    endloop
  endfacet
  facet normal 0.742426 -0.346128 0.573584
    outer loop
      vertex 40.126 -17.6663 26.5456
      vertex 43.2518 -17.9619 22.3213
      vertex 40.571 -16.7118 26.5456
    endloop
  endfacet
  facet normal 0.742409 -0.346179 0.573575
    outer loop
      vertex 43.2518 -17.9619 22.3213
      vertex 40.126 -17.6663 26.5456
      vertex 41.5614 -21.5871 22.3213
    endloop
  endfacet
  facet normal -0.742387 0.346172 -0.573608
    outer loop
      vertex 41.4701 -17.1311 20.9447
      vertex 39.2982 -19.4414 22.3614
      vertex 40.571 -16.7118 22.3614
    endloop
  endfacet
  facet normal -0.742395 0.346193 -0.573585
    outer loop
      vertex 39.2982 -19.4414 22.3614
      vertex 41.4701 -17.1311 20.9447
      vertex 39.7796 -20.7563 20.9447
    endloop
  endfacet
  facet normal 0.519838 -0.24241 -0.81915
    outer loop
      vertex 41.5614 -21.5871 22.3213
      vertex 39.7796 -20.7563 20.9447
      vertex 41.4701 -17.1311 20.9447
    endloop
  endfacet
  facet normal -0.422597 -0.906318 0
    outer loop
      vertex 38.8806 -20.3371 22.3614
      vertex 41.5614 -21.5871 22.3213
      vertex 38.8806 -20.3371 24.4763
    endloop
  endfacet
  facet normal -0.422597 -0.906318 9.96462e-06
    outer loop
      vertex 41.5614 -21.5871 22.3213
      vertex 38.8806 -20.3371 22.3614
      vertex 39.7796 -20.7563 20.9447
    endloop
  endfacet
  facet normal 0.519859 -0.242406 -0.819137
    outer loop
      vertex 41.5614 -21.5871 22.3213
      vertex 41.4701 -17.1311 20.9447
      vertex 43.2518 -17.9619 22.3213
    endloop
  endfacet
  facet normal 0.422624 0.906305 2.33311e-17
    outer loop
      vertex 43.2518 -17.9619 22.3213
      vertex 40.571 -16.7118 24.387
      vertex 40.571 -16.7118 26.5456
    endloop
  endfacet
  facet normal 0.422617 0.906308 -1.16233e-05
    outer loop
      vertex 40.571 -16.7118 24.387
      vertex 43.2518 -17.9619 22.3213
      vertex 41.4701 -17.1311 20.9447
    endloop
  endfacet
  facet normal -0.342038 -0.939686 -2.58193e-05
    outer loop
      vertex 40.498 -16.8684 9.62787
      vertex 43.2846 -17.8827 9.67874
      vertex 41.4372 -17.2103 11.0553
    endloop
  endfacet
  facet normal -0.342038 -0.939686 3.35518e-17
    outer loop
      vertex 43.2846 -17.8827 9.67874
      vertex 40.498 -16.8684 9.62787
      vertex 40.498 -16.8684 7.51823
    endloop
  endfacet
  facet normal -0.342038 -0.939686 3.4118e-17
    outer loop
      vertex 43.2846 -17.8827 9.67874
      vertex 40.498 -16.8684 7.51823
      vertex 40.498 -16.8684 5.4436
    endloop
  endfacet
  facet normal 0.538979 -0.196174 0.819156
    outer loop
      vertex 42.8053 -13.4515 11.0553
      vertex 43.2846 -17.8827 9.67874
      vertex 44.6527 -14.1239 9.67874
    endloop
  endfacet
  facet normal 0.538979 -0.196174 0.819156
    outer loop
      vertex 43.2846 -17.8827 9.67874
      vertex 42.8053 -13.4515 11.0553
      vertex 41.4372 -17.2103 11.0553
    endloop
  endfacet
  facet normal 0.769757 -0.280165 -0.57357
    outer loop
      vertex 44.6527 -14.1239 9.67874
      vertex 41.3465 -15.0489 5.69349
      vertex 41.8661 -13.1097 5.4436
    endloop
  endfacet
  facet normal 0.769757 -0.280161 -0.573571
    outer loop
      vertex 41.3465 -15.0489 5.69349
      vertex 44.6527 -14.1239 9.67874
      vertex 40.984 -15.8263 5.58672
    endloop
  endfacet
  facet normal 0.769757 -0.28017 -0.573567
    outer loop
      vertex 43.2846 -17.8827 9.67874
      vertex 40.984 -15.8263 5.58672
      vertex 44.6527 -14.1239 9.67874
    endloop
  endfacet
  facet normal 0.769738 -0.280206 -0.573574
    outer loop
      vertex 40.984 -15.8263 5.58672
      vertex 43.2846 -17.8827 9.67874
      vertex 40.498 -16.8684 5.4436
    endloop
  endfacet
  facet normal -0.769751 0.28014 0.573589
    outer loop
      vertex 41.3465 -15.0489 9.87777
      vertex 42.8053 -13.4515 11.0553
      vertex 41.6281 -13.9978 9.74232
    endloop
  endfacet
  facet normal -0.769746 0.280183 0.573576
    outer loop
      vertex 41.4372 -17.2103 11.0553
      vertex 41.3465 -15.0489 9.87777
      vertex 40.498 -16.8684 9.62787
    endloop
  endfacet
  facet normal -0.769762 0.280172 0.573558
    outer loop
      vertex 41.3465 -15.0489 9.87777
      vertex 41.4372 -17.2103 11.0553
      vertex 42.8053 -13.4515 11.0553
    endloop
  endfacet
  facet normal -0.76975 0.280199 0.573563
    outer loop
      vertex 41.8661 -13.1097 9.62787
      vertex 41.6281 -13.9978 9.74232
      vertex 42.8053 -13.4515 11.0553
    endloop
  endfacet
  facet normal 0.342009 0.939697 -1.83544e-05
    outer loop
      vertex 44.6527 -14.1239 9.67874
      vertex 41.8661 -13.1097 9.62787
      vertex 42.8053 -13.4515 11.0553
    endloop
  endfacet
  facet normal 0.342008 0.939697 0
    outer loop
      vertex 41.8661 -13.1097 9.62787
      vertex 44.6527 -14.1239 9.67874
      vertex 41.8661 -13.1097 5.4436
    endloop
  endfacet
  facet normal -0.791282 0.211953 -0.573541
    outer loop
      vertex 42.7795 -13.5333 20.9447
      vertex 41.8214 -13.2766 22.3614
      vertex 42.0771 -12.322 22.3614
    endloop
  endfacet
  facet normal 0.791258 -0.211951 0.573575
    outer loop
      vertex 44.6785 -14.0421 22.3213
      vertex 42.0939 -12.2593 26.5456
      vertex 41.8214 -13.2766 26.5456
    endloop
  endfacet
  facet normal 0.791232 -0.212015 0.573586
    outer loop
      vertex 42.0939 -12.2593 26.5456
      vertex 44.6785 -14.0421 22.3213
      vertex 45.7138 -10.1784 22.3213
    endloop
  endfacet
  facet normal 0.258808 0.965929 -1.61884e-17
    outer loop
      vertex 45.7138 -10.1784 22.3213
      vertex 42.8566 -9.41285 22.3614
      vertex 42.8566 -9.41285 26.5456
    endloop
  endfacet
  facet normal 0.258808 0.965929 -1.81122e-06
    outer loop
      vertex 42.8566 -9.41285 22.3614
      vertex 45.7138 -10.1784 22.3213
      vertex 43.8148 -9.66959 20.9447
    endloop
  endfacet
  facet normal -0.791236 0.21201 -0.573582
    outer loop
      vertex 43.8148 -9.66959 20.9447
      vertex 42.0771 -12.322 22.3614
      vertex 42.8566 -9.41285 22.3614
    endloop
  endfacet
  facet normal -0.79124 0.212017 -0.573575
    outer loop
      vertex 42.0771 -12.322 22.3614
      vertex 43.8148 -9.66959 20.9447
      vertex 42.7795 -13.5333 20.9447
    endloop
  endfacet
  facet normal 0.554032 -0.148456 -0.819151
    outer loop
      vertex 44.6785 -14.0421 22.3213
      vertex 43.8148 -9.66959 20.9447
      vertex 45.7138 -10.1784 22.3213
    endloop
  endfacet
  facet normal 0.554033 -0.148456 -0.819151
    outer loop
      vertex 43.8148 -9.66959 20.9447
      vertex 44.6785 -14.0421 22.3213
      vertex 42.7795 -13.5333 20.9447
    endloop
  endfacet
  facet normal -0.258801 -0.965931 0
    outer loop
      vertex 41.8214 -13.2766 22.3614
      vertex 44.6785 -14.0421 22.3213
      vertex 41.8214 -13.2766 26.5456
    endloop
  endfacet
  facet normal -0.258801 -0.965931 -1.92259e-06
    outer loop
      vertex 44.6785 -14.0421 22.3213
      vertex 41.8214 -13.2766 22.3614
      vertex 42.7795 -13.5333 20.9447
    endloop
  endfacet
  facet normal 0.791232 -0.212009 0.573589
    outer loop
      vertex 42.8566 -9.41285 26.5456
      vertex 42.0939 -12.2593 26.5456
      vertex 45.7138 -10.1784 22.3213
    endloop
  endfacet
  facet normal -0.806709 0.142255 0.573572
    outer loop
      vertex 43.3315 -7.64052 9.87777
      vertex 44.4908 -5.81408 11.0553
      vertex 43.5065 -5.64052 9.62787
    endloop
  endfacet
  facet normal -0.806687 0.142226 0.57361
    outer loop
      vertex 43.7963 -9.75331 11.0553
      vertex 43.3315 -7.64052 9.87777
      vertex 42.8119 -9.57975 9.62787
    endloop
  endfacet
  facet normal -0.806691 0.142222 0.573604
    outer loop
      vertex 43.3315 -7.64052 9.87777
      vertex 43.7963 -9.75331 11.0553
      vertex 44.4908 -5.81408 11.0553
    endloop
  endfacet
  facet normal 0.564855 -0.0996003 0.819157
    outer loop
      vertex 44.4908 -5.81408 11.0553
      vertex 45.7323 -10.0947 9.67874
      vertex 46.4269 -6.15547 9.67874
    endloop
  endfacet
  facet normal 0.564877 -0.0995897 0.819144
    outer loop
      vertex 45.7323 -10.0947 9.67874
      vertex 44.4908 -5.81408 11.0553
      vertex 43.7963 -9.75331 11.0553
    endloop
  endfacet
  facet normal 0.806708 -0.142252 -0.573573
    outer loop
      vertex 46.4269 -6.15547 9.67874
      vertex 43.3315 -7.64052 5.69349
      vertex 43.5065 -5.64052 5.4436
    endloop
  endfacet
  facet normal 0.806708 -0.142246 -0.573575
    outer loop
      vertex 45.7323 -10.0947 9.67874
      vertex 43.3315 -7.64052 5.69349
      vertex 46.4269 -6.15547 9.67874
    endloop
  endfacet
  facet normal 0.80671 -0.14224 -0.573573
    outer loop
      vertex 43.3315 -7.64052 5.69349
      vertex 45.7323 -10.0947 9.67874
      vertex 42.8119 -9.57975 5.4436
    endloop
  endfacet
  facet normal 0.17365 0.984807 -1.58053e-07
    outer loop
      vertex 46.4269 -6.15547 9.67874
      vertex 43.5065 -5.64052 9.62787
      vertex 44.4908 -5.81408 11.0553
    endloop
  endfacet
  facet normal 0.17365 0.984807 0
    outer loop
      vertex 43.5065 -5.64052 9.62787
      vertex 46.4269 -6.15547 9.67874
      vertex 43.5065 -5.64052 5.4436
    endloop
  endfacet
  facet normal -0.17365 -0.984807 1.24712e-05
    outer loop
      vertex 42.8119 -9.57975 9.62787
      vertex 45.7323 -10.0947 9.67874
      vertex 43.7963 -9.75331 11.0553
    endloop
  endfacet
  facet normal -0.17365 -0.984807 1.04853e-19
    outer loop
      vertex 45.7323 -10.0947 9.67874
      vertex 42.8119 -9.57975 9.62787
      vertex 42.8119 -9.57975 5.4436
    endloop
  endfacet
  facet normal -0.0871577 -0.996195 -0
    outer loop
      vertex 43.4915 -5.81265 26.5456
      vertex 43.4915 -5.81265 24.4763
      vertex 46.4381 -6.07045 22.3213
    endloop
  endfacet
  facet normal 0.816039 -0.0713843 0.573572
    outer loop
      vertex 43.7483 -2.87701 26.5456
      vertex 43.4915 -5.81265 26.5456
      vertex 46.4381 -6.07045 22.3213
    endloop
  endfacet
  facet normal 0.816028 -0.0714026 0.573585
    outer loop
      vertex 43.7483 -2.87701 26.5456
      vertex 46.7868 -2.08567 22.3213
      vertex 43.8401 -1.82787 26.5456
    endloop
  endfacet
  facet normal 0.816028 -0.071409 0.573584
    outer loop
      vertex 46.7868 -2.08567 22.3213
      vertex 43.7483 -2.87701 26.5456
      vertex 46.4381 -6.07045 22.3213
    endloop
  endfacet
  facet normal -0.81604 0.0713679 -0.573573
    outer loop
      vertex 44.8283 -1.91433 20.9447
      vertex 43.754 -2.81236 22.3614
      vertex 43.8401 -1.82787 22.3614
    endloop
  endfacet
  facet normal 0.0871548 0.996195 1.13519e-18
    outer loop
      vertex 46.7868 -2.08567 22.3213
      vertex 43.8401 -1.82787 22.3614
      vertex 43.8401 -1.82787 24.4763
    endloop
  endfacet
  facet normal 0.0871547 0.996195 -3.3059e-06
    outer loop
      vertex 43.8401 -1.82787 22.3614
      vertex 46.7868 -2.08567 22.3213
      vertex 44.8283 -1.91433 20.9447
    endloop
  endfacet
  facet normal 0.0871548 0.996195 -0
    outer loop
      vertex 43.8401 -1.82787 24.4763
      vertex 43.8401 -1.82787 26.5456
      vertex 46.7868 -2.08567 22.3213
    endloop
  endfacet
  facet normal 0.571414 -0.0500032 -0.819137
    outer loop
      vertex 46.4381 -6.07045 22.3213
      vertex 44.4797 -5.8991 20.9447
      vertex 46.7868 -2.08567 22.3213
    endloop
  endfacet
  facet normal -0.0871577 -0.996195 0
    outer loop
      vertex 43.4915 -5.81265 22.3614
      vertex 46.4381 -6.07045 22.3213
      vertex 43.4915 -5.81265 24.4763
    endloop
  endfacet
  facet normal -0.0871578 -0.996195 -5.87624e-06
    outer loop
      vertex 46.4381 -6.07045 22.3213
      vertex 43.4915 -5.81265 22.3614
      vertex 44.4797 -5.8991 20.9447
    endloop
  endfacet
  facet normal 0.571396 -0.0499875 -0.819151
    outer loop
      vertex 46.7868 -2.08567 22.3213
      vertex 44.4797 -5.8991 20.9447
      vertex 44.8283 -1.91433 20.9447
    endloop
  endfacet
  facet normal -0.816045 0.0713901 -0.573563
    outer loop
      vertex 44.4797 -5.8991 20.9447
      vertex 43.754 -2.81236 22.3614
      vertex 44.8283 -1.91433 20.9447
    endloop
  endfacet
  facet normal -0.816037 0.0713964 -0.573573
    outer loop
      vertex 43.754 -2.81236 22.3614
      vertex 44.4797 -5.8991 20.9447
      vertex 43.4915 -5.81265 22.3614
    endloop
  endfacet
  facet normal 0.573523 0.81919 -0
    outer loop
      vertex 28.2827 33.706 18
      vertex 27.4604 34.2817 19.5
      vertex 28.2827 33.706 19.5
    endloop
  endfacet
  facet normal 0.573584 0.819146 5.05748e-05
    outer loop
      vertex 27.4604 34.2817 19.5
      vertex 28.2827 33.706 18
      vertex 22.8223 37.5294 19.5
    endloop
  endfacet
  facet normal 0.573568 0.819158 -3.73365e-05
    outer loop
      vertex 22 38.1051 18
      vertex 22.8223 37.5294 19.5
      vertex 28.2827 33.706 18
    endloop
  endfacet
  facet normal 0.573523 0.81919 -6.85864e-18
    outer loop
      vertex 22.8223 37.5294 19.5
      vertex 22 38.1051 18
      vertex 22 38.1051 19.5
    endloop
  endfacet
  facet normal 0.573532 0.819183 1.47492e-05
    outer loop
      vertex 25.9169 35.3624 26.5456
      vertex 27.4604 34.2817 29.5
      vertex 26.7796 34.7584 26.5456
    endloop
  endfacet
  facet normal 0.573575 0.819153 -7.64632e-18
    outer loop
      vertex 27.4604 34.2817 29.5
      vertex 26.7796 34.7584 22.3614
      vertex 26.7796 34.7584 26.5456
    endloop
  endfacet
  facet normal 0.573564 0.819161 -3.96442e-06
    outer loop
      vertex 27.4604 34.2817 19.5
      vertex 25.9701 35.3252 22.3614
      vertex 26.7796 34.7584 22.3614
    endloop
  endfacet
  facet normal 0.573584 0.819146 1.17248e-05
    outer loop
      vertex 22.8223 37.5294 19.5
      vertex 25.9701 35.3252 22.3614
      vertex 27.4604 34.2817 19.5
    endloop
  endfacet
  facet normal 0.573575 0.819153 -0
    outer loop
      vertex 27.4604 34.2817 19.5
      vertex 26.7796 34.7584 22.3614
      vertex 27.4604 34.2817 29.5
    endloop
  endfacet
  facet normal 0.573523 0.81919 -4.11519e-18
    outer loop
      vertex 27.4604 34.2817 29.5
      vertex 28.2827 33.706 32
      vertex 28.2827 33.706 29.5
    endloop
  endfacet
  facet normal 0.573568 0.819158 -2.24019e-05
    outer loop
      vertex 28.2827 33.706 32
      vertex 27.4604 34.2817 29.5
      vertex 22 38.1051 32
    endloop
  endfacet
  facet normal 0.573584 0.819146 3.03449e-05
    outer loop
      vertex 22.8223 37.5294 29.5
      vertex 22 38.1051 32
      vertex 27.4604 34.2817 29.5
    endloop
  endfacet
  facet normal 0.573523 0.81919 0
    outer loop
      vertex 22 38.1051 32
      vertex 22.8223 37.5294 29.5
      vertex 22 38.1051 29.5
    endloop
  endfacet
  facet normal 0.573584 0.819146 -2.57219e-05
    outer loop
      vertex 27.4604 34.2817 29.5
      vertex 25.9169 35.3624 26.5456
      vertex 22.8223 37.5294 29.5
    endloop
  endfacet
  facet normal 0.573592 0.819141 -1.36592e-05
    outer loop
      vertex 23.503 37.0527 26.5456
      vertex 22.8223 37.5294 29.5
      vertex 25.9169 35.3624 26.5456
    endloop
  endfacet
  facet normal 0.573632 0.819113 -0
    outer loop
      vertex 23.503 37.0527 22.3614
      vertex 22.8223 37.5294 29.5
      vertex 23.503 37.0527 26.5456
    endloop
  endfacet
  facet normal 0.573632 0.819113 -3.24209e-18
    outer loop
      vertex 23.503 37.0527 22.3614
      vertex 22.8223 37.5294 19.5
      vertex 22.8223 37.5294 29.5
    endloop
  endfacet
  facet normal 0.57358 0.819149 1.8255e-05
    outer loop
      vertex 25.9701 35.3252 22.3614
      vertex 22.8223 37.5294 19.5
      vertex 23.503 37.0527 22.3614
    endloop
  endfacet
  facet normal 0.573568 0.819158 6.96941e-06
    outer loop
      vertex 28.2827 33.706 14
      vertex 25.9605 35.332 12.5
      vertex 22 38.1051 14
    endloop
  endfacet
  facet normal 0.573571 0.819156 -0
    outer loop
      vertex 28.2827 33.706 9.87777
      vertex 25.9605 35.332 12.5
      vertex 28.2827 33.706 14
    endloop
  endfacet
  facet normal 0.573502 0.819204 -9.08016e-05
    outer loop
      vertex 27.3912 34.3301 9.74232
      vertex 25.9605 35.332 12.5
      vertex 28.2827 33.706 9.87777
    endloop
  endfacet
  facet normal 0.573629 0.819115 7.41774e-06
    outer loop
      vertex 26.6381 34.8575 9.62787
      vertex 25.9605 35.332 12.5
      vertex 27.3912 34.3301 9.74232
    endloop
  endfacet
  facet normal 0.573608 0.81913 -0
    outer loop
      vertex 26.6381 34.8575 5.4436
      vertex 25.9605 35.332 12.5
      vertex 26.6381 34.8575 9.62787
    endloop
  endfacet
  facet normal 0.573608 0.81913 0
    outer loop
      vertex 25.9605 35.332 12.5
      vertex 26.6381 34.8575 5.4436
      vertex 25.9605 35.332 2.5
    endloop
  endfacet
  facet normal 0.57356 0.819164 -2.67271e-05
    outer loop
      vertex 24.3222 36.4791 12.5
      vertex 22 38.1051 14
      vertex 25.9605 35.332 12.5
    endloop
  endfacet
  facet normal 0.573571 0.819156 -1.16715e-17
    outer loop
      vertex 24.3222 36.4791 12.5
      vertex 22 38.1051 9.87777
      vertex 22 38.1051 14
    endloop
  endfacet
  facet normal 0.573558 0.819165 1.77969e-05
    outer loop
      vertex 24.3222 36.4791 12.5
      vertex 23.6446 36.9536 9.62787
      vertex 22 38.1051 9.87777
    endloop
  endfacet
  facet normal 0.573608 0.81913 -8.77546e-18
    outer loop
      vertex 24.3222 36.4791 12.5
      vertex 23.6446 36.9536 7.51823
      vertex 23.6446 36.9536 9.62787
    endloop
  endfacet
  facet normal 0.573608 0.81913 -0
    outer loop
      vertex 24.3222 36.4791 2.5
      vertex 23.6446 36.9536 7.51823
      vertex 24.3222 36.4791 12.5
    endloop
  endfacet
  facet normal 0.573608 0.81913 0
    outer loop
      vertex 23.6446 36.9536 7.51823
      vertex 24.3222 36.4791 2.5
      vertex 23.6446 36.9536 5.4436
    endloop
  endfacet
  facet normal 0.573554 0.819168 -1.86393e-05
    outer loop
      vertex 24.3222 36.4791 2.5
      vertex 22 38.1051 5.69349
      vertex 23.6446 36.9536 5.4436
    endloop
  endfacet
  facet normal 0.573571 0.819156 -8.45044e-18
    outer loop
      vertex 24.3222 36.4791 2.5
      vertex 22 38.1051 0
      vertex 22 38.1051 5.69349
    endloop
  endfacet
  facet normal 0.573568 0.819158 4.18165e-06
    outer loop
      vertex 22 38.1051 0
      vertex 24.3222 36.4791 2.5
      vertex 28.2827 33.706 0
    endloop
  endfacet
  facet normal 0.57356 0.819164 1.66398e-05
    outer loop
      vertex 27.58 34.198 5.58672
      vertex 25.9605 35.332 2.5
      vertex 26.6381 34.8575 5.4436
    endloop
  endfacet
  facet normal 0.573546 0.819174 2.78239e-05
    outer loop
      vertex 28.2827 33.706 5.69349
      vertex 25.9605 35.332 2.5
      vertex 27.58 34.198 5.58672
    endloop
  endfacet
  facet normal 0.57356 0.819164 -1.60363e-05
    outer loop
      vertex 25.9605 35.332 2.5
      vertex 28.2827 33.706 0
      vertex 24.3222 36.4791 2.5
    endloop
  endfacet
  facet normal 0.573571 0.819156 -0
    outer loop
      vertex 28.2827 33.706 0
      vertex 25.9605 35.332 2.5
      vertex 28.2827 33.706 5.69349
    endloop
  endfacet
  facet normal -0.965928 0.258811 4.16473e-19
    outer loop
      vertex -42.0802 12.3106 2.5
      vertex -41.3465 15.0489 5.69349
      vertex -41.3465 15.0489 0
    endloop
  endfacet
  facet normal -0.965927 0.258816 -5.19739e-06
    outer loop
      vertex -41.3465 15.0489 5.69349
      vertex -42.0802 12.3106 2.5
      vertex -41.8661 13.1097 5.4436
    endloop
  endfacet
  facet normal -0.965929 0.258808 -3.51611e-06
    outer loop
      vertex -41.3465 15.0489 0
      vertex -42.5978 10.3788 2.5
      vertex -42.0802 12.3106 2.5
    endloop
  endfacet
  facet normal -0.965927 0.258814 0
    outer loop
      vertex -42.5978 10.3788 2.5
      vertex -42.8119 9.57975 5.4436
      vertex -42.5978 10.3788 12.5
    endloop
  endfacet
  facet normal -0.965928 0.258811 2.22204e-06
    outer loop
      vertex -43.3315 7.64052 0
      vertex -42.5978 10.3788 2.5
      vertex -41.3465 15.0489 0
    endloop
  endfacet
  facet normal -0.965928 0.258812 0
    outer loop
      vertex -43.3315 7.64052 5.69349
      vertex -42.5978 10.3788 2.5
      vertex -43.3315 7.64052 0
    endloop
  endfacet
  facet normal -0.965928 0.258812 -4.84486e-07
    outer loop
      vertex -42.5978 10.3788 2.5
      vertex -43.3315 7.64052 5.69349
      vertex -42.8119 9.57975 5.4436
    endloop
  endfacet
  facet normal -0.965934 0.258787 -2.68084e-05
    outer loop
      vertex -42.0802 12.3106 12.5
      vertex -41.3465 15.0489 9.87777
      vertex -41.6281 13.9978 9.74232
    endloop
  endfacet
  facet normal -0.965917 0.258852 1.59354e-05
    outer loop
      vertex -42.0802 12.3106 12.5
      vertex -41.6281 13.9978 9.74232
      vertex -41.8661 13.1097 9.62787
    endloop
  endfacet
  facet normal -0.965931 0.258799 -2.05153e-18
    outer loop
      vertex -42.0802 12.3106 2.5
      vertex -41.8661 13.1097 9.62787
      vertex -41.8661 13.1097 5.4436
    endloop
  endfacet
  facet normal -0.965931 0.258799 0
    outer loop
      vertex -42.0802 12.3106 12.5
      vertex -41.8661 13.1097 9.62787
      vertex -42.0802 12.3106 2.5
    endloop
  endfacet
  facet normal -0.965928 0.258811 0
    outer loop
      vertex -41.3465 15.0489 9.87777
      vertex -42.0802 12.3106 12.5
      vertex -41.3465 15.0489 14
    endloop
  endfacet
  facet normal -0.965929 0.258808 5.86018e-06
    outer loop
      vertex -42.5978 10.3788 12.5
      vertex -41.3465 15.0489 14
      vertex -42.0802 12.3106 12.5
    endloop
  endfacet
  facet normal -0.965927 0.258814 0
    outer loop
      vertex -42.8119 9.57975 9.62787
      vertex -42.5978 10.3788 12.5
      vertex -42.8119 9.57975 5.4436
    endloop
  endfacet
  facet normal -0.965928 0.258812 4.62588e-07
    outer loop
      vertex -43.3315 7.64052 9.87777
      vertex -42.5978 10.3788 12.5
      vertex -42.8119 9.57975 9.62787
    endloop
  endfacet
  facet normal -0.965928 0.258811 -3.7034e-06
    outer loop
      vertex -42.5978 10.3788 12.5
      vertex -43.3315 7.64052 14
      vertex -41.3465 15.0489 14
    endloop
  endfacet
  facet normal -0.965928 0.258812 0
    outer loop
      vertex -43.3315 7.64052 14
      vertex -42.5978 10.3788 12.5
      vertex -43.3315 7.64052 9.87777
    endloop
  endfacet
  facet normal -0.965927 0.258816 0
    outer loop
      vertex -41.3465 15.0489 18
      vertex -41.6063 14.0793 19.5
      vertex -41.3465 15.0489 19.5
    endloop
  endfacet
  facet normal -0.965921 0.258838 0
    outer loop
      vertex -41.6063 14.0793 19.5
      vertex -41.8214 13.2766 22.3614
      vertex -41.6063 14.0793 29.5
    endloop
  endfacet
  facet normal -0.965947 0.258739 -2.973e-05
    outer loop
      vertex -41.6063 14.0793 19.5
      vertex -42.0771 12.322 22.3614
      vertex -41.8214 13.2766 22.3614
    endloop
  endfacet
  facet normal -0.965928 0.25881 1.64733e-05
    outer loop
      vertex -43.0717 8.61014 19.5
      vertex -42.0771 12.322 22.3614
      vertex -41.6063 14.0793 19.5
    endloop
  endfacet
  facet normal -0.965928 0.25881 -4.23025e-06
    outer loop
      vertex -43.0717 8.61014 19.5
      vertex -41.6063 14.0793 19.5
      vertex -41.3465 15.0489 18
    endloop
  endfacet
  facet normal -0.965921 0.258835 0
    outer loop
      vertex -42.8566 9.41285 22.3614
      vertex -43.0717 8.61014 19.5
      vertex -42.8566 9.41285 26.5456
    endloop
  endfacet
  facet normal -0.965926 0.258818 5.30525e-06
    outer loop
      vertex -42.0771 12.322 22.3614
      vertex -43.0717 8.61014 19.5
      vertex -42.8566 9.41285 22.3614
    endloop
  endfacet
  facet normal -0.965928 0.258811 1.23777e-07
    outer loop
      vertex -43.3315 7.64052 18
      vertex -43.0717 8.61014 19.5
      vertex -41.3465 15.0489 18
    endloop
  endfacet
  facet normal -0.965928 0.258811 1.29069e-17
    outer loop
      vertex -43.0717 8.61014 19.5
      vertex -43.3315 7.64052 18
      vertex -43.3315 7.64052 19.5
    endloop
  endfacet
  facet normal -0.965927 0.258816 1.65254e-18
    outer loop
      vertex -41.6063 14.0793 29.5
      vertex -41.3465 15.0489 32
      vertex -41.3465 15.0489 29.5
    endloop
  endfacet
  facet normal -0.965921 0.258838 0
    outer loop
      vertex -41.8214 13.2766 26.5456
      vertex -41.6063 14.0793 29.5
      vertex -41.8214 13.2766 22.3614
    endloop
  endfacet
  facet normal -0.965946 0.258744 2.74726e-05
    outer loop
      vertex -42.0939 12.2593 26.5456
      vertex -41.6063 14.0793 29.5
      vertex -41.8214 13.2766 26.5456
    endloop
  endfacet
  facet normal -0.965928 0.25881 -1.58766e-05
    outer loop
      vertex -43.0717 8.61014 29.5
      vertex -41.6063 14.0793 29.5
      vertex -42.0939 12.2593 26.5456
    endloop
  endfacet
  facet normal -0.965926 0.258818 -5.10877e-06
    outer loop
      vertex -43.0717 8.61014 29.5
      vertex -42.0939 12.2593 26.5456
      vertex -42.8566 9.41285 26.5456
    endloop
  endfacet
  facet normal -0.965921 0.258835 0
    outer loop
      vertex -43.0717 8.61014 29.5
      vertex -42.8566 9.41285 26.5456
      vertex -43.0717 8.61014 19.5
    endloop
  endfacet
  facet normal -0.965928 0.25881 2.53815e-06
    outer loop
      vertex -41.6063 14.0793 29.5
      vertex -43.0717 8.61014 29.5
      vertex -41.3465 15.0489 32
    endloop
  endfacet
  facet normal -0.965928 0.258811 0
    outer loop
      vertex -43.3315 7.64052 32
      vertex -43.0717 8.61014 29.5
      vertex -43.3315 7.64052 29.5
    endloop
  endfacet
  facet normal -0.965928 0.258811 -7.42663e-08
    outer loop
      vertex -43.0717 8.61014 29.5
      vertex -43.3315 7.64052 32
      vertex -41.3465 15.0489 32
    endloop
  endfacet
  facet normal 0.996194 -0.087167 0
    outer loop
      vertex 44 0 32
      vertex 43.9125 -1 29.5
      vertex 44 0 29.5
    endloop
  endfacet
  facet normal 0.996198 -0.0871208 0
    outer loop
      vertex 43.9125 -1 29.5
      vertex 43.8401 -1.82787 24.4763
      vertex 43.9125 -1 19.5
    endloop
  endfacet
  facet normal 0.996198 -0.0871208 1.66683e-18
    outer loop
      vertex 43.9125 -1 29.5
      vertex 43.8401 -1.82787 26.5456
      vertex 43.8401 -1.82787 24.4763
    endloop
  endfacet
  facet normal 0.996194 -0.0871672 1.30905e-05
    outer loop
      vertex 43.9125 -1 29.5
      vertex 43.7483 -2.87701 26.5456
      vertex 43.8401 -1.82787 26.5456
    endloop
  endfacet
  facet normal 0.996194 -0.087159 -3.21437e-06
    outer loop
      vertex 43.419 -6.64052 29.5
      vertex 43.9125 -1 29.5
      vertex 44 0 32
    endloop
  endfacet
  facet normal 0.996194 -0.087159 7.83422e-06
    outer loop
      vertex 43.9125 -1 29.5
      vertex 43.419 -6.64052 29.5
      vertex 43.7483 -2.87701 26.5456
    endloop
  endfacet
  facet normal 0.996187 -0.0872402 0
    outer loop
      vertex 43.4915 -5.81265 26.5456
      vertex 43.419 -6.64052 29.5
      vertex 43.4915 -5.81265 24.4763
    endloop
  endfacet
  facet normal 0.996196 -0.0871439 2.72087e-05
    outer loop
      vertex 43.7483 -2.87701 26.5456
      vertex 43.419 -6.64052 29.5
      vertex 43.4915 -5.81265 26.5456
    endloop
  endfacet
  facet normal 0.996194 -0.0871611 2.37297e-06
    outer loop
      vertex 43.3315 -7.64052 32
      vertex 43.419 -6.64052 29.5
      vertex 44 0 32
    endloop
  endfacet
  facet normal 0.996194 -0.087167 0
    outer loop
      vertex 43.419 -6.64052 29.5
      vertex 43.3315 -7.64052 32
      vertex 43.3315 -7.64052 29.5
    endloop
  endfacet
  facet normal 0.996194 -0.087167 0
    outer loop
      vertex 43.9125 -1 19.5
      vertex 44 0 18
      vertex 44 0 19.5
    endloop
  endfacet
  facet normal 0.996198 -0.0871208 0
    outer loop
      vertex 43.8401 -1.82787 22.3614
      vertex 43.9125 -1 19.5
      vertex 43.8401 -1.82787 24.4763
    endloop
  endfacet
  facet normal 0.996197 -0.0871239 -8.95051e-07
    outer loop
      vertex 43.754 -2.81236 22.3614
      vertex 43.9125 -1 19.5
      vertex 43.8401 -1.82787 22.3614
    endloop
  endfacet
  facet normal 0.996194 -0.0871586 -2.38053e-05
    outer loop
      vertex 43.419 -6.64052 19.5
      vertex 43.754 -2.81236 22.3614
      vertex 43.4915 -5.81265 22.3614
    endloop
  endfacet
  facet normal 0.996194 -0.087159 -2.32844e-05
    outer loop
      vertex 43.754 -2.81236 22.3614
      vertex 43.419 -6.64052 19.5
      vertex 43.9125 -1 19.5
    endloop
  endfacet
  facet normal 0.996187 -0.0872402 0
    outer loop
      vertex 43.419 -6.64052 19.5
      vertex 43.4915 -5.81265 24.4763
      vertex 43.419 -6.64052 29.5
    endloop
  endfacet
  facet normal 0.996187 -0.0872402 0
    outer loop
      vertex 43.4915 -5.81265 24.4763
      vertex 43.419 -6.64052 19.5
      vertex 43.4915 -5.81265 22.3614
    endloop
  endfacet
  facet normal 0.996194 -0.087159 5.35729e-06
    outer loop
      vertex 43.9125 -1 19.5
      vertex 43.419 -6.64052 19.5
      vertex 44 0 18
    endloop
  endfacet
  facet normal 0.996194 -0.087167 0
    outer loop
      vertex 43.3315 -7.64052 18
      vertex 43.419 -6.64052 19.5
      vertex 43.3315 -7.64052 19.5
    endloop
  endfacet
  facet normal 0.996194 -0.0871611 -3.95495e-06
    outer loop
      vertex 43.419 -6.64052 19.5
      vertex 43.3315 -7.64052 18
      vertex 44 0 18
    endloop
  endfacet
  facet normal 0.996194 -0.0871651 -3.82248e-18
    outer loop
      vertex 43.7529 -2.82406 12.5
      vertex 44 0 9.87777
      vertex 44 0 14
    endloop
  endfacet
  facet normal 0.996194 -0.0871607 0
    outer loop
      vertex 43.825 -2 9.62787
      vertex 43.7529 -2.82406 12.5
      vertex 43.825 -2 5.4436
    endloop
  endfacet
  facet normal 0.996194 -0.0871667 -1.75793e-06
    outer loop
      vertex 44 0 9.87777
      vertex 43.7529 -2.82406 12.5
      vertex 43.825 -2 9.62787
    endloop
  endfacet
  facet normal 0.996195 -0.08715 -2.8637e-05
    outer loop
      vertex 44 0 14
      vertex 43.5786 -4.81645 12.5
      vertex 43.7529 -2.82406 12.5
    endloop
  endfacet
  facet normal 0.996194 -0.0871596 0
    outer loop
      vertex 43.5786 -4.81645 12.5
      vertex 43.5065 -5.64052 5.4436
      vertex 43.5786 -4.81645 2.5
    endloop
  endfacet
  facet normal 0.996194 -0.0871596 5.35436e-19
    outer loop
      vertex 43.5786 -4.81645 12.5
      vertex 43.5065 -5.64052 9.62787
      vertex 43.5065 -5.64052 5.4436
    endloop
  endfacet
  facet normal 0.996194 -0.0871611 7.10127e-06
    outer loop
      vertex 43.3315 -7.64052 14
      vertex 43.5786 -4.81645 12.5
      vertex 44 0 14
    endloop
  endfacet
  facet normal 0.996194 -0.0871648 0
    outer loop
      vertex 43.3315 -7.64052 9.87777
      vertex 43.5786 -4.81645 12.5
      vertex 43.3315 -7.64052 14
    endloop
  endfacet
  facet normal 0.996194 -0.0871667 2.05092e-06
    outer loop
      vertex 43.5786 -4.81645 12.5
      vertex 43.3315 -7.64052 9.87777
      vertex 43.5065 -5.64052 9.62787
    endloop
  endfacet
  facet normal 0.996194 -0.0871672 1.84114e-06
    outer loop
      vertex 43.7529 -2.82406 2.5
      vertex 44 0 5.69349
      vertex 43.825 -2 5.4436
    endloop
  endfacet
  facet normal 0.996194 -0.0871607 0
    outer loop
      vertex 43.7529 -2.82406 2.5
      vertex 43.825 -2 5.4436
      vertex 43.7529 -2.82406 12.5
    endloop
  endfacet
  facet normal 0.996194 -0.0871651 0
    outer loop
      vertex 44 0 5.69349
      vertex 43.7529 -2.82406 2.5
      vertex 44 0 0
    endloop
  endfacet
  facet normal 0.996195 -0.08715 1.71822e-05
    outer loop
      vertex 43.5786 -4.81645 2.5
      vertex 44 0 0
      vertex 43.7529 -2.82406 2.5
    endloop
  endfacet
  facet normal 0.996194 -0.0871672 -2.148e-06
    outer loop
      vertex 43.3315 -7.64052 5.69349
      vertex 43.5786 -4.81645 2.5
      vertex 43.5065 -5.64052 5.4436
    endloop
  endfacet
  facet normal 0.996194 -0.0871611 -4.26076e-06
    outer loop
      vertex 43.5786 -4.81645 2.5
      vertex 43.3315 -7.64052 0
      vertex 44 0 0
    endloop
  endfacet
  facet normal 0.996194 -0.0871648 0
    outer loop
      vertex 43.3315 -7.64052 0
      vertex 43.5786 -4.81645 2.5
      vertex 43.3315 -7.64052 5.69349
    endloop
  endfacet
  facet normal -0.258816 -0.965927 -5.19739e-06
    outer loop
      vertex -15.0489 -41.3465 5.69349
      vertex -12.3106 -42.0802 2.5
      vertex -13.1097 -41.8661 5.4436
    endloop
  endfacet
  facet normal -0.258808 -0.965929 -3.51611e-06
    outer loop
      vertex -12.3106 -42.0802 2.5
      vertex -15.0489 -41.3465 0
      vertex -10.3788 -42.5978 2.5
    endloop
  endfacet
  facet normal -0.258811 -0.965928 0
    outer loop
      vertex -15.0489 -41.3465 0
      vertex -12.3106 -42.0802 2.5
      vertex -15.0489 -41.3465 5.69349
    endloop
  endfacet
  facet normal -0.258811 -0.965928 2.52596e-07
    outer loop
      vertex -15.0489 -41.3465 14
      vertex -12.3106 -42.0802 12.5
      vertex -7.64052 -43.3315 14
    endloop
  endfacet
  facet normal -0.258811 -0.965928 0
    outer loop
      vertex -15.0489 -41.3465 9.87777
      vertex -12.3106 -42.0802 12.5
      vertex -15.0489 -41.3465 14
    endloop
  endfacet
  facet normal -0.258787 -0.965934 -2.68084e-05
    outer loop
      vertex -13.9978 -41.6281 9.74232
      vertex -12.3106 -42.0802 12.5
      vertex -15.0489 -41.3465 9.87777
    endloop
  endfacet
  facet normal -0.258852 -0.965917 1.59354e-05
    outer loop
      vertex -13.1097 -41.8661 9.62787
      vertex -12.3106 -42.0802 12.5
      vertex -13.9978 -41.6281 9.74232
    endloop
  endfacet
  facet normal -0.258799 -0.965931 0
    outer loop
      vertex -13.1097 -41.8661 5.4436
      vertex -12.3106 -42.0802 12.5
      vertex -13.1097 -41.8661 9.62787
    endloop
  endfacet
  facet normal -0.258799 -0.965931 -0
    outer loop
      vertex -12.3106 -42.0802 12.5
      vertex -13.1097 -41.8661 5.4436
      vertex -12.3106 -42.0802 2.5
    endloop
  endfacet
  facet normal -0.258808 -0.965929 -9.31094e-06
    outer loop
      vertex -10.3788 -42.5978 12.5
      vertex -7.64052 -43.3315 14
      vertex -12.3106 -42.0802 12.5
    endloop
  endfacet
  facet normal -0.258812 -0.965928 8.29435e-18
    outer loop
      vertex -10.3788 -42.5978 12.5
      vertex -7.64052 -43.3315 9.87777
      vertex -7.64052 -43.3315 14
    endloop
  endfacet
  facet normal -0.258812 -0.965928 4.62588e-07
    outer loop
      vertex -10.3788 -42.5978 12.5
      vertex -9.57975 -42.8119 9.62787
      vertex -7.64052 -43.3315 9.87777
    endloop
  endfacet
  facet normal -0.258814 -0.965927 -2.31397e-18
    outer loop
      vertex -10.3788 -42.5978 12.5
      vertex -9.57975 -42.8119 5.4436
      vertex -9.57975 -42.8119 9.62787
    endloop
  endfacet
  facet normal -0.258814 -0.965927 -9.68229e-19
    outer loop
      vertex -9.57975 -42.8119 5.4436
      vertex -10.3788 -42.5978 12.5
      vertex -10.3788 -42.5978 2.5
    endloop
  endfacet
  facet normal -0.258812 -0.965928 -4.84486e-07
    outer loop
      vertex -10.3788 -42.5978 2.5
      vertex -7.64052 -43.3315 5.69349
      vertex -9.57975 -42.8119 5.4436
    endloop
  endfacet
  facet normal -0.258812 -0.965928 6.00532e-18
    outer loop
      vertex -10.3788 -42.5978 2.5
      vertex -7.64052 -43.3315 0
      vertex -7.64052 -43.3315 5.69349
    endloop
  endfacet
  facet normal -0.258811 -0.965928 2.22204e-06
    outer loop
      vertex -7.64052 -43.3315 0
      vertex -10.3788 -42.5978 2.5
      vertex -15.0489 -41.3465 0
    endloop
  endfacet
  facet normal -0.258816 -0.965927 0
    outer loop
      vertex -15.0489 -41.3465 18
      vertex -14.0793 -41.6063 19.5
      vertex -15.0489 -41.3465 19.5
    endloop
  endfacet
  facet normal -0.25881 -0.965928 -4.23025e-06
    outer loop
      vertex -14.0793 -41.6063 19.5
      vertex -15.0489 -41.3465 18
      vertex -8.61014 -43.0717 19.5
    endloop
  endfacet
  facet normal -0.258811 -0.965928 1.23777e-07
    outer loop
      vertex -7.64052 -43.3315 18
      vertex -8.61014 -43.0717 19.5
      vertex -15.0489 -41.3465 18
    endloop
  endfacet
  facet normal -0.258811 -0.965928 -1.29069e-17
    outer loop
      vertex -8.61014 -43.0717 19.5
      vertex -7.64052 -43.3315 18
      vertex -7.64052 -43.3315 19.5
    endloop
  endfacet
  facet normal -0.258744 -0.965946 2.74726e-05
    outer loop
      vertex -12.2593 -42.0939 26.5456
      vertex -14.0793 -41.6063 29.5
      vertex -13.2766 -41.8214 26.5456
    endloop
  endfacet
  facet normal -0.258838 -0.965921 -3.93656e-18
    outer loop
      vertex -14.0793 -41.6063 29.5
      vertex -13.2766 -41.8214 22.3614
      vertex -13.2766 -41.8214 26.5456
    endloop
  endfacet
  facet normal -0.258739 -0.965947 -2.973e-05
    outer loop
      vertex -14.0793 -41.6063 19.5
      vertex -12.322 -42.0771 22.3614
      vertex -13.2766 -41.8214 22.3614
    endloop
  endfacet
  facet normal -0.25881 -0.965928 1.64733e-05
    outer loop
      vertex -8.61014 -43.0717 19.5
      vertex -12.322 -42.0771 22.3614
      vertex -14.0793 -41.6063 19.5
    endloop
  endfacet
  facet normal -0.258838 -0.965921 0
    outer loop
      vertex -14.0793 -41.6063 19.5
      vertex -13.2766 -41.8214 22.3614
      vertex -14.0793 -41.6063 29.5
    endloop
  endfacet
  facet normal -0.258816 -0.965927 -1.65254e-18
    outer loop
      vertex -14.0793 -41.6063 29.5
      vertex -15.0489 -41.3465 32
      vertex -15.0489 -41.3465 29.5
    endloop
  endfacet
  facet normal -0.258811 -0.965928 2.14475e-06
    outer loop
      vertex -15.0489 -41.3465 32
      vertex -14.0793 -41.6063 29.5
      vertex -7.64052 -43.3315 32
    endloop
  endfacet
  facet normal -0.25881 -0.965928 -4.67673e-07
    outer loop
      vertex -8.61014 -43.0717 29.5
      vertex -7.64052 -43.3315 32
      vertex -14.0793 -41.6063 29.5
    endloop
  endfacet
  facet normal -0.258811 -0.965928 -0
    outer loop
      vertex -7.64052 -43.3315 32
      vertex -8.61014 -43.0717 29.5
      vertex -7.64052 -43.3315 29.5
    endloop
  endfacet
  facet normal -0.25881 -0.965928 -1.58766e-05
    outer loop
      vertex -14.0793 -41.6063 29.5
      vertex -12.2593 -42.0939 26.5456
      vertex -8.61014 -43.0717 29.5
    endloop
  endfacet
  facet normal -0.258818 -0.965926 -5.10877e-06
    outer loop
      vertex -9.41285 -42.8566 26.5456
      vertex -8.61014 -43.0717 29.5
      vertex -12.2593 -42.0939 26.5456
    endloop
  endfacet
  facet normal -0.258835 -0.965921 0
    outer loop
      vertex -9.41285 -42.8566 22.3614
      vertex -8.61014 -43.0717 29.5
      vertex -9.41285 -42.8566 26.5456
    endloop
  endfacet
  facet normal -0.258835 -0.965921 4.37057e-19
    outer loop
      vertex -9.41285 -42.8566 22.3614
      vertex -8.61014 -43.0717 19.5
      vertex -8.61014 -43.0717 29.5
    endloop
  endfacet
  facet normal -0.258818 -0.965926 5.30525e-06
    outer loop
      vertex -12.322 -42.0771 22.3614
      vertex -8.61014 -43.0717 19.5
      vertex -9.41285 -42.8566 22.3614
    endloop
  endfacet
  facet normal -0.258812 0.965928 -4.84486e-07
    outer loop
      vertex -7.64052 43.3315 5.69349
      vertex -10.3788 42.5978 2.5
      vertex -9.57975 42.8119 5.4436
    endloop
  endfacet
  facet normal -0.258808 0.965929 5.58657e-06
    outer loop
      vertex -10.3788 42.5978 2.5
      vertex -7.64052 43.3315 0
      vertex -12.3106 42.0802 2.5
    endloop
  endfacet
  facet normal -0.258812 0.965928 0
    outer loop
      vertex -7.64052 43.3315 0
      vertex -10.3788 42.5978 2.5
      vertex -7.64052 43.3315 5.69349
    endloop
  endfacet
  facet normal -0.258811 0.965928 -3.7034e-06
    outer loop
      vertex -7.64052 43.3315 14
      vertex -10.3788 42.5978 12.5
      vertex -15.0489 41.3465 14
    endloop
  endfacet
  facet normal -0.258812 0.965928 0
    outer loop
      vertex -7.64052 43.3315 9.87777
      vertex -10.3788 42.5978 12.5
      vertex -7.64052 43.3315 14
    endloop
  endfacet
  facet normal -0.258812 0.965928 4.62588e-07
    outer loop
      vertex -9.57975 42.8119 9.62787
      vertex -10.3788 42.5978 12.5
      vertex -7.64052 43.3315 9.87777
    endloop
  endfacet
  facet normal -0.258814 0.965927 0
    outer loop
      vertex -9.57975 42.8119 5.4436
      vertex -10.3788 42.5978 12.5
      vertex -9.57975 42.8119 9.62787
    endloop
  endfacet
  facet normal -0.258814 0.965927 0
    outer loop
      vertex -10.3788 42.5978 12.5
      vertex -9.57975 42.8119 5.4436
      vertex -10.3788 42.5978 2.5
    endloop
  endfacet
  facet normal -0.258808 0.965929 5.86018e-06
    outer loop
      vertex -12.3106 42.0802 12.5
      vertex -15.0489 41.3465 14
      vertex -10.3788 42.5978 12.5
    endloop
  endfacet
  facet normal -0.258811 0.965928 5.75219e-19
    outer loop
      vertex -12.3106 42.0802 12.5
      vertex -15.0489 41.3465 9.87777
      vertex -15.0489 41.3465 14
    endloop
  endfacet
  facet normal -0.258787 0.965934 -2.68084e-05
    outer loop
      vertex -12.3106 42.0802 12.5
      vertex -13.9978 41.6281 9.74232
      vertex -15.0489 41.3465 9.87777
    endloop
  endfacet
  facet normal -0.258852 0.965917 1.59354e-05
    outer loop
      vertex -12.3106 42.0802 12.5
      vertex -13.1097 41.8661 9.62787
      vertex -13.9978 41.6281 9.74232
    endloop
  endfacet
  facet normal -0.258799 0.965931 -2.05153e-18
    outer loop
      vertex -12.3106 42.0802 12.5
      vertex -13.1097 41.8661 5.4436
      vertex -13.1097 41.8661 9.62787
    endloop
  endfacet
  facet normal -0.258799 0.965931 -8.58414e-19
    outer loop
      vertex -13.1097 41.8661 5.4436
      vertex -12.3106 42.0802 12.5
      vertex -12.3106 42.0802 2.5
    endloop
  endfacet
  facet normal -0.258816 0.965927 -5.19739e-06
    outer loop
      vertex -12.3106 42.0802 2.5
      vertex -15.0489 41.3465 5.69349
      vertex -13.1097 41.8661 5.4436
    endloop
  endfacet
  facet normal -0.258811 0.965928 4.16473e-19
    outer loop
      vertex -12.3106 42.0802 2.5
      vertex -15.0489 41.3465 0
      vertex -15.0489 41.3465 5.69349
    endloop
  endfacet
  facet normal -0.258811 0.965928 -1.51557e-07
    outer loop
      vertex -15.0489 41.3465 0
      vertex -12.3106 42.0802 2.5
      vertex -7.64052 43.3315 0
    endloop
  endfacet
  facet normal -0.258811 0.965928 0
    outer loop
      vertex -7.64052 43.3315 18
      vertex -8.61014 43.0717 19.5
      vertex -7.64052 43.3315 19.5
    endloop
  endfacet
  facet normal -0.25881 0.965928 7.79455e-07
    outer loop
      vertex -8.61014 43.0717 19.5
      vertex -7.64052 43.3315 18
      vertex -14.0793 41.6063 19.5
    endloop
  endfacet
  facet normal -0.258811 0.965928 -3.57459e-06
    outer loop
      vertex -15.0489 41.3465 18
      vertex -14.0793 41.6063 19.5
      vertex -7.64052 43.3315 18
    endloop
  endfacet
  facet normal -0.258816 0.965927 2.75424e-18
    outer loop
      vertex -14.0793 41.6063 19.5
      vertex -15.0489 41.3465 18
      vertex -15.0489 41.3465 19.5
    endloop
  endfacet
  facet normal -0.258818 0.965926 -5.10877e-06
    outer loop
      vertex -12.2593 42.0939 26.5456
      vertex -8.61014 43.0717 29.5
      vertex -9.41285 42.8566 26.5456
    endloop
  endfacet
  facet normal -0.258835 0.965921 -1.04454e-18
    outer loop
      vertex -8.61014 43.0717 29.5
      vertex -9.41285 42.8566 22.3614
      vertex -9.41285 42.8566 26.5456
    endloop
  endfacet
  facet normal -0.258818 0.965926 5.30525e-06
    outer loop
      vertex -8.61014 43.0717 19.5
      vertex -12.322 42.0771 22.3614
      vertex -9.41285 42.8566 22.3614
    endloop
  endfacet
  facet normal -0.25881 0.965928 1.64733e-05
    outer loop
      vertex -14.0793 41.6063 19.5
      vertex -12.322 42.0771 22.3614
      vertex -8.61014 43.0717 19.5
    endloop
  endfacet
  facet normal -0.258835 0.965921 0
    outer loop
      vertex -8.61014 43.0717 19.5
      vertex -9.41285 42.8566 22.3614
      vertex -8.61014 43.0717 29.5
    endloop
  endfacet
  facet normal -0.258811 0.965928 7.74413e-18
    outer loop
      vertex -8.61014 43.0717 29.5
      vertex -7.64052 43.3315 32
      vertex -7.64052 43.3315 29.5
    endloop
  endfacet
  facet normal -0.258811 0.965928 -7.42663e-08
    outer loop
      vertex -7.64052 43.3315 32
      vertex -8.61014 43.0717 29.5
      vertex -15.0489 41.3465 32
    endloop
  endfacet
  facet normal -0.25881 0.965928 2.53815e-06
    outer loop
      vertex -14.0793 41.6063 29.5
      vertex -15.0489 41.3465 32
      vertex -8.61014 43.0717 29.5
    endloop
  endfacet
  facet normal -0.258816 0.965927 0
    outer loop
      vertex -15.0489 41.3465 32
      vertex -14.0793 41.6063 29.5
      vertex -15.0489 41.3465 29.5
    endloop
  endfacet
  facet normal -0.25881 0.965928 -1.58766e-05
    outer loop
      vertex -8.61014 43.0717 29.5
      vertex -12.2593 42.0939 26.5456
      vertex -14.0793 41.6063 29.5
    endloop
  endfacet
  facet normal -0.258744 0.965946 2.74726e-05
    outer loop
      vertex -13.2766 41.8214 26.5456
      vertex -14.0793 41.6063 29.5
      vertex -12.2593 42.0939 26.5456
    endloop
  endfacet
  facet normal -0.258838 0.965921 0
    outer loop
      vertex -13.2766 41.8214 22.3614
      vertex -14.0793 41.6063 29.5
      vertex -13.2766 41.8214 26.5456
    endloop
  endfacet
  facet normal -0.258838 0.965921 1.64714e-18
    outer loop
      vertex -13.2766 41.8214 22.3614
      vertex -14.0793 41.6063 19.5
      vertex -14.0793 41.6063 29.5
    endloop
  endfacet
  facet normal -0.258739 0.965947 -2.973e-05
    outer loop
      vertex -12.322 42.0771 22.3614
      vertex -14.0793 41.6063 19.5
      vertex -13.2766 41.8214 22.3614
    endloop
  endfacet
  facet normal -0.906306 0.422623 -9.40415e-18
    outer loop
      vertex -39.3032 19.4307 2.5
      vertex -38.1051 22 5.69349
      vertex -38.1051 22 0
    endloop
  endfacet
  facet normal -0.906312 0.42261 1.3006e-05
    outer loop
      vertex -38.1051 22 5.69349
      vertex -39.3032 19.4307 2.5
      vertex -38.4676 21.2226 5.58672
    endloop
  endfacet
  facet normal -0.906325 0.422581 0
    outer loop
      vertex -38.9536 20.1805 5.4436
      vertex -39.3032 19.4307 2.5
      vertex -38.9536 20.1805 9.62787
    endloop
  endfacet
  facet normal -0.906286 0.422665 -2.5913e-05
    outer loop
      vertex -38.4676 21.2226 5.58672
      vertex -39.3032 19.4307 2.5
      vertex -38.9536 20.1805 5.4436
    endloop
  endfacet
  facet normal -0.906313 0.422606 -2.07403e-05
    outer loop
      vertex -38.1051 22 0
      vertex -40.1484 17.6181 2.5
      vertex -39.3032 19.4307 2.5
    endloop
  endfacet
  facet normal -0.906304 0.422627 0
    outer loop
      vertex -40.498 16.8684 7.51823
      vertex -40.1484 17.6181 2.5
      vertex -40.498 16.8684 5.4436
    endloop
  endfacet
  facet normal -0.906287 0.422663 1.10338e-05
    outer loop
      vertex -40.1484 17.6181 2.5
      vertex -40.984 15.8263 5.58672
      vertex -40.498 16.8684 5.4436
    endloop
  endfacet
  facet normal -0.906305 0.422623 1.60648e-05
    outer loop
      vertex -41.3465 15.0489 0
      vertex -40.1484 17.6181 2.5
      vertex -38.1051 22 0
    endloop
  endfacet
  facet normal -0.906299 0.422636 0
    outer loop
      vertex -41.3465 15.0489 5.69349
      vertex -40.1484 17.6181 2.5
      vertex -41.3465 15.0489 0
    endloop
  endfacet
  facet normal -0.906313 0.422608 -2.78833e-05
    outer loop
      vertex -40.1484 17.6181 2.5
      vertex -41.3465 15.0489 5.69349
      vertex -40.984 15.8263 5.58672
    endloop
  endfacet
  facet normal -0.906299 0.422638 1.80985e-05
    outer loop
      vertex -39.3032 19.4307 12.5
      vertex -38.1051 22 9.87777
      vertex -38.9536 20.1805 9.62787
    endloop
  endfacet
  facet normal -0.906325 0.422581 0
    outer loop
      vertex -39.3032 19.4307 12.5
      vertex -38.9536 20.1805 9.62787
      vertex -39.3032 19.4307 2.5
    endloop
  endfacet
  facet normal -0.906306 0.422623 0
    outer loop
      vertex -38.1051 22 9.87777
      vertex -39.3032 19.4307 12.5
      vertex -38.1051 22 14
    endloop
  endfacet
  facet normal -0.906313 0.422606 3.45672e-05
    outer loop
      vertex -40.1484 17.6181 12.5
      vertex -38.1051 22 14
      vertex -39.3032 19.4307 12.5
    endloop
  endfacet
  facet normal -0.906304 0.422627 0
    outer loop
      vertex -40.1484 17.6181 2.5
      vertex -40.498 16.8684 7.51823
      vertex -40.1484 17.6181 12.5
    endloop
  endfacet
  facet normal -0.906304 0.422627 0
    outer loop
      vertex -40.498 16.8684 9.62787
      vertex -40.1484 17.6181 12.5
      vertex -40.498 16.8684 7.51823
    endloop
  endfacet
  facet normal -0.906298 0.42264 -3.89261e-06
    outer loop
      vertex -41.3465 15.0489 9.87777
      vertex -40.1484 17.6181 12.5
      vertex -40.498 16.8684 9.62787
    endloop
  endfacet
  facet normal -0.906305 0.422623 -2.67746e-05
    outer loop
      vertex -40.1484 17.6181 12.5
      vertex -41.3465 15.0489 14
      vertex -38.1051 22 14
    endloop
  endfacet
  facet normal -0.906299 0.422636 0
    outer loop
      vertex -41.3465 15.0489 14
      vertex -40.1484 17.6181 12.5
      vertex -41.3465 15.0489 9.87777
    endloop
  endfacet
  facet normal -0.906287 0.422662 0
    outer loop
      vertex -38.1051 22 18
      vertex -38.5294 21.0902 19.5
      vertex -38.1051 22 19.5
    endloop
  endfacet
  facet normal -0.906297 0.422642 0
    outer loop
      vertex -38.5294 21.0902 19.5
      vertex -38.8806 20.3371 24.4763
      vertex -38.5294 21.0902 29.5
    endloop
  endfacet
  facet normal -0.906297 0.422642 -1.24312e-17
    outer loop
      vertex -38.5294 21.0902 19.5
      vertex -38.8806 20.3371 22.3614
      vertex -38.8806 20.3371 24.4763
    endloop
  endfacet
  facet normal -0.906336 0.422559 -2.66212e-05
    outer loop
      vertex -38.5294 21.0902 19.5
      vertex -39.2982 19.4414 22.3614
      vertex -38.8806 20.3371 22.3614
    endloop
  endfacet
  facet normal -0.906312 0.42261 9.3475e-06
    outer loop
      vertex -40.9222 15.9587 19.5
      vertex -39.2982 19.4414 22.3614
      vertex -38.5294 21.0902 19.5
    endloop
  endfacet
  facet normal -0.906312 0.42261 -3.8386e-05
    outer loop
      vertex -40.9222 15.9587 19.5
      vertex -38.5294 21.0902 19.5
      vertex -38.1051 22 18
    endloop
  endfacet
  facet normal -0.906297 0.422642 -1.29792e-17
    outer loop
      vertex -40.9222 15.9587 19.5
      vertex -40.571 16.7118 24.387
      vertex -40.571 16.7118 22.3614
    endloop
  endfacet
  facet normal -0.906297 0.422642 0
    outer loop
      vertex -40.9222 15.9587 29.5
      vertex -40.571 16.7118 24.387
      vertex -40.9222 15.9587 19.5
    endloop
  endfacet
  facet normal -0.906312 0.422609 1.04249e-05
    outer loop
      vertex -39.2982 19.4414 22.3614
      vertex -40.9222 15.9587 19.5
      vertex -40.571 16.7118 22.3614
    endloop
  endfacet
  facet normal -0.906305 0.422623 2.83374e-05
    outer loop
      vertex -41.3465 15.0489 18
      vertex -40.9222 15.9587 19.5
      vertex -38.1051 22 18
    endloop
  endfacet
  facet normal -0.906287 0.422662 1.18262e-17
    outer loop
      vertex -40.9222 15.9587 19.5
      vertex -41.3465 15.0489 18
      vertex -41.3465 15.0489 19.5
    endloop
  endfacet
  facet normal -0.906287 0.422662 7.09571e-18
    outer loop
      vertex -38.5294 21.0902 29.5
      vertex -38.1051 22 32
      vertex -38.1051 22 29.5
    endloop
  endfacet
  facet normal -0.906297 0.422642 0
    outer loop
      vertex -38.8806 20.3371 26.5456
      vertex -38.5294 21.0902 29.5
      vertex -38.8806 20.3371 24.4763
    endloop
  endfacet
  facet normal -0.90631 0.422614 8.52485e-06
    outer loop
      vertex -40.126 17.6663 26.5456
      vertex -38.5294 21.0902 29.5
      vertex -38.8806 20.3371 26.5456
    endloop
  endfacet
  facet normal -0.906312 0.42261 1.46452e-05
    outer loop
      vertex -40.9222 15.9587 29.5
      vertex -38.5294 21.0902 29.5
      vertex -40.126 17.6663 26.5456
    endloop
  endfacet
  facet normal -0.906341 0.422548 -2.92153e-05
    outer loop
      vertex -40.9222 15.9587 29.5
      vertex -40.126 17.6663 26.5456
      vertex -40.571 16.7118 26.5456
    endloop
  endfacet
  facet normal -0.906297 0.422642 0
    outer loop
      vertex -40.571 16.7118 24.387
      vertex -40.9222 15.9587 29.5
      vertex -40.571 16.7118 26.5456
    endloop
  endfacet
  facet normal -0.906312 0.42261 2.30316e-05
    outer loop
      vertex -38.5294 21.0902 29.5
      vertex -40.9222 15.9587 29.5
      vertex -38.1051 22 32
    endloop
  endfacet
  facet normal -0.906287 0.422662 0
    outer loop
      vertex -41.3465 15.0489 32
      vertex -40.9222 15.9587 29.5
      vertex -41.3465 15.0489 29.5
    endloop
  endfacet
  facet normal -0.906305 0.422623 -1.70025e-05
    outer loop
      vertex -40.9222 15.9587 29.5
      vertex -41.3465 15.0489 32
      vertex -38.1051 22 32
    endloop
  endfacet
  facet normal -0.906299 -0.422636 9.40445e-18
    outer loop
      vertex -40.1484 -17.6181 2.5
      vertex -41.3465 -15.0489 5.69349
      vertex -41.3465 -15.0489 0
    endloop
  endfacet
  facet normal -0.906313 -0.422608 -2.78833e-05
    outer loop
      vertex -41.3465 -15.0489 5.69349
      vertex -40.1484 -17.6181 2.5
      vertex -40.984 -15.8263 5.58672
    endloop
  endfacet
  facet normal -0.906304 -0.422627 -1.34566e-17
    outer loop
      vertex -40.1484 -17.6181 2.5
      vertex -40.498 -16.8684 7.51823
      vertex -40.498 -16.8684 5.4436
    endloop
  endfacet
  facet normal -0.906304 -0.422627 -0
    outer loop
      vertex -40.1484 -17.6181 12.5
      vertex -40.498 -16.8684 7.51823
      vertex -40.1484 -17.6181 2.5
    endloop
  endfacet
  facet normal -0.906287 -0.422663 1.10338e-05
    outer loop
      vertex -40.984 -15.8263 5.58672
      vertex -40.1484 -17.6181 2.5
      vertex -40.498 -16.8684 5.4436
    endloop
  endfacet
  facet normal -0.906313 -0.422606 3.76446e-05
    outer loop
      vertex -41.3465 -15.0489 0
      vertex -39.3032 -19.4307 2.5
      vertex -40.1484 -17.6181 2.5
    endloop
  endfacet
  facet normal -0.906325 -0.422581 0
    outer loop
      vertex -39.3032 -19.4307 2.5
      vertex -38.9536 -20.1805 5.4436
      vertex -39.3032 -19.4307 12.5
    endloop
  endfacet
  facet normal -0.906286 -0.422665 -2.5913e-05
    outer loop
      vertex -39.3032 -19.4307 2.5
      vertex -38.4676 -21.2226 5.58672
      vertex -38.9536 -20.1805 5.4436
    endloop
  endfacet
  facet normal -0.906305 -0.422623 8.40188e-07
    outer loop
      vertex -38.1051 -22 0
      vertex -39.3032 -19.4307 2.5
      vertex -41.3465 -15.0489 0
    endloop
  endfacet
  facet normal -0.906306 -0.422623 -0
    outer loop
      vertex -38.1051 -22 5.69349
      vertex -39.3032 -19.4307 2.5
      vertex -38.1051 -22 0
    endloop
  endfacet
  facet normal -0.906312 -0.42261 1.3006e-05
    outer loop
      vertex -39.3032 -19.4307 2.5
      vertex -38.1051 -22 5.69349
      vertex -38.4676 -21.2226 5.58672
    endloop
  endfacet
  facet normal -0.906298 -0.42264 -3.89261e-06
    outer loop
      vertex -40.1484 -17.6181 12.5
      vertex -41.3465 -15.0489 9.87777
      vertex -40.498 -16.8684 9.62787
    endloop
  endfacet
  facet normal -0.906304 -0.422627 0
    outer loop
      vertex -40.498 -16.8684 7.51823
      vertex -40.1484 -17.6181 12.5
      vertex -40.498 -16.8684 9.62787
    endloop
  endfacet
  facet normal -0.906299 -0.422636 0
    outer loop
      vertex -41.3465 -15.0489 9.87777
      vertex -40.1484 -17.6181 12.5
      vertex -41.3465 -15.0489 14
    endloop
  endfacet
  facet normal -0.906313 -0.422606 -6.27409e-05
    outer loop
      vertex -39.3032 -19.4307 12.5
      vertex -41.3465 -15.0489 14
      vertex -40.1484 -17.6181 12.5
    endloop
  endfacet
  facet normal -0.906325 -0.422581 -0
    outer loop
      vertex -38.9536 -20.1805 9.62787
      vertex -39.3032 -19.4307 12.5
      vertex -38.9536 -20.1805 5.4436
    endloop
  endfacet
  facet normal -0.906299 -0.422638 1.80985e-05
    outer loop
      vertex -38.1051 -22 9.87777
      vertex -39.3032 -19.4307 12.5
      vertex -38.9536 -20.1805 9.62787
    endloop
  endfacet
  facet normal -0.906305 -0.422623 -1.40031e-06
    outer loop
      vertex -39.3032 -19.4307 12.5
      vertex -38.1051 -22 14
      vertex -41.3465 -15.0489 14
    endloop
  endfacet
  facet normal -0.906306 -0.422623 -0
    outer loop
      vertex -38.1051 -22 14
      vertex -39.3032 -19.4307 12.5
      vertex -38.1051 -22 9.87777
    endloop
  endfacet
  facet normal -0.906287 -0.422662 0
    outer loop
      vertex -41.3465 -15.0489 18
      vertex -40.9222 -15.9587 19.5
      vertex -41.3465 -15.0489 19.5
    endloop
  endfacet
  facet normal -0.906297 -0.422642 -0
    outer loop
      vertex -40.571 -16.7118 24.387
      vertex -40.9222 -15.9587 19.5
      vertex -40.571 -16.7118 22.3614
    endloop
  endfacet
  facet normal -0.906312 -0.422609 1.04249e-05
    outer loop
      vertex -40.9222 -15.9587 19.5
      vertex -39.2982 -19.4414 22.3614
      vertex -40.571 -16.7118 22.3614
    endloop
  endfacet
  facet normal -0.906312 -0.42261 3.8386e-05
    outer loop
      vertex -38.5294 -21.0902 19.5
      vertex -40.9222 -15.9587 19.5
      vertex -41.3465 -15.0489 18
    endloop
  endfacet
  facet normal -0.906312 -0.42261 9.3475e-06
    outer loop
      vertex -40.9222 -15.9587 19.5
      vertex -38.5294 -21.0902 19.5
      vertex -39.2982 -19.4414 22.3614
    endloop
  endfacet
  facet normal -0.906297 -0.422642 -0
    outer loop
      vertex -38.5294 -21.0902 29.5
      vertex -38.8806 -20.3371 24.4763
      vertex -38.5294 -21.0902 19.5
    endloop
  endfacet
  facet normal -0.906297 -0.422642 0
    outer loop
      vertex -38.8806 -20.3371 22.3614
      vertex -38.5294 -21.0902 19.5
      vertex -38.8806 -20.3371 24.4763
    endloop
  endfacet
  facet normal -0.906336 -0.422559 -2.66212e-05
    outer loop
      vertex -39.2982 -19.4414 22.3614
      vertex -38.5294 -21.0902 19.5
      vertex -38.8806 -20.3371 22.3614
    endloop
  endfacet
  facet normal -0.906305 -0.422623 -2.83374e-05
    outer loop
      vertex -38.1051 -22 18
      vertex -38.5294 -21.0902 19.5
      vertex -41.3465 -15.0489 18
    endloop
  endfacet
  facet normal -0.906287 -0.422662 -1.18262e-17
    outer loop
      vertex -38.5294 -21.0902 19.5
      vertex -38.1051 -22 18
      vertex -38.1051 -22 19.5
    endloop
  endfacet
  facet normal -0.906287 -0.422662 -7.09571e-18
    outer loop
      vertex -40.9222 -15.9587 29.5
      vertex -41.3465 -15.0489 32
      vertex -41.3465 -15.0489 29.5
    endloop
  endfacet
  facet normal -0.906297 -0.422642 0
    outer loop
      vertex -40.9222 -15.9587 19.5
      vertex -40.571 -16.7118 24.387
      vertex -40.9222 -15.9587 29.5
    endloop
  endfacet
  facet normal -0.906297 -0.422642 -0
    outer loop
      vertex -40.571 -16.7118 26.5456
      vertex -40.9222 -15.9587 29.5
      vertex -40.571 -16.7118 24.387
    endloop
  endfacet
  facet normal -0.906341 -0.422548 -2.92153e-05
    outer loop
      vertex -40.126 -17.6663 26.5456
      vertex -40.9222 -15.9587 29.5
      vertex -40.571 -16.7118 26.5456
    endloop
  endfacet
  facet normal -0.906312 -0.42261 1.46452e-05
    outer loop
      vertex -38.5294 -21.0902 29.5
      vertex -40.9222 -15.9587 29.5
      vertex -40.126 -17.6663 26.5456
    endloop
  endfacet
  facet normal -0.90631 -0.422614 8.52485e-06
    outer loop
      vertex -38.5294 -21.0902 29.5
      vertex -40.126 -17.6663 26.5456
      vertex -38.8806 -20.3371 26.5456
    endloop
  endfacet
  facet normal -0.906297 -0.422642 0
    outer loop
      vertex -38.8806 -20.3371 24.4763
      vertex -38.5294 -21.0902 29.5
      vertex -38.8806 -20.3371 26.5456
    endloop
  endfacet
  facet normal -0.906312 -0.42261 -2.30316e-05
    outer loop
      vertex -40.9222 -15.9587 29.5
      vertex -38.5294 -21.0902 29.5
      vertex -41.3465 -15.0489 32
    endloop
  endfacet
  facet normal -0.906287 -0.422662 -0
    outer loop
      vertex -38.1051 -22 32
      vertex -38.5294 -21.0902 29.5
      vertex -38.1051 -22 29.5
    endloop
  endfacet
  facet normal -0.906305 -0.422623 1.70025e-05
    outer loop
      vertex -38.5294 -21.0902 29.5
      vertex -38.1051 -22 32
      vertex -41.3465 -15.0489 32
    endloop
  endfacet
  facet normal 0.906287 0.422662 0
    outer loop
      vertex 38.1051 22 32
      vertex 38.5294 21.0902 29.5
      vertex 38.1051 22 29.5
    endloop
  endfacet
  facet normal 0.906297 0.422642 -0
    outer loop
      vertex 38.8806 20.3371 24.4763
      vertex 38.5294 21.0902 29.5
      vertex 38.8806 20.3371 26.5456
    endloop
  endfacet
  facet normal 0.90631 0.422614 8.52485e-06
    outer loop
      vertex 38.5294 21.0902 29.5
      vertex 40.126 17.6663 26.5456
      vertex 38.8806 20.3371 26.5456
    endloop
  endfacet
  facet normal 0.906312 0.42261 2.30316e-05
    outer loop
      vertex 40.9222 15.9587 29.5
      vertex 38.5294 21.0902 29.5
      vertex 38.1051 22 32
    endloop
  endfacet
  facet normal 0.906312 0.42261 1.46452e-05
    outer loop
      vertex 38.5294 21.0902 29.5
      vertex 40.9222 15.9587 29.5
      vertex 40.126 17.6663 26.5456
    endloop
  endfacet
  facet normal 0.906297 0.422642 1.21795e-17
    outer loop
      vertex 40.9222 15.9587 29.5
      vertex 40.571 16.7118 24.387
      vertex 40.571 16.7118 26.5456
    endloop
  endfacet
  facet normal 0.906297 0.422642 -0
    outer loop
      vertex 40.9222 15.9587 19.5
      vertex 40.571 16.7118 24.387
      vertex 40.9222 15.9587 29.5
    endloop
  endfacet
  facet normal 0.906341 0.422548 -2.92153e-05
    outer loop
      vertex 40.126 17.6663 26.5456
      vertex 40.9222 15.9587 29.5
      vertex 40.571 16.7118 26.5456
    endloop
  endfacet
  facet normal 0.906305 0.422623 -1.70025e-05
    outer loop
      vertex 41.3465 15.0489 32
      vertex 40.9222 15.9587 29.5
      vertex 38.1051 22 32
    endloop
  endfacet
  facet normal 0.906287 0.422662 -7.09571e-18
    outer loop
      vertex 40.9222 15.9587 29.5
      vertex 41.3465 15.0489 32
      vertex 41.3465 15.0489 29.5
    endloop
  endfacet
  facet normal 0.906287 0.422662 -1.18262e-17
    outer loop
      vertex 38.5294 21.0902 19.5
      vertex 38.1051 22 18
      vertex 38.1051 22 19.5
    endloop
  endfacet
  facet normal 0.906297 0.422642 0
    outer loop
      vertex 38.5294 21.0902 29.5
      vertex 38.8806 20.3371 24.4763
      vertex 38.5294 21.0902 19.5
    endloop
  endfacet
  facet normal 0.906297 0.422642 -0
    outer loop
      vertex 38.8806 20.3371 22.3614
      vertex 38.5294 21.0902 19.5
      vertex 38.8806 20.3371 24.4763
    endloop
  endfacet
  facet normal 0.906336 0.422559 -2.66212e-05
    outer loop
      vertex 39.2982 19.4414 22.3614
      vertex 38.5294 21.0902 19.5
      vertex 38.8806 20.3371 22.3614
    endloop
  endfacet
  facet normal 0.906312 0.422609 1.04249e-05
    outer loop
      vertex 40.9222 15.9587 19.5
      vertex 39.2982 19.4414 22.3614
      vertex 40.571 16.7118 22.3614
    endloop
  endfacet
  facet normal 0.906312 0.42261 9.3475e-06
    outer loop
      vertex 39.2982 19.4414 22.3614
      vertex 40.9222 15.9587 19.5
      vertex 38.5294 21.0902 19.5
    endloop
  endfacet
  facet normal 0.906297 0.422642 0
    outer loop
      vertex 40.571 16.7118 24.387
      vertex 40.9222 15.9587 19.5
      vertex 40.571 16.7118 22.3614
    endloop
  endfacet
  facet normal 0.906312 0.42261 -3.8386e-05
    outer loop
      vertex 38.5294 21.0902 19.5
      vertex 40.9222 15.9587 19.5
      vertex 38.1051 22 18
    endloop
  endfacet
  facet normal 0.906287 0.422662 -0
    outer loop
      vertex 41.3465 15.0489 18
      vertex 40.9222 15.9587 19.5
      vertex 41.3465 15.0489 19.5
    endloop
  endfacet
  facet normal 0.906305 0.422623 2.83374e-05
    outer loop
      vertex 40.9222 15.9587 19.5
      vertex 41.3465 15.0489 18
      vertex 38.1051 22 18
    endloop
  endfacet
  facet normal 0.906306 0.422623 1.29887e-17
    outer loop
      vertex 39.3032 19.4307 12.5
      vertex 38.1051 22 9.87777
      vertex 38.1051 22 14
    endloop
  endfacet
  facet normal 0.906325 0.422581 0
    outer loop
      vertex 38.9536 20.1805 9.62787
      vertex 39.3032 19.4307 12.5
      vertex 38.9536 20.1805 5.4436
    endloop
  endfacet
  facet normal 0.906299 0.422638 1.80985e-05
    outer loop
      vertex 38.1051 22 9.87777
      vertex 39.3032 19.4307 12.5
      vertex 38.9536 20.1805 9.62787
    endloop
  endfacet
  facet normal 0.906313 0.422606 3.45672e-05
    outer loop
      vertex 38.1051 22 14
      vertex 40.1484 17.6181 12.5
      vertex 39.3032 19.4307 12.5
    endloop
  endfacet
  facet normal 0.906304 0.422627 -0
    outer loop
      vertex 40.498 16.8684 7.51823
      vertex 40.1484 17.6181 12.5
      vertex 40.498 16.8684 9.62787
    endloop
  endfacet
  facet normal 0.906305 0.422623 -2.67746e-05
    outer loop
      vertex 41.3465 15.0489 14
      vertex 40.1484 17.6181 12.5
      vertex 38.1051 22 14
    endloop
  endfacet
  facet normal 0.906299 0.422636 -0
    outer loop
      vertex 41.3465 15.0489 9.87777
      vertex 40.1484 17.6181 12.5
      vertex 41.3465 15.0489 14
    endloop
  endfacet
  facet normal 0.906298 0.42264 -3.89261e-06
    outer loop
      vertex 40.1484 17.6181 12.5
      vertex 41.3465 15.0489 9.87777
      vertex 40.498 16.8684 9.62787
    endloop
  endfacet
  facet normal 0.906312 0.42261 1.3006e-05
    outer loop
      vertex 39.3032 19.4307 2.5
      vertex 38.1051 22 5.69349
      vertex 38.4676 21.2226 5.58672
    endloop
  endfacet
  facet normal 0.906286 0.422665 -2.5913e-05
    outer loop
      vertex 39.3032 19.4307 2.5
      vertex 38.4676 21.2226 5.58672
      vertex 38.9536 20.1805 5.4436
    endloop
  endfacet
  facet normal 0.906325 0.422581 -0
    outer loop
      vertex 39.3032 19.4307 2.5
      vertex 38.9536 20.1805 5.4436
      vertex 39.3032 19.4307 12.5
    endloop
  endfacet
  facet normal 0.906306 0.422623 0
    outer loop
      vertex 38.1051 22 5.69349
      vertex 39.3032 19.4307 2.5
      vertex 38.1051 22 0
    endloop
  endfacet
  facet normal 0.906313 0.422606 -2.07403e-05
    outer loop
      vertex 40.1484 17.6181 2.5
      vertex 38.1051 22 0
      vertex 39.3032 19.4307 2.5
    endloop
  endfacet
  facet normal 0.906304 0.422627 0
    outer loop
      vertex 40.1484 17.6181 12.5
      vertex 40.498 16.8684 7.51823
      vertex 40.1484 17.6181 2.5
    endloop
  endfacet
  facet normal 0.906304 0.422627 -0
    outer loop
      vertex 40.498 16.8684 5.4436
      vertex 40.1484 17.6181 2.5
      vertex 40.498 16.8684 7.51823
    endloop
  endfacet
  facet normal 0.906287 0.422663 1.10338e-05
    outer loop
      vertex 40.984 15.8263 5.58672
      vertex 40.1484 17.6181 2.5
      vertex 40.498 16.8684 5.4436
    endloop
  endfacet
  facet normal 0.906313 0.422608 -2.78833e-05
    outer loop
      vertex 41.3465 15.0489 5.69349
      vertex 40.1484 17.6181 2.5
      vertex 40.984 15.8263 5.58672
    endloop
  endfacet
  facet normal 0.906305 0.422623 1.60648e-05
    outer loop
      vertex 40.1484 17.6181 2.5
      vertex 41.3465 15.0489 0
      vertex 38.1051 22 0
    endloop
  endfacet
  facet normal 0.906299 0.422636 -0
    outer loop
      vertex 41.3465 15.0489 0
      vertex 40.1484 17.6181 2.5
      vertex 41.3465 15.0489 5.69349
    endloop
  endfacet
  facet normal 0.81919 0.573523 0
    outer loop
      vertex 33.706 28.2827 32
      vertex 34.2817 27.4604 29.5
      vertex 33.706 28.2827 29.5
    endloop
  endfacet
  facet normal 0.819153 0.573575 0
    outer loop
      vertex 34.2817 27.4604 29.5
      vertex 34.7584 26.7796 26.5456
      vertex 34.2817 27.4604 19.5
    endloop
  endfacet
  facet normal 0.819183 0.573532 1.47492e-05
    outer loop
      vertex 34.2817 27.4604 29.5
      vertex 35.3624 25.9169 26.5456
      vertex 34.7584 26.7796 26.5456
    endloop
  endfacet
  facet normal 0.819146 0.573584 -3.03449e-05
    outer loop
      vertex 37.5294 22.8223 29.5
      vertex 34.2817 27.4604 29.5
      vertex 33.706 28.2827 32
    endloop
  endfacet
  facet normal 0.819146 0.573584 -2.57219e-05
    outer loop
      vertex 34.2817 27.4604 29.5
      vertex 37.5294 22.8223 29.5
      vertex 35.3624 25.9169 26.5456
    endloop
  endfacet
  facet normal 0.819113 0.573632 0
    outer loop
      vertex 37.0527 23.503 26.5456
      vertex 37.5294 22.8223 29.5
      vertex 37.0527 23.503 22.3614
    endloop
  endfacet
  facet normal 0.819141 0.573592 -1.36592e-05
    outer loop
      vertex 35.3624 25.9169 26.5456
      vertex 37.5294 22.8223 29.5
      vertex 37.0527 23.503 26.5456
    endloop
  endfacet
  facet normal 0.819158 0.573568 2.24019e-05
    outer loop
      vertex 38.1051 22 32
      vertex 37.5294 22.8223 29.5
      vertex 33.706 28.2827 32
    endloop
  endfacet
  facet normal 0.81919 0.573523 -4.11519e-18
    outer loop
      vertex 37.5294 22.8223 29.5
      vertex 38.1051 22 32
      vertex 38.1051 22 29.5
    endloop
  endfacet
  facet normal 0.81919 0.573523 -6.85864e-18
    outer loop
      vertex 34.2817 27.4604 19.5
      vertex 33.706 28.2827 18
      vertex 33.706 28.2827 19.5
    endloop
  endfacet
  facet normal 0.819153 0.573575 -0
    outer loop
      vertex 34.7584 26.7796 22.3614
      vertex 34.2817 27.4604 19.5
      vertex 34.7584 26.7796 26.5456
    endloop
  endfacet
  facet normal 0.819161 0.573564 -3.96442e-06
    outer loop
      vertex 35.3252 25.9701 22.3614
      vertex 34.2817 27.4604 19.5
      vertex 34.7584 26.7796 22.3614
    endloop
  endfacet
  facet normal 0.819149 0.57358 1.8255e-05
    outer loop
      vertex 37.5294 22.8223 19.5
      vertex 35.3252 25.9701 22.3614
      vertex 37.0527 23.503 22.3614
    endloop
  endfacet
  facet normal 0.819146 0.573584 1.17248e-05
    outer loop
      vertex 35.3252 25.9701 22.3614
      vertex 37.5294 22.8223 19.5
      vertex 34.2817 27.4604 19.5
    endloop
  endfacet
  facet normal 0.819113 0.573632 -0
    outer loop
      vertex 37.5294 22.8223 19.5
      vertex 37.0527 23.503 22.3614
      vertex 37.5294 22.8223 29.5
    endloop
  endfacet
  facet normal 0.819146 0.573584 5.05748e-05
    outer loop
      vertex 34.2817 27.4604 19.5
      vertex 37.5294 22.8223 19.5
      vertex 33.706 28.2827 18
    endloop
  endfacet
  facet normal 0.81919 0.573523 -0
    outer loop
      vertex 38.1051 22 18
      vertex 37.5294 22.8223 19.5
      vertex 38.1051 22 19.5
    endloop
  endfacet
  facet normal 0.819158 0.573568 -3.73365e-05
    outer loop
      vertex 37.5294 22.8223 19.5
      vertex 38.1051 22 18
      vertex 33.706 28.2827 18
    endloop
  endfacet
  facet normal 0.819156 0.573571 -1.16715e-17
    outer loop
      vertex 35.332 25.9605 12.5
      vertex 33.706 28.2827 9.87777
      vertex 33.706 28.2827 14
    endloop
  endfacet
  facet normal 0.819204 0.573502 -9.08016e-05
    outer loop
      vertex 33.706 28.2827 9.87777
      vertex 35.332 25.9605 12.5
      vertex 34.3301 27.3912 9.74232
    endloop
  endfacet
  facet normal 0.81913 0.573608 0
    outer loop
      vertex 34.8575 26.6381 9.62787
      vertex 35.332 25.9605 12.5
      vertex 34.8575 26.6381 5.4436
    endloop
  endfacet
  facet normal 0.819115 0.573629 7.41774e-06
    outer loop
      vertex 34.3301 27.3912 9.74232
      vertex 35.332 25.9605 12.5
      vertex 34.8575 26.6381 9.62787
    endloop
  endfacet
  facet normal 0.819164 0.57356 2.67271e-05
    outer loop
      vertex 33.706 28.2827 14
      vertex 36.4791 24.3222 12.5
      vertex 35.332 25.9605 12.5
    endloop
  endfacet
  facet normal 0.81913 0.573608 -0
    outer loop
      vertex 36.9536 23.6446 7.51823
      vertex 36.4791 24.3222 12.5
      vertex 36.9536 23.6446 9.62787
    endloop
  endfacet
  facet normal 0.819158 0.573568 -6.96941e-06
    outer loop
      vertex 38.1051 22 14
      vertex 36.4791 24.3222 12.5
      vertex 33.706 28.2827 14
    endloop
  endfacet
  facet normal 0.819156 0.573571 -0
    outer loop
      vertex 38.1051 22 9.87777
      vertex 36.4791 24.3222 12.5
      vertex 38.1051 22 14
    endloop
  endfacet
  facet normal 0.819165 0.573558 1.77969e-05
    outer loop
      vertex 36.4791 24.3222 12.5
      vertex 38.1051 22 9.87777
      vertex 36.9536 23.6446 9.62787
    endloop
  endfacet
  facet normal 0.819174 0.573546 2.78239e-05
    outer loop
      vertex 35.332 25.9605 2.5
      vertex 33.706 28.2827 5.69349
      vertex 34.198 27.58 5.58672
    endloop
  endfacet
  facet normal 0.819164 0.57356 1.66398e-05
    outer loop
      vertex 35.332 25.9605 2.5
      vertex 34.198 27.58 5.58672
      vertex 34.8575 26.6381 5.4436
    endloop
  endfacet
  facet normal 0.81913 0.573608 -0
    outer loop
      vertex 35.332 25.9605 2.5
      vertex 34.8575 26.6381 5.4436
      vertex 35.332 25.9605 12.5
    endloop
  endfacet
  facet normal 0.819156 0.573571 0
    outer loop
      vertex 33.706 28.2827 5.69349
      vertex 35.332 25.9605 2.5
      vertex 33.706 28.2827 0
    endloop
  endfacet
  facet normal 0.819164 0.57356 -1.60363e-05
    outer loop
      vertex 36.4791 24.3222 2.5
      vertex 33.706 28.2827 0
      vertex 35.332 25.9605 2.5
    endloop
  endfacet
  facet normal 0.81913 0.573608 0
    outer loop
      vertex 36.4791 24.3222 12.5
      vertex 36.9536 23.6446 7.51823
      vertex 36.4791 24.3222 2.5
    endloop
  endfacet
  facet normal 0.81913 0.573608 -0
    outer loop
      vertex 36.9536 23.6446 5.4436
      vertex 36.4791 24.3222 2.5
      vertex 36.9536 23.6446 7.51823
    endloop
  endfacet
  facet normal 0.819168 0.573554 -1.86393e-05
    outer loop
      vertex 38.1051 22 5.69349
      vertex 36.4791 24.3222 2.5
      vertex 36.9536 23.6446 5.4436
    endloop
  endfacet
  facet normal 0.819158 0.573568 4.18165e-06
    outer loop
      vertex 36.4791 24.3222 2.5
      vertex 38.1051 22 0
      vertex 33.706 28.2827 0
    endloop
  endfacet
  facet normal 0.819156 0.573571 -0
    outer loop
      vertex 38.1051 22 0
      vertex 36.4791 24.3222 2.5
      vertex 38.1051 22 5.69349
    endloop
  endfacet
  facet normal 0.707157 0.707057 0
    outer loop
      vertex 28.2827 33.706 32
      vertex 28.9925 32.9961 29.5
      vertex 28.2827 33.706 29.5
    endloop
  endfacet
  facet normal 0.707107 0.707107 -0
    outer loop
      vertex 29.5801 32.4085 24.387
      vertex 28.9925 32.9961 29.5
      vertex 29.5801 32.4085 26.5456
    endloop
  endfacet
  facet normal 0.707107 0.707107 1.8184e-17
    outer loop
      vertex 28.9925 32.9961 29.5
      vertex 32.4085 29.5801 26.5456
      vertex 29.5801 32.4085 26.5456
    endloop
  endfacet
  facet normal 0.707107 0.707107 -2.82843e-05
    outer loop
      vertex 32.9961 28.9925 29.5
      vertex 28.9925 32.9961 29.5
      vertex 28.2827 33.706 32
    endloop
  endfacet
  facet normal 0.707107 0.707107 1.42795e-17
    outer loop
      vertex 32.9961 28.9925 29.5
      vertex 32.4085 29.5801 24.387
      vertex 32.4085 29.5801 26.5456
    endloop
  endfacet
  facet normal 0.707107 0.707107 -0
    outer loop
      vertex 32.9961 28.9925 19.5
      vertex 32.4085 29.5801 24.387
      vertex 32.9961 28.9925 29.5
    endloop
  endfacet
  facet normal 0.707107 0.707107 4.77557e-17
    outer loop
      vertex 28.9925 32.9961 29.5
      vertex 32.9961 28.9925 29.5
      vertex 32.4085 29.5801 26.5456
    endloop
  endfacet
  facet normal 0.707107 0.707107 -2.82843e-05
    outer loop
      vertex 33.706 28.2827 32
      vertex 32.9961 28.9925 29.5
      vertex 28.2827 33.706 32
    endloop
  endfacet
  facet normal 0.707057 0.707157 1.84898e-17
    outer loop
      vertex 32.9961 28.9925 29.5
      vertex 33.706 28.2827 32
      vertex 33.706 28.2827 29.5
    endloop
  endfacet
  facet normal 0.707157 0.707057 3.08163e-17
    outer loop
      vertex 28.9925 32.9961 19.5
      vertex 28.2827 33.706 18
      vertex 28.2827 33.706 19.5
    endloop
  endfacet
  facet normal 0.707107 0.707107 0
    outer loop
      vertex 28.9925 32.9961 29.5
      vertex 29.5801 32.4085 24.387
      vertex 28.9925 32.9961 19.5
    endloop
  endfacet
  facet normal 0.707107 0.707107 -0
    outer loop
      vertex 29.5801 32.4085 22.3614
      vertex 28.9925 32.9961 19.5
      vertex 29.5801 32.4085 24.387
    endloop
  endfacet
  facet normal 0.707107 0.707107 -4.53934e-17
    outer loop
      vertex 32.4085 29.5801 22.3614
      vertex 28.9925 32.9961 19.5
      vertex 29.5801 32.4085 22.3614
    endloop
  endfacet
  facet normal 0.707107 0.707107 -1.25545e-17
    outer loop
      vertex 32.9961 28.9925 19.5
      vertex 28.9925 32.9961 19.5
      vertex 32.4085 29.5801 22.3614
    endloop
  endfacet
  facet normal 0.707107 0.707107 0
    outer loop
      vertex 32.4085 29.5801 24.387
      vertex 32.9961 28.9925 19.5
      vertex 32.4085 29.5801 22.3614
    endloop
  endfacet
  facet normal 0.707107 0.707107 4.71405e-05
    outer loop
      vertex 28.9925 32.9961 19.5
      vertex 32.9961 28.9925 19.5
      vertex 28.2827 33.706 18
    endloop
  endfacet
  facet normal 0.707057 0.707157 -0
    outer loop
      vertex 33.706 28.2827 18
      vertex 32.9961 28.9925 19.5
      vertex 33.706 28.2827 19.5
    endloop
  endfacet
  facet normal 0.707107 0.707107 4.71405e-05
    outer loop
      vertex 32.9961 28.9925 19.5
      vertex 33.706 28.2827 18
      vertex 28.2827 33.706 18
    endloop
  endfacet
  facet normal 0.707124 0.707089 -2.57924e-17
    outer loop
      vertex 30.2872 31.7014 12.5
      vertex 28.2827 33.706 9.87777
      vertex 28.2827 33.706 14
    endloop
  endfacet
  facet normal 0.707107 0.707107 -9.87876e-18
    outer loop
      vertex 30.2872 31.7014 12.5
      vertex 29.7023 32.2863 7.51823
      vertex 29.7023 32.2863 9.62787
    endloop
  endfacet
  facet normal 0.707107 0.707107 -0
    outer loop
      vertex 30.2872 31.7014 2.5
      vertex 29.7023 32.2863 7.51823
      vertex 30.2872 31.7014 12.5
    endloop
  endfacet
  facet normal 0.707131 0.707083 -9.79231e-06
    outer loop
      vertex 28.2827 33.706 9.87777
      vertex 30.2872 31.7014 12.5
      vertex 29.7023 32.2863 9.62787
    endloop
  endfacet
  facet normal 0.707107 0.707107 -4.71405e-05
    outer loop
      vertex 28.2827 33.706 14
      vertex 31.7014 30.2872 12.5
      vertex 30.2872 31.7014 12.5
    endloop
  endfacet
  facet normal 0.707107 0.707107 -0
    outer loop
      vertex 32.2863 29.7023 7.51823
      vertex 31.7014 30.2872 12.5
      vertex 32.2863 29.7023 9.62787
    endloop
  endfacet
  facet normal 0.707107 0.707107 -4.71405e-05
    outer loop
      vertex 33.706 28.2827 14
      vertex 31.7014 30.2872 12.5
      vertex 28.2827 33.706 14
    endloop
  endfacet
  facet normal 0.707089 0.707124 -0
    outer loop
      vertex 33.706 28.2827 9.87777
      vertex 31.7014 30.2872 12.5
      vertex 33.706 28.2827 14
    endloop
  endfacet
  facet normal 0.707083 0.707131 -9.79231e-06
    outer loop
      vertex 31.7014 30.2872 12.5
      vertex 33.706 28.2827 9.87777
      vertex 32.2863 29.7023 9.62787
    endloop
  endfacet
  facet normal 0.707133 0.707081 1.02558e-05
    outer loop
      vertex 30.2872 31.7014 2.5
      vertex 28.2827 33.706 5.69349
      vertex 29.7023 32.2863 5.4436
    endloop
  endfacet
  facet normal 0.707107 0.707107 0
    outer loop
      vertex 29.7023 32.2863 7.51823
      vertex 30.2872 31.7014 2.5
      vertex 29.7023 32.2863 5.4436
    endloop
  endfacet
  facet normal 0.707124 0.707089 0
    outer loop
      vertex 28.2827 33.706 5.69349
      vertex 30.2872 31.7014 2.5
      vertex 28.2827 33.706 0
    endloop
  endfacet
  facet normal 0.707107 0.707107 2.82843e-05
    outer loop
      vertex 31.7014 30.2872 2.5
      vertex 28.2827 33.706 0
      vertex 30.2872 31.7014 2.5
    endloop
  endfacet
  facet normal 0.707107 0.707107 0
    outer loop
      vertex 31.7014 30.2872 12.5
      vertex 32.2863 29.7023 7.51823
      vertex 31.7014 30.2872 2.5
    endloop
  endfacet
  facet normal 0.707107 0.707107 -0
    outer loop
      vertex 32.2863 29.7023 5.4436
      vertex 31.7014 30.2872 2.5
      vertex 32.2863 29.7023 7.51823
    endloop
  endfacet
  facet normal 0.707081 0.707133 1.02558e-05
    outer loop
      vertex 33.706 28.2827 5.69349
      vertex 31.7014 30.2872 2.5
      vertex 32.2863 29.7023 5.4436
    endloop
  endfacet
  facet normal 0.707107 0.707107 2.82843e-05
    outer loop
      vertex 31.7014 30.2872 2.5
      vertex 33.706 28.2827 0
      vertex 28.2827 33.706 0
    endloop
  endfacet
  facet normal 0.707089 0.707124 -0
    outer loop
      vertex 33.706 28.2827 0
      vertex 31.7014 30.2872 2.5
      vertex 33.706 28.2827 5.69349
    endloop
  endfacet
  facet normal 0.422662 0.906287 -0
    outer loop
      vertex 22 38.1051 18
      vertex 21.0902 38.5294 19.5
      vertex 22 38.1051 19.5
    endloop
  endfacet
  facet normal 0.42261 0.906312 -3.8386e-05
    outer loop
      vertex 21.0902 38.5294 19.5
      vertex 22 38.1051 18
      vertex 15.9587 40.9222 19.5
    endloop
  endfacet
  facet normal 0.422623 0.906305 2.83374e-05
    outer loop
      vertex 15.0489 41.3465 18
      vertex 15.9587 40.9222 19.5
      vertex 22 38.1051 18
    endloop
  endfacet
  facet normal 0.422662 0.906287 -1.18262e-17
    outer loop
      vertex 15.9587 40.9222 19.5
      vertex 15.0489 41.3465 18
      vertex 15.0489 41.3465 19.5
    endloop
  endfacet
  facet normal 0.422614 0.90631 8.52485e-06
    outer loop
      vertex 17.6663 40.126 26.5456
      vertex 21.0902 38.5294 29.5
      vertex 20.3371 38.8806 26.5456
    endloop
  endfacet
  facet normal 0.422642 0.906297 1.27051e-17
    outer loop
      vertex 21.0902 38.5294 29.5
      vertex 20.3371 38.8806 24.4763
      vertex 20.3371 38.8806 26.5456
    endloop
  endfacet
  facet normal 0.422642 0.906297 -0
    outer loop
      vertex 21.0902 38.5294 19.5
      vertex 20.3371 38.8806 24.4763
      vertex 21.0902 38.5294 29.5
    endloop
  endfacet
  facet normal 0.422559 0.906336 -2.66212e-05
    outer loop
      vertex 21.0902 38.5294 19.5
      vertex 19.4414 39.2982 22.3614
      vertex 20.3371 38.8806 22.3614
    endloop
  endfacet
  facet normal 0.42261 0.906312 9.3475e-06
    outer loop
      vertex 15.9587 40.9222 19.5
      vertex 19.4414 39.2982 22.3614
      vertex 21.0902 38.5294 19.5
    endloop
  endfacet
  facet normal 0.422642 0.906297 0
    outer loop
      vertex 20.3371 38.8806 24.4763
      vertex 21.0902 38.5294 19.5
      vertex 20.3371 38.8806 22.3614
    endloop
  endfacet
  facet normal 0.422662 0.906287 -7.09571e-18
    outer loop
      vertex 21.0902 38.5294 29.5
      vertex 22 38.1051 32
      vertex 22 38.1051 29.5
    endloop
  endfacet
  facet normal 0.422623 0.906305 1.70025e-05
    outer loop
      vertex 22 38.1051 32
      vertex 21.0902 38.5294 29.5
      vertex 15.0489 41.3465 32
    endloop
  endfacet
  facet normal 0.42261 0.906312 -2.30316e-05
    outer loop
      vertex 15.9587 40.9222 29.5
      vertex 15.0489 41.3465 32
      vertex 21.0902 38.5294 29.5
    endloop
  endfacet
  facet normal 0.422662 0.906287 0
    outer loop
      vertex 15.0489 41.3465 32
      vertex 15.9587 40.9222 29.5
      vertex 15.0489 41.3465 29.5
    endloop
  endfacet
  facet normal 0.42261 0.906312 1.46452e-05
    outer loop
      vertex 21.0902 38.5294 29.5
      vertex 17.6663 40.126 26.5456
      vertex 15.9587 40.9222 29.5
    endloop
  endfacet
  facet normal 0.422548 0.906341 -2.92153e-05
    outer loop
      vertex 16.7118 40.571 26.5456
      vertex 15.9587 40.9222 29.5
      vertex 17.6663 40.126 26.5456
    endloop
  endfacet
  facet normal 0.422642 0.906297 -0
    outer loop
      vertex 16.7118 40.571 24.387
      vertex 15.9587 40.9222 29.5
      vertex 16.7118 40.571 26.5456
    endloop
  endfacet
  facet normal 0.422642 0.906297 1.29792e-17
    outer loop
      vertex 15.9587 40.9222 19.5
      vertex 16.7118 40.571 24.387
      vertex 16.7118 40.571 22.3614
    endloop
  endfacet
  facet normal 0.422642 0.906297 2.62908e-18
    outer loop
      vertex 16.7118 40.571 24.387
      vertex 15.9587 40.9222 19.5
      vertex 15.9587 40.9222 29.5
    endloop
  endfacet
  facet normal 0.422609 0.906312 1.04249e-05
    outer loop
      vertex 19.4414 39.2982 22.3614
      vertex 15.9587 40.9222 19.5
      vertex 16.7118 40.571 22.3614
    endloop
  endfacet
  facet normal 0.422665 0.906286 -2.5913e-05
    outer loop
      vertex 21.2226 38.4676 5.58672
      vertex 19.4307 39.3032 2.5
      vertex 20.1805 38.9536 5.4436
    endloop
  endfacet
  facet normal 0.42261 0.906312 1.3006e-05
    outer loop
      vertex 22 38.1051 5.69349
      vertex 19.4307 39.3032 2.5
      vertex 21.2226 38.4676 5.58672
    endloop
  endfacet
  facet normal 0.422606 0.906313 -2.07403e-05
    outer loop
      vertex 19.4307 39.3032 2.5
      vertex 22 38.1051 0
      vertex 17.6181 40.1484 2.5
    endloop
  endfacet
  facet normal 0.422623 0.906306 -0
    outer loop
      vertex 22 38.1051 0
      vertex 19.4307 39.3032 2.5
      vertex 22 38.1051 5.69349
    endloop
  endfacet
  facet normal 0.422623 0.906305 -1.40031e-06
    outer loop
      vertex 22 38.1051 14
      vertex 19.4307 39.3032 12.5
      vertex 15.0489 41.3465 14
    endloop
  endfacet
  facet normal 0.422623 0.906306 -0
    outer loop
      vertex 22 38.1051 9.87777
      vertex 19.4307 39.3032 12.5
      vertex 22 38.1051 14
    endloop
  endfacet
  facet normal 0.422638 0.906299 1.80985e-05
    outer loop
      vertex 20.1805 38.9536 9.62787
      vertex 19.4307 39.3032 12.5
      vertex 22 38.1051 9.87777
    endloop
  endfacet
  facet normal 0.422581 0.906325 -0
    outer loop
      vertex 20.1805 38.9536 5.4436
      vertex 19.4307 39.3032 12.5
      vertex 20.1805 38.9536 9.62787
    endloop
  endfacet
  facet normal 0.422581 0.906325 0
    outer loop
      vertex 19.4307 39.3032 12.5
      vertex 20.1805 38.9536 5.4436
      vertex 19.4307 39.3032 2.5
    endloop
  endfacet
  facet normal 0.422606 0.906313 -6.27409e-05
    outer loop
      vertex 17.6181 40.1484 12.5
      vertex 15.0489 41.3465 14
      vertex 19.4307 39.3032 12.5
    endloop
  endfacet
  facet normal 0.422636 0.906299 1.29891e-17
    outer loop
      vertex 17.6181 40.1484 12.5
      vertex 15.0489 41.3465 9.87777
      vertex 15.0489 41.3465 14
    endloop
  endfacet
  facet normal 0.42264 0.906298 -3.89261e-06
    outer loop
      vertex 17.6181 40.1484 12.5
      vertex 16.8684 40.498 9.62787
      vertex 15.0489 41.3465 9.87777
    endloop
  endfacet
  facet normal 0.422627 0.906304 -1.32333e-17
    outer loop
      vertex 17.6181 40.1484 12.5
      vertex 16.8684 40.498 7.51823
      vertex 16.8684 40.498 9.62787
    endloop
  endfacet
  facet normal 0.422627 0.906304 -0
    outer loop
      vertex 17.6181 40.1484 2.5
      vertex 16.8684 40.498 7.51823
      vertex 17.6181 40.1484 12.5
    endloop
  endfacet
  facet normal 0.422627 0.906304 0
    outer loop
      vertex 16.8684 40.498 7.51823
      vertex 17.6181 40.1484 2.5
      vertex 16.8684 40.498 5.4436
    endloop
  endfacet
  facet normal 0.422663 0.906287 1.10338e-05
    outer loop
      vertex 17.6181 40.1484 2.5
      vertex 15.8263 40.984 5.58672
      vertex 16.8684 40.498 5.4436
    endloop
  endfacet
  facet normal 0.422608 0.906313 -2.78833e-05
    outer loop
      vertex 15.8263 40.984 5.58672
      vertex 17.6181 40.1484 2.5
      vertex 15.0489 41.3465 5.69349
    endloop
  endfacet
  facet normal 0.422636 0.906299 9.40445e-18
    outer loop
      vertex 17.6181 40.1484 2.5
      vertex 15.0489 41.3465 0
      vertex 15.0489 41.3465 5.69349
    endloop
  endfacet
  facet normal 0.422623 0.906305 1.60648e-05
    outer loop
      vertex 15.0489 41.3465 0
      vertex 17.6181 40.1484 2.5
      vertex 22 38.1051 0
    endloop
  endfacet
  facet normal 0.0871672 0.996194 -2.148e-06
    outer loop
      vertex 7.64052 43.3315 5.69349
      vertex 4.81645 43.5786 2.5
      vertex 5.64052 43.5065 5.4436
    endloop
  endfacet
  facet normal 0.08715 0.996195 -1.68336e-05
    outer loop
      vertex 4.81645 43.5786 2.5
      vertex 7.64052 43.3315 0
      vertex 2.82406 43.7529 2.5
    endloop
  endfacet
  facet normal 0.0871648 0.996194 -0
    outer loop
      vertex 7.64052 43.3315 0
      vertex 4.81645 43.5786 2.5
      vertex 7.64052 43.3315 5.69349
    endloop
  endfacet
  facet normal 0.0871611 0.996194 7.10127e-06
    outer loop
      vertex 7.64052 43.3315 14
      vertex 4.81645 43.5786 12.5
      vertex 0 44 14
    endloop
  endfacet
  facet normal 0.0871648 0.996194 -0
    outer loop
      vertex 7.64052 43.3315 9.87777
      vertex 4.81645 43.5786 12.5
      vertex 7.64052 43.3315 14
    endloop
  endfacet
  facet normal 0.0871667 0.996194 2.05092e-06
    outer loop
      vertex 5.64052 43.5065 9.62787
      vertex 4.81645 43.5786 12.5
      vertex 7.64052 43.3315 9.87777
    endloop
  endfacet
  facet normal 0.0871596 0.996194 -0
    outer loop
      vertex 5.64052 43.5065 5.4436
      vertex 4.81645 43.5786 12.5
      vertex 5.64052 43.5065 9.62787
    endloop
  endfacet
  facet normal 0.0871596 0.996194 0
    outer loop
      vertex 4.81645 43.5786 12.5
      vertex 5.64052 43.5065 5.4436
      vertex 4.81645 43.5786 2.5
    endloop
  endfacet
  facet normal 0.08715 0.996195 -2.8637e-05
    outer loop
      vertex 2.82406 43.7529 12.5
      vertex 0 44 14
      vertex 4.81645 43.5786 12.5
    endloop
  endfacet
  facet normal 0.0871651 0.996194 3.82248e-18
    outer loop
      vertex 2.82406 43.7529 12.5
      vertex 0 44 9.87777
      vertex 0 44 14
    endloop
  endfacet
  facet normal 0.0871667 0.996194 -1.75793e-06
    outer loop
      vertex 2.82406 43.7529 12.5
      vertex 2 43.825 9.62787
      vertex 0 44 9.87777
    endloop
  endfacet
  facet normal 0.0871607 0.996194 -5.97112e-20
    outer loop
      vertex 2.82406 43.7529 12.5
      vertex 2 43.825 5.4436
      vertex 2 43.825 9.62787
    endloop
  endfacet
  facet normal 0.0871607 0.996194 -2.49848e-20
    outer loop
      vertex 2 43.825 5.4436
      vertex 2.82406 43.7529 12.5
      vertex 2.82406 43.7529 2.5
    endloop
  endfacet
  facet normal 0.0871672 0.996194 1.84114e-06
    outer loop
      vertex 2.82406 43.7529 2.5
      vertex 0 44 5.69349
      vertex 2 43.825 5.4436
    endloop
  endfacet
  facet normal 0.0871651 0.996194 2.76757e-18
    outer loop
      vertex 2.82406 43.7529 2.5
      vertex 0 44 0
      vertex 0 44 5.69349
    endloop
  endfacet
  facet normal 0.0871611 0.996194 4.60941e-06
    outer loop
      vertex 0 44 0
      vertex 2.82406 43.7529 2.5
      vertex 7.64052 43.3315 0
    endloop
  endfacet
  facet normal 0.087167 0.996194 -0
    outer loop
      vertex 7.64052 43.3315 18
      vertex 6.64052 43.419 19.5
      vertex 7.64052 43.3315 19.5
    endloop
  endfacet
  facet normal 0.087159 0.996194 -5.35729e-06
    outer loop
      vertex 6.64052 43.419 19.5
      vertex 7.64052 43.3315 18
      vertex 1 43.9125 19.5
    endloop
  endfacet
  facet normal 0.0871611 0.996194 3.95495e-06
    outer loop
      vertex 0 44 18
      vertex 1 43.9125 19.5
      vertex 7.64052 43.3315 18
    endloop
  endfacet
  facet normal 0.087167 0.996194 0
    outer loop
      vertex 1 43.9125 19.5
      vertex 0 44 18
      vertex 0 44 19.5
    endloop
  endfacet
  facet normal 0.0871439 0.996196 2.72087e-05
    outer loop
      vertex 2.87701 43.7483 26.5456
      vertex 6.64052 43.419 29.5
      vertex 5.81265 43.4915 26.5456
    endloop
  endfacet
  facet normal 0.0872402 0.996187 1.98599e-18
    outer loop
      vertex 6.64052 43.419 29.5
      vertex 5.81265 43.4915 24.4763
      vertex 5.81265 43.4915 26.5456
    endloop
  endfacet
  facet normal 0.0872402 0.996187 -0
    outer loop
      vertex 6.64052 43.419 19.5
      vertex 5.81265 43.4915 24.4763
      vertex 6.64052 43.419 29.5
    endloop
  endfacet
  facet normal 0.087159 0.996194 -2.32844e-05
    outer loop
      vertex 1 43.9125 19.5
      vertex 2.81236 43.754 22.3614
      vertex 6.64052 43.419 19.5
    endloop
  endfacet
  facet normal 0.0871586 0.996194 -2.38053e-05
    outer loop
      vertex 5.81265 43.4915 22.3614
      vertex 6.64052 43.419 19.5
      vertex 2.81236 43.754 22.3614
    endloop
  endfacet
  facet normal 0.0872402 0.996187 0
    outer loop
      vertex 5.81265 43.4915 24.4763
      vertex 6.64052 43.419 19.5
      vertex 5.81265 43.4915 22.3614
    endloop
  endfacet
  facet normal 0.087167 0.996194 0
    outer loop
      vertex 6.64052 43.419 29.5
      vertex 7.64052 43.3315 32
      vertex 7.64052 43.3315 29.5
    endloop
  endfacet
  facet normal 0.0871611 0.996194 2.37297e-06
    outer loop
      vertex 7.64052 43.3315 32
      vertex 6.64052 43.419 29.5
      vertex 0 44 32
    endloop
  endfacet
  facet normal 0.087159 0.996194 -3.21437e-06
    outer loop
      vertex 1 43.9125 29.5
      vertex 0 44 32
      vertex 6.64052 43.419 29.5
    endloop
  endfacet
  facet normal 0.087167 0.996194 0
    outer loop
      vertex 0 44 32
      vertex 1 43.9125 29.5
      vertex 0 44 29.5
    endloop
  endfacet
  facet normal 0.087159 0.996194 7.83422e-06
    outer loop
      vertex 6.64052 43.419 29.5
      vertex 2.87701 43.7483 26.5456
      vertex 1 43.9125 29.5
    endloop
  endfacet
  facet normal 0.0871672 0.996194 1.30905e-05
    outer loop
      vertex 1.82787 43.8401 26.5456
      vertex 1 43.9125 29.5
      vertex 2.87701 43.7483 26.5456
    endloop
  endfacet
  facet normal 0.0871208 0.996198 -0
    outer loop
      vertex 1.82787 43.8401 24.4763
      vertex 1 43.9125 29.5
      vertex 1.82787 43.8401 26.5456
    endloop
  endfacet
  facet normal 0.0871208 0.996198 -1.63089e-18
    outer loop
      vertex 1 43.9125 19.5
      vertex 1.82787 43.8401 24.4763
      vertex 1.82787 43.8401 22.3614
    endloop
  endfacet
  facet normal 0.0871208 0.996198 -3.44917e-19
    outer loop
      vertex 1.82787 43.8401 24.4763
      vertex 1 43.9125 19.5
      vertex 1 43.9125 29.5
    endloop
  endfacet
  facet normal 0.0871239 0.996197 -8.95051e-07
    outer loop
      vertex 2.81236 43.754 22.3614
      vertex 1 43.9125 19.5
      vertex 1.82787 43.8401 22.3614
    endloop
  endfacet
  facet normal 0.258816 0.965927 -5.19739e-06
    outer loop
      vertex 15.0489 41.3465 5.69349
      vertex 12.3106 42.0802 2.5
      vertex 13.1097 41.8661 5.4436
    endloop
  endfacet
  facet normal 0.258808 0.965929 -3.51611e-06
    outer loop
      vertex 12.3106 42.0802 2.5
      vertex 15.0489 41.3465 0
      vertex 10.3788 42.5978 2.5
    endloop
  endfacet
  facet normal 0.258811 0.965928 -0
    outer loop
      vertex 15.0489 41.3465 0
      vertex 12.3106 42.0802 2.5
      vertex 15.0489 41.3465 5.69349
    endloop
  endfacet
  facet normal 0.258811 0.965928 2.52596e-07
    outer loop
      vertex 15.0489 41.3465 14
      vertex 12.3106 42.0802 12.5
      vertex 7.64052 43.3315 14
    endloop
  endfacet
  facet normal 0.258811 0.965928 -0
    outer loop
      vertex 15.0489 41.3465 9.87777
      vertex 12.3106 42.0802 12.5
      vertex 15.0489 41.3465 14
    endloop
  endfacet
  facet normal 0.258787 0.965934 -2.68084e-05
    outer loop
      vertex 13.9978 41.6281 9.74232
      vertex 12.3106 42.0802 12.5
      vertex 15.0489 41.3465 9.87777
    endloop
  endfacet
  facet normal 0.258852 0.965917 1.59354e-05
    outer loop
      vertex 13.1097 41.8661 9.62787
      vertex 12.3106 42.0802 12.5
      vertex 13.9978 41.6281 9.74232
    endloop
  endfacet
  facet normal 0.258799 0.965931 -0
    outer loop
      vertex 13.1097 41.8661 5.4436
      vertex 12.3106 42.0802 12.5
      vertex 13.1097 41.8661 9.62787
    endloop
  endfacet
  facet normal 0.258799 0.965931 0
    outer loop
      vertex 12.3106 42.0802 12.5
      vertex 13.1097 41.8661 5.4436
      vertex 12.3106 42.0802 2.5
    endloop
  endfacet
  facet normal 0.258808 0.965929 -9.31094e-06
    outer loop
      vertex 10.3788 42.5978 12.5
      vertex 7.64052 43.3315 14
      vertex 12.3106 42.0802 12.5
    endloop
  endfacet
  facet normal 0.258812 0.965928 8.29435e-18
    outer loop
      vertex 10.3788 42.5978 12.5
      vertex 7.64052 43.3315 9.87777
      vertex 7.64052 43.3315 14
    endloop
  endfacet
  facet normal 0.258812 0.965928 4.62588e-07
    outer loop
      vertex 10.3788 42.5978 12.5
      vertex 9.57975 42.8119 9.62787
      vertex 7.64052 43.3315 9.87777
    endloop
  endfacet
  facet normal 0.258814 0.965927 -2.31397e-18
    outer loop
      vertex 10.3788 42.5978 12.5
      vertex 9.57975 42.8119 5.4436
      vertex 9.57975 42.8119 9.62787
    endloop
  endfacet
  facet normal 0.258814 0.965927 -9.68229e-19
    outer loop
      vertex 9.57975 42.8119 5.4436
      vertex 10.3788 42.5978 12.5
      vertex 10.3788 42.5978 2.5
    endloop
  endfacet
  facet normal 0.258812 0.965928 -4.84486e-07
    outer loop
      vertex 10.3788 42.5978 2.5
      vertex 7.64052 43.3315 5.69349
      vertex 9.57975 42.8119 5.4436
    endloop
  endfacet
  facet normal 0.258812 0.965928 6.00532e-18
    outer loop
      vertex 10.3788 42.5978 2.5
      vertex 7.64052 43.3315 0
      vertex 7.64052 43.3315 5.69349
    endloop
  endfacet
  facet normal 0.258811 0.965928 2.22204e-06
    outer loop
      vertex 7.64052 43.3315 0
      vertex 10.3788 42.5978 2.5
      vertex 15.0489 41.3465 0
    endloop
  endfacet
  facet normal 0.258816 0.965927 -0
    outer loop
      vertex 15.0489 41.3465 18
      vertex 14.0793 41.6063 19.5
      vertex 15.0489 41.3465 19.5
    endloop
  endfacet
  facet normal 0.25881 0.965928 -4.23025e-06
    outer loop
      vertex 14.0793 41.6063 19.5
      vertex 15.0489 41.3465 18
      vertex 8.61014 43.0717 19.5
    endloop
  endfacet
  facet normal 0.258811 0.965928 1.23777e-07
    outer loop
      vertex 7.64052 43.3315 18
      vertex 8.61014 43.0717 19.5
      vertex 15.0489 41.3465 18
    endloop
  endfacet
  facet normal 0.258811 0.965928 -1.29069e-17
    outer loop
      vertex 8.61014 43.0717 19.5
      vertex 7.64052 43.3315 18
      vertex 7.64052 43.3315 19.5
    endloop
  endfacet
  facet normal 0.258744 0.965946 2.74726e-05
    outer loop
      vertex 12.2593 42.0939 26.5456
      vertex 14.0793 41.6063 29.5
      vertex 13.2766 41.8214 26.5456
    endloop
  endfacet
  facet normal 0.258838 0.965921 -3.93656e-18
    outer loop
      vertex 14.0793 41.6063 29.5
      vertex 13.2766 41.8214 22.3614
      vertex 13.2766 41.8214 26.5456
    endloop
  endfacet
  facet normal 0.258739 0.965947 -2.973e-05
    outer loop
      vertex 14.0793 41.6063 19.5
      vertex 12.322 42.0771 22.3614
      vertex 13.2766 41.8214 22.3614
    endloop
  endfacet
  facet normal 0.25881 0.965928 1.64733e-05
    outer loop
      vertex 8.61014 43.0717 19.5
      vertex 12.322 42.0771 22.3614
      vertex 14.0793 41.6063 19.5
    endloop
  endfacet
  facet normal 0.258838 0.965921 -0
    outer loop
      vertex 14.0793 41.6063 19.5
      vertex 13.2766 41.8214 22.3614
      vertex 14.0793 41.6063 29.5
    endloop
  endfacet
  facet normal 0.258816 0.965927 -1.65254e-18
    outer loop
      vertex 14.0793 41.6063 29.5
      vertex 15.0489 41.3465 32
      vertex 15.0489 41.3465 29.5
    endloop
  endfacet
  facet normal 0.258811 0.965928 2.14475e-06
    outer loop
      vertex 15.0489 41.3465 32
      vertex 14.0793 41.6063 29.5
      vertex 7.64052 43.3315 32
    endloop
  endfacet
  facet normal 0.25881 0.965928 -4.67673e-07
    outer loop
      vertex 8.61014 43.0717 29.5
      vertex 7.64052 43.3315 32
      vertex 14.0793 41.6063 29.5
    endloop
  endfacet
  facet normal 0.258811 0.965928 0
    outer loop
      vertex 7.64052 43.3315 32
      vertex 8.61014 43.0717 29.5
      vertex 7.64052 43.3315 29.5
    endloop
  endfacet
  facet normal 0.25881 0.965928 -1.58766e-05
    outer loop
      vertex 14.0793 41.6063 29.5
      vertex 12.2593 42.0939 26.5456
      vertex 8.61014 43.0717 29.5
    endloop
  endfacet
  facet normal 0.258818 0.965926 -5.10877e-06
    outer loop
      vertex 9.41285 42.8566 26.5456
      vertex 8.61014 43.0717 29.5
      vertex 12.2593 42.0939 26.5456
    endloop
  endfacet
  facet normal 0.258835 0.965921 -0
    outer loop
      vertex 9.41285 42.8566 22.3614
      vertex 8.61014 43.0717 29.5
      vertex 9.41285 42.8566 26.5456
    endloop
  endfacet
  facet normal 0.258835 0.965921 4.37057e-19
    outer loop
      vertex 9.41285 42.8566 22.3614
      vertex 8.61014 43.0717 19.5
      vertex 8.61014 43.0717 29.5
    endloop
  endfacet
  facet normal 0.258818 0.965926 5.30525e-06
    outer loop
      vertex 12.322 42.0771 22.3614
      vertex 8.61014 43.0717 19.5
      vertex 9.41285 42.8566 22.3614
    endloop
  endfacet
  facet normal -0.996194 0.0871648 6.71738e-20
    outer loop
      vertex -43.5786 4.81645 2.5
      vertex -43.3315 7.64052 5.69349
      vertex -43.3315 7.64052 0
    endloop
  endfacet
  facet normal -0.996194 0.0871672 -2.148e-06
    outer loop
      vertex -43.3315 7.64052 5.69349
      vertex -43.5786 4.81645 2.5
      vertex -43.5065 5.64052 5.4436
    endloop
  endfacet
  facet normal -0.996195 0.08715 -1.68336e-05
    outer loop
      vertex -43.3315 7.64052 0
      vertex -43.7529 2.82406 2.5
      vertex -43.5786 4.81645 2.5
    endloop
  endfacet
  facet normal -0.996194 0.0871607 0
    outer loop
      vertex -43.7529 2.82406 2.5
      vertex -43.825 2 5.4436
      vertex -43.7529 2.82406 12.5
    endloop
  endfacet
  facet normal -0.996194 0.0871611 4.60941e-06
    outer loop
      vertex -44 0 0
      vertex -43.7529 2.82406 2.5
      vertex -43.3315 7.64052 0
    endloop
  endfacet
  facet normal -0.996194 0.0871651 0
    outer loop
      vertex -44 0 5.69349
      vertex -43.7529 2.82406 2.5
      vertex -44 0 0
    endloop
  endfacet
  facet normal -0.996194 0.0871672 1.84114e-06
    outer loop
      vertex -43.7529 2.82406 2.5
      vertex -44 0 5.69349
      vertex -43.825 2 5.4436
    endloop
  endfacet
  facet normal -0.996194 0.0871667 2.05092e-06
    outer loop
      vertex -43.5786 4.81645 12.5
      vertex -43.3315 7.64052 9.87777
      vertex -43.5065 5.64052 9.62787
    endloop
  endfacet
  facet normal -0.996194 0.0871596 5.35436e-19
    outer loop
      vertex -43.5786 4.81645 2.5
      vertex -43.5065 5.64052 9.62787
      vertex -43.5065 5.64052 5.4436
    endloop
  endfacet
  facet normal -0.996194 0.0871596 0
    outer loop
      vertex -43.5786 4.81645 12.5
      vertex -43.5065 5.64052 9.62787
      vertex -43.5786 4.81645 2.5
    endloop
  endfacet
  facet normal -0.996194 0.0871648 0
    outer loop
      vertex -43.3315 7.64052 9.87777
      vertex -43.5786 4.81645 12.5
      vertex -43.3315 7.64052 14
    endloop
  endfacet
  facet normal -0.996195 0.08715 2.8056e-05
    outer loop
      vertex -43.7529 2.82406 12.5
      vertex -43.3315 7.64052 14
      vertex -43.5786 4.81645 12.5
    endloop
  endfacet
  facet normal -0.996194 0.0871607 0
    outer loop
      vertex -43.825 2 9.62787
      vertex -43.7529 2.82406 12.5
      vertex -43.825 2 5.4436
    endloop
  endfacet
  facet normal -0.996194 0.0871667 -1.75793e-06
    outer loop
      vertex -44 0 9.87777
      vertex -43.7529 2.82406 12.5
      vertex -43.825 2 9.62787
    endloop
  endfacet
  facet normal -0.996194 0.0871611 -7.68234e-06
    outer loop
      vertex -43.7529 2.82406 12.5
      vertex -44 0 14
      vertex -43.3315 7.64052 14
    endloop
  endfacet
  facet normal -0.996194 0.0871651 0
    outer loop
      vertex -44 0 14
      vertex -43.7529 2.82406 12.5
      vertex -44 0 9.87777
    endloop
  endfacet
  facet normal -0.996194 0.087167 0
    outer loop
      vertex -43.3315 7.64052 18
      vertex -43.419 6.64052 19.5
      vertex -43.3315 7.64052 19.5
    endloop
  endfacet
  facet normal -0.996187 0.0872402 0
    outer loop
      vertex -43.419 6.64052 19.5
      vertex -43.4915 5.81265 24.4763
      vertex -43.419 6.64052 29.5
    endloop
  endfacet
  facet normal -0.996187 0.0872402 -1.94317e-18
    outer loop
      vertex -43.419 6.64052 19.5
      vertex -43.4915 5.81265 22.3614
      vertex -43.4915 5.81265 24.4763
    endloop
  endfacet
  facet normal -0.996194 0.0871586 -2.38053e-05
    outer loop
      vertex -43.419 6.64052 19.5
      vertex -43.754 2.81236 22.3614
      vertex -43.4915 5.81265 22.3614
    endloop
  endfacet
  facet normal -0.996194 0.087159 -5.35729e-06
    outer loop
      vertex -43.9125 1 19.5
      vertex -43.419 6.64052 19.5
      vertex -43.3315 7.64052 18
    endloop
  endfacet
  facet normal -0.996194 0.087159 -2.32844e-05
    outer loop
      vertex -43.419 6.64052 19.5
      vertex -43.9125 1 19.5
      vertex -43.754 2.81236 22.3614
    endloop
  endfacet
  facet normal -0.996198 0.0871208 0
    outer loop
      vertex -43.8401 1.82787 22.3614
      vertex -43.9125 1 19.5
      vertex -43.8401 1.82787 24.4763
    endloop
  endfacet
  facet normal -0.996197 0.0871239 -8.95051e-07
    outer loop
      vertex -43.754 2.81236 22.3614
      vertex -43.9125 1 19.5
      vertex -43.8401 1.82787 22.3614
    endloop
  endfacet
  facet normal -0.996194 0.0871611 3.95495e-06
    outer loop
      vertex -44 0 18
      vertex -43.9125 1 19.5
      vertex -43.3315 7.64052 18
    endloop
  endfacet
  facet normal -0.996194 0.087167 0
    outer loop
      vertex -43.9125 1 19.5
      vertex -44 0 18
      vertex -44 0 19.5
    endloop
  endfacet
  facet normal -0.996194 0.087167 0
    outer loop
      vertex -43.419 6.64052 29.5
      vertex -43.3315 7.64052 32
      vertex -43.3315 7.64052 29.5
    endloop
  endfacet
  facet normal -0.996187 0.0872402 0
    outer loop
      vertex -43.4915 5.81265 26.5456
      vertex -43.419 6.64052 29.5
      vertex -43.4915 5.81265 24.4763
    endloop
  endfacet
  facet normal -0.996196 0.0871439 2.72087e-05
    outer loop
      vertex -43.7483 2.87701 26.5456
      vertex -43.419 6.64052 29.5
      vertex -43.4915 5.81265 26.5456
    endloop
  endfacet
  facet normal -0.996194 0.087159 7.83422e-06
    outer loop
      vertex -43.9125 1 29.5
      vertex -43.419 6.64052 29.5
      vertex -43.7483 2.87701 26.5456
    endloop
  endfacet
  facet normal -0.996194 0.0871672 1.30905e-05
    outer loop
      vertex -43.9125 1 29.5
      vertex -43.7483 2.87701 26.5456
      vertex -43.8401 1.82787 26.5456
    endloop
  endfacet
  facet normal -0.996198 0.0871208 0
    outer loop
      vertex -43.9125 1 29.5
      vertex -43.8401 1.82787 24.4763
      vertex -43.9125 1 19.5
    endloop
  endfacet
  facet normal -0.996198 0.0871208 0
    outer loop
      vertex -43.8401 1.82787 24.4763
      vertex -43.9125 1 29.5
      vertex -43.8401 1.82787 26.5456
    endloop
  endfacet
  facet normal -0.996194 0.087159 3.21437e-06
    outer loop
      vertex -43.419 6.64052 29.5
      vertex -43.9125 1 29.5
      vertex -43.3315 7.64052 32
    endloop
  endfacet
  facet normal -0.996194 0.087167 0
    outer loop
      vertex -44 0 32
      vertex -43.9125 1 29.5
      vertex -44 0 29.5
    endloop
  endfacet
  facet normal -0.996194 0.0871611 -2.37297e-06
    outer loop
      vertex -43.9125 1 29.5
      vertex -44 0 32
      vertex -43.3315 7.64052 32
    endloop
  endfacet
  facet normal -0.707157 0.707057 0
    outer loop
      vertex -28.2827 33.706 18
      vertex -28.9925 32.9961 19.5
      vertex -28.2827 33.706 19.5
    endloop
  endfacet
  facet normal -0.707107 0.707107 0
    outer loop
      vertex -29.5801 32.4085 24.387
      vertex -28.9925 32.9961 19.5
      vertex -29.5801 32.4085 22.3614
    endloop
  endfacet
  facet normal -0.707107 0.707107 -1.8775e-17
    outer loop
      vertex -28.9925 32.9961 19.5
      vertex -32.4085 29.5801 22.3614
      vertex -29.5801 32.4085 22.3614
    endloop
  endfacet
  facet normal -0.707107 0.707107 4.71405e-05
    outer loop
      vertex -32.9961 28.9925 19.5
      vertex -28.9925 32.9961 19.5
      vertex -28.2827 33.706 18
    endloop
  endfacet
  facet normal -0.707107 0.707107 -1.52171e-17
    outer loop
      vertex -32.9961 28.9925 19.5
      vertex -32.4085 29.5801 24.387
      vertex -32.4085 29.5801 22.3614
    endloop
  endfacet
  facet normal -0.707107 0.707107 0
    outer loop
      vertex -32.9961 28.9925 29.5
      vertex -32.4085 29.5801 24.387
      vertex -32.9961 28.9925 19.5
    endloop
  endfacet
  facet normal -0.707107 0.707107 -4.93078e-17
    outer loop
      vertex -28.9925 32.9961 19.5
      vertex -32.9961 28.9925 19.5
      vertex -32.4085 29.5801 22.3614
    endloop
  endfacet
  facet normal -0.707107 0.707107 4.71405e-05
    outer loop
      vertex -33.706 28.2827 18
      vertex -32.9961 28.9925 19.5
      vertex -28.2827 33.706 18
    endloop
  endfacet
  facet normal -0.707057 0.707157 -3.08163e-17
    outer loop
      vertex -32.9961 28.9925 19.5
      vertex -33.706 28.2827 18
      vertex -33.706 28.2827 19.5
    endloop
  endfacet
  facet normal -0.707157 0.707057 -1.84898e-17
    outer loop
      vertex -28.9925 32.9961 29.5
      vertex -28.2827 33.706 32
      vertex -28.2827 33.706 29.5
    endloop
  endfacet
  facet normal -0.707107 0.707107 0
    outer loop
      vertex -28.9925 32.9961 19.5
      vertex -29.5801 32.4085 24.387
      vertex -28.9925 32.9961 29.5
    endloop
  endfacet
  facet normal -0.707107 0.707107 0
    outer loop
      vertex -29.5801 32.4085 26.5456
      vertex -28.9925 32.9961 29.5
      vertex -29.5801 32.4085 24.387
    endloop
  endfacet
  facet normal -0.707107 0.707107 4.39645e-17
    outer loop
      vertex -32.4085 29.5801 26.5456
      vertex -28.9925 32.9961 29.5
      vertex -29.5801 32.4085 26.5456
    endloop
  endfacet
  facet normal -0.707107 0.707107 1.21593e-17
    outer loop
      vertex -32.9961 28.9925 29.5
      vertex -28.9925 32.9961 29.5
      vertex -32.4085 29.5801 26.5456
    endloop
  endfacet
  facet normal -0.707107 0.707107 0
    outer loop
      vertex -32.4085 29.5801 24.387
      vertex -32.9961 28.9925 29.5
      vertex -32.4085 29.5801 26.5456
    endloop
  endfacet
  facet normal -0.707107 0.707107 -2.82843e-05
    outer loop
      vertex -28.9925 32.9961 29.5
      vertex -32.9961 28.9925 29.5
      vertex -28.2827 33.706 32
    endloop
  endfacet
  facet normal -0.707057 0.707157 0
    outer loop
      vertex -33.706 28.2827 32
      vertex -32.9961 28.9925 29.5
      vertex -33.706 28.2827 29.5
    endloop
  endfacet
  facet normal -0.707107 0.707107 -2.82843e-05
    outer loop
      vertex -32.9961 28.9925 29.5
      vertex -33.706 28.2827 32
      vertex -28.2827 33.706 32
    endloop
  endfacet
  facet normal -0.707124 0.707089 1.86743e-17
    outer loop
      vertex -30.2872 31.7014 2.5
      vertex -28.2827 33.706 5.69349
      vertex -28.2827 33.706 0
    endloop
  endfacet
  facet normal -0.707107 0.707107 1.00455e-17
    outer loop
      vertex -30.2872 31.7014 2.5
      vertex -29.7023 32.2863 7.51823
      vertex -29.7023 32.2863 5.4436
    endloop
  endfacet
  facet normal -0.707107 0.707107 0
    outer loop
      vertex -30.2872 31.7014 12.5
      vertex -29.7023 32.2863 7.51823
      vertex -30.2872 31.7014 2.5
    endloop
  endfacet
  facet normal -0.707133 0.707081 1.02558e-05
    outer loop
      vertex -28.2827 33.706 5.69349
      vertex -30.2872 31.7014 2.5
      vertex -29.7023 32.2863 5.4436
    endloop
  endfacet
  facet normal -0.707107 0.707107 2.82843e-05
    outer loop
      vertex -28.2827 33.706 0
      vertex -31.7014 30.2872 2.5
      vertex -30.2872 31.7014 2.5
    endloop
  endfacet
  facet normal -0.707107 0.707107 0
    outer loop
      vertex -32.2863 29.7023 7.51823
      vertex -31.7014 30.2872 2.5
      vertex -32.2863 29.7023 5.4436
    endloop
  endfacet
  facet normal -0.707107 0.707107 2.82843e-05
    outer loop
      vertex -33.706 28.2827 0
      vertex -31.7014 30.2872 2.5
      vertex -28.2827 33.706 0
    endloop
  endfacet
  facet normal -0.707089 0.707124 0
    outer loop
      vertex -33.706 28.2827 5.69349
      vertex -31.7014 30.2872 2.5
      vertex -33.706 28.2827 0
    endloop
  endfacet
  facet normal -0.707081 0.707133 1.02558e-05
    outer loop
      vertex -31.7014 30.2872 2.5
      vertex -33.706 28.2827 5.69349
      vertex -32.2863 29.7023 5.4436
    endloop
  endfacet
  facet normal -0.707131 0.707083 -9.79231e-06
    outer loop
      vertex -30.2872 31.7014 12.5
      vertex -28.2827 33.706 9.87777
      vertex -29.7023 32.2863 9.62787
    endloop
  endfacet
  facet normal -0.707107 0.707107 0
    outer loop
      vertex -29.7023 32.2863 7.51823
      vertex -30.2872 31.7014 12.5
      vertex -29.7023 32.2863 9.62787
    endloop
  endfacet
  facet normal -0.707124 0.707089 0
    outer loop
      vertex -28.2827 33.706 9.87777
      vertex -30.2872 31.7014 12.5
      vertex -28.2827 33.706 14
    endloop
  endfacet
  facet normal -0.707107 0.707107 -4.71405e-05
    outer loop
      vertex -31.7014 30.2872 12.5
      vertex -28.2827 33.706 14
      vertex -30.2872 31.7014 12.5
    endloop
  endfacet
  facet normal -0.707107 0.707107 0
    outer loop
      vertex -31.7014 30.2872 2.5
      vertex -32.2863 29.7023 7.51823
      vertex -31.7014 30.2872 12.5
    endloop
  endfacet
  facet normal -0.707107 0.707107 0
    outer loop
      vertex -32.2863 29.7023 9.62787
      vertex -31.7014 30.2872 12.5
      vertex -32.2863 29.7023 7.51823
    endloop
  endfacet
  facet normal -0.707083 0.707131 -9.79231e-06
    outer loop
      vertex -33.706 28.2827 9.87777
      vertex -31.7014 30.2872 12.5
      vertex -32.2863 29.7023 9.62787
    endloop
  endfacet
  facet normal -0.707107 0.707107 -4.71405e-05
    outer loop
      vertex -31.7014 30.2872 12.5
      vertex -33.706 28.2827 14
      vertex -28.2827 33.706 14
    endloop
  endfacet
  facet normal -0.707089 0.707124 0
    outer loop
      vertex -33.706 28.2827 14
      vertex -31.7014 30.2872 12.5
      vertex -33.706 28.2827 9.87777
    endloop
  endfacet
  facet normal -0.422662 0.906287 0
    outer loop
      vertex -15.0489 41.3465 18
      vertex -15.9587 40.9222 19.5
      vertex -15.0489 41.3465 19.5
    endloop
  endfacet
  facet normal -0.42261 0.906312 3.8386e-05
    outer loop
      vertex -15.9587 40.9222 19.5
      vertex -15.0489 41.3465 18
      vertex -21.0902 38.5294 19.5
    endloop
  endfacet
  facet normal -0.422623 0.906305 -2.83374e-05
    outer loop
      vertex -22 38.1051 18
      vertex -21.0902 38.5294 19.5
      vertex -15.0489 41.3465 18
    endloop
  endfacet
  facet normal -0.422662 0.906287 1.18262e-17
    outer loop
      vertex -21.0902 38.5294 19.5
      vertex -22 38.1051 18
      vertex -22 38.1051 19.5
    endloop
  endfacet
  facet normal -0.422548 0.906341 -2.92153e-05
    outer loop
      vertex -17.6663 40.126 26.5456
      vertex -15.9587 40.9222 29.5
      vertex -16.7118 40.571 26.5456
    endloop
  endfacet
  facet normal -0.422642 0.906297 -1.21795e-17
    outer loop
      vertex -15.9587 40.9222 29.5
      vertex -16.7118 40.571 24.387
      vertex -16.7118 40.571 26.5456
    endloop
  endfacet
  facet normal -0.422642 0.906297 0
    outer loop
      vertex -15.9587 40.9222 19.5
      vertex -16.7118 40.571 24.387
      vertex -15.9587 40.9222 29.5
    endloop
  endfacet
  facet normal -0.422609 0.906312 1.04249e-05
    outer loop
      vertex -15.9587 40.9222 19.5
      vertex -19.4414 39.2982 22.3614
      vertex -16.7118 40.571 22.3614
    endloop
  endfacet
  facet normal -0.42261 0.906312 9.3475e-06
    outer loop
      vertex -21.0902 38.5294 19.5
      vertex -19.4414 39.2982 22.3614
      vertex -15.9587 40.9222 19.5
    endloop
  endfacet
  facet normal -0.422642 0.906297 0
    outer loop
      vertex -16.7118 40.571 24.387
      vertex -15.9587 40.9222 19.5
      vertex -16.7118 40.571 22.3614
    endloop
  endfacet
  facet normal -0.422662 0.906287 7.09571e-18
    outer loop
      vertex -15.9587 40.9222 29.5
      vertex -15.0489 41.3465 32
      vertex -15.0489 41.3465 29.5
    endloop
  endfacet
  facet normal -0.422623 0.906305 -1.70025e-05
    outer loop
      vertex -15.0489 41.3465 32
      vertex -15.9587 40.9222 29.5
      vertex -22 38.1051 32
    endloop
  endfacet
  facet normal -0.42261 0.906312 2.30316e-05
    outer loop
      vertex -21.0902 38.5294 29.5
      vertex -22 38.1051 32
      vertex -15.9587 40.9222 29.5
    endloop
  endfacet
  facet normal -0.422662 0.906287 0
    outer loop
      vertex -22 38.1051 32
      vertex -21.0902 38.5294 29.5
      vertex -22 38.1051 29.5
    endloop
  endfacet
  facet normal -0.42261 0.906312 1.46452e-05
    outer loop
      vertex -15.9587 40.9222 29.5
      vertex -17.6663 40.126 26.5456
      vertex -21.0902 38.5294 29.5
    endloop
  endfacet
  facet normal -0.422614 0.90631 8.52485e-06
    outer loop
      vertex -20.3371 38.8806 26.5456
      vertex -21.0902 38.5294 29.5
      vertex -17.6663 40.126 26.5456
    endloop
  endfacet
  facet normal -0.422642 0.906297 0
    outer loop
      vertex -20.3371 38.8806 24.4763
      vertex -21.0902 38.5294 29.5
      vertex -20.3371 38.8806 26.5456
    endloop
  endfacet
  facet normal -0.422642 0.906297 -1.24312e-17
    outer loop
      vertex -21.0902 38.5294 19.5
      vertex -20.3371 38.8806 24.4763
      vertex -20.3371 38.8806 22.3614
    endloop
  endfacet
  facet normal -0.422642 0.906297 -2.62908e-18
    outer loop
      vertex -20.3371 38.8806 24.4763
      vertex -21.0902 38.5294 19.5
      vertex -21.0902 38.5294 29.5
    endloop
  endfacet
  facet normal -0.422559 0.906336 -2.66212e-05
    outer loop
      vertex -19.4414 39.2982 22.3614
      vertex -21.0902 38.5294 19.5
      vertex -20.3371 38.8806 22.3614
    endloop
  endfacet
  facet normal -0.422623 0.906305 -2.67746e-05
    outer loop
      vertex -15.0489 41.3465 14
      vertex -17.6181 40.1484 12.5
      vertex -22 38.1051 14
    endloop
  endfacet
  facet normal -0.422636 0.906299 0
    outer loop
      vertex -15.0489 41.3465 9.87777
      vertex -17.6181 40.1484 12.5
      vertex -15.0489 41.3465 14
    endloop
  endfacet
  facet normal -0.42264 0.906298 -3.89261e-06
    outer loop
      vertex -16.8684 40.498 9.62787
      vertex -17.6181 40.1484 12.5
      vertex -15.0489 41.3465 9.87777
    endloop
  endfacet
  facet normal -0.422627 0.906304 0
    outer loop
      vertex -16.8684 40.498 7.51823
      vertex -17.6181 40.1484 12.5
      vertex -16.8684 40.498 9.62787
    endloop
  endfacet
  facet normal -0.422627 0.906304 1.34566e-17
    outer loop
      vertex -17.6181 40.1484 2.5
      vertex -16.8684 40.498 7.51823
      vertex -16.8684 40.498 5.4436
    endloop
  endfacet
  facet normal -0.422627 0.906304 2.79175e-18
    outer loop
      vertex -16.8684 40.498 7.51823
      vertex -17.6181 40.1484 2.5
      vertex -17.6181 40.1484 12.5
    endloop
  endfacet
  facet normal -0.422606 0.906313 3.45672e-05
    outer loop
      vertex -19.4307 39.3032 12.5
      vertex -22 38.1051 14
      vertex -17.6181 40.1484 12.5
    endloop
  endfacet
  facet normal -0.422623 0.906306 -1.29887e-17
    outer loop
      vertex -19.4307 39.3032 12.5
      vertex -22 38.1051 9.87777
      vertex -22 38.1051 14
    endloop
  endfacet
  facet normal -0.422638 0.906299 1.80985e-05
    outer loop
      vertex -19.4307 39.3032 12.5
      vertex -20.1805 38.9536 9.62787
      vertex -22 38.1051 9.87777
    endloop
  endfacet
  facet normal -0.422581 0.906325 6.4442e-18
    outer loop
      vertex -19.4307 39.3032 12.5
      vertex -20.1805 38.9536 5.4436
      vertex -20.1805 38.9536 9.62787
    endloop
  endfacet
  facet normal -0.422581 0.906325 2.69643e-18
    outer loop
      vertex -20.1805 38.9536 5.4436
      vertex -19.4307 39.3032 12.5
      vertex -19.4307 39.3032 2.5
    endloop
  endfacet
  facet normal -0.422665 0.906286 -2.5913e-05
    outer loop
      vertex -19.4307 39.3032 2.5
      vertex -21.2226 38.4676 5.58672
      vertex -20.1805 38.9536 5.4436
    endloop
  endfacet
  facet normal -0.42261 0.906312 1.3006e-05
    outer loop
      vertex -19.4307 39.3032 2.5
      vertex -22 38.1051 5.69349
      vertex -21.2226 38.4676 5.58672
    endloop
  endfacet
  facet normal -0.422623 0.906306 -9.40415e-18
    outer loop
      vertex -19.4307 39.3032 2.5
      vertex -22 38.1051 0
      vertex -22 38.1051 5.69349
    endloop
  endfacet
  facet normal -0.422623 0.906305 8.40188e-07
    outer loop
      vertex -22 38.1051 0
      vertex -19.4307 39.3032 2.5
      vertex -15.0489 41.3465 0
    endloop
  endfacet
  facet normal -0.422608 0.906313 -2.78833e-05
    outer loop
      vertex -17.6181 40.1484 2.5
      vertex -15.8263 40.984 5.58672
      vertex -15.0489 41.3465 5.69349
    endloop
  endfacet
  facet normal -0.422663 0.906287 1.10338e-05
    outer loop
      vertex -15.8263 40.984 5.58672
      vertex -17.6181 40.1484 2.5
      vertex -16.8684 40.498 5.4436
    endloop
  endfacet
  facet normal -0.422606 0.906313 3.76446e-05
    outer loop
      vertex -17.6181 40.1484 2.5
      vertex -15.0489 41.3465 0
      vertex -19.4307 39.3032 2.5
    endloop
  endfacet
  facet normal -0.422636 0.906299 0
    outer loop
      vertex -15.0489 41.3465 0
      vertex -17.6181 40.1484 2.5
      vertex -15.0489 41.3465 5.69349
    endloop
  endfacet
  facet normal -0.0871672 0.996194 1.84114e-06
    outer loop
      vertex 0 44 5.69349
      vertex -2.82406 43.7529 2.5
      vertex -2 43.825 5.4436
    endloop
  endfacet
  facet normal -0.08715 0.996195 1.71822e-05
    outer loop
      vertex -2.82406 43.7529 2.5
      vertex 0 44 0
      vertex -4.81645 43.5786 2.5
    endloop
  endfacet
  facet normal -0.0871651 0.996194 0
    outer loop
      vertex 0 44 0
      vertex -2.82406 43.7529 2.5
      vertex 0 44 5.69349
    endloop
  endfacet
  facet normal -0.0871611 0.996194 -7.68234e-06
    outer loop
      vertex 0 44 14
      vertex -2.82406 43.7529 12.5
      vertex -7.64052 43.3315 14
    endloop
  endfacet
  facet normal -0.0871651 0.996194 0
    outer loop
      vertex 0 44 9.87777
      vertex -2.82406 43.7529 12.5
      vertex 0 44 14
    endloop
  endfacet
  facet normal -0.0871667 0.996194 -1.75793e-06
    outer loop
      vertex -2 43.825 9.62787
      vertex -2.82406 43.7529 12.5
      vertex 0 44 9.87777
    endloop
  endfacet
  facet normal -0.0871607 0.996194 0
    outer loop
      vertex -2 43.825 5.4436
      vertex -2.82406 43.7529 12.5
      vertex -2 43.825 9.62787
    endloop
  endfacet
  facet normal -0.0871607 0.996194 0
    outer loop
      vertex -2.82406 43.7529 12.5
      vertex -2 43.825 5.4436
      vertex -2.82406 43.7529 2.5
    endloop
  endfacet
  facet normal -0.08715 0.996195 2.8056e-05
    outer loop
      vertex -4.81645 43.5786 12.5
      vertex -7.64052 43.3315 14
      vertex -2.82406 43.7529 12.5
    endloop
  endfacet
  facet normal -0.0871648 0.996194 9.27783e-20
    outer loop
      vertex -4.81645 43.5786 12.5
      vertex -7.64052 43.3315 9.87777
      vertex -7.64052 43.3315 14
    endloop
  endfacet
  facet normal -0.0871667 0.996194 2.05092e-06
    outer loop
      vertex -4.81645 43.5786 12.5
      vertex -5.64052 43.5065 9.62787
      vertex -7.64052 43.3315 9.87777
    endloop
  endfacet
  facet normal -0.0871596 0.996194 5.35436e-19
    outer loop
      vertex -4.81645 43.5786 12.5
      vertex -5.64052 43.5065 5.4436
      vertex -5.64052 43.5065 9.62787
    endloop
  endfacet
  facet normal -0.0871596 0.996194 2.24041e-19
    outer loop
      vertex -5.64052 43.5065 5.4436
      vertex -4.81645 43.5786 12.5
      vertex -4.81645 43.5786 2.5
    endloop
  endfacet
  facet normal -0.0871672 0.996194 -2.148e-06
    outer loop
      vertex -4.81645 43.5786 2.5
      vertex -7.64052 43.3315 5.69349
      vertex -5.64052 43.5065 5.4436
    endloop
  endfacet
  facet normal -0.0871648 0.996194 6.71738e-20
    outer loop
      vertex -4.81645 43.5786 2.5
      vertex -7.64052 43.3315 0
      vertex -7.64052 43.3315 5.69349
    endloop
  endfacet
  facet normal -0.0871611 0.996194 -4.26076e-06
    outer loop
      vertex -7.64052 43.3315 0
      vertex -4.81645 43.5786 2.5
      vertex 0 44 0
    endloop
  endfacet
  facet normal -0.087167 0.996194 0
    outer loop
      vertex 0 44 18
      vertex -1 43.9125 19.5
      vertex 0 44 19.5
    endloop
  endfacet
  facet normal -0.087159 0.996194 5.35729e-06
    outer loop
      vertex -1 43.9125 19.5
      vertex 0 44 18
      vertex -6.64052 43.419 19.5
    endloop
  endfacet
  facet normal -0.0871611 0.996194 -3.95495e-06
    outer loop
      vertex -7.64052 43.3315 18
      vertex -6.64052 43.419 19.5
      vertex 0 44 18
    endloop
  endfacet
  facet normal -0.087167 0.996194 0
    outer loop
      vertex -6.64052 43.419 19.5
      vertex -7.64052 43.3315 18
      vertex -7.64052 43.3315 19.5
    endloop
  endfacet
  facet normal -0.0871672 0.996194 1.30905e-05
    outer loop
      vertex -2.87701 43.7483 26.5456
      vertex -1 43.9125 29.5
      vertex -1.82787 43.8401 26.5456
    endloop
  endfacet
  facet normal -0.0871208 0.996198 1.66683e-18
    outer loop
      vertex -1 43.9125 29.5
      vertex -1.82787 43.8401 24.4763
      vertex -1.82787 43.8401 26.5456
    endloop
  endfacet
  facet normal -0.0871208 0.996198 0
    outer loop
      vertex -1 43.9125 19.5
      vertex -1.82787 43.8401 24.4763
      vertex -1 43.9125 29.5
    endloop
  endfacet
  facet normal -0.0871239 0.996197 -8.95051e-07
    outer loop
      vertex -1.82787 43.8401 22.3614
      vertex -1 43.9125 19.5
      vertex -2.81236 43.754 22.3614
    endloop
  endfacet
  facet normal -0.0871208 0.996198 0
    outer loop
      vertex -1.82787 43.8401 24.4763
      vertex -1 43.9125 19.5
      vertex -1.82787 43.8401 22.3614
    endloop
  endfacet
  facet normal -0.087167 0.996194 0
    outer loop
      vertex -1 43.9125 29.5
      vertex 0 44 32
      vertex 0 44 29.5
    endloop
  endfacet
  facet normal -0.0871611 0.996194 -2.37297e-06
    outer loop
      vertex 0 44 32
      vertex -1 43.9125 29.5
      vertex -7.64052 43.3315 32
    endloop
  endfacet
  facet normal -0.087159 0.996194 3.21437e-06
    outer loop
      vertex -6.64052 43.419 29.5
      vertex -7.64052 43.3315 32
      vertex -1 43.9125 29.5
    endloop
  endfacet
  facet normal -0.087167 0.996194 0
    outer loop
      vertex -7.64052 43.3315 32
      vertex -6.64052 43.419 29.5
      vertex -7.64052 43.3315 29.5
    endloop
  endfacet
  facet normal -0.087159 0.996194 7.83422e-06
    outer loop
      vertex -1 43.9125 29.5
      vertex -2.87701 43.7483 26.5456
      vertex -6.64052 43.419 29.5
    endloop
  endfacet
  facet normal -0.0871439 0.996196 2.72087e-05
    outer loop
      vertex -5.81265 43.4915 26.5456
      vertex -6.64052 43.419 29.5
      vertex -2.87701 43.7483 26.5456
    endloop
  endfacet
  facet normal -0.0872402 0.996187 0
    outer loop
      vertex -5.81265 43.4915 24.4763
      vertex -6.64052 43.419 29.5
      vertex -5.81265 43.4915 26.5456
    endloop
  endfacet
  facet normal -0.0872402 0.996187 -1.94317e-18
    outer loop
      vertex -6.64052 43.419 19.5
      vertex -5.81265 43.4915 24.4763
      vertex -5.81265 43.4915 22.3614
    endloop
  endfacet
  facet normal -0.087159 0.996194 -2.32844e-05
    outer loop
      vertex -6.64052 43.419 19.5
      vertex -2.81236 43.754 22.3614
      vertex -1 43.9125 19.5
    endloop
  endfacet
  facet normal -0.0872402 0.996187 -4.1096e-19
    outer loop
      vertex -5.81265 43.4915 24.4763
      vertex -6.64052 43.419 19.5
      vertex -6.64052 43.419 29.5
    endloop
  endfacet
  facet normal -0.0871586 0.996194 -2.38053e-05
    outer loop
      vertex -2.81236 43.754 22.3614
      vertex -6.64052 43.419 19.5
      vertex -5.81265 43.4915 22.3614
    endloop
  endfacet
  facet normal -0.573523 0.81919 0
    outer loop
      vertex -22 38.1051 18
      vertex -22.8223 37.5294 19.5
      vertex -22 38.1051 19.5
    endloop
  endfacet
  facet normal -0.573584 0.819146 -5.05748e-05
    outer loop
      vertex -22.8223 37.5294 19.5
      vertex -22 38.1051 18
      vertex -27.4604 34.2817 19.5
    endloop
  endfacet
  facet normal -0.573568 0.819158 3.73365e-05
    outer loop
      vertex -28.2827 33.706 18
      vertex -27.4604 34.2817 19.5
      vertex -22 38.1051 18
    endloop
  endfacet
  facet normal -0.573523 0.81919 6.85864e-18
    outer loop
      vertex -27.4604 34.2817 19.5
      vertex -28.2827 33.706 18
      vertex -28.2827 33.706 19.5
    endloop
  endfacet
  facet normal -0.573592 0.819141 -1.36592e-05
    outer loop
      vertex -25.9169 35.3624 26.5456
      vertex -22.8223 37.5294 29.5
      vertex -23.503 37.0527 26.5456
    endloop
  endfacet
  facet normal -0.573632 0.819113 7.74841e-18
    outer loop
      vertex -22.8223 37.5294 29.5
      vertex -23.503 37.0527 22.3614
      vertex -23.503 37.0527 26.5456
    endloop
  endfacet
  facet normal -0.57358 0.819149 1.8255e-05
    outer loop
      vertex -22.8223 37.5294 19.5
      vertex -25.9701 35.3252 22.3614
      vertex -23.503 37.0527 22.3614
    endloop
  endfacet
  facet normal -0.573584 0.819146 1.17248e-05
    outer loop
      vertex -27.4604 34.2817 19.5
      vertex -25.9701 35.3252 22.3614
      vertex -22.8223 37.5294 19.5
    endloop
  endfacet
  facet normal -0.573632 0.819113 0
    outer loop
      vertex -22.8223 37.5294 19.5
      vertex -23.503 37.0527 22.3614
      vertex -22.8223 37.5294 29.5
    endloop
  endfacet
  facet normal -0.573523 0.81919 4.11519e-18
    outer loop
      vertex -22.8223 37.5294 29.5
      vertex -22 38.1051 32
      vertex -22 38.1051 29.5
    endloop
  endfacet
  facet normal -0.573568 0.819158 2.24019e-05
    outer loop
      vertex -22 38.1051 32
      vertex -22.8223 37.5294 29.5
      vertex -28.2827 33.706 32
    endloop
  endfacet
  facet normal -0.573584 0.819146 -3.03449e-05
    outer loop
      vertex -27.4604 34.2817 29.5
      vertex -28.2827 33.706 32
      vertex -22.8223 37.5294 29.5
    endloop
  endfacet
  facet normal -0.573523 0.81919 0
    outer loop
      vertex -28.2827 33.706 32
      vertex -27.4604 34.2817 29.5
      vertex -28.2827 33.706 29.5
    endloop
  endfacet
  facet normal -0.573584 0.819146 -2.57219e-05
    outer loop
      vertex -22.8223 37.5294 29.5
      vertex -25.9169 35.3624 26.5456
      vertex -27.4604 34.2817 29.5
    endloop
  endfacet
  facet normal -0.573532 0.819183 1.47492e-05
    outer loop
      vertex -26.7796 34.7584 26.5456
      vertex -27.4604 34.2817 29.5
      vertex -25.9169 35.3624 26.5456
    endloop
  endfacet
  facet normal -0.573575 0.819153 0
    outer loop
      vertex -26.7796 34.7584 22.3614
      vertex -27.4604 34.2817 29.5
      vertex -26.7796 34.7584 26.5456
    endloop
  endfacet
  facet normal -0.573575 0.819153 3.19937e-18
    outer loop
      vertex -26.7796 34.7584 22.3614
      vertex -27.4604 34.2817 19.5
      vertex -27.4604 34.2817 29.5
    endloop
  endfacet
  facet normal -0.573564 0.819161 -3.96442e-06
    outer loop
      vertex -25.9701 35.3252 22.3614
      vertex -27.4604 34.2817 19.5
      vertex -26.7796 34.7584 22.3614
    endloop
  endfacet
  facet normal -0.573554 0.819168 -1.86393e-05
    outer loop
      vertex -22 38.1051 5.69349
      vertex -24.3222 36.4791 2.5
      vertex -23.6446 36.9536 5.4436
    endloop
  endfacet
  facet normal -0.57356 0.819164 1.60363e-05
    outer loop
      vertex -24.3222 36.4791 2.5
      vertex -22 38.1051 0
      vertex -25.9605 35.332 2.5
    endloop
  endfacet
  facet normal -0.573571 0.819156 0
    outer loop
      vertex -22 38.1051 0
      vertex -24.3222 36.4791 2.5
      vertex -22 38.1051 5.69349
    endloop
  endfacet
  facet normal -0.573568 0.819158 -6.96941e-06
    outer loop
      vertex -22 38.1051 14
      vertex -24.3222 36.4791 12.5
      vertex -28.2827 33.706 14
    endloop
  endfacet
  facet normal -0.573571 0.819156 0
    outer loop
      vertex -22 38.1051 9.87777
      vertex -24.3222 36.4791 12.5
      vertex -22 38.1051 14
    endloop
  endfacet
  facet normal -0.573558 0.819165 1.77969e-05
    outer loop
      vertex -23.6446 36.9536 9.62787
      vertex -24.3222 36.4791 12.5
      vertex -22 38.1051 9.87777
    endloop
  endfacet
  facet normal -0.573608 0.81913 0
    outer loop
      vertex -23.6446 36.9536 7.51823
      vertex -24.3222 36.4791 12.5
      vertex -23.6446 36.9536 9.62787
    endloop
  endfacet
  facet normal -0.573608 0.81913 8.92354e-18
    outer loop
      vertex -24.3222 36.4791 2.5
      vertex -23.6446 36.9536 7.51823
      vertex -23.6446 36.9536 5.4436
    endloop
  endfacet
  facet normal -0.573608 0.81913 1.85131e-18
    outer loop
      vertex -23.6446 36.9536 7.51823
      vertex -24.3222 36.4791 2.5
      vertex -24.3222 36.4791 12.5
    endloop
  endfacet
  facet normal -0.57356 0.819164 2.67271e-05
    outer loop
      vertex -25.9605 35.332 12.5
      vertex -28.2827 33.706 14
      vertex -24.3222 36.4791 12.5
    endloop
  endfacet
  facet normal -0.573571 0.819156 1.16715e-17
    outer loop
      vertex -25.9605 35.332 12.5
      vertex -28.2827 33.706 9.87777
      vertex -28.2827 33.706 14
    endloop
  endfacet
  facet normal -0.573502 0.819204 -9.08016e-05
    outer loop
      vertex -25.9605 35.332 12.5
      vertex -27.3912 34.3301 9.74232
      vertex -28.2827 33.706 9.87777
    endloop
  endfacet
  facet normal -0.573629 0.819115 7.41774e-06
    outer loop
      vertex -25.9605 35.332 12.5
      vertex -26.6381 34.8575 9.62787
      vertex -27.3912 34.3301 9.74232
    endloop
  endfacet
  facet normal -0.573608 0.81913 -1.48003e-18
    outer loop
      vertex -25.9605 35.332 12.5
      vertex -26.6381 34.8575 5.4436
      vertex -26.6381 34.8575 9.62787
    endloop
  endfacet
  facet normal -0.573608 0.81913 -6.19286e-19
    outer loop
      vertex -26.6381 34.8575 5.4436
      vertex -25.9605 35.332 12.5
      vertex -25.9605 35.332 2.5
    endloop
  endfacet
  facet normal -0.57356 0.819164 1.66398e-05
    outer loop
      vertex -25.9605 35.332 2.5
      vertex -27.58 34.198 5.58672
      vertex -26.6381 34.8575 5.4436
    endloop
  endfacet
  facet normal -0.573546 0.819174 2.78239e-05
    outer loop
      vertex -25.9605 35.332 2.5
      vertex -28.2827 33.706 5.69349
      vertex -27.58 34.198 5.58672
    endloop
  endfacet
  facet normal -0.573571 0.819156 8.45044e-18
    outer loop
      vertex -25.9605 35.332 2.5
      vertex -28.2827 33.706 0
      vertex -28.2827 33.706 5.69349
    endloop
  endfacet
  facet normal -0.573568 0.819158 -4.18165e-06
    outer loop
      vertex -28.2827 33.706 0
      vertex -25.9605 35.332 2.5
      vertex -22 38.1051 0
    endloop
  endfacet
  facet normal 0.996194 0.087167 0
    outer loop
      vertex 43.3315 7.64052 32
      vertex 43.419 6.64052 29.5
      vertex 43.3315 7.64052 29.5
    endloop
  endfacet
  facet normal 0.996187 0.0872402 0
    outer loop
      vertex 43.419 6.64052 29.5
      vertex 43.4915 5.81265 24.4763
      vertex 43.419 6.64052 19.5
    endloop
  endfacet
  facet normal 0.996187 0.0872402 1.98599e-18
    outer loop
      vertex 43.419 6.64052 29.5
      vertex 43.4915 5.81265 26.5456
      vertex 43.4915 5.81265 24.4763
    endloop
  endfacet
  facet normal 0.996196 0.0871439 2.72087e-05
    outer loop
      vertex 43.419 6.64052 29.5
      vertex 43.7483 2.87701 26.5456
      vertex 43.4915 5.81265 26.5456
    endloop
  endfacet
  facet normal 0.996194 0.087159 3.21437e-06
    outer loop
      vertex 43.9125 1 29.5
      vertex 43.419 6.64052 29.5
      vertex 43.3315 7.64052 32
    endloop
  endfacet
  facet normal 0.996194 0.087159 7.83422e-06
    outer loop
      vertex 43.419 6.64052 29.5
      vertex 43.9125 1 29.5
      vertex 43.7483 2.87701 26.5456
    endloop
  endfacet
  facet normal 0.996198 0.0871208 0
    outer loop
      vertex 43.8401 1.82787 26.5456
      vertex 43.9125 1 29.5
      vertex 43.8401 1.82787 24.4763
    endloop
  endfacet
  facet normal 0.996194 0.0871672 1.30905e-05
    outer loop
      vertex 43.7483 2.87701 26.5456
      vertex 43.9125 1 29.5
      vertex 43.8401 1.82787 26.5456
    endloop
  endfacet
  facet normal 0.996194 0.0871611 -2.37297e-06
    outer loop
      vertex 44 0 32
      vertex 43.9125 1 29.5
      vertex 43.3315 7.64052 32
    endloop
  endfacet
  facet normal 0.996194 0.087167 0
    outer loop
      vertex 43.9125 1 29.5
      vertex 44 0 32
      vertex 44 0 29.5
    endloop
  endfacet
  facet normal 0.996194 0.087167 0
    outer loop
      vertex 43.419 6.64052 19.5
      vertex 43.3315 7.64052 18
      vertex 43.3315 7.64052 19.5
    endloop
  endfacet
  facet normal 0.996187 0.0872402 -0
    outer loop
      vertex 43.4915 5.81265 22.3614
      vertex 43.419 6.64052 19.5
      vertex 43.4915 5.81265 24.4763
    endloop
  endfacet
  facet normal 0.996194 0.0871586 -2.38053e-05
    outer loop
      vertex 43.754 2.81236 22.3614
      vertex 43.419 6.64052 19.5
      vertex 43.4915 5.81265 22.3614
    endloop
  endfacet
  facet normal 0.996194 0.087159 -2.32844e-05
    outer loop
      vertex 43.9125 1 19.5
      vertex 43.419 6.64052 19.5
      vertex 43.754 2.81236 22.3614
    endloop
  endfacet
  facet normal 0.996197 0.0871239 -8.95051e-07
    outer loop
      vertex 43.9125 1 19.5
      vertex 43.754 2.81236 22.3614
      vertex 43.8401 1.82787 22.3614
    endloop
  endfacet
  facet normal 0.996198 0.0871208 -0
    outer loop
      vertex 43.9125 1 19.5
      vertex 43.8401 1.82787 24.4763
      vertex 43.9125 1 29.5
    endloop
  endfacet
  facet normal 0.996198 0.0871208 0
    outer loop
      vertex 43.8401 1.82787 24.4763
      vertex 43.9125 1 19.5
      vertex 43.8401 1.82787 22.3614
    endloop
  endfacet
  facet normal 0.996194 0.087159 -5.35729e-06
    outer loop
      vertex 43.419 6.64052 19.5
      vertex 43.9125 1 19.5
      vertex 43.3315 7.64052 18
    endloop
  endfacet
  facet normal 0.996194 0.087167 -0
    outer loop
      vertex 44 0 18
      vertex 43.9125 1 19.5
      vertex 44 0 19.5
    endloop
  endfacet
  facet normal 0.996194 0.0871611 3.95495e-06
    outer loop
      vertex 43.9125 1 19.5
      vertex 44 0 18
      vertex 43.3315 7.64052 18
    endloop
  endfacet
  facet normal 0.996194 0.0871648 -9.27783e-20
    outer loop
      vertex 43.5786 4.81645 12.5
      vertex 43.3315 7.64052 9.87777
      vertex 43.3315 7.64052 14
    endloop
  endfacet
  facet normal 0.996194 0.0871596 0
    outer loop
      vertex 43.5065 5.64052 9.62787
      vertex 43.5786 4.81645 12.5
      vertex 43.5065 5.64052 5.4436
    endloop
  endfacet
  facet normal 0.996194 0.0871667 2.05092e-06
    outer loop
      vertex 43.3315 7.64052 9.87777
      vertex 43.5786 4.81645 12.5
      vertex 43.5065 5.64052 9.62787
    endloop
  endfacet
  facet normal 0.996195 0.08715 2.8056e-05
    outer loop
      vertex 43.3315 7.64052 14
      vertex 43.7529 2.82406 12.5
      vertex 43.5786 4.81645 12.5
    endloop
  endfacet
  facet normal 0.996194 0.0871607 0
    outer loop
      vertex 43.7529 2.82406 12.5
      vertex 43.825 2 9.62787
      vertex 43.7529 2.82406 2.5
    endloop
  endfacet
  facet normal 0.996194 0.0871611 -7.68234e-06
    outer loop
      vertex 44 0 14
      vertex 43.7529 2.82406 12.5
      vertex 43.3315 7.64052 14
    endloop
  endfacet
  facet normal 0.996194 0.0871651 -0
    outer loop
      vertex 44 0 9.87777
      vertex 43.7529 2.82406 12.5
      vertex 44 0 14
    endloop
  endfacet
  facet normal 0.996194 0.0871667 -1.75793e-06
    outer loop
      vertex 43.7529 2.82406 12.5
      vertex 44 0 9.87777
      vertex 43.825 2 9.62787
    endloop
  endfacet
  facet normal 0.996194 0.0871672 -2.148e-06
    outer loop
      vertex 43.5786 4.81645 2.5
      vertex 43.3315 7.64052 5.69349
      vertex 43.5065 5.64052 5.4436
    endloop
  endfacet
  facet normal 0.996194 0.0871596 -0
    outer loop
      vertex 43.5786 4.81645 2.5
      vertex 43.5065 5.64052 5.4436
      vertex 43.5786 4.81645 12.5
    endloop
  endfacet
  facet normal 0.996194 0.0871648 0
    outer loop
      vertex 43.3315 7.64052 5.69349
      vertex 43.5786 4.81645 2.5
      vertex 43.3315 7.64052 0
    endloop
  endfacet
  facet normal 0.996195 0.08715 -1.68336e-05
    outer loop
      vertex 43.7529 2.82406 2.5
      vertex 43.3315 7.64052 0
      vertex 43.5786 4.81645 2.5
    endloop
  endfacet
  facet normal 0.996194 0.0871607 -0
    outer loop
      vertex 43.825 2 5.4436
      vertex 43.7529 2.82406 2.5
      vertex 43.825 2 9.62787
    endloop
  endfacet
  facet normal 0.996194 0.0871672 1.84114e-06
    outer loop
      vertex 44 0 5.69349
      vertex 43.7529 2.82406 2.5
      vertex 43.825 2 5.4436
    endloop
  endfacet
  facet normal 0.996194 0.0871611 4.60941e-06
    outer loop
      vertex 43.7529 2.82406 2.5
      vertex 44 0 0
      vertex 43.3315 7.64052 0
    endloop
  endfacet
  facet normal 0.996194 0.0871651 -0
    outer loop
      vertex 44 0 0
      vertex 43.7529 2.82406 2.5
      vertex 44 0 5.69349
    endloop
  endfacet
  facet normal 0.0871672 -0.996194 1.84114e-06
    outer loop
      vertex 0 -44 5.69349
      vertex 2.82406 -43.7529 2.5
      vertex 2 -43.825 5.4436
    endloop
  endfacet
  facet normal 0.08715 -0.996195 1.71822e-05
    outer loop
      vertex 2.82406 -43.7529 2.5
      vertex 0 -44 0
      vertex 4.81645 -43.5786 2.5
    endloop
  endfacet
  facet normal 0.0871651 -0.996194 0
    outer loop
      vertex 0 -44 0
      vertex 2.82406 -43.7529 2.5
      vertex 0 -44 5.69349
    endloop
  endfacet
  facet normal 0.0871611 -0.996194 -7.68234e-06
    outer loop
      vertex 0 -44 14
      vertex 2.82406 -43.7529 12.5
      vertex 7.64052 -43.3315 14
    endloop
  endfacet
  facet normal 0.0871651 -0.996194 0
    outer loop
      vertex 0 -44 9.87777
      vertex 2.82406 -43.7529 12.5
      vertex 0 -44 14
    endloop
  endfacet
  facet normal 0.0871667 -0.996194 -1.75793e-06
    outer loop
      vertex 2 -43.825 9.62787
      vertex 2.82406 -43.7529 12.5
      vertex 0 -44 9.87777
    endloop
  endfacet
  facet normal 0.0871607 -0.996194 0
    outer loop
      vertex 2 -43.825 5.4436
      vertex 2.82406 -43.7529 12.5
      vertex 2 -43.825 9.62787
    endloop
  endfacet
  facet normal 0.0871607 -0.996194 0
    outer loop
      vertex 2.82406 -43.7529 12.5
      vertex 2 -43.825 5.4436
      vertex 2.82406 -43.7529 2.5
    endloop
  endfacet
  facet normal 0.08715 -0.996195 2.8056e-05
    outer loop
      vertex 4.81645 -43.5786 12.5
      vertex 7.64052 -43.3315 14
      vertex 2.82406 -43.7529 12.5
    endloop
  endfacet
  facet normal 0.0871648 -0.996194 9.27783e-20
    outer loop
      vertex 4.81645 -43.5786 12.5
      vertex 7.64052 -43.3315 9.87777
      vertex 7.64052 -43.3315 14
    endloop
  endfacet
  facet normal 0.0871667 -0.996194 2.05092e-06
    outer loop
      vertex 4.81645 -43.5786 12.5
      vertex 5.64052 -43.5065 9.62787
      vertex 7.64052 -43.3315 9.87777
    endloop
  endfacet
  facet normal 0.0871596 -0.996194 5.35436e-19
    outer loop
      vertex 4.81645 -43.5786 12.5
      vertex 5.64052 -43.5065 5.4436
      vertex 5.64052 -43.5065 9.62787
    endloop
  endfacet
  facet normal 0.0871596 -0.996194 2.24041e-19
    outer loop
      vertex 5.64052 -43.5065 5.4436
      vertex 4.81645 -43.5786 12.5
      vertex 4.81645 -43.5786 2.5
    endloop
  endfacet
  facet normal 0.0871672 -0.996194 -2.148e-06
    outer loop
      vertex 4.81645 -43.5786 2.5
      vertex 7.64052 -43.3315 5.69349
      vertex 5.64052 -43.5065 5.4436
    endloop
  endfacet
  facet normal 0.0871648 -0.996194 6.71738e-20
    outer loop
      vertex 4.81645 -43.5786 2.5
      vertex 7.64052 -43.3315 0
      vertex 7.64052 -43.3315 5.69349
    endloop
  endfacet
  facet normal 0.0871611 -0.996194 -4.26076e-06
    outer loop
      vertex 7.64052 -43.3315 0
      vertex 4.81645 -43.5786 2.5
      vertex 0 -44 0
    endloop
  endfacet
  facet normal 0.087167 -0.996194 0
    outer loop
      vertex 0 -44 18
      vertex 1 -43.9125 19.5
      vertex 0 -44 19.5
    endloop
  endfacet
  facet normal 0.087159 -0.996194 5.35729e-06
    outer loop
      vertex 1 -43.9125 19.5
      vertex 0 -44 18
      vertex 6.64052 -43.419 19.5
    endloop
  endfacet
  facet normal 0.0871611 -0.996194 -3.95495e-06
    outer loop
      vertex 7.64052 -43.3315 18
      vertex 6.64052 -43.419 19.5
      vertex 0 -44 18
    endloop
  endfacet
  facet normal 0.087167 -0.996194 0
    outer loop
      vertex 6.64052 -43.419 19.5
      vertex 7.64052 -43.3315 18
      vertex 7.64052 -43.3315 19.5
    endloop
  endfacet
  facet normal 0.0871672 -0.996194 1.30905e-05
    outer loop
      vertex 2.87701 -43.7483 26.5456
      vertex 1 -43.9125 29.5
      vertex 1.82787 -43.8401 26.5456
    endloop
  endfacet
  facet normal 0.0871208 -0.996198 1.66683e-18
    outer loop
      vertex 1 -43.9125 29.5
      vertex 1.82787 -43.8401 24.4763
      vertex 1.82787 -43.8401 26.5456
    endloop
  endfacet
  facet normal 0.0871208 -0.996198 0
    outer loop
      vertex 1 -43.9125 19.5
      vertex 1.82787 -43.8401 24.4763
      vertex 1 -43.9125 29.5
    endloop
  endfacet
  facet normal 0.0871239 -0.996197 -8.95051e-07
    outer loop
      vertex 1.82787 -43.8401 22.3614
      vertex 1 -43.9125 19.5
      vertex 2.81236 -43.754 22.3614
    endloop
  endfacet
  facet normal 0.0871208 -0.996198 0
    outer loop
      vertex 1.82787 -43.8401 24.4763
      vertex 1 -43.9125 19.5
      vertex 1.82787 -43.8401 22.3614
    endloop
  endfacet
  facet normal 0.087167 -0.996194 0
    outer loop
      vertex 1 -43.9125 29.5
      vertex 0 -44 32
      vertex 0 -44 29.5
    endloop
  endfacet
  facet normal 0.0871611 -0.996194 -2.37297e-06
    outer loop
      vertex 0 -44 32
      vertex 1 -43.9125 29.5
      vertex 7.64052 -43.3315 32
    endloop
  endfacet
  facet normal 0.087159 -0.996194 3.21437e-06
    outer loop
      vertex 6.64052 -43.419 29.5
      vertex 7.64052 -43.3315 32
      vertex 1 -43.9125 29.5
    endloop
  endfacet
  facet normal 0.087167 -0.996194 0
    outer loop
      vertex 7.64052 -43.3315 32
      vertex 6.64052 -43.419 29.5
      vertex 7.64052 -43.3315 29.5
    endloop
  endfacet
  facet normal 0.087159 -0.996194 7.83422e-06
    outer loop
      vertex 1 -43.9125 29.5
      vertex 2.87701 -43.7483 26.5456
      vertex 6.64052 -43.419 29.5
    endloop
  endfacet
  facet normal 0.0871439 -0.996196 2.72087e-05
    outer loop
      vertex 5.81265 -43.4915 26.5456
      vertex 6.64052 -43.419 29.5
      vertex 2.87701 -43.7483 26.5456
    endloop
  endfacet
  facet normal 0.0872402 -0.996187 0
    outer loop
      vertex 5.81265 -43.4915 24.4763
      vertex 6.64052 -43.419 29.5
      vertex 5.81265 -43.4915 26.5456
    endloop
  endfacet
  facet normal 0.0872402 -0.996187 -1.94317e-18
    outer loop
      vertex 6.64052 -43.419 19.5
      vertex 5.81265 -43.4915 24.4763
      vertex 5.81265 -43.4915 22.3614
    endloop
  endfacet
  facet normal 0.087159 -0.996194 -2.32844e-05
    outer loop
      vertex 6.64052 -43.419 19.5
      vertex 2.81236 -43.754 22.3614
      vertex 1 -43.9125 19.5
    endloop
  endfacet
  facet normal 0.0872402 -0.996187 -4.1096e-19
    outer loop
      vertex 5.81265 -43.4915 24.4763
      vertex 6.64052 -43.419 19.5
      vertex 6.64052 -43.419 29.5
    endloop
  endfacet
  facet normal 0.0871586 -0.996194 -2.38053e-05
    outer loop
      vertex 2.81236 -43.754 22.3614
      vertex 6.64052 -43.419 19.5
      vertex 5.81265 -43.4915 22.3614
    endloop
  endfacet
  facet normal 0.81919 -0.573523 0
    outer loop
      vertex 38.1051 -22 32
      vertex 37.5294 -22.8223 29.5
      vertex 38.1051 -22 29.5
    endloop
  endfacet
  facet normal 0.819113 -0.573632 0
    outer loop
      vertex 37.5294 -22.8223 29.5
      vertex 37.0527 -23.503 26.5456
      vertex 37.5294 -22.8223 19.5
    endloop
  endfacet
  facet normal 0.819141 -0.573592 -1.36592e-05
    outer loop
      vertex 37.5294 -22.8223 29.5
      vertex 35.3624 -25.9169 26.5456
      vertex 37.0527 -23.503 26.5456
    endloop
  endfacet
  facet normal 0.819146 -0.573584 3.03449e-05
    outer loop
      vertex 34.2817 -27.4604 29.5
      vertex 37.5294 -22.8223 29.5
      vertex 38.1051 -22 32
    endloop
  endfacet
  facet normal 0.819146 -0.573584 -2.57219e-05
    outer loop
      vertex 37.5294 -22.8223 29.5
      vertex 34.2817 -27.4604 29.5
      vertex 35.3624 -25.9169 26.5456
    endloop
  endfacet
  facet normal 0.819153 -0.573575 0
    outer loop
      vertex 34.7584 -26.7796 26.5456
      vertex 34.2817 -27.4604 29.5
      vertex 34.7584 -26.7796 22.3614
    endloop
  endfacet
  facet normal 0.819183 -0.573532 1.47492e-05
    outer loop
      vertex 35.3624 -25.9169 26.5456
      vertex 34.2817 -27.4604 29.5
      vertex 34.7584 -26.7796 26.5456
    endloop
  endfacet
  facet normal 0.819158 -0.573568 -2.24019e-05
    outer loop
      vertex 33.706 -28.2827 32
      vertex 34.2817 -27.4604 29.5
      vertex 38.1051 -22 32
    endloop
  endfacet
  facet normal 0.81919 -0.573523 4.11519e-18
    outer loop
      vertex 34.2817 -27.4604 29.5
      vertex 33.706 -28.2827 32
      vertex 33.706 -28.2827 29.5
    endloop
  endfacet
  facet normal 0.81919 -0.573523 6.85864e-18
    outer loop
      vertex 37.5294 -22.8223 19.5
      vertex 38.1051 -22 18
      vertex 38.1051 -22 19.5
    endloop
  endfacet
  facet normal 0.819113 -0.573632 0
    outer loop
      vertex 37.0527 -23.503 22.3614
      vertex 37.5294 -22.8223 19.5
      vertex 37.0527 -23.503 26.5456
    endloop
  endfacet
  facet normal 0.819149 -0.57358 1.8255e-05
    outer loop
      vertex 35.3252 -25.9701 22.3614
      vertex 37.5294 -22.8223 19.5
      vertex 37.0527 -23.503 22.3614
    endloop
  endfacet
  facet normal 0.819146 -0.573584 1.17248e-05
    outer loop
      vertex 34.2817 -27.4604 19.5
      vertex 37.5294 -22.8223 19.5
      vertex 35.3252 -25.9701 22.3614
    endloop
  endfacet
  facet normal 0.819161 -0.573564 -3.96442e-06
    outer loop
      vertex 34.2817 -27.4604 19.5
      vertex 35.3252 -25.9701 22.3614
      vertex 34.7584 -26.7796 22.3614
    endloop
  endfacet
  facet normal 0.819153 -0.573575 0
    outer loop
      vertex 34.2817 -27.4604 19.5
      vertex 34.7584 -26.7796 22.3614
      vertex 34.2817 -27.4604 29.5
    endloop
  endfacet
  facet normal 0.819146 -0.573584 -5.05748e-05
    outer loop
      vertex 37.5294 -22.8223 19.5
      vertex 34.2817 -27.4604 19.5
      vertex 38.1051 -22 18
    endloop
  endfacet
  facet normal 0.81919 -0.573523 0
    outer loop
      vertex 33.706 -28.2827 18
      vertex 34.2817 -27.4604 19.5
      vertex 33.706 -28.2827 19.5
    endloop
  endfacet
  facet normal 0.819158 -0.573568 3.73365e-05
    outer loop
      vertex 34.2817 -27.4604 19.5
      vertex 33.706 -28.2827 18
      vertex 38.1051 -22 18
    endloop
  endfacet
  facet normal 0.819156 -0.573571 1.16715e-17
    outer loop
      vertex 36.4791 -24.3222 12.5
      vertex 38.1051 -22 9.87777
      vertex 38.1051 -22 14
    endloop
  endfacet
  facet normal 0.81913 -0.573608 8.77546e-18
    outer loop
      vertex 36.4791 -24.3222 12.5
      vertex 36.9536 -23.6446 7.51823
      vertex 36.9536 -23.6446 9.62787
    endloop
  endfacet
  facet normal 0.81913 -0.573608 0
    outer loop
      vertex 36.4791 -24.3222 2.5
      vertex 36.9536 -23.6446 7.51823
      vertex 36.4791 -24.3222 12.5
    endloop
  endfacet
  facet normal 0.819165 -0.573558 1.77969e-05
    outer loop
      vertex 38.1051 -22 9.87777
      vertex 36.4791 -24.3222 12.5
      vertex 36.9536 -23.6446 9.62787
    endloop
  endfacet
  facet normal 0.819164 -0.57356 -2.67271e-05
    outer loop
      vertex 38.1051 -22 14
      vertex 35.332 -25.9605 12.5
      vertex 36.4791 -24.3222 12.5
    endloop
  endfacet
  facet normal 0.81913 -0.573608 0
    outer loop
      vertex 35.332 -25.9605 12.5
      vertex 34.8575 -26.6381 9.62787
      vertex 35.332 -25.9605 2.5
    endloop
  endfacet
  facet normal 0.819115 -0.573629 7.41774e-06
    outer loop
      vertex 35.332 -25.9605 12.5
      vertex 34.3301 -27.3912 9.74232
      vertex 34.8575 -26.6381 9.62787
    endloop
  endfacet
  facet normal 0.819158 -0.573568 6.96941e-06
    outer loop
      vertex 33.706 -28.2827 14
      vertex 35.332 -25.9605 12.5
      vertex 38.1051 -22 14
    endloop
  endfacet
  facet normal 0.819156 -0.573571 0
    outer loop
      vertex 33.706 -28.2827 9.87777
      vertex 35.332 -25.9605 12.5
      vertex 33.706 -28.2827 14
    endloop
  endfacet
  facet normal 0.819204 -0.573502 -9.08016e-05
    outer loop
      vertex 35.332 -25.9605 12.5
      vertex 33.706 -28.2827 9.87777
      vertex 34.3301 -27.3912 9.74232
    endloop
  endfacet
  facet normal 0.819168 -0.573554 -1.86393e-05
    outer loop
      vertex 36.4791 -24.3222 2.5
      vertex 38.1051 -22 5.69349
      vertex 36.9536 -23.6446 5.4436
    endloop
  endfacet
  facet normal 0.81913 -0.573608 0
    outer loop
      vertex 36.9536 -23.6446 7.51823
      vertex 36.4791 -24.3222 2.5
      vertex 36.9536 -23.6446 5.4436
    endloop
  endfacet
  facet normal 0.819156 -0.573571 0
    outer loop
      vertex 38.1051 -22 5.69349
      vertex 36.4791 -24.3222 2.5
      vertex 38.1051 -22 0
    endloop
  endfacet
  facet normal 0.819164 -0.57356 1.60363e-05
    outer loop
      vertex 35.332 -25.9605 2.5
      vertex 38.1051 -22 0
      vertex 36.4791 -24.3222 2.5
    endloop
  endfacet
  facet normal 0.81913 -0.573608 0
    outer loop
      vertex 34.8575 -26.6381 5.4436
      vertex 35.332 -25.9605 2.5
      vertex 34.8575 -26.6381 9.62787
    endloop
  endfacet
  facet normal 0.819164 -0.57356 1.66398e-05
    outer loop
      vertex 34.198 -27.58 5.58672
      vertex 35.332 -25.9605 2.5
      vertex 34.8575 -26.6381 5.4436
    endloop
  endfacet
  facet normal 0.819174 -0.573546 2.78239e-05
    outer loop
      vertex 33.706 -28.2827 5.69349
      vertex 35.332 -25.9605 2.5
      vertex 34.198 -27.58 5.58672
    endloop
  endfacet
  facet normal 0.819158 -0.573568 -4.18165e-06
    outer loop
      vertex 35.332 -25.9605 2.5
      vertex 33.706 -28.2827 0
      vertex 38.1051 -22 0
    endloop
  endfacet
  facet normal 0.819156 -0.573571 0
    outer loop
      vertex 33.706 -28.2827 0
      vertex 35.332 -25.9605 2.5
      vertex 33.706 -28.2827 5.69349
    endloop
  endfacet
  facet normal 0.258812 -0.965928 -4.84486e-07
    outer loop
      vertex 7.64052 -43.3315 5.69349
      vertex 10.3788 -42.5978 2.5
      vertex 9.57975 -42.8119 5.4436
    endloop
  endfacet
  facet normal 0.258808 -0.965929 5.58657e-06
    outer loop
      vertex 10.3788 -42.5978 2.5
      vertex 7.64052 -43.3315 0
      vertex 12.3106 -42.0802 2.5
    endloop
  endfacet
  facet normal 0.258812 -0.965928 0
    outer loop
      vertex 7.64052 -43.3315 0
      vertex 10.3788 -42.5978 2.5
      vertex 7.64052 -43.3315 5.69349
    endloop
  endfacet
  facet normal 0.258811 -0.965928 -3.7034e-06
    outer loop
      vertex 7.64052 -43.3315 14
      vertex 10.3788 -42.5978 12.5
      vertex 15.0489 -41.3465 14
    endloop
  endfacet
  facet normal 0.258812 -0.965928 0
    outer loop
      vertex 7.64052 -43.3315 9.87777
      vertex 10.3788 -42.5978 12.5
      vertex 7.64052 -43.3315 14
    endloop
  endfacet
  facet normal 0.258812 -0.965928 4.62588e-07
    outer loop
      vertex 9.57975 -42.8119 9.62787
      vertex 10.3788 -42.5978 12.5
      vertex 7.64052 -43.3315 9.87777
    endloop
  endfacet
  facet normal 0.258814 -0.965927 0
    outer loop
      vertex 9.57975 -42.8119 5.4436
      vertex 10.3788 -42.5978 12.5
      vertex 9.57975 -42.8119 9.62787
    endloop
  endfacet
  facet normal 0.258814 -0.965927 0
    outer loop
      vertex 10.3788 -42.5978 12.5
      vertex 9.57975 -42.8119 5.4436
      vertex 10.3788 -42.5978 2.5
    endloop
  endfacet
  facet normal 0.258808 -0.965929 5.86018e-06
    outer loop
      vertex 12.3106 -42.0802 12.5
      vertex 15.0489 -41.3465 14
      vertex 10.3788 -42.5978 12.5
    endloop
  endfacet
  facet normal 0.258811 -0.965928 5.75219e-19
    outer loop
      vertex 12.3106 -42.0802 12.5
      vertex 15.0489 -41.3465 9.87777
      vertex 15.0489 -41.3465 14
    endloop
  endfacet
  facet normal 0.258787 -0.965934 -2.68084e-05
    outer loop
      vertex 12.3106 -42.0802 12.5
      vertex 13.9978 -41.6281 9.74232
      vertex 15.0489 -41.3465 9.87777
    endloop
  endfacet
  facet normal 0.258852 -0.965917 1.59354e-05
    outer loop
      vertex 12.3106 -42.0802 12.5
      vertex 13.1097 -41.8661 9.62787
      vertex 13.9978 -41.6281 9.74232
    endloop
  endfacet
  facet normal 0.258799 -0.965931 -2.05153e-18
    outer loop
      vertex 12.3106 -42.0802 12.5
      vertex 13.1097 -41.8661 5.4436
      vertex 13.1097 -41.8661 9.62787
    endloop
  endfacet
  facet normal 0.258799 -0.965931 -8.58414e-19
    outer loop
      vertex 13.1097 -41.8661 5.4436
      vertex 12.3106 -42.0802 12.5
      vertex 12.3106 -42.0802 2.5
    endloop
  endfacet
  facet normal 0.258816 -0.965927 -5.19739e-06
    outer loop
      vertex 12.3106 -42.0802 2.5
      vertex 15.0489 -41.3465 5.69349
      vertex 13.1097 -41.8661 5.4436
    endloop
  endfacet
  facet normal 0.258811 -0.965928 4.16473e-19
    outer loop
      vertex 12.3106 -42.0802 2.5
      vertex 15.0489 -41.3465 0
      vertex 15.0489 -41.3465 5.69349
    endloop
  endfacet
  facet normal 0.258811 -0.965928 -1.51557e-07
    outer loop
      vertex 15.0489 -41.3465 0
      vertex 12.3106 -42.0802 2.5
      vertex 7.64052 -43.3315 0
    endloop
  endfacet
  facet normal 0.258811 -0.965928 0
    outer loop
      vertex 7.64052 -43.3315 18
      vertex 8.61014 -43.0717 19.5
      vertex 7.64052 -43.3315 19.5
    endloop
  endfacet
  facet normal 0.25881 -0.965928 7.79455e-07
    outer loop
      vertex 8.61014 -43.0717 19.5
      vertex 7.64052 -43.3315 18
      vertex 14.0793 -41.6063 19.5
    endloop
  endfacet
  facet normal 0.258811 -0.965928 -3.57459e-06
    outer loop
      vertex 15.0489 -41.3465 18
      vertex 14.0793 -41.6063 19.5
      vertex 7.64052 -43.3315 18
    endloop
  endfacet
  facet normal 0.258816 -0.965927 2.75424e-18
    outer loop
      vertex 14.0793 -41.6063 19.5
      vertex 15.0489 -41.3465 18
      vertex 15.0489 -41.3465 19.5
    endloop
  endfacet
  facet normal 0.258818 -0.965926 -5.10877e-06
    outer loop
      vertex 12.2593 -42.0939 26.5456
      vertex 8.61014 -43.0717 29.5
      vertex 9.41285 -42.8566 26.5456
    endloop
  endfacet
  facet normal 0.258835 -0.965921 -1.04454e-18
    outer loop
      vertex 8.61014 -43.0717 29.5
      vertex 9.41285 -42.8566 22.3614
      vertex 9.41285 -42.8566 26.5456
    endloop
  endfacet
  facet normal 0.258818 -0.965926 5.30525e-06
    outer loop
      vertex 8.61014 -43.0717 19.5
      vertex 12.322 -42.0771 22.3614
      vertex 9.41285 -42.8566 22.3614
    endloop
  endfacet
  facet normal 0.25881 -0.965928 1.64733e-05
    outer loop
      vertex 14.0793 -41.6063 19.5
      vertex 12.322 -42.0771 22.3614
      vertex 8.61014 -43.0717 19.5
    endloop
  endfacet
  facet normal 0.258835 -0.965921 0
    outer loop
      vertex 8.61014 -43.0717 19.5
      vertex 9.41285 -42.8566 22.3614
      vertex 8.61014 -43.0717 29.5
    endloop
  endfacet
  facet normal 0.258811 -0.965928 7.74413e-18
    outer loop
      vertex 8.61014 -43.0717 29.5
      vertex 7.64052 -43.3315 32
      vertex 7.64052 -43.3315 29.5
    endloop
  endfacet
  facet normal 0.258811 -0.965928 -7.42663e-08
    outer loop
      vertex 7.64052 -43.3315 32
      vertex 8.61014 -43.0717 29.5
      vertex 15.0489 -41.3465 32
    endloop
  endfacet
  facet normal 0.25881 -0.965928 2.53815e-06
    outer loop
      vertex 14.0793 -41.6063 29.5
      vertex 15.0489 -41.3465 32
      vertex 8.61014 -43.0717 29.5
    endloop
  endfacet
  facet normal 0.258816 -0.965927 0
    outer loop
      vertex 15.0489 -41.3465 32
      vertex 14.0793 -41.6063 29.5
      vertex 15.0489 -41.3465 29.5
    endloop
  endfacet
  facet normal 0.25881 -0.965928 -1.58766e-05
    outer loop
      vertex 8.61014 -43.0717 29.5
      vertex 12.2593 -42.0939 26.5456
      vertex 14.0793 -41.6063 29.5
    endloop
  endfacet
  facet normal 0.258744 -0.965946 2.74726e-05
    outer loop
      vertex 13.2766 -41.8214 26.5456
      vertex 14.0793 -41.6063 29.5
      vertex 12.2593 -42.0939 26.5456
    endloop
  endfacet
  facet normal 0.258838 -0.965921 0
    outer loop
      vertex 13.2766 -41.8214 22.3614
      vertex 14.0793 -41.6063 29.5
      vertex 13.2766 -41.8214 26.5456
    endloop
  endfacet
  facet normal 0.258838 -0.965921 1.64714e-18
    outer loop
      vertex 13.2766 -41.8214 22.3614
      vertex 14.0793 -41.6063 19.5
      vertex 14.0793 -41.6063 29.5
    endloop
  endfacet
  facet normal 0.258739 -0.965947 -2.973e-05
    outer loop
      vertex 12.322 -42.0771 22.3614
      vertex 14.0793 -41.6063 19.5
      vertex 13.2766 -41.8214 22.3614
    endloop
  endfacet
  facet normal 0.707057 -0.707157 0
    outer loop
      vertex 33.706 -28.2827 32
      vertex 32.9961 -28.9925 29.5
      vertex 33.706 -28.2827 29.5
    endloop
  endfacet
  facet normal 0.707107 -0.707107 0
    outer loop
      vertex 32.4085 -29.5801 24.387
      vertex 32.9961 -28.9925 29.5
      vertex 32.4085 -29.5801 26.5456
    endloop
  endfacet
  facet normal 0.707107 -0.707107 -1.8184e-17
    outer loop
      vertex 32.9961 -28.9925 29.5
      vertex 29.5801 -32.4085 26.5456
      vertex 32.4085 -29.5801 26.5456
    endloop
  endfacet
  facet normal 0.707107 -0.707107 -2.82843e-05
    outer loop
      vertex 28.9925 -32.9961 29.5
      vertex 32.9961 -28.9925 29.5
      vertex 33.706 -28.2827 32
    endloop
  endfacet
  facet normal 0.707107 -0.707107 -1.42795e-17
    outer loop
      vertex 28.9925 -32.9961 29.5
      vertex 29.5801 -32.4085 24.387
      vertex 29.5801 -32.4085 26.5456
    endloop
  endfacet
  facet normal 0.707107 -0.707107 0
    outer loop
      vertex 28.9925 -32.9961 19.5
      vertex 29.5801 -32.4085 24.387
      vertex 28.9925 -32.9961 29.5
    endloop
  endfacet
  facet normal 0.707107 -0.707107 -4.77557e-17
    outer loop
      vertex 32.9961 -28.9925 29.5
      vertex 28.9925 -32.9961 29.5
      vertex 29.5801 -32.4085 26.5456
    endloop
  endfacet
  facet normal 0.707107 -0.707107 -2.82843e-05
    outer loop
      vertex 28.2827 -33.706 32
      vertex 28.9925 -32.9961 29.5
      vertex 33.706 -28.2827 32
    endloop
  endfacet
  facet normal 0.707157 -0.707057 -1.84898e-17
    outer loop
      vertex 28.9925 -32.9961 29.5
      vertex 28.2827 -33.706 32
      vertex 28.2827 -33.706 29.5
    endloop
  endfacet
  facet normal 0.707057 -0.707157 -3.08163e-17
    outer loop
      vertex 32.9961 -28.9925 19.5
      vertex 33.706 -28.2827 18
      vertex 33.706 -28.2827 19.5
    endloop
  endfacet
  facet normal 0.707107 -0.707107 0
    outer loop
      vertex 32.9961 -28.9925 29.5
      vertex 32.4085 -29.5801 24.387
      vertex 32.9961 -28.9925 19.5
    endloop
  endfacet
  facet normal 0.707107 -0.707107 0
    outer loop
      vertex 32.4085 -29.5801 22.3614
      vertex 32.9961 -28.9925 19.5
      vertex 32.4085 -29.5801 24.387
    endloop
  endfacet
  facet normal 0.707107 -0.707107 4.53934e-17
    outer loop
      vertex 29.5801 -32.4085 22.3614
      vertex 32.9961 -28.9925 19.5
      vertex 32.4085 -29.5801 22.3614
    endloop
  endfacet
  facet normal 0.707107 -0.707107 1.25545e-17
    outer loop
      vertex 28.9925 -32.9961 19.5
      vertex 32.9961 -28.9925 19.5
      vertex 29.5801 -32.4085 22.3614
    endloop
  endfacet
  facet normal 0.707107 -0.707107 0
    outer loop
      vertex 29.5801 -32.4085 24.387
      vertex 28.9925 -32.9961 19.5
      vertex 29.5801 -32.4085 22.3614
    endloop
  endfacet
  facet normal 0.707107 -0.707107 4.71405e-05
    outer loop
      vertex 32.9961 -28.9925 19.5
      vertex 28.9925 -32.9961 19.5
      vertex 33.706 -28.2827 18
    endloop
  endfacet
  facet normal 0.707157 -0.707057 0
    outer loop
      vertex 28.2827 -33.706 18
      vertex 28.9925 -32.9961 19.5
      vertex 28.2827 -33.706 19.5
    endloop
  endfacet
  facet normal 0.707107 -0.707107 4.71405e-05
    outer loop
      vertex 28.9925 -32.9961 19.5
      vertex 28.2827 -33.706 18
      vertex 33.706 -28.2827 18
    endloop
  endfacet
  facet normal 0.707089 -0.707124 2.57924e-17
    outer loop
      vertex 31.7014 -30.2872 12.5
      vertex 33.706 -28.2827 9.87777
      vertex 33.706 -28.2827 14
    endloop
  endfacet
  facet normal 0.707107 -0.707107 9.87876e-18
    outer loop
      vertex 31.7014 -30.2872 12.5
      vertex 32.2863 -29.7023 7.51823
      vertex 32.2863 -29.7023 9.62787
    endloop
  endfacet
  facet normal 0.707107 -0.707107 0
    outer loop
      vertex 31.7014 -30.2872 2.5
      vertex 32.2863 -29.7023 7.51823
      vertex 31.7014 -30.2872 12.5
    endloop
  endfacet
  facet normal 0.707083 -0.707131 -9.79231e-06
    outer loop
      vertex 33.706 -28.2827 9.87777
      vertex 31.7014 -30.2872 12.5
      vertex 32.2863 -29.7023 9.62787
    endloop
  endfacet
  facet normal 0.707107 -0.707107 -4.71405e-05
    outer loop
      vertex 33.706 -28.2827 14
      vertex 30.2872 -31.7014 12.5
      vertex 31.7014 -30.2872 12.5
    endloop
  endfacet
  facet normal 0.707107 -0.707107 0
    outer loop
      vertex 29.7023 -32.2863 7.51823
      vertex 30.2872 -31.7014 12.5
      vertex 29.7023 -32.2863 9.62787
    endloop
  endfacet
  facet normal 0.707107 -0.707107 -4.71405e-05
    outer loop
      vertex 28.2827 -33.706 14
      vertex 30.2872 -31.7014 12.5
      vertex 33.706 -28.2827 14
    endloop
  endfacet
  facet normal 0.707124 -0.707089 0
    outer loop
      vertex 28.2827 -33.706 9.87777
      vertex 30.2872 -31.7014 12.5
      vertex 28.2827 -33.706 14
    endloop
  endfacet
  facet normal 0.707131 -0.707083 -9.79231e-06
    outer loop
      vertex 30.2872 -31.7014 12.5
      vertex 28.2827 -33.706 9.87777
      vertex 29.7023 -32.2863 9.62787
    endloop
  endfacet
  facet normal 0.707081 -0.707133 1.02558e-05
    outer loop
      vertex 31.7014 -30.2872 2.5
      vertex 33.706 -28.2827 5.69349
      vertex 32.2863 -29.7023 5.4436
    endloop
  endfacet
  facet normal 0.707107 -0.707107 0
    outer loop
      vertex 32.2863 -29.7023 7.51823
      vertex 31.7014 -30.2872 2.5
      vertex 32.2863 -29.7023 5.4436
    endloop
  endfacet
  facet normal 0.707089 -0.707124 0
    outer loop
      vertex 33.706 -28.2827 5.69349
      vertex 31.7014 -30.2872 2.5
      vertex 33.706 -28.2827 0
    endloop
  endfacet
  facet normal 0.707107 -0.707107 2.82843e-05
    outer loop
      vertex 30.2872 -31.7014 2.5
      vertex 33.706 -28.2827 0
      vertex 31.7014 -30.2872 2.5
    endloop
  endfacet
  facet normal 0.707107 -0.707107 0
    outer loop
      vertex 30.2872 -31.7014 12.5
      vertex 29.7023 -32.2863 7.51823
      vertex 30.2872 -31.7014 2.5
    endloop
  endfacet
  facet normal 0.707107 -0.707107 0
    outer loop
      vertex 29.7023 -32.2863 5.4436
      vertex 30.2872 -31.7014 2.5
      vertex 29.7023 -32.2863 7.51823
    endloop
  endfacet
  facet normal 0.707133 -0.707081 1.02558e-05
    outer loop
      vertex 28.2827 -33.706 5.69349
      vertex 30.2872 -31.7014 2.5
      vertex 29.7023 -32.2863 5.4436
    endloop
  endfacet
  facet normal 0.707107 -0.707107 2.82843e-05
    outer loop
      vertex 30.2872 -31.7014 2.5
      vertex 28.2827 -33.706 0
      vertex 33.706 -28.2827 0
    endloop
  endfacet
  facet normal 0.707124 -0.707089 0
    outer loop
      vertex 28.2827 -33.706 0
      vertex 30.2872 -31.7014 2.5
      vertex 28.2827 -33.706 5.69349
    endloop
  endfacet
  facet normal 0.422623 -0.906305 -2.67746e-05
    outer loop
      vertex 15.0489 -41.3465 14
      vertex 17.6181 -40.1484 12.5
      vertex 22 -38.1051 14
    endloop
  endfacet
  facet normal 0.422636 -0.906299 0
    outer loop
      vertex 15.0489 -41.3465 9.87777
      vertex 17.6181 -40.1484 12.5
      vertex 15.0489 -41.3465 14
    endloop
  endfacet
  facet normal 0.42264 -0.906298 -3.89261e-06
    outer loop
      vertex 16.8684 -40.498 9.62787
      vertex 17.6181 -40.1484 12.5
      vertex 15.0489 -41.3465 9.87777
    endloop
  endfacet
  facet normal 0.422627 -0.906304 0
    outer loop
      vertex 16.8684 -40.498 7.51823
      vertex 17.6181 -40.1484 12.5
      vertex 16.8684 -40.498 9.62787
    endloop
  endfacet
  facet normal 0.422627 -0.906304 1.34566e-17
    outer loop
      vertex 17.6181 -40.1484 2.5
      vertex 16.8684 -40.498 7.51823
      vertex 16.8684 -40.498 5.4436
    endloop
  endfacet
  facet normal 0.422627 -0.906304 2.79175e-18
    outer loop
      vertex 16.8684 -40.498 7.51823
      vertex 17.6181 -40.1484 2.5
      vertex 17.6181 -40.1484 12.5
    endloop
  endfacet
  facet normal 0.422606 -0.906313 3.45672e-05
    outer loop
      vertex 19.4307 -39.3032 12.5
      vertex 22 -38.1051 14
      vertex 17.6181 -40.1484 12.5
    endloop
  endfacet
  facet normal 0.422623 -0.906306 -1.29887e-17
    outer loop
      vertex 19.4307 -39.3032 12.5
      vertex 22 -38.1051 9.87777
      vertex 22 -38.1051 14
    endloop
  endfacet
  facet normal 0.422638 -0.906299 1.80985e-05
    outer loop
      vertex 19.4307 -39.3032 12.5
      vertex 20.1805 -38.9536 9.62787
      vertex 22 -38.1051 9.87777
    endloop
  endfacet
  facet normal 0.422581 -0.906325 6.4442e-18
    outer loop
      vertex 19.4307 -39.3032 12.5
      vertex 20.1805 -38.9536 5.4436
      vertex 20.1805 -38.9536 9.62787
    endloop
  endfacet
  facet normal 0.422581 -0.906325 2.69643e-18
    outer loop
      vertex 20.1805 -38.9536 5.4436
      vertex 19.4307 -39.3032 12.5
      vertex 19.4307 -39.3032 2.5
    endloop
  endfacet
  facet normal 0.422665 -0.906286 -2.5913e-05
    outer loop
      vertex 19.4307 -39.3032 2.5
      vertex 21.2226 -38.4676 5.58672
      vertex 20.1805 -38.9536 5.4436
    endloop
  endfacet
  facet normal 0.42261 -0.906312 1.3006e-05
    outer loop
      vertex 19.4307 -39.3032 2.5
      vertex 22 -38.1051 5.69349
      vertex 21.2226 -38.4676 5.58672
    endloop
  endfacet
  facet normal 0.422623 -0.906306 -9.40415e-18
    outer loop
      vertex 19.4307 -39.3032 2.5
      vertex 22 -38.1051 0
      vertex 22 -38.1051 5.69349
    endloop
  endfacet
  facet normal 0.422623 -0.906305 8.40188e-07
    outer loop
      vertex 22 -38.1051 0
      vertex 19.4307 -39.3032 2.5
      vertex 15.0489 -41.3465 0
    endloop
  endfacet
  facet normal 0.422608 -0.906313 -2.78833e-05
    outer loop
      vertex 17.6181 -40.1484 2.5
      vertex 15.8263 -40.984 5.58672
      vertex 15.0489 -41.3465 5.69349
    endloop
  endfacet
  facet normal 0.422663 -0.906287 1.10338e-05
    outer loop
      vertex 15.8263 -40.984 5.58672
      vertex 17.6181 -40.1484 2.5
      vertex 16.8684 -40.498 5.4436
    endloop
  endfacet
  facet normal 0.422606 -0.906313 3.76446e-05
    outer loop
      vertex 17.6181 -40.1484 2.5
      vertex 15.0489 -41.3465 0
      vertex 19.4307 -39.3032 2.5
    endloop
  endfacet
  facet normal 0.422636 -0.906299 0
    outer loop
      vertex 15.0489 -41.3465 0
      vertex 17.6181 -40.1484 2.5
      vertex 15.0489 -41.3465 5.69349
    endloop
  endfacet
  facet normal 0.422662 -0.906287 0
    outer loop
      vertex 15.0489 -41.3465 18
      vertex 15.9587 -40.9222 19.5
      vertex 15.0489 -41.3465 19.5
    endloop
  endfacet
  facet normal 0.42261 -0.906312 3.8386e-05
    outer loop
      vertex 15.9587 -40.9222 19.5
      vertex 15.0489 -41.3465 18
      vertex 21.0902 -38.5294 19.5
    endloop
  endfacet
  facet normal 0.422623 -0.906305 -2.83374e-05
    outer loop
      vertex 22 -38.1051 18
      vertex 21.0902 -38.5294 19.5
      vertex 15.0489 -41.3465 18
    endloop
  endfacet
  facet normal 0.422662 -0.906287 1.18262e-17
    outer loop
      vertex 21.0902 -38.5294 19.5
      vertex 22 -38.1051 18
      vertex 22 -38.1051 19.5
    endloop
  endfacet
  facet normal 0.422548 -0.906341 -2.92153e-05
    outer loop
      vertex 17.6663 -40.126 26.5456
      vertex 15.9587 -40.9222 29.5
      vertex 16.7118 -40.571 26.5456
    endloop
  endfacet
  facet normal 0.422642 -0.906297 -1.21795e-17
    outer loop
      vertex 15.9587 -40.9222 29.5
      vertex 16.7118 -40.571 24.387
      vertex 16.7118 -40.571 26.5456
    endloop
  endfacet
  facet normal 0.422642 -0.906297 0
    outer loop
      vertex 15.9587 -40.9222 19.5
      vertex 16.7118 -40.571 24.387
      vertex 15.9587 -40.9222 29.5
    endloop
  endfacet
  facet normal 0.422609 -0.906312 1.04249e-05
    outer loop
      vertex 15.9587 -40.9222 19.5
      vertex 19.4414 -39.2982 22.3614
      vertex 16.7118 -40.571 22.3614
    endloop
  endfacet
  facet normal 0.42261 -0.906312 9.3475e-06
    outer loop
      vertex 21.0902 -38.5294 19.5
      vertex 19.4414 -39.2982 22.3614
      vertex 15.9587 -40.9222 19.5
    endloop
  endfacet
  facet normal 0.422642 -0.906297 0
    outer loop
      vertex 16.7118 -40.571 24.387
      vertex 15.9587 -40.9222 19.5
      vertex 16.7118 -40.571 22.3614
    endloop
  endfacet
  facet normal 0.422662 -0.906287 7.09571e-18
    outer loop
      vertex 15.9587 -40.9222 29.5
      vertex 15.0489 -41.3465 32
      vertex 15.0489 -41.3465 29.5
    endloop
  endfacet
  facet normal 0.422623 -0.906305 -1.70025e-05
    outer loop
      vertex 15.0489 -41.3465 32
      vertex 15.9587 -40.9222 29.5
      vertex 22 -38.1051 32
    endloop
  endfacet
  facet normal 0.42261 -0.906312 2.30316e-05
    outer loop
      vertex 21.0902 -38.5294 29.5
      vertex 22 -38.1051 32
      vertex 15.9587 -40.9222 29.5
    endloop
  endfacet
  facet normal 0.422662 -0.906287 0
    outer loop
      vertex 22 -38.1051 32
      vertex 21.0902 -38.5294 29.5
      vertex 22 -38.1051 29.5
    endloop
  endfacet
  facet normal 0.42261 -0.906312 1.46452e-05
    outer loop
      vertex 15.9587 -40.9222 29.5
      vertex 17.6663 -40.126 26.5456
      vertex 21.0902 -38.5294 29.5
    endloop
  endfacet
  facet normal 0.422614 -0.90631 8.52485e-06
    outer loop
      vertex 20.3371 -38.8806 26.5456
      vertex 21.0902 -38.5294 29.5
      vertex 17.6663 -40.126 26.5456
    endloop
  endfacet
  facet normal 0.422642 -0.906297 0
    outer loop
      vertex 20.3371 -38.8806 24.4763
      vertex 21.0902 -38.5294 29.5
      vertex 20.3371 -38.8806 26.5456
    endloop
  endfacet
  facet normal 0.422642 -0.906297 -1.24312e-17
    outer loop
      vertex 21.0902 -38.5294 19.5
      vertex 20.3371 -38.8806 24.4763
      vertex 20.3371 -38.8806 22.3614
    endloop
  endfacet
  facet normal 0.422642 -0.906297 -2.62908e-18
    outer loop
      vertex 20.3371 -38.8806 24.4763
      vertex 21.0902 -38.5294 19.5
      vertex 21.0902 -38.5294 29.5
    endloop
  endfacet
  facet normal 0.422559 -0.906336 -2.66212e-05
    outer loop
      vertex 19.4414 -39.2982 22.3614
      vertex 21.0902 -38.5294 19.5
      vertex 20.3371 -38.8806 22.3614
    endloop
  endfacet
  facet normal -0.0871672 -0.996194 -2.148e-06
    outer loop
      vertex -7.64052 -43.3315 5.69349
      vertex -4.81645 -43.5786 2.5
      vertex -5.64052 -43.5065 5.4436
    endloop
  endfacet
  facet normal -0.08715 -0.996195 -1.68336e-05
    outer loop
      vertex -4.81645 -43.5786 2.5
      vertex -7.64052 -43.3315 0
      vertex -2.82406 -43.7529 2.5
    endloop
  endfacet
  facet normal -0.0871648 -0.996194 0
    outer loop
      vertex -7.64052 -43.3315 0
      vertex -4.81645 -43.5786 2.5
      vertex -7.64052 -43.3315 5.69349
    endloop
  endfacet
  facet normal -0.0871611 -0.996194 7.10127e-06
    outer loop
      vertex -7.64052 -43.3315 14
      vertex -4.81645 -43.5786 12.5
      vertex 0 -44 14
    endloop
  endfacet
  facet normal -0.0871648 -0.996194 0
    outer loop
      vertex -7.64052 -43.3315 9.87777
      vertex -4.81645 -43.5786 12.5
      vertex -7.64052 -43.3315 14
    endloop
  endfacet
  facet normal -0.0871667 -0.996194 2.05092e-06
    outer loop
      vertex -5.64052 -43.5065 9.62787
      vertex -4.81645 -43.5786 12.5
      vertex -7.64052 -43.3315 9.87777
    endloop
  endfacet
  facet normal -0.0871596 -0.996194 0
    outer loop
      vertex -5.64052 -43.5065 5.4436
      vertex -4.81645 -43.5786 12.5
      vertex -5.64052 -43.5065 9.62787
    endloop
  endfacet
  facet normal -0.0871596 -0.996194 -0
    outer loop
      vertex -4.81645 -43.5786 12.5
      vertex -5.64052 -43.5065 5.4436
      vertex -4.81645 -43.5786 2.5
    endloop
  endfacet
  facet normal -0.08715 -0.996195 -2.8637e-05
    outer loop
      vertex -2.82406 -43.7529 12.5
      vertex 0 -44 14
      vertex -4.81645 -43.5786 12.5
    endloop
  endfacet
  facet normal -0.0871651 -0.996194 3.82248e-18
    outer loop
      vertex -2.82406 -43.7529 12.5
      vertex 0 -44 9.87777
      vertex 0 -44 14
    endloop
  endfacet
  facet normal -0.0871667 -0.996194 -1.75793e-06
    outer loop
      vertex -2.82406 -43.7529 12.5
      vertex -2 -43.825 9.62787
      vertex 0 -44 9.87777
    endloop
  endfacet
  facet normal -0.0871607 -0.996194 -5.97112e-20
    outer loop
      vertex -2.82406 -43.7529 12.5
      vertex -2 -43.825 5.4436
      vertex -2 -43.825 9.62787
    endloop
  endfacet
  facet normal -0.0871607 -0.996194 -2.49848e-20
    outer loop
      vertex -2 -43.825 5.4436
      vertex -2.82406 -43.7529 12.5
      vertex -2.82406 -43.7529 2.5
    endloop
  endfacet
  facet normal -0.0871672 -0.996194 1.84114e-06
    outer loop
      vertex -2.82406 -43.7529 2.5
      vertex 0 -44 5.69349
      vertex -2 -43.825 5.4436
    endloop
  endfacet
  facet normal -0.0871651 -0.996194 2.76757e-18
    outer loop
      vertex -2.82406 -43.7529 2.5
      vertex 0 -44 0
      vertex 0 -44 5.69349
    endloop
  endfacet
  facet normal -0.0871611 -0.996194 4.60941e-06
    outer loop
      vertex 0 -44 0
      vertex -2.82406 -43.7529 2.5
      vertex -7.64052 -43.3315 0
    endloop
  endfacet
  facet normal -0.087167 -0.996194 0
    outer loop
      vertex -7.64052 -43.3315 18
      vertex -6.64052 -43.419 19.5
      vertex -7.64052 -43.3315 19.5
    endloop
  endfacet
  facet normal -0.087159 -0.996194 -5.35729e-06
    outer loop
      vertex -6.64052 -43.419 19.5
      vertex -7.64052 -43.3315 18
      vertex -1 -43.9125 19.5
    endloop
  endfacet
  facet normal -0.0871611 -0.996194 3.95495e-06
    outer loop
      vertex 0 -44 18
      vertex -1 -43.9125 19.5
      vertex -7.64052 -43.3315 18
    endloop
  endfacet
  facet normal -0.087167 -0.996194 0
    outer loop
      vertex -1 -43.9125 19.5
      vertex 0 -44 18
      vertex 0 -44 19.5
    endloop
  endfacet
  facet normal -0.0871439 -0.996196 2.72087e-05
    outer loop
      vertex -2.87701 -43.7483 26.5456
      vertex -6.64052 -43.419 29.5
      vertex -5.81265 -43.4915 26.5456
    endloop
  endfacet
  facet normal -0.0872402 -0.996187 1.98599e-18
    outer loop
      vertex -6.64052 -43.419 29.5
      vertex -5.81265 -43.4915 24.4763
      vertex -5.81265 -43.4915 26.5456
    endloop
  endfacet
  facet normal -0.0872402 -0.996187 0
    outer loop
      vertex -6.64052 -43.419 19.5
      vertex -5.81265 -43.4915 24.4763
      vertex -6.64052 -43.419 29.5
    endloop
  endfacet
  facet normal -0.087159 -0.996194 -2.32844e-05
    outer loop
      vertex -1 -43.9125 19.5
      vertex -2.81236 -43.754 22.3614
      vertex -6.64052 -43.419 19.5
    endloop
  endfacet
  facet normal -0.0871586 -0.996194 -2.38053e-05
    outer loop
      vertex -5.81265 -43.4915 22.3614
      vertex -6.64052 -43.419 19.5
      vertex -2.81236 -43.754 22.3614
    endloop
  endfacet
  facet normal -0.0872402 -0.996187 -0
    outer loop
      vertex -5.81265 -43.4915 24.4763
      vertex -6.64052 -43.419 19.5
      vertex -5.81265 -43.4915 22.3614
    endloop
  endfacet
  facet normal -0.087167 -0.996194 0
    outer loop
      vertex -6.64052 -43.419 29.5
      vertex -7.64052 -43.3315 32
      vertex -7.64052 -43.3315 29.5
    endloop
  endfacet
  facet normal -0.0871611 -0.996194 2.37297e-06
    outer loop
      vertex -7.64052 -43.3315 32
      vertex -6.64052 -43.419 29.5
      vertex 0 -44 32
    endloop
  endfacet
  facet normal -0.087159 -0.996194 -3.21437e-06
    outer loop
      vertex -1 -43.9125 29.5
      vertex 0 -44 32
      vertex -6.64052 -43.419 29.5
    endloop
  endfacet
  facet normal -0.087167 -0.996194 -0
    outer loop
      vertex 0 -44 32
      vertex -1 -43.9125 29.5
      vertex 0 -44 29.5
    endloop
  endfacet
  facet normal -0.087159 -0.996194 7.83422e-06
    outer loop
      vertex -6.64052 -43.419 29.5
      vertex -2.87701 -43.7483 26.5456
      vertex -1 -43.9125 29.5
    endloop
  endfacet
  facet normal -0.0871672 -0.996194 1.30905e-05
    outer loop
      vertex -1.82787 -43.8401 26.5456
      vertex -1 -43.9125 29.5
      vertex -2.87701 -43.7483 26.5456
    endloop
  endfacet
  facet normal -0.0871208 -0.996198 0
    outer loop
      vertex -1.82787 -43.8401 24.4763
      vertex -1 -43.9125 29.5
      vertex -1.82787 -43.8401 26.5456
    endloop
  endfacet
  facet normal -0.0871208 -0.996198 -1.63089e-18
    outer loop
      vertex -1 -43.9125 19.5
      vertex -1.82787 -43.8401 24.4763
      vertex -1.82787 -43.8401 22.3614
    endloop
  endfacet
  facet normal -0.0871208 -0.996198 -3.44917e-19
    outer loop
      vertex -1.82787 -43.8401 24.4763
      vertex -1 -43.9125 19.5
      vertex -1 -43.9125 29.5
    endloop
  endfacet
  facet normal -0.0871239 -0.996197 -8.95051e-07
    outer loop
      vertex -2.81236 -43.754 22.3614
      vertex -1 -43.9125 19.5
      vertex -1.82787 -43.8401 22.3614
    endloop
  endfacet
  facet normal -0.422665 -0.906286 -2.5913e-05
    outer loop
      vertex -21.2226 -38.4676 5.58672
      vertex -19.4307 -39.3032 2.5
      vertex -20.1805 -38.9536 5.4436
    endloop
  endfacet
  facet normal -0.42261 -0.906312 1.3006e-05
    outer loop
      vertex -22 -38.1051 5.69349
      vertex -19.4307 -39.3032 2.5
      vertex -21.2226 -38.4676 5.58672
    endloop
  endfacet
  facet normal -0.422606 -0.906313 -2.07403e-05
    outer loop
      vertex -19.4307 -39.3032 2.5
      vertex -22 -38.1051 0
      vertex -17.6181 -40.1484 2.5
    endloop
  endfacet
  facet normal -0.422623 -0.906306 0
    outer loop
      vertex -22 -38.1051 0
      vertex -19.4307 -39.3032 2.5
      vertex -22 -38.1051 5.69349
    endloop
  endfacet
  facet normal -0.422623 -0.906305 -1.40031e-06
    outer loop
      vertex -22 -38.1051 14
      vertex -19.4307 -39.3032 12.5
      vertex -15.0489 -41.3465 14
    endloop
  endfacet
  facet normal -0.422623 -0.906306 0
    outer loop
      vertex -22 -38.1051 9.87777
      vertex -19.4307 -39.3032 12.5
      vertex -22 -38.1051 14
    endloop
  endfacet
  facet normal -0.422638 -0.906299 1.80985e-05
    outer loop
      vertex -20.1805 -38.9536 9.62787
      vertex -19.4307 -39.3032 12.5
      vertex -22 -38.1051 9.87777
    endloop
  endfacet
  facet normal -0.422581 -0.906325 0
    outer loop
      vertex -20.1805 -38.9536 5.4436
      vertex -19.4307 -39.3032 12.5
      vertex -20.1805 -38.9536 9.62787
    endloop
  endfacet
  facet normal -0.422581 -0.906325 -0
    outer loop
      vertex -19.4307 -39.3032 12.5
      vertex -20.1805 -38.9536 5.4436
      vertex -19.4307 -39.3032 2.5
    endloop
  endfacet
  facet normal -0.422606 -0.906313 -6.27409e-05
    outer loop
      vertex -17.6181 -40.1484 12.5
      vertex -15.0489 -41.3465 14
      vertex -19.4307 -39.3032 12.5
    endloop
  endfacet
  facet normal -0.422636 -0.906299 1.29891e-17
    outer loop
      vertex -17.6181 -40.1484 12.5
      vertex -15.0489 -41.3465 9.87777
      vertex -15.0489 -41.3465 14
    endloop
  endfacet
  facet normal -0.42264 -0.906298 -3.89261e-06
    outer loop
      vertex -17.6181 -40.1484 12.5
      vertex -16.8684 -40.498 9.62787
      vertex -15.0489 -41.3465 9.87777
    endloop
  endfacet
  facet normal -0.422627 -0.906304 -1.32333e-17
    outer loop
      vertex -17.6181 -40.1484 12.5
      vertex -16.8684 -40.498 7.51823
      vertex -16.8684 -40.498 9.62787
    endloop
  endfacet
  facet normal -0.422627 -0.906304 0
    outer loop
      vertex -17.6181 -40.1484 2.5
      vertex -16.8684 -40.498 7.51823
      vertex -17.6181 -40.1484 12.5
    endloop
  endfacet
  facet normal -0.422627 -0.906304 -0
    outer loop
      vertex -16.8684 -40.498 7.51823
      vertex -17.6181 -40.1484 2.5
      vertex -16.8684 -40.498 5.4436
    endloop
  endfacet
  facet normal -0.422663 -0.906287 1.10338e-05
    outer loop
      vertex -17.6181 -40.1484 2.5
      vertex -15.8263 -40.984 5.58672
      vertex -16.8684 -40.498 5.4436
    endloop
  endfacet
  facet normal -0.422608 -0.906313 -2.78833e-05
    outer loop
      vertex -15.8263 -40.984 5.58672
      vertex -17.6181 -40.1484 2.5
      vertex -15.0489 -41.3465 5.69349
    endloop
  endfacet
  facet normal -0.422636 -0.906299 9.40445e-18
    outer loop
      vertex -17.6181 -40.1484 2.5
      vertex -15.0489 -41.3465 0
      vertex -15.0489 -41.3465 5.69349
    endloop
  endfacet
  facet normal -0.422623 -0.906305 1.60648e-05
    outer loop
      vertex -15.0489 -41.3465 0
      vertex -17.6181 -40.1484 2.5
      vertex -22 -38.1051 0
    endloop
  endfacet
  facet normal -0.422662 -0.906287 0
    outer loop
      vertex -22 -38.1051 18
      vertex -21.0902 -38.5294 19.5
      vertex -22 -38.1051 19.5
    endloop
  endfacet
  facet normal -0.42261 -0.906312 -3.8386e-05
    outer loop
      vertex -21.0902 -38.5294 19.5
      vertex -22 -38.1051 18
      vertex -15.9587 -40.9222 19.5
    endloop
  endfacet
  facet normal -0.422623 -0.906305 2.83374e-05
    outer loop
      vertex -15.0489 -41.3465 18
      vertex -15.9587 -40.9222 19.5
      vertex -22 -38.1051 18
    endloop
  endfacet
  facet normal -0.422662 -0.906287 -1.18262e-17
    outer loop
      vertex -15.9587 -40.9222 19.5
      vertex -15.0489 -41.3465 18
      vertex -15.0489 -41.3465 19.5
    endloop
  endfacet
  facet normal -0.422614 -0.90631 8.52485e-06
    outer loop
      vertex -17.6663 -40.126 26.5456
      vertex -21.0902 -38.5294 29.5
      vertex -20.3371 -38.8806 26.5456
    endloop
  endfacet
  facet normal -0.422642 -0.906297 1.27051e-17
    outer loop
      vertex -21.0902 -38.5294 29.5
      vertex -20.3371 -38.8806 24.4763
      vertex -20.3371 -38.8806 26.5456
    endloop
  endfacet
  facet normal -0.422642 -0.906297 0
    outer loop
      vertex -21.0902 -38.5294 19.5
      vertex -20.3371 -38.8806 24.4763
      vertex -21.0902 -38.5294 29.5
    endloop
  endfacet
  facet normal -0.422559 -0.906336 -2.66212e-05
    outer loop
      vertex -21.0902 -38.5294 19.5
      vertex -19.4414 -39.2982 22.3614
      vertex -20.3371 -38.8806 22.3614
    endloop
  endfacet
  facet normal -0.42261 -0.906312 9.3475e-06
    outer loop
      vertex -15.9587 -40.9222 19.5
      vertex -19.4414 -39.2982 22.3614
      vertex -21.0902 -38.5294 19.5
    endloop
  endfacet
  facet normal -0.422642 -0.906297 -0
    outer loop
      vertex -20.3371 -38.8806 24.4763
      vertex -21.0902 -38.5294 19.5
      vertex -20.3371 -38.8806 22.3614
    endloop
  endfacet
  facet normal -0.422662 -0.906287 -7.09571e-18
    outer loop
      vertex -21.0902 -38.5294 29.5
      vertex -22 -38.1051 32
      vertex -22 -38.1051 29.5
    endloop
  endfacet
  facet normal -0.422623 -0.906305 1.70025e-05
    outer loop
      vertex -22 -38.1051 32
      vertex -21.0902 -38.5294 29.5
      vertex -15.0489 -41.3465 32
    endloop
  endfacet
  facet normal -0.42261 -0.906312 -2.30316e-05
    outer loop
      vertex -15.9587 -40.9222 29.5
      vertex -15.0489 -41.3465 32
      vertex -21.0902 -38.5294 29.5
    endloop
  endfacet
  facet normal -0.422662 -0.906287 -0
    outer loop
      vertex -15.0489 -41.3465 32
      vertex -15.9587 -40.9222 29.5
      vertex -15.0489 -41.3465 29.5
    endloop
  endfacet
  facet normal -0.42261 -0.906312 1.46452e-05
    outer loop
      vertex -21.0902 -38.5294 29.5
      vertex -17.6663 -40.126 26.5456
      vertex -15.9587 -40.9222 29.5
    endloop
  endfacet
  facet normal -0.422548 -0.906341 -2.92153e-05
    outer loop
      vertex -16.7118 -40.571 26.5456
      vertex -15.9587 -40.9222 29.5
      vertex -17.6663 -40.126 26.5456
    endloop
  endfacet
  facet normal -0.422642 -0.906297 0
    outer loop
      vertex -16.7118 -40.571 24.387
      vertex -15.9587 -40.9222 29.5
      vertex -16.7118 -40.571 26.5456
    endloop
  endfacet
  facet normal -0.422642 -0.906297 1.29792e-17
    outer loop
      vertex -15.9587 -40.9222 19.5
      vertex -16.7118 -40.571 24.387
      vertex -16.7118 -40.571 22.3614
    endloop
  endfacet
  facet normal -0.422642 -0.906297 2.62908e-18
    outer loop
      vertex -16.7118 -40.571 24.387
      vertex -15.9587 -40.9222 19.5
      vertex -15.9587 -40.9222 29.5
    endloop
  endfacet
  facet normal -0.422609 -0.906312 1.04249e-05
    outer loop
      vertex -19.4414 -39.2982 22.3614
      vertex -15.9587 -40.9222 19.5
      vertex -16.7118 -40.571 22.3614
    endloop
  endfacet
  facet normal -0.996194 -0.087167 0
    outer loop
      vertex -44 0 18
      vertex -43.9125 -1 19.5
      vertex -44 0 19.5
    endloop
  endfacet
  facet normal -0.996198 -0.0871208 0
    outer loop
      vertex -43.9125 -1 19.5
      vertex -43.8401 -1.82787 24.4763
      vertex -43.9125 -1 29.5
    endloop
  endfacet
  facet normal -0.996198 -0.0871208 -1.63089e-18
    outer loop
      vertex -43.9125 -1 19.5
      vertex -43.8401 -1.82787 22.3614
      vertex -43.8401 -1.82787 24.4763
    endloop
  endfacet
  facet normal -0.996197 -0.0871239 -8.95051e-07
    outer loop
      vertex -43.9125 -1 19.5
      vertex -43.754 -2.81236 22.3614
      vertex -43.8401 -1.82787 22.3614
    endloop
  endfacet
  facet normal -0.996194 -0.087159 -2.32844e-05
    outer loop
      vertex -43.419 -6.64052 19.5
      vertex -43.754 -2.81236 22.3614
      vertex -43.9125 -1 19.5
    endloop
  endfacet
  facet normal -0.996194 -0.087159 5.35729e-06
    outer loop
      vertex -43.419 -6.64052 19.5
      vertex -43.9125 -1 19.5
      vertex -44 0 18
    endloop
  endfacet
  facet normal -0.996187 -0.0872402 0
    outer loop
      vertex -43.4915 -5.81265 22.3614
      vertex -43.419 -6.64052 19.5
      vertex -43.4915 -5.81265 24.4763
    endloop
  endfacet
  facet normal -0.996194 -0.0871586 -2.38053e-05
    outer loop
      vertex -43.754 -2.81236 22.3614
      vertex -43.419 -6.64052 19.5
      vertex -43.4915 -5.81265 22.3614
    endloop
  endfacet
  facet normal -0.996194 -0.0871611 -3.95495e-06
    outer loop
      vertex -43.3315 -7.64052 18
      vertex -43.419 -6.64052 19.5
      vertex -44 0 18
    endloop
  endfacet
  facet normal -0.996194 -0.087167 0
    outer loop
      vertex -43.419 -6.64052 19.5
      vertex -43.3315 -7.64052 18
      vertex -43.3315 -7.64052 19.5
    endloop
  endfacet
  facet normal -0.996194 -0.087167 0
    outer loop
      vertex -43.9125 -1 29.5
      vertex -44 0 32
      vertex -44 0 29.5
    endloop
  endfacet
  facet normal -0.996198 -0.0871208 -0
    outer loop
      vertex -43.8401 -1.82787 26.5456
      vertex -43.9125 -1 29.5
      vertex -43.8401 -1.82787 24.4763
    endloop
  endfacet
  facet normal -0.996194 -0.0871672 1.30905e-05
    outer loop
      vertex -43.7483 -2.87701 26.5456
      vertex -43.9125 -1 29.5
      vertex -43.8401 -1.82787 26.5456
    endloop
  endfacet
  facet normal -0.996194 -0.087159 7.83422e-06
    outer loop
      vertex -43.419 -6.64052 29.5
      vertex -43.9125 -1 29.5
      vertex -43.7483 -2.87701 26.5456
    endloop
  endfacet
  facet normal -0.996196 -0.0871439 2.72087e-05
    outer loop
      vertex -43.419 -6.64052 29.5
      vertex -43.7483 -2.87701 26.5456
      vertex -43.4915 -5.81265 26.5456
    endloop
  endfacet
  facet normal -0.996187 -0.0872402 -0
    outer loop
      vertex -43.419 -6.64052 29.5
      vertex -43.4915 -5.81265 24.4763
      vertex -43.419 -6.64052 19.5
    endloop
  endfacet
  facet normal -0.996187 -0.0872402 0
    outer loop
      vertex -43.4915 -5.81265 24.4763
      vertex -43.419 -6.64052 29.5
      vertex -43.4915 -5.81265 26.5456
    endloop
  endfacet
  facet normal -0.996194 -0.087159 -3.21437e-06
    outer loop
      vertex -43.9125 -1 29.5
      vertex -43.419 -6.64052 29.5
      vertex -44 0 32
    endloop
  endfacet
  facet normal -0.996194 -0.087167 -0
    outer loop
      vertex -43.3315 -7.64052 32
      vertex -43.419 -6.64052 29.5
      vertex -43.3315 -7.64052 29.5
    endloop
  endfacet
  facet normal -0.996194 -0.0871611 2.37297e-06
    outer loop
      vertex -43.419 -6.64052 29.5
      vertex -43.3315 -7.64052 32
      vertex -44 0 32
    endloop
  endfacet
  facet normal -0.996194 -0.0871651 2.76757e-18
    outer loop
      vertex -43.7529 -2.82406 2.5
      vertex -44 0 5.69349
      vertex -44 0 0
    endloop
  endfacet
  facet normal -0.996194 -0.0871607 0
    outer loop
      vertex -43.825 -2 5.4436
      vertex -43.7529 -2.82406 2.5
      vertex -43.825 -2 9.62787
    endloop
  endfacet
  facet normal -0.996194 -0.0871672 1.84114e-06
    outer loop
      vertex -44 0 5.69349
      vertex -43.7529 -2.82406 2.5
      vertex -43.825 -2 5.4436
    endloop
  endfacet
  facet normal -0.996195 -0.08715 1.71822e-05
    outer loop
      vertex -44 0 0
      vertex -43.5786 -4.81645 2.5
      vertex -43.7529 -2.82406 2.5
    endloop
  endfacet
  facet normal -0.996194 -0.0871596 0
    outer loop
      vertex -43.5786 -4.81645 2.5
      vertex -43.5065 -5.64052 5.4436
      vertex -43.5786 -4.81645 12.5
    endloop
  endfacet
  facet normal -0.996194 -0.0871611 -4.26076e-06
    outer loop
      vertex -43.3315 -7.64052 0
      vertex -43.5786 -4.81645 2.5
      vertex -44 0 0
    endloop
  endfacet
  facet normal -0.996194 -0.0871648 -0
    outer loop
      vertex -43.3315 -7.64052 5.69349
      vertex -43.5786 -4.81645 2.5
      vertex -43.3315 -7.64052 0
    endloop
  endfacet
  facet normal -0.996194 -0.0871672 -2.148e-06
    outer loop
      vertex -43.5786 -4.81645 2.5
      vertex -43.3315 -7.64052 5.69349
      vertex -43.5065 -5.64052 5.4436
    endloop
  endfacet
  facet normal -0.996194 -0.0871667 -1.75793e-06
    outer loop
      vertex -43.7529 -2.82406 12.5
      vertex -44 0 9.87777
      vertex -43.825 -2 9.62787
    endloop
  endfacet
  facet normal -0.996194 -0.0871607 -0
    outer loop
      vertex -43.7529 -2.82406 12.5
      vertex -43.825 -2 9.62787
      vertex -43.7529 -2.82406 2.5
    endloop
  endfacet
  facet normal -0.996194 -0.0871651 0
    outer loop
      vertex -44 0 9.87777
      vertex -43.7529 -2.82406 12.5
      vertex -44 0 14
    endloop
  endfacet
  facet normal -0.996195 -0.08715 -2.8637e-05
    outer loop
      vertex -43.5786 -4.81645 12.5
      vertex -44 0 14
      vertex -43.7529 -2.82406 12.5
    endloop
  endfacet
  facet normal -0.996194 -0.0871596 -0
    outer loop
      vertex -43.5065 -5.64052 9.62787
      vertex -43.5786 -4.81645 12.5
      vertex -43.5065 -5.64052 5.4436
    endloop
  endfacet
  facet normal -0.996194 -0.0871667 2.05092e-06
    outer loop
      vertex -43.3315 -7.64052 9.87777
      vertex -43.5786 -4.81645 12.5
      vertex -43.5065 -5.64052 9.62787
    endloop
  endfacet
  facet normal -0.996194 -0.0871611 7.10127e-06
    outer loop
      vertex -43.5786 -4.81645 12.5
      vertex -43.3315 -7.64052 14
      vertex -44 0 14
    endloop
  endfacet
  facet normal -0.996194 -0.0871648 -0
    outer loop
      vertex -43.3315 -7.64052 14
      vertex -43.5786 -4.81645 12.5
      vertex -43.3315 -7.64052 9.87777
    endloop
  endfacet
  facet normal 0 0 -1
    outer loop
      vertex -33.706 -28.2827 0
      vertex -26.4615 -24.5297 0
      vertex -27.2435 -28.9646 0
    endloop
  endfacet
  facet normal 0 0 -1
    outer loop
      vertex -33.706 -28.2827 0
      vertex -27.2435 -28.9646 0
      vertex -28.2827 -33.706 0
    endloop
  endfacet
  facet normal 0 0 -1
    outer loop
      vertex -26.4615 -24.5297 0
      vertex -28.752 -21.8 0
      vertex -26.5004 -17.9 0
    endloop
  endfacet
  facet normal -0 0 -1
    outer loop
      vertex -26.4615 -24.5297 0
      vertex -33.706 -28.2827 0
      vertex -28.752 -21.8 0
    endloop
  endfacet
  facet normal -0 0 -1
    outer loop
      vertex -28.752 -21.8 0
      vertex -33.706 -28.2827 0
      vertex -33.2554 -21.8 0
    endloop
  endfacet
  facet normal 0 0 -1
    outer loop
      vertex -38.1051 -22 0
      vertex -33.2554 -21.8 0
      vertex -33.706 -28.2827 0
    endloop
  endfacet
  facet normal -0 0 -1
    outer loop
      vertex -33.2554 -21.8 0
      vertex -38.1051 -22 0
      vertex -35.507 -17.9 0
    endloop
  endfacet
  facet normal 0 0 -1
    outer loop
      vertex -25.0882 18.6397 0
      vertex -28.752 21.8 0
      vertex -26.4615 24.5297 0
    endloop
  endfacet
  facet normal 0 0 -1
    outer loop
      vertex -33.706 28.2827 0
      vertex -26.4615 24.5297 0
      vertex -28.752 21.8 0
    endloop
  endfacet
  facet normal 0 0 -1
    outer loop
      vertex -26.4615 24.5297 0
      vertex -33.706 28.2827 0
      vertex -27.2435 28.9646 0
    endloop
  endfacet
  facet normal 0 0 -1
    outer loop
      vertex -33.706 28.2827 0
      vertex -28.752 21.8 0
      vertex -33.2554 21.8 0
    endloop
  endfacet
  facet normal -0 0 -1
    outer loop
      vertex -27.2435 28.9646 0
      vertex -33.706 28.2827 0
      vertex -28.2827 33.706 0
    endloop
  endfacet
  facet normal 0 0 -1
    outer loop
      vertex -38.1051 22 0
      vertex -33.2554 21.8 0
      vertex -35.507 17.9 0
    endloop
  endfacet
  facet normal 0 0 -1
    outer loop
      vertex -33.2554 21.8 0
      vertex -38.1051 22 0
      vertex -33.706 28.2827 0
    endloop
  endfacet
  facet normal 0 0 -1
    outer loop
      vertex -24.8 -1.84752 0
      vertex -7.10141 0 0
      vertex -23.9363 -6.746 0
    endloop
  endfacet
  facet normal 0 0 -1
    outer loop
      vertex -7.10141 0 0
      vertex -23.9363 6.746 0
      vertex -22.6725 10.2182 0
    endloop
  endfacet
  facet normal 0 0 -1
    outer loop
      vertex -24.8 1.84752 0
      vertex -7.10141 0 0
      vertex -24.8 -1.84752 0
    endloop
  endfacet
  facet normal 0 0 -1
    outer loop
      vertex -27.5752 -6.10436 0
      vertex -24.8 -1.84752 0
      vertex -23.9363 -6.746 0
    endloop
  endfacet
  facet normal 0 0 -1
    outer loop
      vertex -27.5752 -6.10436 0
      vertex -28 -3.69504 0
      vertex -24.8 -1.84752 0
    endloop
  endfacet
  facet normal 0 0 -1
    outer loop
      vertex -31.0244 -7.75683 0
      vertex -27.5752 -6.10436 0
      vertex -29.9503 -8.93493 0
    endloop
  endfacet
  facet normal -0 0 -1
    outer loop
      vertex -27.5752 -6.10436 0
      vertex -31.0244 -7.75683 0
      vertex -28 -3.69504 0
    endloop
  endfacet
  facet normal 0 0 -1
    outer loop
      vertex -31.8064 -3.32192 0
      vertex -28 -3.69504 0
      vertex -31.0244 -7.75683 0
    endloop
  endfacet
  facet normal 0 0 -1
    outer loop
      vertex -36.0381 -1.78169 0
      vertex -31.2 -1.84752 0
      vertex -31.8064 -3.32192 0
    endloop
  endfacet
  facet normal 0 0 -1
    outer loop
      vertex -28 -3.69504 0
      vertex -31.8064 -3.32192 0
      vertex -31.2 -1.84752 0
    endloop
  endfacet
  facet normal -0 0 -1
    outer loop
      vertex -17.2 22.4012 0
      vertex -19.0741 20.8286 0
      vertex -18.78 25.8842 0
    endloop
  endfacet
  facet normal 0 0 -1
    outer loop
      vertex -19.0741 20.8286 0
      vertex -22.2298 22.9895 0
      vertex -18.78 25.8842 0
    endloop
  endfacet
  facet normal 0 0 -1
    outer loop
      vertex -22.713 21.4703 0
      vertex -22.2298 22.9895 0
      vertex -19.0741 20.8286 0
    endloop
  endfacet
  facet normal 0 0 -1
    outer loop
      vertex -26.4615 24.5297 0
      vertex -22.713 21.4703 0
      vertex -25.0882 18.6397 0
    endloop
  endfacet
  facet normal 0 0 -1
    outer loop
      vertex -22.713 21.4703 0
      vertex -26.4615 24.5297 0
      vertex -22.2298 22.9895 0
    endloop
  endfacet
  facet normal 0 0 -1
    outer loop
      vertex -22.6725 -10.2182 0
      vertex -7.10141 0 0
      vertex -20.1855 -14.5258 0
    endloop
  endfacet
  facet normal 0 0 -1
    outer loop
      vertex -7.10141 0 0
      vertex -20.1855 14.5258 0
      vertex -17.8103 17.3564 0
    endloop
  endfacet
  facet normal 0 0 -1
    outer loop
      vertex -23.9363 -6.746 0
      vertex -7.10141 0 0
      vertex -22.6725 -10.2182 0
    endloop
  endfacet
  facet normal 0 0 -1
    outer loop
      vertex -23.8244 -15.1675 0
      vertex -22.6725 -10.2182 0
      vertex -20.1855 -14.5258 0
    endloop
  endfacet
  facet normal 0 0 -1
    outer loop
      vertex -23.8244 -15.1675 0
      vertex -25.0476 -13.0488 0
      vertex -22.6725 -10.2182 0
    endloop
  endfacet
  facet normal 0 0 -1
    outer loop
      vertex -26.5004 -17.9 0
      vertex -23.8244 -15.1675 0
      vertex -25.0882 -18.6397 0
    endloop
  endfacet
  facet normal 0 0 -1
    outer loop
      vertex -26.5004 -17.9 0
      vertex -25.0882 -18.6397 0
      vertex -26.4615 -24.5297 0
    endloop
  endfacet
  facet normal -0 0 -1
    outer loop
      vertex -23.8244 -15.1675 0
      vertex -26.5004 -17.9 0
      vertex -25.0476 -13.0488 0
    endloop
  endfacet
  facet normal 0 0 -1
    outer loop
      vertex -28.752 -14 0
      vertex -25.0476 -13.0488 0
      vertex -26.5004 -17.9 0
    endloop
  endfacet
  facet normal -0 0 -1
    outer loop
      vertex -25.0476 -13.0488 0
      vertex -28.752 -14 0
      vertex -28.6865 -12.4071 0
    endloop
  endfacet
  facet normal 0 0 -1
    outer loop
      vertex -33.2554 -14 0
      vertex -28.6865 -12.4071 0
      vertex -28.752 -14 0
    endloop
  endfacet
  facet normal -0 0 -1
    outer loop
      vertex -28.6865 -12.4071 0
      vertex -33.2554 -14 0
      vertex -29.9503 -8.93493 0
    endloop
  endfacet
  facet normal 0 0 -1
    outer loop
      vertex -34.4741 -10.6515 0
      vertex -29.9503 -8.93493 0
      vertex -33.2554 -14 0
    endloop
  endfacet
  facet normal -0 0 -1
    outer loop
      vertex -29.9503 -8.93493 0
      vertex -34.4741 -10.6515 0
      vertex -31.0244 -7.75683 0
    endloop
  endfacet
  facet normal 0 0 -1
    outer loop
      vertex -41.3465 -15.0489 0
      vertex -33.2554 -14 0
      vertex -35.507 -17.9 0
    endloop
  endfacet
  facet normal 0 0 -1
    outer loop
      vertex -41.3465 -15.0489 0
      vertex -35.507 -17.9 0
      vertex -38.1051 -22 0
    endloop
  endfacet
  facet normal -0 0 -1
    outer loop
      vertex -33.2554 -14 0
      vertex -41.3465 -15.0489 0
      vertex -34.4741 -10.6515 0
    endloop
  endfacet
  facet normal -0 0 -1
    outer loop
      vertex -34.4741 -10.6515 0
      vertex -41.3465 -15.0489 0
      vertex -38.7059 -9.11129 0
    endloop
  endfacet
  facet normal 0 0 -1
    outer loop
      vertex -38.7059 -9.11129 0
      vertex -43.3315 -7.64052 0
      vertex -39.4879 -4.67637 0
    endloop
  endfacet
  facet normal 0 0 -1
    outer loop
      vertex -43.3315 -7.64052 0
      vertex -38.7059 -9.11129 0
      vertex -41.3465 -15.0489 0
    endloop
  endfacet
  facet normal 0 0 -1
    outer loop
      vertex -17.2 -22.4012 0
      vertex -19.0741 -20.8286 0
      vertex -17.8103 -17.3564 0
    endloop
  endfacet
  facet normal 0 0 -1
    outer loop
      vertex -22.2298 -22.9895 0
      vertex -19.0741 -20.8286 0
      vertex -18.78 -25.8842 0
    endloop
  endfacet
  facet normal 0 0 -1
    outer loop
      vertex -22.2298 -22.9895 0
      vertex -22.713 -21.4703 0
      vertex -19.0741 -20.8286 0
    endloop
  endfacet
  facet normal 0 0 -1
    outer loop
      vertex -26.4615 -24.5297 0
      vertex -22.713 -21.4703 0
      vertex -22.2298 -22.9895 0
    endloop
  endfacet
  facet normal -0 0 -1
    outer loop
      vertex -22.713 -21.4703 0
      vertex -26.4615 -24.5297 0
      vertex -25.0882 -18.6397 0
    endloop
  endfacet
  facet normal 0 0 -1
    outer loop
      vertex -7.10141 0 0
      vertex -22.6725 10.2182 0
      vertex -20.1855 14.5258 0
    endloop
  endfacet
  facet normal 0 0 -1
    outer loop
      vertex -22.6725 10.2182 0
      vertex -23.8244 15.1675 0
      vertex -20.1855 14.5258 0
    endloop
  endfacet
  facet normal 0 0 -1
    outer loop
      vertex -25.0476 13.0488 0
      vertex -23.8244 15.1675 0
      vertex -22.6725 10.2182 0
    endloop
  endfacet
  facet normal 0 0 -1
    outer loop
      vertex -26.5004 17.9 0
      vertex -23.8244 15.1675 0
      vertex -25.0476 13.0488 0
    endloop
  endfacet
  facet normal 0 0 -1
    outer loop
      vertex -23.8244 15.1675 0
      vertex -26.5004 17.9 0
      vertex -25.0882 18.6397 0
    endloop
  endfacet
  facet normal 0 0 -1
    outer loop
      vertex -28.752 21.8 0
      vertex -25.0882 18.6397 0
      vertex -26.5004 17.9 0
    endloop
  endfacet
  facet normal 0 0 -1
    outer loop
      vertex -28.752 14 0
      vertex -25.0476 13.0488 0
      vertex -28.6865 12.4071 0
    endloop
  endfacet
  facet normal 0 0 -1
    outer loop
      vertex -25.0476 13.0488 0
      vertex -28.752 14 0
      vertex -26.5004 17.9 0
    endloop
  endfacet
  facet normal 0 0 -1
    outer loop
      vertex -33.2554 14 0
      vertex -28.6865 12.4071 0
      vertex -29.9503 8.93493 0
    endloop
  endfacet
  facet normal 0 0 -1
    outer loop
      vertex -34.4741 10.6515 0
      vertex -29.9503 8.93493 0
      vertex -31.0244 7.75683 0
    endloop
  endfacet
  facet normal 0 0 -1
    outer loop
      vertex -28.6865 12.4071 0
      vertex -33.2554 14 0
      vertex -28.752 14 0
    endloop
  endfacet
  facet normal 0 0 -1
    outer loop
      vertex -29.9503 8.93493 0
      vertex -34.4741 10.6515 0
      vertex -33.2554 14 0
    endloop
  endfacet
  facet normal 0 0 -1
    outer loop
      vertex -41.3465 15.0489 0
      vertex -33.2554 14 0
      vertex -34.4741 10.6515 0
    endloop
  endfacet
  facet normal 0 0 -1
    outer loop
      vertex -33.2554 14 0
      vertex -41.3465 15.0489 0
      vertex -35.507 17.9 0
    endloop
  endfacet
  facet normal 0 0 -1
    outer loop
      vertex -41.3465 15.0489 0
      vertex -34.4741 10.6515 0
      vertex -38.7059 9.11129 0
    endloop
  endfacet
  facet normal 0 0 -1
    outer loop
      vertex -43.3315 7.64052 0
      vertex -38.7059 9.11129 0
      vertex -39.4879 4.67637 0
    endloop
  endfacet
  facet normal 0 0 -1
    outer loop
      vertex -44 0 0
      vertex -39.4879 -4.67637 0
      vertex -43.3315 -7.64052 0
    endloop
  endfacet
  facet normal -0 0 -1
    outer loop
      vertex -35.507 17.9 0
      vertex -41.3465 15.0489 0
      vertex -38.1051 22 0
    endloop
  endfacet
  facet normal 0 0 -1
    outer loop
      vertex -39.4879 -4.67637 0
      vertex -44 0 0
      vertex -39.4879 4.67637 0
    endloop
  endfacet
  facet normal -0 0 -1
    outer loop
      vertex -38.7059 9.11129 0
      vertex -43.3315 7.64052 0
      vertex -41.3465 15.0489 0
    endloop
  endfacet
  facet normal -0 0 -1
    outer loop
      vertex -39.4879 4.67637 0
      vertex -44 0 0
      vertex -43.3315 7.64052 0
    endloop
  endfacet
  facet normal 0 0 -1
    outer loop
      vertex -7.10141 0 0
      vertex -24.8 1.84752 0
      vertex -23.9363 6.746 0
    endloop
  endfacet
  facet normal 0 0 -1
    outer loop
      vertex -24.8 1.84752 0
      vertex -27.5752 6.10436 0
      vertex -23.9363 6.746 0
    endloop
  endfacet
  facet normal 0 0 -1
    outer loop
      vertex -28 3.69504 0
      vertex -27.5752 6.10436 0
      vertex -24.8 1.84752 0
    endloop
  endfacet
  facet normal 0 0 -1
    outer loop
      vertex -31.0244 7.75683 0
      vertex -27.5752 6.10436 0
      vertex -28 3.69504 0
    endloop
  endfacet
  facet normal 0 0 -1
    outer loop
      vertex -27.5752 6.10436 0
      vertex -31.0244 7.75683 0
      vertex -29.9503 8.93493 0
    endloop
  endfacet
  facet normal 0 0 -1
    outer loop
      vertex -31.8064 3.32192 0
      vertex -28 3.69504 0
      vertex -31.2 1.84752 0
    endloop
  endfacet
  facet normal 0 0 -1
    outer loop
      vertex -31.2 -1.84752 0
      vertex -36.0381 -1.78169 0
      vertex -31.2 1.84752 0
    endloop
  endfacet
  facet normal -0 0 -1
    outer loop
      vertex -28 3.69504 0
      vertex -31.8064 3.32192 0
      vertex -31.0244 7.75683 0
    endloop
  endfacet
  facet normal 0 0 -1
    outer loop
      vertex -36.0381 1.78169 0
      vertex -31.2 1.84752 0
      vertex -36.0381 -1.78169 0
    endloop
  endfacet
  facet normal -0 0 -1
    outer loop
      vertex -31.2 1.84752 0
      vertex -36.0381 1.78169 0
      vertex -31.8064 3.32192 0
    endloop
  endfacet
  facet normal 0 0 -1
    outer loop
      vertex -39.4879 -4.67637 0
      vertex -36.0381 1.78169 0
      vertex -36.0381 -1.78169 0
    endloop
  endfacet
  facet normal -0 0 -1
    outer loop
      vertex -36.0381 1.78169 0
      vertex -39.4879 -4.67637 0
      vertex -39.4879 4.67637 0
    endloop
  endfacet
  facet normal 0 0 -1
    outer loop
      vertex -20.1855 -14.5258 0
      vertex -3.5507 -6.15 0
      vertex -17.8103 -17.3564 0
    endloop
  endfacet
  facet normal 0 0 -1
    outer loop
      vertex -7.10141 0 0
      vertex -14 20.5537 0
      vertex -10.8 22.4012 0
    endloop
  endfacet
  facet normal 0 0 -1
    outer loop
      vertex -17.8103 -17.3564 0
      vertex -14 -20.5537 0
      vertex -17.2 -22.4012 0
    endloop
  endfacet
  facet normal -0 0 -1
    outer loop
      vertex -3.5507 -6.15 0
      vertex -20.1855 -14.5258 0
      vertex -7.10141 0 0
    endloop
  endfacet
  facet normal -0 0 -1
    outer loop
      vertex -6.12593 24.1024 0
      vertex -10.8 22.4012 0
      vertex -8.50105 26.933 0
    endloop
  endfacet
  facet normal 0 0 -1
    outer loop
      vertex -10.8 26.0962 0
      vertex -8.50105 26.933 0
      vertex -10.8 22.4012 0
    endloop
  endfacet
  facet normal -0 0 -1
    outer loop
      vertex -8.50105 26.933 0
      vertex -10.8 26.0962 0
      vertex -8.79457 30.7463 0
    endloop
  endfacet
  facet normal 0 0 -1
    outer loop
      vertex -10.8 26.0962 0
      vertex -13.0263 29.2061 0
      vertex -8.79457 30.7463 0
    endloop
  endfacet
  facet normal 0 0 -1
    outer loop
      vertex -14 27.9438 0
      vertex -13.0263 29.2061 0
      vertex -10.8 26.0962 0
    endloop
  endfacet
  facet normal 0 0 -1
    outer loop
      vertex -14 27.9438 0
      vertex -16.4761 32.1008 0
      vertex -13.0263 29.2061 0
    endloop
  endfacet
  facet normal 0 -0 -1
    outer loop
      vertex -16.4761 32.1008 0
      vertex -14 27.9438 0
      vertex -17.2 26.0962 0
    endloop
  endfacet
  facet normal 0 0 -1
    outer loop
      vertex -7.64052 -43.3315 0
      vertex -11.4623 -38.0759 0
      vertex -8.01257 -35.1812 0
    endloop
  endfacet
  facet normal 0 0 -1
    outer loop
      vertex -15.0489 -41.3465 0
      vertex -11.4623 -38.0759 0
      vertex -7.64052 -43.3315 0
    endloop
  endfacet
  facet normal 0 0 -1
    outer loop
      vertex -15.0489 -41.3465 0
      vertex -15.6941 -36.5357 0
      vertex -11.4623 -38.0759 0
    endloop
  endfacet
  facet normal 0 0 -1
    outer loop
      vertex -22 -38.1051 0
      vertex -15.6941 -36.5357 0
      vertex -15.0489 -41.3465 0
    endloop
  endfacet
  facet normal 0 0 -1
    outer loop
      vertex -18.78 -25.8842 0
      vertex -17.2 -22.4012 0
      vertex -17.2 -26.0962 0
    endloop
  endfacet
  facet normal 0 0 -1
    outer loop
      vertex -7.10141 0 0
      vertex -17.8103 17.3564 0
      vertex -14 20.5537 0
    endloop
  endfacet
  facet normal -0 0 -1
    outer loop
      vertex -14 20.5537 0
      vertex -17.8103 17.3564 0
      vertex -17.2 22.4012 0
    endloop
  endfacet
  facet normal 0 0 -1
    outer loop
      vertex -19.0741 -20.8286 0
      vertex -17.2 -22.4012 0
      vertex -18.78 -25.8842 0
    endloop
  endfacet
  facet normal 0 0 -1
    outer loop
      vertex -19.562 -30.3191 0
      vertex -17.2 -26.0962 0
      vertex -16.4761 -32.1008 0
    endloop
  endfacet
  facet normal -0 0 -1
    outer loop
      vertex -15.6941 -36.5357 0
      vertex -22 -38.1051 0
      vertex -16.4761 -32.1008 0
    endloop
  endfacet
  facet normal -0 0 -1
    outer loop
      vertex -17.2 -26.0962 0
      vertex -19.562 -30.3191 0
      vertex -18.78 -25.8842 0
    endloop
  endfacet
  facet normal -0 0 -1
    outer loop
      vertex -16.4761 -32.1008 0
      vertex -22 -38.1051 0
      vertex -19.562 -30.3191 0
    endloop
  endfacet
  facet normal 0 0 -1
    outer loop
      vertex -22 -38.1051 0
      vertex -23.7938 -31.8593 0
      vertex -19.562 -30.3191 0
    endloop
  endfacet
  facet normal 0 0 -1
    outer loop
      vertex -28.2827 -33.706 0
      vertex -23.7938 -31.8593 0
      vertex -22 -38.1051 0
    endloop
  endfacet
  facet normal -0 0 -1
    outer loop
      vertex -23.7938 -31.8593 0
      vertex -28.2827 -33.706 0
      vertex -27.2435 -28.9646 0
    endloop
  endfacet
  facet normal 0 0 -1
    outer loop
      vertex -11.4623 38.0759 0
      vertex -7.64052 43.3315 0
      vertex -8.01257 35.1812 0
    endloop
  endfacet
  facet normal 0 0 -1
    outer loop
      vertex -11.4623 38.0759 0
      vertex -15.0489 41.3465 0
      vertex -7.64052 43.3315 0
    endloop
  endfacet
  facet normal 0 0 -1
    outer loop
      vertex -15.6941 36.5357 0
      vertex -15.0489 41.3465 0
      vertex -11.4623 38.0759 0
    endloop
  endfacet
  facet normal 0 0 -1
    outer loop
      vertex -22 38.1051 0
      vertex -15.6941 36.5357 0
      vertex -16.4761 32.1008 0
    endloop
  endfacet
  facet normal 0 0 -1
    outer loop
      vertex -19.0741 20.8286 0
      vertex -17.2 22.4012 0
      vertex -17.8103 17.3564 0
    endloop
  endfacet
  facet normal 0 0 -1
    outer loop
      vertex -17.2 22.4012 0
      vertex -18.78 25.8842 0
      vertex -17.2 26.0962 0
    endloop
  endfacet
  facet normal 0 0 -1
    outer loop
      vertex -19.562 30.3191 0
      vertex -17.2 26.0962 0
      vertex -18.78 25.8842 0
    endloop
  endfacet
  facet normal 0 0 -1
    outer loop
      vertex -17.2 26.0962 0
      vertex -19.562 30.3191 0
      vertex -16.4761 32.1008 0
    endloop
  endfacet
  facet normal 0 0 -1
    outer loop
      vertex -22 38.1051 0
      vertex -16.4761 32.1008 0
      vertex -19.562 30.3191 0
    endloop
  endfacet
  facet normal 0 0 -1
    outer loop
      vertex -15.6941 36.5357 0
      vertex -22 38.1051 0
      vertex -15.0489 41.3465 0
    endloop
  endfacet
  facet normal 0 0 -1
    outer loop
      vertex -23.7938 31.8593 0
      vertex -22 38.1051 0
      vertex -19.562 30.3191 0
    endloop
  endfacet
  facet normal 0 0 -1
    outer loop
      vertex -28.2827 33.706 0
      vertex -23.7938 31.8593 0
      vertex -27.2435 28.9646 0
    endloop
  endfacet
  facet normal 0 0 -1
    outer loop
      vertex -23.7938 31.8593 0
      vertex -28.2827 33.706 0
      vertex -22 38.1051 0
    endloop
  endfacet
  facet normal 0 0 -1
    outer loop
      vertex 3.59837 31.0468 0
      vertex 4.50333 35.8 0
      vertex 7.23728 30.4052 0
    endloop
  endfacet
  facet normal 0 0 -1
    outer loop
      vertex 3.59837 31.0468 0
      vertex 2.25167 31.9 0
      vertex 4.50333 35.8 0
    endloop
  endfacet
  facet normal 0 0 -1
    outer loop
      vertex 1.22324 28.2163 0
      vertex 2.25167 31.9 0
      vertex 3.59837 31.0468 0
    endloop
  endfacet
  facet normal 0 0 -1
    outer loop
      vertex -1.22324 28.2163 0
      vertex 2.25167 31.9 0
      vertex 1.22324 28.2163 0
    endloop
  endfacet
  facet normal 0 0 -1
    outer loop
      vertex -1.22324 28.2163 0
      vertex -2.25167 31.9 0
      vertex 2.25167 31.9 0
    endloop
  endfacet
  facet normal 0 0 -1
    outer loop
      vertex -3.59837 31.0468 0
      vertex -2.25167 31.9 0
      vertex -1.22324 28.2163 0
    endloop
  endfacet
  facet normal 0 0 -1
    outer loop
      vertex -3.59837 31.0468 0
      vertex -4.50333 35.8 0
      vertex -2.25167 31.9 0
    endloop
  endfacet
  facet normal 0 -0 -1
    outer loop
      vertex -4.50333 35.8 0
      vertex -3.59837 31.0468 0
      vertex -7.23728 30.4052 0
    endloop
  endfacet
  facet normal 0 0 -1
    outer loop
      vertex 10.8 22.4012 0
      vertex 6.12593 24.1024 0
      vertex 8.50105 26.933 0
    endloop
  endfacet
  facet normal -0 0 -1
    outer loop
      vertex 10.8 22.4012 0
      vertex 3.5507 6.15 0
      vertex 6.12593 24.1024 0
    endloop
  endfacet
  facet normal 0 0 -1
    outer loop
      vertex 3.5507 6.15 0
      vertex 2.48702 24.744 0
      vertex 6.12593 24.1024 0
    endloop
  endfacet
  facet normal 0 0 -1
    outer loop
      vertex -2.48702 24.744 0
      vertex 2.48702 24.744 0
      vertex 3.5507 6.15 0
    endloop
  endfacet
  facet normal 0 0 -1
    outer loop
      vertex 2.48702 24.744 0
      vertex -2.48702 24.744 0
      vertex 1.22324 28.2163 0
    endloop
  endfacet
  facet normal -0 0 -1
    outer loop
      vertex 1.22324 28.2163 0
      vertex -2.48702 24.744 0
      vertex -1.22324 28.2163 0
    endloop
  endfacet
  facet normal 0 0 -1
    outer loop
      vertex -3.5507 6.15 0
      vertex -2.48702 24.744 0
      vertex 3.5507 6.15 0
    endloop
  endfacet
  facet normal 0 0 -1
    outer loop
      vertex -3.5507 6.15 0
      vertex -6.12593 24.1024 0
      vertex -2.48702 24.744 0
    endloop
  endfacet
  facet normal 0 0 -1
    outer loop
      vertex -10.8 22.4012 0
      vertex -3.5507 6.15 0
      vertex -7.10141 0 0
    endloop
  endfacet
  facet normal 0 0 -1
    outer loop
      vertex -6.12593 -24.1024 0
      vertex -10.8 -22.4012 0
      vertex -3.5507 -6.15 0
    endloop
  endfacet
  facet normal 0 0 -1
    outer loop
      vertex -14 -20.5537 0
      vertex -3.5507 -6.15 0
      vertex -10.8 -22.4012 0
    endloop
  endfacet
  facet normal 0 0 -1
    outer loop
      vertex 4.50333 -35.8 0
      vertex 3.59837 -31.0468 0
      vertex 7.23728 -30.4052 0
    endloop
  endfacet
  facet normal 0 0 -1
    outer loop
      vertex 2.25167 -31.9 0
      vertex 3.59837 -31.0468 0
      vertex 4.50333 -35.8 0
    endloop
  endfacet
  facet normal 0 0 -1
    outer loop
      vertex 2.25167 -31.9 0
      vertex 1.22324 -28.2163 0
      vertex 3.59837 -31.0468 0
    endloop
  endfacet
  facet normal 0 0 -1
    outer loop
      vertex 2.25167 -31.9 0
      vertex -1.22324 -28.2163 0
      vertex 1.22324 -28.2163 0
    endloop
  endfacet
  facet normal 0 0 -1
    outer loop
      vertex -2.25167 -31.9 0
      vertex -1.22324 -28.2163 0
      vertex 2.25167 -31.9 0
    endloop
  endfacet
  facet normal 0 0 -1
    outer loop
      vertex -2.25167 -31.9 0
      vertex -3.59837 -31.0468 0
      vertex -1.22324 -28.2163 0
    endloop
  endfacet
  facet normal 0 0 -1
    outer loop
      vertex -4.50333 -35.8 0
      vertex -3.59837 -31.0468 0
      vertex -2.25167 -31.9 0
    endloop
  endfacet
  facet normal -0 0 -1
    outer loop
      vertex -3.59837 -31.0468 0
      vertex -4.50333 -35.8 0
      vertex -7.23728 -30.4052 0
    endloop
  endfacet
  facet normal -0 0 -1
    outer loop
      vertex 14 20.5537 0
      vertex 3.5507 6.15 0
      vertex 10.8 22.4012 0
    endloop
  endfacet
  facet normal 0 0 -1
    outer loop
      vertex 3.5507 -6.15 0
      vertex 10.8 -22.4012 0
      vertex 6.12593 -24.1024 0
    endloop
  endfacet
  facet normal 0 0 -1
    outer loop
      vertex 10.8 -22.4012 0
      vertex 3.5507 -6.15 0
      vertex 7.10141 0 0
    endloop
  endfacet
  facet normal 0 0 -1
    outer loop
      vertex 2.48702 -24.744 0
      vertex 3.5507 -6.15 0
      vertex 6.12593 -24.1024 0
    endloop
  endfacet
  facet normal 0 0 -1
    outer loop
      vertex -2.48702 -24.744 0
      vertex 2.48702 -24.744 0
      vertex 1.22324 -28.2163 0
    endloop
  endfacet
  facet normal 0 0 -1
    outer loop
      vertex -2.48702 -24.744 0
      vertex 1.22324 -28.2163 0
      vertex -1.22324 -28.2163 0
    endloop
  endfacet
  facet normal 0 0 -1
    outer loop
      vertex 2.48702 -24.744 0
      vertex -2.48702 -24.744 0
      vertex 3.5507 -6.15 0
    endloop
  endfacet
  facet normal 0 0 -1
    outer loop
      vertex -2.48702 -24.744 0
      vertex -3.5507 -6.15 0
      vertex 3.5507 -6.15 0
    endloop
  endfacet
  facet normal 0 0 -1
    outer loop
      vertex -6.12593 -24.1024 0
      vertex -3.5507 -6.15 0
      vertex -2.48702 -24.744 0
    endloop
  endfacet
  facet normal 0 0 -1
    outer loop
      vertex -10.8 -22.4012 0
      vertex -6.12593 -24.1024 0
      vertex -10.8 -26.0962 0
    endloop
  endfacet
  facet normal 0 0 -1
    outer loop
      vertex -10.8 -26.0962 0
      vertex -6.12593 -24.1024 0
      vertex -8.50105 -26.933 0
    endloop
  endfacet
  facet normal 0 0 -1
    outer loop
      vertex 10.8 26.0962 0
      vertex 8.50105 26.933 0
      vertex 8.79457 30.7463 0
    endloop
  endfacet
  facet normal 0 0 -1
    outer loop
      vertex 7.23728 30.4052 0
      vertex 8.79457 30.7463 0
      vertex 8.50105 26.933 0
    endloop
  endfacet
  facet normal -0 0 -1
    outer loop
      vertex 8.79457 30.7463 0
      vertex 7.23728 30.4052 0
      vertex 8.01257 35.1812 0
    endloop
  endfacet
  facet normal 0 0 -1
    outer loop
      vertex 4.50333 35.8 0
      vertex 8.01257 35.1812 0
      vertex 7.23728 30.4052 0
    endloop
  endfacet
  facet normal 0 0 -1
    outer loop
      vertex 8.01257 35.1812 0
      vertex 4.50333 35.8 0
      vertex 7.64052 43.3315 0
    endloop
  endfacet
  facet normal 0 0 -1
    outer loop
      vertex 2.25167 39.7 0
      vertex 7.64052 43.3315 0
      vertex 4.50333 35.8 0
    endloop
  endfacet
  facet normal 0 0 -1
    outer loop
      vertex 2.25167 39.7 0
      vertex 0 44 0
      vertex 7.64052 43.3315 0
    endloop
  endfacet
  facet normal 0 0 -1
    outer loop
      vertex -2.25167 39.7 0
      vertex 0 44 0
      vertex 2.25167 39.7 0
    endloop
  endfacet
  facet normal 0 0 -1
    outer loop
      vertex -7.64052 43.3315 0
      vertex -2.25167 39.7 0
      vertex -4.50333 35.8 0
    endloop
  endfacet
  facet normal 0 0 -1
    outer loop
      vertex -2.25167 39.7 0
      vertex -7.64052 43.3315 0
      vertex 0 44 0
    endloop
  endfacet
  facet normal 0 0 -1
    outer loop
      vertex -8.01257 35.1812 0
      vertex -4.50333 35.8 0
      vertex -7.23728 30.4052 0
    endloop
  endfacet
  facet normal -0 0 -1
    outer loop
      vertex -4.50333 35.8 0
      vertex -8.01257 35.1812 0
      vertex -7.64052 43.3315 0
    endloop
  endfacet
  facet normal 0 0 -1
    outer loop
      vertex -8.79457 30.7463 0
      vertex -7.23728 30.4052 0
      vertex -8.50105 26.933 0
    endloop
  endfacet
  facet normal 0 0 -1
    outer loop
      vertex -7.23728 30.4052 0
      vertex -8.79457 30.7463 0
      vertex -8.01257 35.1812 0
    endloop
  endfacet
  facet normal 0 0 -1
    outer loop
      vertex -3.5507 6.15 0
      vertex -10.8 22.4012 0
      vertex -6.12593 24.1024 0
    endloop
  endfacet
  facet normal 0 0 -1
    outer loop
      vertex -17.8103 -17.3564 0
      vertex -3.5507 -6.15 0
      vertex -14 -20.5537 0
    endloop
  endfacet
  facet normal 0 0 -1
    outer loop
      vertex -13.0263 -29.2061 0
      vertex -10.8 -26.0962 0
      vertex -8.79457 -30.7463 0
    endloop
  endfacet
  facet normal 0 0 -1
    outer loop
      vertex -13.0263 -29.2061 0
      vertex -14 -27.9438 0
      vertex -10.8 -26.0962 0
    endloop
  endfacet
  facet normal 0 0 -1
    outer loop
      vertex -16.4761 -32.1008 0
      vertex -14 -27.9438 0
      vertex -13.0263 -29.2061 0
    endloop
  endfacet
  facet normal -0 0 -1
    outer loop
      vertex -14 -27.9438 0
      vertex -16.4761 -32.1008 0
      vertex -17.2 -26.0962 0
    endloop
  endfacet
  facet normal 0 0 -1
    outer loop
      vertex 14 27.9438 0
      vertex 16.4761 32.1008 0
      vertex 17.2 26.0962 0
    endloop
  endfacet
  facet normal 0 0 -1
    outer loop
      vertex 14 27.9438 0
      vertex 13.0263 29.2061 0
      vertex 16.4761 32.1008 0
    endloop
  endfacet
  facet normal 0 0 -1
    outer loop
      vertex 10.8 26.0962 0
      vertex 13.0263 29.2061 0
      vertex 14 27.9438 0
    endloop
  endfacet
  facet normal 0 0 -1
    outer loop
      vertex 10.8 26.0962 0
      vertex 8.79457 30.7463 0
      vertex 13.0263 29.2061 0
    endloop
  endfacet
  facet normal 0 0 -1
    outer loop
      vertex 8.50105 26.933 0
      vertex 10.8 26.0962 0
      vertex 10.8 22.4012 0
    endloop
  endfacet
  facet normal -0 0 -1
    outer loop
      vertex 17.8103 17.3564 0
      vertex 3.5507 6.15 0
      vertex 14 20.5537 0
    endloop
  endfacet
  facet normal 0 0 -1
    outer loop
      vertex 7.23728 -30.4052 0
      vertex 8.79457 -30.7463 0
      vertex 8.01257 -35.1812 0
    endloop
  endfacet
  facet normal 0 0 -1
    outer loop
      vertex 8.79457 -30.7463 0
      vertex 7.23728 -30.4052 0
      vertex 8.50105 -26.933 0
    endloop
  endfacet
  facet normal 0 0 -1
    outer loop
      vertex 4.50333 -35.8 0
      vertex 8.01257 -35.1812 0
      vertex 7.64052 -43.3315 0
    endloop
  endfacet
  facet normal -0 0 -1
    outer loop
      vertex 8.01257 -35.1812 0
      vertex 4.50333 -35.8 0
      vertex 7.23728 -30.4052 0
    endloop
  endfacet
  facet normal 0 0 -1
    outer loop
      vertex 7.64052 -43.3315 0
      vertex 2.25167 -39.7 0
      vertex 4.50333 -35.8 0
    endloop
  endfacet
  facet normal 0 0 -1
    outer loop
      vertex 0 -44 0
      vertex 2.25167 -39.7 0
      vertex 7.64052 -43.3315 0
    endloop
  endfacet
  facet normal 0 0 -1
    outer loop
      vertex 0 -44 0
      vertex -2.25167 -39.7 0
      vertex 2.25167 -39.7 0
    endloop
  endfacet
  facet normal 0 0 -1
    outer loop
      vertex -7.64052 -43.3315 0
      vertex -2.25167 -39.7 0
      vertex 0 -44 0
    endloop
  endfacet
  facet normal -0 0 -1
    outer loop
      vertex -2.25167 -39.7 0
      vertex -7.64052 -43.3315 0
      vertex -4.50333 -35.8 0
    endloop
  endfacet
  facet normal 0 0 -1
    outer loop
      vertex -8.01257 -35.1812 0
      vertex -4.50333 -35.8 0
      vertex -7.64052 -43.3315 0
    endloop
  endfacet
  facet normal 0 0 -1
    outer loop
      vertex -4.50333 -35.8 0
      vertex -8.01257 -35.1812 0
      vertex -7.23728 -30.4052 0
    endloop
  endfacet
  facet normal 0 0 -1
    outer loop
      vertex -8.79457 -30.7463 0
      vertex -7.23728 -30.4052 0
      vertex -8.01257 -35.1812 0
    endloop
  endfacet
  facet normal 0 0 -1
    outer loop
      vertex -10.8 -26.0962 0
      vertex -8.50105 -26.933 0
      vertex -8.79457 -30.7463 0
    endloop
  endfacet
  facet normal -0 0 -1
    outer loop
      vertex -7.23728 -30.4052 0
      vertex -8.79457 -30.7463 0
      vertex -8.50105 -26.933 0
    endloop
  endfacet
  facet normal 0 0 -1
    outer loop
      vertex 3.5507 6.15 0
      vertex 20.1855 14.5258 0
      vertex 7.10141 0 0
    endloop
  endfacet
  facet normal 0 0 -1
    outer loop
      vertex 17.8103 17.3564 0
      vertex 14 20.5537 0
      vertex 17.2 22.4012 0
    endloop
  endfacet
  facet normal 0 0 -1
    outer loop
      vertex 7.10141 0 0
      vertex 14 -20.5537 0
      vertex 10.8 -22.4012 0
    endloop
  endfacet
  facet normal -0 0 -1
    outer loop
      vertex 20.1855 14.5258 0
      vertex 3.5507 6.15 0
      vertex 17.8103 17.3564 0
    endloop
  endfacet
  facet normal 0 0 -1
    outer loop
      vertex 16.4761 -32.1008 0
      vertex 14 -27.9438 0
      vertex 17.2 -26.0962 0
    endloop
  endfacet
  facet normal 0 0 -1
    outer loop
      vertex 13.0263 -29.2061 0
      vertex 14 -27.9438 0
      vertex 16.4761 -32.1008 0
    endloop
  endfacet
  facet normal 0 0 -1
    outer loop
      vertex 13.0263 -29.2061 0
      vertex 10.8 -26.0962 0
      vertex 14 -27.9438 0
    endloop
  endfacet
  facet normal 0 0 -1
    outer loop
      vertex 8.50105 -26.933 0
      vertex 10.8 -26.0962 0
      vertex 8.79457 -30.7463 0
    endloop
  endfacet
  facet normal -0 0 -1
    outer loop
      vertex 10.8 -26.0962 0
      vertex 8.50105 -26.933 0
      vertex 10.8 -22.4012 0
    endloop
  endfacet
  facet normal 0 0 -1
    outer loop
      vertex 6.12593 -24.1024 0
      vertex 10.8 -22.4012 0
      vertex 8.50105 -26.933 0
    endloop
  endfacet
  facet normal 0 0 -1
    outer loop
      vertex 8.79457 -30.7463 0
      vertex 10.8 -26.0962 0
      vertex 13.0263 -29.2061 0
    endloop
  endfacet
  facet normal 0 0 -1
    outer loop
      vertex 26.4615 -24.5297 0
      vertex 22.713 -21.4703 0
      vertex 25.0882 -18.6397 0
    endloop
  endfacet
  facet normal 0 0 -1
    outer loop
      vertex 22.2298 -22.9895 0
      vertex 22.713 -21.4703 0
      vertex 26.4615 -24.5297 0
    endloop
  endfacet
  facet normal 0 0 -1
    outer loop
      vertex 22.2298 -22.9895 0
      vertex 19.0741 -20.8286 0
      vertex 22.713 -21.4703 0
    endloop
  endfacet
  facet normal 0 0 -1
    outer loop
      vertex 18.78 -25.8842 0
      vertex 19.0741 -20.8286 0
      vertex 22.2298 -22.9895 0
    endloop
  endfacet
  facet normal 0 0 -1
    outer loop
      vertex 17.2 -22.4012 0
      vertex 19.0741 -20.8286 0
      vertex 18.78 -25.8842 0
    endloop
  endfacet
  facet normal 0 0 -1
    outer loop
      vertex 22.713 21.4703 0
      vertex 26.4615 24.5297 0
      vertex 25.0882 18.6397 0
    endloop
  endfacet
  facet normal 0 0 -1
    outer loop
      vertex 22.713 21.4703 0
      vertex 22.2298 22.9895 0
      vertex 26.4615 24.5297 0
    endloop
  endfacet
  facet normal 0 0 -1
    outer loop
      vertex 19.0741 20.8286 0
      vertex 22.2298 22.9895 0
      vertex 22.713 21.4703 0
    endloop
  endfacet
  facet normal 0 0 -1
    outer loop
      vertex 19.0741 20.8286 0
      vertex 18.78 25.8842 0
      vertex 22.2298 22.9895 0
    endloop
  endfacet
  facet normal 0 0 -1
    outer loop
      vertex 17.2 22.4012 0
      vertex 19.0741 20.8286 0
      vertex 17.8103 17.3564 0
    endloop
  endfacet
  facet normal 0 0 -1
    outer loop
      vertex 28.2827 -33.706 0
      vertex 23.7938 -31.8593 0
      vertex 27.2435 -28.9646 0
    endloop
  endfacet
  facet normal 0 0 -1
    outer loop
      vertex 22 -38.1051 0
      vertex 23.7938 -31.8593 0
      vertex 28.2827 -33.706 0
    endloop
  endfacet
  facet normal 0 0 -1
    outer loop
      vertex 22 -38.1051 0
      vertex 19.562 -30.3191 0
      vertex 23.7938 -31.8593 0
    endloop
  endfacet
  facet normal -0 0 -1
    outer loop
      vertex 19.0741 -20.8286 0
      vertex 17.2 -22.4012 0
      vertex 17.8103 -17.3564 0
    endloop
  endfacet
  facet normal 0 0 -1
    outer loop
      vertex 17.2 -22.4012 0
      vertex 18.78 -25.8842 0
      vertex 17.2 -26.0962 0
    endloop
  endfacet
  facet normal 0 0 -1
    outer loop
      vertex 19.562 -30.3191 0
      vertex 17.2 -26.0962 0
      vertex 18.78 -25.8842 0
    endloop
  endfacet
  facet normal 0 0 -1
    outer loop
      vertex 16.4761 -32.1008 0
      vertex 19.562 -30.3191 0
      vertex 22 -38.1051 0
    endloop
  endfacet
  facet normal -0 0 -1
    outer loop
      vertex 19.562 -30.3191 0
      vertex 16.4761 -32.1008 0
      vertex 17.2 -26.0962 0
    endloop
  endfacet
  facet normal 0 0 -1
    outer loop
      vertex 22 -38.1051 0
      vertex 15.6941 -36.5357 0
      vertex 16.4761 -32.1008 0
    endloop
  endfacet
  facet normal 0 0 -1
    outer loop
      vertex 15.0489 -41.3465 0
      vertex 15.6941 -36.5357 0
      vertex 22 -38.1051 0
    endloop
  endfacet
  facet normal 0 0 -1
    outer loop
      vertex 15.0489 -41.3465 0
      vertex 11.4623 -38.0759 0
      vertex 15.6941 -36.5357 0
    endloop
  endfacet
  facet normal 0 0 -1
    outer loop
      vertex 7.64052 -43.3315 0
      vertex 11.4623 -38.0759 0
      vertex 15.0489 -41.3465 0
    endloop
  endfacet
  facet normal -0 0 -1
    outer loop
      vertex 11.4623 -38.0759 0
      vertex 7.64052 -43.3315 0
      vertex 8.01257 -35.1812 0
    endloop
  endfacet
  facet normal 0 0 -1
    outer loop
      vertex 33.2554 -21.8 0
      vertex 38.1051 -22 0
      vertex 33.706 -28.2827 0
    endloop
  endfacet
  facet normal 0 0 -1
    outer loop
      vertex 38.1051 -22 0
      vertex 33.2554 -21.8 0
      vertex 35.507 -17.9 0
    endloop
  endfacet
  facet normal 0 0 -1
    outer loop
      vertex 33.706 -28.2827 0
      vertex 28.752 -21.8 0
      vertex 33.2554 -21.8 0
    endloop
  endfacet
  facet normal 0 0 -1
    outer loop
      vertex 27.2435 -28.9646 0
      vertex 33.706 -28.2827 0
      vertex 28.2827 -33.706 0
    endloop
  endfacet
  facet normal 0 0 -1
    outer loop
      vertex 26.4615 -24.5297 0
      vertex 33.706 -28.2827 0
      vertex 27.2435 -28.9646 0
    endloop
  endfacet
  facet normal 0 0 -1
    outer loop
      vertex 33.706 -28.2827 0
      vertex 26.4615 -24.5297 0
      vertex 28.752 -21.8 0
    endloop
  endfacet
  facet normal 0 0 -1
    outer loop
      vertex 25.0882 -18.6397 0
      vertex 28.752 -21.8 0
      vertex 26.4615 -24.5297 0
    endloop
  endfacet
  facet normal 0 0 -1
    outer loop
      vertex 36.0381 1.78169 0
      vertex 44 0 0
      vertex 36.0381 -1.78169 0
    endloop
  endfacet
  facet normal 0 0 -1
    outer loop
      vertex 44 0 0
      vertex 36.0381 1.78169 0
      vertex 39.4879 4.67637 0
    endloop
  endfacet
  facet normal 0 0 -1
    outer loop
      vertex 31.2 -1.84752 0
      vertex 36.0381 -1.78169 0
      vertex 31.8064 -3.32192 0
    endloop
  endfacet
  facet normal -0 0 -1
    outer loop
      vertex 36.0381 -1.78169 0
      vertex 31.2 -1.84752 0
      vertex 36.0381 1.78169 0
    endloop
  endfacet
  facet normal 0 0 -1
    outer loop
      vertex 31.2 1.84752 0
      vertex 36.0381 1.78169 0
      vertex 31.2 -1.84752 0
    endloop
  endfacet
  facet normal 0 0 -1
    outer loop
      vertex 28 -3.69504 0
      vertex 31.8064 -3.32192 0
      vertex 31.0244 -7.75683 0
    endloop
  endfacet
  facet normal 0 0 -1
    outer loop
      vertex 27.5752 -6.10436 0
      vertex 31.0244 -7.75683 0
      vertex 29.9503 -8.93493 0
    endloop
  endfacet
  facet normal -0 0 -1
    outer loop
      vertex 31.8064 -3.32192 0
      vertex 28 -3.69504 0
      vertex 31.2 -1.84752 0
    endloop
  endfacet
  facet normal 0 0 -1
    outer loop
      vertex 31.0244 -7.75683 0
      vertex 27.5752 -6.10436 0
      vertex 28 -3.69504 0
    endloop
  endfacet
  facet normal 0 0 -1
    outer loop
      vertex 27.5752 -6.10436 0
      vertex 24.8 -1.84752 0
      vertex 28 -3.69504 0
    endloop
  endfacet
  facet normal 0 0 -1
    outer loop
      vertex 7.10141 0 0
      vertex 24.8 -1.84752 0
      vertex 23.9363 -6.746 0
    endloop
  endfacet
  facet normal 0 0 -1
    outer loop
      vertex 23.9363 -6.746 0
      vertex 24.8 -1.84752 0
      vertex 27.5752 -6.10436 0
    endloop
  endfacet
  facet normal 0 0 -1
    outer loop
      vertex 39.4879 -4.67637 0
      vertex 44 0 0
      vertex 43.3315 -7.64052 0
    endloop
  endfacet
  facet normal 0 0 -1
    outer loop
      vertex 38.7059 -9.11129 0
      vertex 43.3315 -7.64052 0
      vertex 41.3465 -15.0489 0
    endloop
  endfacet
  facet normal 0 0 -1
    outer loop
      vertex 36.0381 -1.78169 0
      vertex 44 0 0
      vertex 39.4879 -4.67637 0
    endloop
  endfacet
  facet normal 0 0 -1
    outer loop
      vertex 44 0 0
      vertex 39.4879 4.67637 0
      vertex 43.3315 7.64052 0
    endloop
  endfacet
  facet normal -0 0 -1
    outer loop
      vertex 43.3315 -7.64052 0
      vertex 38.7059 -9.11129 0
      vertex 39.4879 -4.67637 0
    endloop
  endfacet
  facet normal 0 0 -1
    outer loop
      vertex 35.507 -17.9 0
      vertex 41.3465 -15.0489 0
      vertex 38.1051 -22 0
    endloop
  endfacet
  facet normal 0 0 -1
    outer loop
      vertex 33.2554 -14 0
      vertex 41.3465 -15.0489 0
      vertex 35.507 -17.9 0
    endloop
  endfacet
  facet normal 0 0 -1
    outer loop
      vertex 41.3465 -15.0489 0
      vertex 34.4741 -10.6515 0
      vertex 38.7059 -9.11129 0
    endloop
  endfacet
  facet normal 0 0 -1
    outer loop
      vertex 41.3465 -15.0489 0
      vertex 33.2554 -14 0
      vertex 34.4741 -10.6515 0
    endloop
  endfacet
  facet normal 0 0 -1
    outer loop
      vertex 29.9503 -8.93493 0
      vertex 34.4741 -10.6515 0
      vertex 33.2554 -14 0
    endloop
  endfacet
  facet normal 0 0 -1
    outer loop
      vertex 34.4741 -10.6515 0
      vertex 29.9503 -8.93493 0
      vertex 31.0244 -7.75683 0
    endloop
  endfacet
  facet normal 0 0 -1
    outer loop
      vertex 28.6865 -12.4071 0
      vertex 33.2554 -14 0
      vertex 28.752 -14 0
    endloop
  endfacet
  facet normal 0 0 -1
    outer loop
      vertex 33.2554 -14 0
      vertex 28.6865 -12.4071 0
      vertex 29.9503 -8.93493 0
    endloop
  endfacet
  facet normal 0 0 -1
    outer loop
      vertex 25.0476 -13.0488 0
      vertex 28.752 -14 0
      vertex 26.5004 -17.9 0
    endloop
  endfacet
  facet normal 0 0 -1
    outer loop
      vertex 28.752 -21.8 0
      vertex 25.0882 -18.6397 0
      vertex 26.5004 -17.9 0
    endloop
  endfacet
  facet normal 0 0 -1
    outer loop
      vertex 23.8244 -15.1675 0
      vertex 26.5004 -17.9 0
      vertex 25.0882 -18.6397 0
    endloop
  endfacet
  facet normal 0 0 -1
    outer loop
      vertex 28.752 -14 0
      vertex 25.0476 -13.0488 0
      vertex 28.6865 -12.4071 0
    endloop
  endfacet
  facet normal 0 0 -1
    outer loop
      vertex 26.5004 -17.9 0
      vertex 23.8244 -15.1675 0
      vertex 25.0476 -13.0488 0
    endloop
  endfacet
  facet normal 0 0 -1
    outer loop
      vertex 23.8244 -15.1675 0
      vertex 22.6725 -10.2182 0
      vertex 25.0476 -13.0488 0
    endloop
  endfacet
  facet normal 0 0 -1
    outer loop
      vertex 7.10141 0 0
      vertex 22.6725 -10.2182 0
      vertex 20.1855 -14.5258 0
    endloop
  endfacet
  facet normal 0 0 -1
    outer loop
      vertex 20.1855 -14.5258 0
      vertex 22.6725 -10.2182 0
      vertex 23.8244 -15.1675 0
    endloop
  endfacet
  facet normal 0 0 -1
    outer loop
      vertex 38.7059 9.11129 0
      vertex 43.3315 7.64052 0
      vertex 39.4879 4.67637 0
    endloop
  endfacet
  facet normal 0 0 -1
    outer loop
      vertex 43.3315 7.64052 0
      vertex 38.7059 9.11129 0
      vertex 41.3465 15.0489 0
    endloop
  endfacet
  facet normal 0 0 -1
    outer loop
      vertex 34.4741 10.6515 0
      vertex 41.3465 15.0489 0
      vertex 38.7059 9.11129 0
    endloop
  endfacet
  facet normal 0 0 -1
    outer loop
      vertex 41.3465 15.0489 0
      vertex 35.507 17.9 0
      vertex 38.1051 22 0
    endloop
  endfacet
  facet normal 0 0 -1
    outer loop
      vertex 33.2554 14 0
      vertex 41.3465 15.0489 0
      vertex 34.4741 10.6515 0
    endloop
  endfacet
  facet normal -0 0 -1
    outer loop
      vertex 41.3465 15.0489 0
      vertex 33.2554 14 0
      vertex 35.507 17.9 0
    endloop
  endfacet
  facet normal 0 0 -1
    outer loop
      vertex 29.9503 8.93493 0
      vertex 34.4741 10.6515 0
      vertex 31.0244 7.75683 0
    endloop
  endfacet
  facet normal -0 0 -1
    outer loop
      vertex 34.4741 10.6515 0
      vertex 29.9503 8.93493 0
      vertex 33.2554 14 0
    endloop
  endfacet
  facet normal 0 0 -1
    outer loop
      vertex 28.6865 12.4071 0
      vertex 33.2554 14 0
      vertex 29.9503 8.93493 0
    endloop
  endfacet
  facet normal -0 0 -1
    outer loop
      vertex 33.2554 14 0
      vertex 28.6865 12.4071 0
      vertex 28.752 14 0
    endloop
  endfacet
  facet normal 0 0 -1
    outer loop
      vertex 25.0476 13.0488 0
      vertex 28.752 14 0
      vertex 28.6865 12.4071 0
    endloop
  endfacet
  facet normal -0 0 -1
    outer loop
      vertex 28.752 21.8 0
      vertex 25.0882 18.6397 0
      vertex 26.4615 24.5297 0
    endloop
  endfacet
  facet normal -0 0 -1
    outer loop
      vertex 28.752 14 0
      vertex 25.0476 13.0488 0
      vertex 26.5004 17.9 0
    endloop
  endfacet
  facet normal 0 0 -1
    outer loop
      vertex 23.8244 15.1675 0
      vertex 26.5004 17.9 0
      vertex 25.0476 13.0488 0
    endloop
  endfacet
  facet normal -0 0 -1
    outer loop
      vertex 26.5004 17.9 0
      vertex 23.8244 15.1675 0
      vertex 25.0882 18.6397 0
    endloop
  endfacet
  facet normal 0 0 -1
    outer loop
      vertex 22.6725 10.2182 0
      vertex 23.8244 15.1675 0
      vertex 25.0476 13.0488 0
    endloop
  endfacet
  facet normal 0 0 -1
    outer loop
      vertex 22.6725 10.2182 0
      vertex 20.1855 14.5258 0
      vertex 23.8244 15.1675 0
    endloop
  endfacet
  facet normal -0 0 -1
    outer loop
      vertex 23.9363 6.746 0
      vertex 7.10141 0 0
      vertex 22.6725 10.2182 0
    endloop
  endfacet
  facet normal 0 0 -1
    outer loop
      vertex 7.10141 0 0
      vertex 20.1855 -14.5258 0
      vertex 17.8103 -17.3564 0
    endloop
  endfacet
  facet normal -0 0 -1
    outer loop
      vertex 22.6725 10.2182 0
      vertex 7.10141 0 0
      vertex 20.1855 14.5258 0
    endloop
  endfacet
  facet normal 0 0 -1
    outer loop
      vertex 33.2554 21.8 0
      vertex 38.1051 22 0
      vertex 35.507 17.9 0
    endloop
  endfacet
  facet normal -0 0 -1
    outer loop
      vertex 38.1051 22 0
      vertex 33.2554 21.8 0
      vertex 33.706 28.2827 0
    endloop
  endfacet
  facet normal 0 0 -1
    outer loop
      vertex 28.752 21.8 0
      vertex 33.706 28.2827 0
      vertex 33.2554 21.8 0
    endloop
  endfacet
  facet normal 0 0 -1
    outer loop
      vertex 26.4615 24.5297 0
      vertex 33.706 28.2827 0
      vertex 28.752 21.8 0
    endloop
  endfacet
  facet normal 0 0 -1
    outer loop
      vertex 33.706 28.2827 0
      vertex 27.2435 28.9646 0
      vertex 28.2827 33.706 0
    endloop
  endfacet
  facet normal 0 0 -1
    outer loop
      vertex 25.0882 18.6397 0
      vertex 28.752 21.8 0
      vertex 26.5004 17.9 0
    endloop
  endfacet
  facet normal -0 0 -1
    outer loop
      vertex 33.706 28.2827 0
      vertex 26.4615 24.5297 0
      vertex 27.2435 28.9646 0
    endloop
  endfacet
  facet normal 0 0 -1
    outer loop
      vertex 36.0381 1.78169 0
      vertex 31.2 1.84752 0
      vertex 31.8064 3.32192 0
    endloop
  endfacet
  facet normal 0 0 -1
    outer loop
      vertex 28 3.69504 0
      vertex 31.8064 3.32192 0
      vertex 31.2 1.84752 0
    endloop
  endfacet
  facet normal 0 0 -1
    outer loop
      vertex 31.8064 3.32192 0
      vertex 28 3.69504 0
      vertex 31.0244 7.75683 0
    endloop
  endfacet
  facet normal 0 0 -1
    outer loop
      vertex 27.5752 6.10436 0
      vertex 31.0244 7.75683 0
      vertex 28 3.69504 0
    endloop
  endfacet
  facet normal -0 0 -1
    outer loop
      vertex 31.0244 7.75683 0
      vertex 27.5752 6.10436 0
      vertex 29.9503 8.93493 0
    endloop
  endfacet
  facet normal 0 0 -1
    outer loop
      vertex 24.8 1.84752 0
      vertex 27.5752 6.10436 0
      vertex 28 3.69504 0
    endloop
  endfacet
  facet normal 0 0 -1
    outer loop
      vertex 24.8 1.84752 0
      vertex 23.9363 6.746 0
      vertex 27.5752 6.10436 0
    endloop
  endfacet
  facet normal 0 0 -1
    outer loop
      vertex 24.8 -1.84752 0
      vertex 7.10141 0 0
      vertex 24.8 1.84752 0
    endloop
  endfacet
  facet normal 0 0 -1
    outer loop
      vertex 7.10141 0 0
      vertex 23.9363 -6.746 0
      vertex 22.6725 -10.2182 0
    endloop
  endfacet
  facet normal -0 0 -1
    outer loop
      vertex 24.8 1.84752 0
      vertex 7.10141 0 0
      vertex 23.9363 6.746 0
    endloop
  endfacet
  facet normal 0 0 -1
    outer loop
      vertex 23.7938 31.8593 0
      vertex 28.2827 33.706 0
      vertex 27.2435 28.9646 0
    endloop
  endfacet
  facet normal 0 0 -1
    outer loop
      vertex 23.7938 31.8593 0
      vertex 22 38.1051 0
      vertex 28.2827 33.706 0
    endloop
  endfacet
  facet normal 0 0 -1
    outer loop
      vertex 19.562 30.3191 0
      vertex 22 38.1051 0
      vertex 23.7938 31.8593 0
    endloop
  endfacet
  facet normal 0 0 -1
    outer loop
      vertex 14 -20.5537 0
      vertex 17.8103 -17.3564 0
      vertex 17.2 -22.4012 0
    endloop
  endfacet
  facet normal 0 0 -1
    outer loop
      vertex 7.10141 0 0
      vertex 17.8103 -17.3564 0
      vertex 14 -20.5537 0
    endloop
  endfacet
  facet normal 0 0 -1
    outer loop
      vertex 19.0741 20.8286 0
      vertex 17.2 22.4012 0
      vertex 18.78 25.8842 0
    endloop
  endfacet
  facet normal 0 0 -1
    outer loop
      vertex 17.2 26.0962 0
      vertex 18.78 25.8842 0
      vertex 17.2 22.4012 0
    endloop
  endfacet
  facet normal 0 0 -1
    outer loop
      vertex 18.78 25.8842 0
      vertex 17.2 26.0962 0
      vertex 19.562 30.3191 0
    endloop
  endfacet
  facet normal 0 0 -1
    outer loop
      vertex 16.4761 32.1008 0
      vertex 19.562 30.3191 0
      vertex 17.2 26.0962 0
    endloop
  endfacet
  facet normal 0 0 -1
    outer loop
      vertex 19.562 30.3191 0
      vertex 16.4761 32.1008 0
      vertex 22 38.1051 0
    endloop
  endfacet
  facet normal 0 0 -1
    outer loop
      vertex 15.6941 36.5357 0
      vertex 22 38.1051 0
      vertex 16.4761 32.1008 0
    endloop
  endfacet
  facet normal 0 0 -1
    outer loop
      vertex 15.6941 36.5357 0
      vertex 15.0489 41.3465 0
      vertex 22 38.1051 0
    endloop
  endfacet
  facet normal 0 0 -1
    outer loop
      vertex 11.4623 38.0759 0
      vertex 15.0489 41.3465 0
      vertex 15.6941 36.5357 0
    endloop
  endfacet
  facet normal 0 0 -1
    outer loop
      vertex 7.64052 43.3315 0
      vertex 11.4623 38.0759 0
      vertex 8.01257 35.1812 0
    endloop
  endfacet
  facet normal 0 0 -1
    outer loop
      vertex 11.4623 38.0759 0
      vertex 7.64052 43.3315 0
      vertex 15.0489 41.3465 0
    endloop
  endfacet
  facet normal 0.965927 0.258816 0
    outer loop
      vertex 41.3465 15.0489 32
      vertex 41.6063 14.0793 29.5
      vertex 41.3465 15.0489 29.5
    endloop
  endfacet
  facet normal 0.965921 0.258838 0
    outer loop
      vertex 41.6063 14.0793 29.5
      vertex 41.8214 13.2766 26.5456
      vertex 41.6063 14.0793 19.5
    endloop
  endfacet
  facet normal 0.965946 0.258744 2.74726e-05
    outer loop
      vertex 41.6063 14.0793 29.5
      vertex 42.0939 12.2593 26.5456
      vertex 41.8214 13.2766 26.5456
    endloop
  endfacet
  facet normal 0.965928 0.25881 2.53815e-06
    outer loop
      vertex 43.0717 8.61014 29.5
      vertex 41.6063 14.0793 29.5
      vertex 41.3465 15.0489 32
    endloop
  endfacet
  facet normal 0.965928 0.25881 -1.58766e-05
    outer loop
      vertex 41.6063 14.0793 29.5
      vertex 43.0717 8.61014 29.5
      vertex 42.0939 12.2593 26.5456
    endloop
  endfacet
  facet normal 0.965921 0.258835 0
    outer loop
      vertex 42.8566 9.41285 26.5456
      vertex 43.0717 8.61014 29.5
      vertex 42.8566 9.41285 22.3614
    endloop
  endfacet
  facet normal 0.965926 0.258818 -5.10877e-06
    outer loop
      vertex 42.0939 12.2593 26.5456
      vertex 43.0717 8.61014 29.5
      vertex 42.8566 9.41285 26.5456
    endloop
  endfacet
  facet normal 0.965928 0.258811 -7.42663e-08
    outer loop
      vertex 43.3315 7.64052 32
      vertex 43.0717 8.61014 29.5
      vertex 41.3465 15.0489 32
    endloop
  endfacet
  facet normal 0.965928 0.258811 -7.74413e-18
    outer loop
      vertex 43.0717 8.61014 29.5
      vertex 43.3315 7.64052 32
      vertex 43.3315 7.64052 29.5
    endloop
  endfacet
  facet normal 0.965927 0.258816 -2.75424e-18
    outer loop
      vertex 41.6063 14.0793 19.5
      vertex 41.3465 15.0489 18
      vertex 41.3465 15.0489 19.5
    endloop
  endfacet
  facet normal 0.965921 0.258838 -0
    outer loop
      vertex 41.8214 13.2766 22.3614
      vertex 41.6063 14.0793 19.5
      vertex 41.8214 13.2766 26.5456
    endloop
  endfacet
  facet normal 0.965947 0.258739 -2.973e-05
    outer loop
      vertex 42.0771 12.322 22.3614
      vertex 41.6063 14.0793 19.5
      vertex 41.8214 13.2766 22.3614
    endloop
  endfacet
  facet normal 0.965926 0.258818 5.30525e-06
    outer loop
      vertex 43.0717 8.61014 19.5
      vertex 42.0771 12.322 22.3614
      vertex 42.8566 9.41285 22.3614
    endloop
  endfacet
  facet normal 0.965928 0.25881 1.64733e-05
    outer loop
      vertex 42.0771 12.322 22.3614
      vertex 43.0717 8.61014 19.5
      vertex 41.6063 14.0793 19.5
    endloop
  endfacet
  facet normal 0.965921 0.258835 -0
    outer loop
      vertex 43.0717 8.61014 19.5
      vertex 42.8566 9.41285 22.3614
      vertex 43.0717 8.61014 29.5
    endloop
  endfacet
  facet normal 0.965928 0.25881 -4.23025e-06
    outer loop
      vertex 41.6063 14.0793 19.5
      vertex 43.0717 8.61014 19.5
      vertex 41.3465 15.0489 18
    endloop
  endfacet
  facet normal 0.965928 0.258811 -0
    outer loop
      vertex 43.3315 7.64052 18
      vertex 43.0717 8.61014 19.5
      vertex 43.3315 7.64052 19.5
    endloop
  endfacet
  facet normal 0.965928 0.258811 1.23777e-07
    outer loop
      vertex 43.0717 8.61014 19.5
      vertex 43.3315 7.64052 18
      vertex 41.3465 15.0489 18
    endloop
  endfacet
  facet normal 0.965928 0.258811 -5.75219e-19
    outer loop
      vertex 42.0802 12.3106 12.5
      vertex 41.3465 15.0489 9.87777
      vertex 41.3465 15.0489 14
    endloop
  endfacet
  facet normal 0.965934 0.258787 -2.68084e-05
    outer loop
      vertex 41.3465 15.0489 9.87777
      vertex 42.0802 12.3106 12.5
      vertex 41.6281 13.9978 9.74232
    endloop
  endfacet
  facet normal 0.965931 0.258799 0
    outer loop
      vertex 41.8661 13.1097 9.62787
      vertex 42.0802 12.3106 12.5
      vertex 41.8661 13.1097 5.4436
    endloop
  endfacet
  facet normal 0.965917 0.258852 1.59354e-05
    outer loop
      vertex 41.6281 13.9978 9.74232
      vertex 42.0802 12.3106 12.5
      vertex 41.8661 13.1097 9.62787
    endloop
  endfacet
  facet normal 0.965929 0.258808 5.86018e-06
    outer loop
      vertex 41.3465 15.0489 14
      vertex 42.5978 10.3788 12.5
      vertex 42.0802 12.3106 12.5
    endloop
  endfacet
  facet normal 0.965927 0.258814 0
    outer loop
      vertex 42.5978 10.3788 12.5
      vertex 42.8119 9.57975 9.62787
      vertex 42.5978 10.3788 2.5
    endloop
  endfacet
  facet normal 0.965928 0.258811 -3.7034e-06
    outer loop
      vertex 43.3315 7.64052 14
      vertex 42.5978 10.3788 12.5
      vertex 41.3465 15.0489 14
    endloop
  endfacet
  facet normal 0.965928 0.258812 -0
    outer loop
      vertex 43.3315 7.64052 9.87777
      vertex 42.5978 10.3788 12.5
      vertex 43.3315 7.64052 14
    endloop
  endfacet
  facet normal 0.965928 0.258812 4.62588e-07
    outer loop
      vertex 42.5978 10.3788 12.5
      vertex 43.3315 7.64052 9.87777
      vertex 42.8119 9.57975 9.62787
    endloop
  endfacet
  facet normal 0.965927 0.258816 -5.19739e-06
    outer loop
      vertex 42.0802 12.3106 2.5
      vertex 41.3465 15.0489 5.69349
      vertex 41.8661 13.1097 5.4436
    endloop
  endfacet
  facet normal 0.965931 0.258799 -0
    outer loop
      vertex 42.0802 12.3106 2.5
      vertex 41.8661 13.1097 5.4436
      vertex 42.0802 12.3106 12.5
    endloop
  endfacet
  facet normal 0.965928 0.258811 0
    outer loop
      vertex 41.3465 15.0489 5.69349
      vertex 42.0802 12.3106 2.5
      vertex 41.3465 15.0489 0
    endloop
  endfacet
  facet normal 0.965929 0.258808 -3.51611e-06
    outer loop
      vertex 42.5978 10.3788 2.5
      vertex 41.3465 15.0489 0
      vertex 42.0802 12.3106 2.5
    endloop
  endfacet
  facet normal 0.965927 0.258814 -0
    outer loop
      vertex 42.8119 9.57975 5.4436
      vertex 42.5978 10.3788 2.5
      vertex 42.8119 9.57975 9.62787
    endloop
  endfacet
  facet normal 0.965928 0.258812 -4.84486e-07
    outer loop
      vertex 43.3315 7.64052 5.69349
      vertex 42.5978 10.3788 2.5
      vertex 42.8119 9.57975 5.4436
    endloop
  endfacet
  facet normal 0.965928 0.258811 2.22204e-06
    outer loop
      vertex 42.5978 10.3788 2.5
      vertex 43.3315 7.64052 0
      vertex 41.3465 15.0489 0
    endloop
  endfacet
  facet normal 0.965928 0.258812 -0
    outer loop
      vertex 43.3315 7.64052 0
      vertex 42.5978 10.3788 2.5
      vertex 43.3315 7.64052 5.69349
    endloop
  endfacet
  facet normal -0 0 1
    outer loop
      vertex -33.706 28.2827 32
      vertex -26.4615 24.5297 32
      vertex -27.2435 28.9646 32
    endloop
  endfacet
  facet normal 0 0 1
    outer loop
      vertex -33.706 28.2827 32
      vertex -27.2435 28.9646 32
      vertex -28.2827 33.706 32
    endloop
  endfacet
  facet normal 0 0 1
    outer loop
      vertex -26.4615 24.5297 32
      vertex -28.752 21.8 32
      vertex -26.5004 17.9 32
    endloop
  endfacet
  facet normal 0 0 1
    outer loop
      vertex -26.4615 24.5297 32
      vertex -33.706 28.2827 32
      vertex -28.752 21.8 32
    endloop
  endfacet
  facet normal 0 0 1
    outer loop
      vertex -28.752 21.8 32
      vertex -33.706 28.2827 32
      vertex -33.2554 21.8 32
    endloop
  endfacet
  facet normal -0 0 1
    outer loop
      vertex -38.1051 22 32
      vertex -33.2554 21.8 32
      vertex -33.706 28.2827 32
    endloop
  endfacet
  facet normal 0 0 1
    outer loop
      vertex -33.2554 21.8 32
      vertex -38.1051 22 32
      vertex -35.507 17.9 32
    endloop
  endfacet
  facet normal 0 0 1
    outer loop
      vertex -25.0882 -18.6397 32
      vertex -28.752 -21.8 32
      vertex -26.4615 -24.5297 32
    endloop
  endfacet
  facet normal 0 0 1
    outer loop
      vertex -33.706 -28.2827 32
      vertex -26.4615 -24.5297 32
      vertex -28.752 -21.8 32
    endloop
  endfacet
  facet normal 0 0 1
    outer loop
      vertex -26.4615 -24.5297 32
      vertex -33.706 -28.2827 32
      vertex -27.2435 -28.9646 32
    endloop
  endfacet
  facet normal 0 0 1
    outer loop
      vertex -33.706 -28.2827 32
      vertex -28.752 -21.8 32
      vertex -33.2554 -21.8 32
    endloop
  endfacet
  facet normal 0 0 1
    outer loop
      vertex -27.2435 -28.9646 32
      vertex -33.706 -28.2827 32
      vertex -28.2827 -33.706 32
    endloop
  endfacet
  facet normal 0 0 1
    outer loop
      vertex -38.1051 -22 32
      vertex -33.2554 -21.8 32
      vertex -35.507 -17.9 32
    endloop
  endfacet
  facet normal 0 0 1
    outer loop
      vertex -33.2554 -21.8 32
      vertex -38.1051 -22 32
      vertex -33.706 -28.2827 32
    endloop
  endfacet
  facet normal 0 0 1
    outer loop
      vertex -5.41644 0.955065 32
      vertex -24.8 1.84752 32
      vertex -5.5 0 32
    endloop
  endfacet
  facet normal 0 0 1
    outer loop
      vertex -5.5 0 32
      vertex -23.9363 -6.746 32
      vertex -22.6725 -10.2182 32
    endloop
  endfacet
  facet normal 0 0 1
    outer loop
      vertex -24.8 -1.84752 32
      vertex -5.5 0 32
      vertex -24.8 1.84752 32
    endloop
  endfacet
  facet normal -0 0 1
    outer loop
      vertex -27.5752 6.10436 32
      vertex -24.8 1.84752 32
      vertex -23.9363 6.746 32
    endloop
  endfacet
  facet normal 0 0 1
    outer loop
      vertex -27.5752 6.10436 32
      vertex -28 3.69504 32
      vertex -24.8 1.84752 32
    endloop
  endfacet
  facet normal -0 0 1
    outer loop
      vertex -31.0244 7.75683 32
      vertex -27.5752 6.10436 32
      vertex -29.9503 8.93493 32
    endloop
  endfacet
  facet normal 0 0 1
    outer loop
      vertex -27.5752 6.10436 32
      vertex -31.0244 7.75683 32
      vertex -28 3.69504 32
    endloop
  endfacet
  facet normal 0 0 1
    outer loop
      vertex -31.8064 3.32192 32
      vertex -28 3.69504 32
      vertex -31.0244 7.75683 32
    endloop
  endfacet
  facet normal 0 0 1
    outer loop
      vertex -36.0381 1.78169 32
      vertex -31.2 1.84752 32
      vertex -31.8064 3.32192 32
    endloop
  endfacet
  facet normal 0 0 1
    outer loop
      vertex -28 3.69504 32
      vertex -31.8064 3.32192 32
      vertex -31.2 1.84752 32
    endloop
  endfacet
  facet normal 0 0 1
    outer loop
      vertex -17.2 -22.4012 32
      vertex -19.0741 -20.8286 32
      vertex -18.78 -25.8842 32
    endloop
  endfacet
  facet normal 0 0 1
    outer loop
      vertex -19.0741 -20.8286 32
      vertex -22.2298 -22.9895 32
      vertex -18.78 -25.8842 32
    endloop
  endfacet
  facet normal -0 0 1
    outer loop
      vertex -22.713 -21.4703 32
      vertex -22.2298 -22.9895 32
      vertex -19.0741 -20.8286 32
    endloop
  endfacet
  facet normal 0 0 1
    outer loop
      vertex -26.4615 -24.5297 32
      vertex -22.713 -21.4703 32
      vertex -25.0882 -18.6397 32
    endloop
  endfacet
  facet normal 0 0 1
    outer loop
      vertex -22.713 -21.4703 32
      vertex -26.4615 -24.5297 32
      vertex -22.2298 -22.9895 32
    endloop
  endfacet
  facet normal 0 0 1
    outer loop
      vertex -5.16831 1.88111 32
      vertex -23.9363 6.746 32
      vertex -5.41644 0.955065 32
    endloop
  endfacet
  facet normal 0 0 1
    outer loop
      vertex -5.5 0 32
      vertex -20.1855 -14.5258 32
      vertex -17.8103 -17.3564 32
    endloop
  endfacet
  facet normal -0 0 1
    outer loop
      vertex -24.8 1.84752 32
      vertex -5.41644 0.955065 32
      vertex -23.9363 6.746 32
    endloop
  endfacet
  facet normal 0 0 1
    outer loop
      vertex -23.8244 15.1675 32
      vertex -22.6725 10.2182 32
      vertex -20.1855 14.5258 32
    endloop
  endfacet
  facet normal 0 0 1
    outer loop
      vertex -23.8244 15.1675 32
      vertex -25.0476 13.0488 32
      vertex -22.6725 10.2182 32
    endloop
  endfacet
  facet normal -0 0 1
    outer loop
      vertex -26.5004 17.9 32
      vertex -23.8244 15.1675 32
      vertex -25.0882 18.6397 32
    endloop
  endfacet
  facet normal 0 0 1
    outer loop
      vertex -26.5004 17.9 32
      vertex -25.0882 18.6397 32
      vertex -26.4615 24.5297 32
    endloop
  endfacet
  facet normal 0 0 1
    outer loop
      vertex -23.8244 15.1675 32
      vertex -26.5004 17.9 32
      vertex -25.0476 13.0488 32
    endloop
  endfacet
  facet normal -0 0 1
    outer loop
      vertex -28.752 14 32
      vertex -25.0476 13.0488 32
      vertex -26.5004 17.9 32
    endloop
  endfacet
  facet normal 0 0 1
    outer loop
      vertex -25.0476 13.0488 32
      vertex -28.752 14 32
      vertex -28.6865 12.4071 32
    endloop
  endfacet
  facet normal -0 0 1
    outer loop
      vertex -33.2554 14 32
      vertex -28.6865 12.4071 32
      vertex -28.752 14 32
    endloop
  endfacet
  facet normal 0 0 1
    outer loop
      vertex -28.6865 12.4071 32
      vertex -33.2554 14 32
      vertex -29.9503 8.93493 32
    endloop
  endfacet
  facet normal -0 0 1
    outer loop
      vertex -34.4741 10.6515 32
      vertex -29.9503 8.93493 32
      vertex -33.2554 14 32
    endloop
  endfacet
  facet normal 0 0 1
    outer loop
      vertex -29.9503 8.93493 32
      vertex -34.4741 10.6515 32
      vertex -31.0244 7.75683 32
    endloop
  endfacet
  facet normal -0 0 1
    outer loop
      vertex -41.3465 15.0489 32
      vertex -33.2554 14 32
      vertex -35.507 17.9 32
    endloop
  endfacet
  facet normal 0 0 1
    outer loop
      vertex -41.3465 15.0489 32
      vertex -35.507 17.9 32
      vertex -38.1051 22 32
    endloop
  endfacet
  facet normal 0 0 1
    outer loop
      vertex -33.2554 14 32
      vertex -41.3465 15.0489 32
      vertex -34.4741 10.6515 32
    endloop
  endfacet
  facet normal 0 0 1
    outer loop
      vertex -34.4741 10.6515 32
      vertex -41.3465 15.0489 32
      vertex -38.7059 9.11129 32
    endloop
  endfacet
  facet normal 0 0 1
    outer loop
      vertex -38.7059 9.11129 32
      vertex -43.3315 7.64052 32
      vertex -39.4879 4.67637 32
    endloop
  endfacet
  facet normal 0 0 1
    outer loop
      vertex -43.3315 7.64052 32
      vertex -38.7059 9.11129 32
      vertex -41.3465 15.0489 32
    endloop
  endfacet
  facet normal 0 0 1
    outer loop
      vertex -17.2 22.4012 32
      vertex -19.0741 20.8286 32
      vertex -17.8103 17.3564 32
    endloop
  endfacet
  facet normal -0 0 1
    outer loop
      vertex -22.2298 22.9895 32
      vertex -19.0741 20.8286 32
      vertex -18.78 25.8842 32
    endloop
  endfacet
  facet normal 0 0 1
    outer loop
      vertex -22.2298 22.9895 32
      vertex -22.713 21.4703 32
      vertex -19.0741 20.8286 32
    endloop
  endfacet
  facet normal 0 0 1
    outer loop
      vertex -26.4615 24.5297 32
      vertex -22.713 21.4703 32
      vertex -22.2298 22.9895 32
    endloop
  endfacet
  facet normal 0 0 1
    outer loop
      vertex -22.713 21.4703 32
      vertex -26.4615 24.5297 32
      vertex -25.0882 18.6397 32
    endloop
  endfacet
  facet normal 0 0 1
    outer loop
      vertex -5.5 0 32
      vertex -22.6725 -10.2182 32
      vertex -20.1855 -14.5258 32
    endloop
  endfacet
  facet normal 0 0 1
    outer loop
      vertex -22.6725 -10.2182 32
      vertex -23.8244 -15.1675 32
      vertex -20.1855 -14.5258 32
    endloop
  endfacet
  facet normal -0 0 1
    outer loop
      vertex -25.0476 -13.0488 32
      vertex -23.8244 -15.1675 32
      vertex -22.6725 -10.2182 32
    endloop
  endfacet
  facet normal 0 0 1
    outer loop
      vertex -26.5004 -17.9 32
      vertex -23.8244 -15.1675 32
      vertex -25.0476 -13.0488 32
    endloop
  endfacet
  facet normal 0 0 1
    outer loop
      vertex -23.8244 -15.1675 32
      vertex -26.5004 -17.9 32
      vertex -25.0882 -18.6397 32
    endloop
  endfacet
  facet normal 0 0 1
    outer loop
      vertex -28.752 -21.8 32
      vertex -25.0882 -18.6397 32
      vertex -26.5004 -17.9 32
    endloop
  endfacet
  facet normal 0 0 1
    outer loop
      vertex -28.752 -14 32
      vertex -25.0476 -13.0488 32
      vertex -28.6865 -12.4071 32
    endloop
  endfacet
  facet normal 0 0 1
    outer loop
      vertex -25.0476 -13.0488 32
      vertex -28.752 -14 32
      vertex -26.5004 -17.9 32
    endloop
  endfacet
  facet normal 0 0 1
    outer loop
      vertex -33.2554 -14 32
      vertex -28.6865 -12.4071 32
      vertex -29.9503 -8.93493 32
    endloop
  endfacet
  facet normal 0 0 1
    outer loop
      vertex -34.4741 -10.6515 32
      vertex -29.9503 -8.93493 32
      vertex -31.0244 -7.75683 32
    endloop
  endfacet
  facet normal 0 0 1
    outer loop
      vertex -28.6865 -12.4071 32
      vertex -33.2554 -14 32
      vertex -28.752 -14 32
    endloop
  endfacet
  facet normal 0 0 1
    outer loop
      vertex -29.9503 -8.93493 32
      vertex -34.4741 -10.6515 32
      vertex -33.2554 -14 32
    endloop
  endfacet
  facet normal 0 0 1
    outer loop
      vertex -41.3465 -15.0489 32
      vertex -33.2554 -14 32
      vertex -34.4741 -10.6515 32
    endloop
  endfacet
  facet normal 0 0 1
    outer loop
      vertex -33.2554 -14 32
      vertex -41.3465 -15.0489 32
      vertex -35.507 -17.9 32
    endloop
  endfacet
  facet normal 0 0 1
    outer loop
      vertex -41.3465 -15.0489 32
      vertex -34.4741 -10.6515 32
      vertex -38.7059 -9.11129 32
    endloop
  endfacet
  facet normal -0 0 1
    outer loop
      vertex -43.3315 -7.64052 32
      vertex -38.7059 -9.11129 32
      vertex -39.4879 -4.67637 32
    endloop
  endfacet
  facet normal 0 0 1
    outer loop
      vertex -44 0 32
      vertex -39.4879 4.67637 32
      vertex -43.3315 7.64052 32
    endloop
  endfacet
  facet normal 0 0 1
    outer loop
      vertex -35.507 -17.9 32
      vertex -41.3465 -15.0489 32
      vertex -38.1051 -22 32
    endloop
  endfacet
  facet normal 0 0 1
    outer loop
      vertex -39.4879 4.67637 32
      vertex -44 0 32
      vertex -39.4879 -4.67637 32
    endloop
  endfacet
  facet normal 0 0 1
    outer loop
      vertex -38.7059 -9.11129 32
      vertex -43.3315 -7.64052 32
      vertex -41.3465 -15.0489 32
    endloop
  endfacet
  facet normal 0 0 1
    outer loop
      vertex -39.4879 -4.67637 32
      vertex -44 0 32
      vertex -43.3315 -7.64052 32
    endloop
  endfacet
  facet normal 0 0 1
    outer loop
      vertex -5.5 0 32
      vertex -24.8 -1.84752 32
      vertex -23.9363 -6.746 32
    endloop
  endfacet
  facet normal 0 0 1
    outer loop
      vertex -24.8 -1.84752 32
      vertex -27.5752 -6.10436 32
      vertex -23.9363 -6.746 32
    endloop
  endfacet
  facet normal -0 0 1
    outer loop
      vertex -28 -3.69504 32
      vertex -27.5752 -6.10436 32
      vertex -24.8 -1.84752 32
    endloop
  endfacet
  facet normal 0 0 1
    outer loop
      vertex -31.0244 -7.75683 32
      vertex -27.5752 -6.10436 32
      vertex -28 -3.69504 32
    endloop
  endfacet
  facet normal 0 0 1
    outer loop
      vertex -27.5752 -6.10436 32
      vertex -31.0244 -7.75683 32
      vertex -29.9503 -8.93493 32
    endloop
  endfacet
  facet normal -0 0 1
    outer loop
      vertex -31.8064 -3.32192 32
      vertex -28 -3.69504 32
      vertex -31.2 -1.84752 32
    endloop
  endfacet
  facet normal 0 0 1
    outer loop
      vertex -31.2 1.84752 32
      vertex -36.0381 1.78169 32
      vertex -31.2 -1.84752 32
    endloop
  endfacet
  facet normal 0 0 1
    outer loop
      vertex -28 -3.69504 32
      vertex -31.8064 -3.32192 32
      vertex -31.0244 -7.75683 32
    endloop
  endfacet
  facet normal -0 0 1
    outer loop
      vertex -36.0381 -1.78169 32
      vertex -31.2 -1.84752 32
      vertex -36.0381 1.78169 32
    endloop
  endfacet
  facet normal 0 0 1
    outer loop
      vertex -31.2 -1.84752 32
      vertex -36.0381 -1.78169 32
      vertex -31.8064 -3.32192 32
    endloop
  endfacet
  facet normal 0 0 1
    outer loop
      vertex -39.4879 4.67637 32
      vertex -36.0381 -1.78169 32
      vertex -36.0381 1.78169 32
    endloop
  endfacet
  facet normal 0 0 1
    outer loop
      vertex -36.0381 -1.78169 32
      vertex -39.4879 4.67637 32
      vertex -39.4879 -4.67637 32
    endloop
  endfacet
  facet normal 0 0 1
    outer loop
      vertex -4.76314 2.75 32
      vertex -22.6725 10.2182 32
      vertex -5.16831 1.88111 32
    endloop
  endfacet
  facet normal 0 0 1
    outer loop
      vertex -5.5 0 32
      vertex -14 -20.5537 32
      vertex -10.8 -22.4012 32
    endloop
  endfacet
  facet normal 0 0 1
    outer loop
      vertex -17.8103 17.3564 32
      vertex -14 20.5537 32
      vertex -17.2 22.4012 32
    endloop
  endfacet
  facet normal -0 0 1
    outer loop
      vertex -23.9363 6.746 32
      vertex -5.16831 1.88111 32
      vertex -22.6725 10.2182 32
    endloop
  endfacet
  facet normal 0 0 1
    outer loop
      vertex -6.12593 -24.1024 32
      vertex -10.8 -22.4012 32
      vertex -8.50105 -26.933 32
    endloop
  endfacet
  facet normal -0 0 1
    outer loop
      vertex -10.8 -26.0962 32
      vertex -8.50105 -26.933 32
      vertex -10.8 -22.4012 32
    endloop
  endfacet
  facet normal 0 0 1
    outer loop
      vertex -8.50105 -26.933 32
      vertex -10.8 -26.0962 32
      vertex -8.79457 -30.7463 32
    endloop
  endfacet
  facet normal 0 0 1
    outer loop
      vertex -10.8 -26.0962 32
      vertex -13.0263 -29.2061 32
      vertex -8.79457 -30.7463 32
    endloop
  endfacet
  facet normal -0 0 1
    outer loop
      vertex -14 -27.9438 32
      vertex -13.0263 -29.2061 32
      vertex -10.8 -26.0962 32
    endloop
  endfacet
  facet normal 0 0 1
    outer loop
      vertex -14 -27.9438 32
      vertex -16.4761 -32.1008 32
      vertex -13.0263 -29.2061 32
    endloop
  endfacet
  facet normal 0 -0 1
    outer loop
      vertex -16.4761 -32.1008 32
      vertex -14 -27.9438 32
      vertex -17.2 -26.0962 32
    endloop
  endfacet
  facet normal 0 0 1
    outer loop
      vertex -7.64052 43.3315 32
      vertex -11.4623 38.0759 32
      vertex -8.01257 35.1812 32
    endloop
  endfacet
  facet normal -0 0 1
    outer loop
      vertex -15.0489 41.3465 32
      vertex -11.4623 38.0759 32
      vertex -7.64052 43.3315 32
    endloop
  endfacet
  facet normal 0 0 1
    outer loop
      vertex -15.0489 41.3465 32
      vertex -15.6941 36.5357 32
      vertex -11.4623 38.0759 32
    endloop
  endfacet
  facet normal -0 0 1
    outer loop
      vertex -22 38.1051 32
      vertex -15.6941 36.5357 32
      vertex -15.0489 41.3465 32
    endloop
  endfacet
  facet normal -0 0 1
    outer loop
      vertex -18.78 25.8842 32
      vertex -17.2 22.4012 32
      vertex -17.2 26.0962 32
    endloop
  endfacet
  facet normal 0 0 1
    outer loop
      vertex -5.5 0 32
      vertex -17.8103 -17.3564 32
      vertex -14 -20.5537 32
    endloop
  endfacet
  facet normal 0 0 1
    outer loop
      vertex -14 -20.5537 32
      vertex -17.8103 -17.3564 32
      vertex -17.2 -22.4012 32
    endloop
  endfacet
  facet normal 0 0 1
    outer loop
      vertex -19.0741 20.8286 32
      vertex -17.2 22.4012 32
      vertex -18.78 25.8842 32
    endloop
  endfacet
  facet normal -0 0 1
    outer loop
      vertex -19.562 30.3191 32
      vertex -17.2 26.0962 32
      vertex -16.4761 32.1008 32
    endloop
  endfacet
  facet normal 0 0 1
    outer loop
      vertex -15.6941 36.5357 32
      vertex -22 38.1051 32
      vertex -16.4761 32.1008 32
    endloop
  endfacet
  facet normal 0 0 1
    outer loop
      vertex -17.2 26.0962 32
      vertex -19.562 30.3191 32
      vertex -18.78 25.8842 32
    endloop
  endfacet
  facet normal 0 0 1
    outer loop
      vertex -16.4761 32.1008 32
      vertex -22 38.1051 32
      vertex -19.562 30.3191 32
    endloop
  endfacet
  facet normal 0 0 1
    outer loop
      vertex -22 38.1051 32
      vertex -23.7938 31.8593 32
      vertex -19.562 30.3191 32
    endloop
  endfacet
  facet normal -0 0 1
    outer loop
      vertex -28.2827 33.706 32
      vertex -23.7938 31.8593 32
      vertex -22 38.1051 32
    endloop
  endfacet
  facet normal 0 0 1
    outer loop
      vertex -23.7938 31.8593 32
      vertex -28.2827 33.706 32
      vertex -27.2435 28.9646 32
    endloop
  endfacet
  facet normal -0 0 1
    outer loop
      vertex -11.4623 -38.0759 32
      vertex -7.64052 -43.3315 32
      vertex -8.01257 -35.1812 32
    endloop
  endfacet
  facet normal 0 0 1
    outer loop
      vertex -11.4623 -38.0759 32
      vertex -15.0489 -41.3465 32
      vertex -7.64052 -43.3315 32
    endloop
  endfacet
  facet normal 0 0 1
    outer loop
      vertex -15.6941 -36.5357 32
      vertex -15.0489 -41.3465 32
      vertex -11.4623 -38.0759 32
    endloop
  endfacet
  facet normal 0 0 1
    outer loop
      vertex -22 -38.1051 32
      vertex -15.6941 -36.5357 32
      vertex -16.4761 -32.1008 32
    endloop
  endfacet
  facet normal -0 0 1
    outer loop
      vertex -19.0741 -20.8286 32
      vertex -17.2 -22.4012 32
      vertex -17.8103 -17.3564 32
    endloop
  endfacet
  facet normal 0 0 1
    outer loop
      vertex -17.2 -22.4012 32
      vertex -18.78 -25.8842 32
      vertex -17.2 -26.0962 32
    endloop
  endfacet
  facet normal 0 0 1
    outer loop
      vertex -19.562 -30.3191 32
      vertex -17.2 -26.0962 32
      vertex -18.78 -25.8842 32
    endloop
  endfacet
  facet normal 0 0 1
    outer loop
      vertex -17.2 -26.0962 32
      vertex -19.562 -30.3191 32
      vertex -16.4761 -32.1008 32
    endloop
  endfacet
  facet normal 0 0 1
    outer loop
      vertex -22 -38.1051 32
      vertex -16.4761 -32.1008 32
      vertex -19.562 -30.3191 32
    endloop
  endfacet
  facet normal 0 0 1
    outer loop
      vertex -15.6941 -36.5357 32
      vertex -22 -38.1051 32
      vertex -15.0489 -41.3465 32
    endloop
  endfacet
  facet normal -0 0 1
    outer loop
      vertex -23.7938 -31.8593 32
      vertex -22 -38.1051 32
      vertex -19.562 -30.3191 32
    endloop
  endfacet
  facet normal 0 0 1
    outer loop
      vertex -28.2827 -33.706 32
      vertex -23.7938 -31.8593 32
      vertex -27.2435 -28.9646 32
    endloop
  endfacet
  facet normal 0 0 1
    outer loop
      vertex -23.7938 -31.8593 32
      vertex -28.2827 -33.706 32
      vertex -22 -38.1051 32
    endloop
  endfacet
  facet normal 0 0 1
    outer loop
      vertex 0 -5.5 32
      vertex -2.48702 -24.744 32
      vertex 2.48702 -24.744 32
    endloop
  endfacet
  facet normal 0 0 1
    outer loop
      vertex 2.48702 -24.744 32
      vertex -2.48702 -24.744 32
      vertex -1.22324 -28.2163 32
    endloop
  endfacet
  facet normal 0 0 1
    outer loop
      vertex -10.8 -22.4012 32
      vertex -1.88111 -5.16831 32
      vertex -2.75 -4.76314 32
    endloop
  endfacet
  facet normal 0 0 1
    outer loop
      vertex -10.8 -22.4012 32
      vertex -2.75 -4.76314 32
      vertex -3.53533 -4.21324 32
    endloop
  endfacet
  facet normal 0 0 1
    outer loop
      vertex -10.8 -22.4012 32
      vertex -3.53533 -4.21324 32
      vertex -4.21324 -3.53533 32
    endloop
  endfacet
  facet normal 0 0 1
    outer loop
      vertex -10.8 -22.4012 32
      vertex -4.21324 -3.53533 32
      vertex -4.76314 -2.75 32
    endloop
  endfacet
  facet normal 0 0 1
    outer loop
      vertex -10.8 -22.4012 32
      vertex -4.76314 -2.75 32
      vertex -5.16831 -1.88111 32
    endloop
  endfacet
  facet normal 0 0 1
    outer loop
      vertex -10.8 -22.4012 32
      vertex -5.16831 -1.88111 32
      vertex -5.41644 -0.955065 32
    endloop
  endfacet
  facet normal 0 0 1
    outer loop
      vertex -1.88111 -5.16831 32
      vertex -6.12593 -24.1024 32
      vertex -2.48702 -24.744 32
    endloop
  endfacet
  facet normal 0 0 1
    outer loop
      vertex -10.8 -22.4012 32
      vertex -5.41644 -0.955065 32
      vertex -5.5 0 32
    endloop
  endfacet
  facet normal -0 0 1
    outer loop
      vertex -20.1855 14.5258 32
      vertex -4.21324 3.53533 32
      vertex -17.8103 17.3564 32
    endloop
  endfacet
  facet normal -0 0 1
    outer loop
      vertex -10.8 26.0962 32
      vertex -6.12593 24.1024 32
      vertex -8.50105 26.933 32
    endloop
  endfacet
  facet normal 0 0 1
    outer loop
      vertex -4.21324 3.53533 32
      vertex -20.1855 14.5258 32
      vertex -4.76314 2.75 32
    endloop
  endfacet
  facet normal 0 0 1
    outer loop
      vertex 2.48702 24.744 32
      vertex -1.88111 5.16831 32
      vertex -0.955065 5.41644 32
    endloop
  endfacet
  facet normal 0 0 1
    outer loop
      vertex 2.48702 24.744 32
      vertex -2.48702 24.744 32
      vertex -1.88111 5.16831 32
    endloop
  endfacet
  facet normal -0 0 1
    outer loop
      vertex -6.12593 24.1024 32
      vertex -1.88111 5.16831 32
      vertex -2.48702 24.744 32
    endloop
  endfacet
  facet normal -0 0 1
    outer loop
      vertex -10.8 22.4012 32
      vertex -1.88111 5.16831 32
      vertex -6.12593 24.1024 32
    endloop
  endfacet
  facet normal 0 0 1
    outer loop
      vertex -1.88111 5.16831 32
      vertex -10.8 22.4012 32
      vertex -2.75 4.76314 32
    endloop
  endfacet
  facet normal -0 0 1
    outer loop
      vertex -14 20.5537 32
      vertex -2.75 4.76314 32
      vertex -10.8 22.4012 32
    endloop
  endfacet
  facet normal 0 0 1
    outer loop
      vertex -10.8 22.4012 32
      vertex -6.12593 24.1024 32
      vertex -10.8 26.0962 32
    endloop
  endfacet
  facet normal 0 0 1
    outer loop
      vertex -2.75 4.76314 32
      vertex -14 20.5537 32
      vertex -3.53533 4.21324 32
    endloop
  endfacet
  facet normal 0 0 1
    outer loop
      vertex -3.53533 4.21324 32
      vertex -17.8103 17.3564 32
      vertex -4.21324 3.53533 32
    endloop
  endfacet
  facet normal -0 0 1
    outer loop
      vertex -17.8103 17.3564 32
      vertex -3.53533 4.21324 32
      vertex -14 20.5537 32
    endloop
  endfacet
  facet normal -0 0 1
    outer loop
      vertex 3.59837 -31.0468 32
      vertex 4.50333 -35.8 32
      vertex 7.23728 -30.4052 32
    endloop
  endfacet
  facet normal 0 0 1
    outer loop
      vertex 3.59837 -31.0468 32
      vertex 2.25167 -31.9 32
      vertex 4.50333 -35.8 32
    endloop
  endfacet
  facet normal 0 0 1
    outer loop
      vertex 1.22324 -28.2163 32
      vertex 2.25167 -31.9 32
      vertex 3.59837 -31.0468 32
    endloop
  endfacet
  facet normal 0 0 1
    outer loop
      vertex -2.48702 -24.744 32
      vertex 0 -5.5 32
      vertex -0.955065 -5.41644 32
    endloop
  endfacet
  facet normal 0 0 1
    outer loop
      vertex -2.48702 -24.744 32
      vertex -0.955065 -5.41644 32
      vertex -1.88111 -5.16831 32
    endloop
  endfacet
  facet normal 0 0 1
    outer loop
      vertex 2.48702 -24.744 32
      vertex -1.22324 -28.2163 32
      vertex 1.22324 -28.2163 32
    endloop
  endfacet
  facet normal -0 0 1
    outer loop
      vertex -1.22324 -28.2163 32
      vertex 2.25167 -31.9 32
      vertex 1.22324 -28.2163 32
    endloop
  endfacet
  facet normal 0 0 1
    outer loop
      vertex -1.22324 -28.2163 32
      vertex -2.25167 -31.9 32
      vertex 2.25167 -31.9 32
    endloop
  endfacet
  facet normal -0 0 1
    outer loop
      vertex -3.59837 -31.0468 32
      vertex -2.25167 -31.9 32
      vertex -1.22324 -28.2163 32
    endloop
  endfacet
  facet normal 0 0 1
    outer loop
      vertex -3.59837 -31.0468 32
      vertex -4.50333 -35.8 32
      vertex -2.25167 -31.9 32
    endloop
  endfacet
  facet normal 0 -0 1
    outer loop
      vertex -4.50333 -35.8 32
      vertex -3.59837 -31.0468 32
      vertex -7.23728 -30.4052 32
    endloop
  endfacet
  facet normal 0 0 1
    outer loop
      vertex 20.1855 -14.5258 32
      vertex 4.21324 -3.53533 32
      vertex 17.8103 -17.3564 32
    endloop
  endfacet
  facet normal -0 0 1
    outer loop
      vertex 3.53533 -4.21324 32
      vertex 17.8103 -17.3564 32
      vertex 4.21324 -3.53533 32
    endloop
  endfacet
  facet normal 0 0 1
    outer loop
      vertex 17.8103 -17.3564 32
      vertex 3.53533 -4.21324 32
      vertex 14 -20.5537 32
    endloop
  endfacet
  facet normal -0 0 1
    outer loop
      vertex 2.75 -4.76314 32
      vertex 14 -20.5537 32
      vertex 3.53533 -4.21324 32
    endloop
  endfacet
  facet normal 0 0 1
    outer loop
      vertex 14 -20.5537 32
      vertex 2.75 -4.76314 32
      vertex 10.8 -22.4012 32
    endloop
  endfacet
  facet normal -0 0 1
    outer loop
      vertex 1.88111 -5.16831 32
      vertex 10.8 -22.4012 32
      vertex 2.75 -4.76314 32
    endloop
  endfacet
  facet normal 0 0 1
    outer loop
      vertex 10.8 -22.4012 32
      vertex 1.88111 -5.16831 32
      vertex 6.12593 -24.1024 32
    endloop
  endfacet
  facet normal -0 0 1
    outer loop
      vertex 0.955065 -5.41644 32
      vertex 6.12593 -24.1024 32
      vertex 1.88111 -5.16831 32
    endloop
  endfacet
  facet normal 0 0 1
    outer loop
      vertex 6.12593 -24.1024 32
      vertex 0.955065 -5.41644 32
      vertex 2.48702 -24.744 32
    endloop
  endfacet
  facet normal -0 0 1
    outer loop
      vertex 0 -5.5 32
      vertex 2.48702 -24.744 32
      vertex 0.955065 -5.41644 32
    endloop
  endfacet
  facet normal 0 0 1
    outer loop
      vertex 4.50333 35.8 32
      vertex 3.59837 31.0468 32
      vertex 7.23728 30.4052 32
    endloop
  endfacet
  facet normal -0 0 1
    outer loop
      vertex 2.25167 31.9 32
      vertex 3.59837 31.0468 32
      vertex 4.50333 35.8 32
    endloop
  endfacet
  facet normal 0 0 1
    outer loop
      vertex 2.25167 31.9 32
      vertex 1.22324 28.2163 32
      vertex 3.59837 31.0468 32
    endloop
  endfacet
  facet normal 0 0 1
    outer loop
      vertex 2.48702 24.744 32
      vertex 0 5.5 32
      vertex 0.955065 5.41644 32
    endloop
  endfacet
  facet normal 0 0 1
    outer loop
      vertex -2.48702 24.744 32
      vertex 2.48702 24.744 32
      vertex -1.22324 28.2163 32
    endloop
  endfacet
  facet normal 0 0 1
    outer loop
      vertex 2.48702 24.744 32
      vertex -0.955065 5.41644 32
      vertex 0 5.5 32
    endloop
  endfacet
  facet normal 0 0 1
    outer loop
      vertex 2.25167 31.9 32
      vertex -1.22324 28.2163 32
      vertex 1.22324 28.2163 32
    endloop
  endfacet
  facet normal -0 0 1
    outer loop
      vertex -2.25167 31.9 32
      vertex -1.22324 28.2163 32
      vertex 2.25167 31.9 32
    endloop
  endfacet
  facet normal 0 0 1
    outer loop
      vertex -2.25167 31.9 32
      vertex -3.59837 31.0468 32
      vertex -1.22324 28.2163 32
    endloop
  endfacet
  facet normal 0 0 1
    outer loop
      vertex -4.50333 35.8 32
      vertex -3.59837 31.0468 32
      vertex -2.25167 31.9 32
    endloop
  endfacet
  facet normal 0 0 1
    outer loop
      vertex -3.59837 31.0468 32
      vertex -4.50333 35.8 32
      vertex -7.23728 30.4052 32
    endloop
  endfacet
  facet normal -0 0 1
    outer loop
      vertex 4.76314 -2.75 32
      vertex 22.6725 -10.2182 32
      vertex 5.16831 -1.88111 32
    endloop
  endfacet
  facet normal -0 0 1
    outer loop
      vertex 4.21324 -3.53533 32
      vertex 20.1855 -14.5258 32
      vertex 4.76314 -2.75 32
    endloop
  endfacet
  facet normal 0 0 1
    outer loop
      vertex 10.8 -22.4012 32
      vertex 6.12593 -24.1024 32
      vertex 8.50105 -26.933 32
    endloop
  endfacet
  facet normal 0 0 1
    outer loop
      vertex 22.6725 -10.2182 32
      vertex 4.76314 -2.75 32
      vertex 20.1855 -14.5258 32
    endloop
  endfacet
  facet normal 0 0 1
    outer loop
      vertex 6.12593 24.1024 32
      vertex 5.16831 1.88111 32
      vertex 5.41644 0.955065 32
    endloop
  endfacet
  facet normal 0 0 1
    outer loop
      vertex 6.12593 24.1024 32
      vertex 4.76314 2.75 32
      vertex 5.16831 1.88111 32
    endloop
  endfacet
  facet normal 0 0 1
    outer loop
      vertex 6.12593 24.1024 32
      vertex 4.21324 3.53533 32
      vertex 4.76314 2.75 32
    endloop
  endfacet
  facet normal 0 0 1
    outer loop
      vertex 6.12593 24.1024 32
      vertex 3.53533 4.21324 32
      vertex 4.21324 3.53533 32
    endloop
  endfacet
  facet normal 0 0 1
    outer loop
      vertex 6.12593 24.1024 32
      vertex 2.75 4.76314 32
      vertex 3.53533 4.21324 32
    endloop
  endfacet
  facet normal 0 0 1
    outer loop
      vertex 0.955065 5.41644 32
      vertex 6.12593 24.1024 32
      vertex 2.48702 24.744 32
    endloop
  endfacet
  facet normal 0 0 1
    outer loop
      vertex 6.12593 24.1024 32
      vertex 1.88111 5.16831 32
      vertex 2.75 4.76314 32
    endloop
  endfacet
  facet normal -0 0 1
    outer loop
      vertex -1.22324 28.2163 32
      vertex 2.48702 24.744 32
      vertex 1.22324 28.2163 32
    endloop
  endfacet
  facet normal 0 0 1
    outer loop
      vertex 6.12593 24.1024 32
      vertex 0.955065 5.41644 32
      vertex 1.88111 5.16831 32
    endloop
  endfacet
  facet normal 0 0 1
    outer loop
      vertex 10.8 -26.0962 32
      vertex 8.50105 -26.933 32
      vertex 8.79457 -30.7463 32
    endloop
  endfacet
  facet normal -0 0 1
    outer loop
      vertex 7.23728 -30.4052 32
      vertex 8.79457 -30.7463 32
      vertex 8.50105 -26.933 32
    endloop
  endfacet
  facet normal 0 0 1
    outer loop
      vertex 8.79457 -30.7463 32
      vertex 7.23728 -30.4052 32
      vertex 8.01257 -35.1812 32
    endloop
  endfacet
  facet normal 0 0 1
    outer loop
      vertex 4.50333 -35.8 32
      vertex 8.01257 -35.1812 32
      vertex 7.23728 -30.4052 32
    endloop
  endfacet
  facet normal 0 0 1
    outer loop
      vertex 8.01257 -35.1812 32
      vertex 4.50333 -35.8 32
      vertex 7.64052 -43.3315 32
    endloop
  endfacet
  facet normal -0 0 1
    outer loop
      vertex 2.25167 -39.7 32
      vertex 7.64052 -43.3315 32
      vertex 4.50333 -35.8 32
    endloop
  endfacet
  facet normal 0 0 1
    outer loop
      vertex 2.25167 -39.7 32
      vertex 0 -44 32
      vertex 7.64052 -43.3315 32
    endloop
  endfacet
  facet normal -0 0 1
    outer loop
      vertex -2.25167 -39.7 32
      vertex 0 -44 32
      vertex 2.25167 -39.7 32
    endloop
  endfacet
  facet normal 0 0 1
    outer loop
      vertex -7.64052 -43.3315 32
      vertex -2.25167 -39.7 32
      vertex -4.50333 -35.8 32
    endloop
  endfacet
  facet normal 0 0 1
    outer loop
      vertex -2.25167 -39.7 32
      vertex -7.64052 -43.3315 32
      vertex 0 -44 32
    endloop
  endfacet
  facet normal -0 0 1
    outer loop
      vertex -8.01257 -35.1812 32
      vertex -4.50333 -35.8 32
      vertex -7.23728 -30.4052 32
    endloop
  endfacet
  facet normal 0 0 1
    outer loop
      vertex -4.50333 -35.8 32
      vertex -8.01257 -35.1812 32
      vertex -7.64052 -43.3315 32
    endloop
  endfacet
  facet normal 0 0 1
    outer loop
      vertex -8.79457 -30.7463 32
      vertex -7.23728 -30.4052 32
      vertex -8.50105 -26.933 32
    endloop
  endfacet
  facet normal 0 0 1
    outer loop
      vertex -7.23728 -30.4052 32
      vertex -8.79457 -30.7463 32
      vertex -8.01257 -35.1812 32
    endloop
  endfacet
  facet normal 0 0 1
    outer loop
      vertex -1.88111 -5.16831 32
      vertex -10.8 -22.4012 32
      vertex -6.12593 -24.1024 32
    endloop
  endfacet
  facet normal -0 0 1
    outer loop
      vertex -22.6725 10.2182 32
      vertex -4.76314 2.75 32
      vertex -20.1855 14.5258 32
    endloop
  endfacet
  facet normal -0 0 1
    outer loop
      vertex -13.0263 29.2061 32
      vertex -10.8 26.0962 32
      vertex -8.79457 30.7463 32
    endloop
  endfacet
  facet normal 0 0 1
    outer loop
      vertex -13.0263 29.2061 32
      vertex -14 27.9438 32
      vertex -10.8 26.0962 32
    endloop
  endfacet
  facet normal 0 0 1
    outer loop
      vertex -16.4761 32.1008 32
      vertex -14 27.9438 32
      vertex -13.0263 29.2061 32
    endloop
  endfacet
  facet normal 0 0 1
    outer loop
      vertex -14 27.9438 32
      vertex -16.4761 32.1008 32
      vertex -17.2 26.0962 32
    endloop
  endfacet
  facet normal -0 0 1
    outer loop
      vertex 14 -27.9438 32
      vertex 16.4761 -32.1008 32
      vertex 17.2 -26.0962 32
    endloop
  endfacet
  facet normal 0 0 1
    outer loop
      vertex 14 -27.9438 32
      vertex 13.0263 -29.2061 32
      vertex 16.4761 -32.1008 32
    endloop
  endfacet
  facet normal 0 0 1
    outer loop
      vertex 10.8 -26.0962 32
      vertex 13.0263 -29.2061 32
      vertex 14 -27.9438 32
    endloop
  endfacet
  facet normal 0 0 1
    outer loop
      vertex 10.8 -26.0962 32
      vertex 8.79457 -30.7463 32
      vertex 13.0263 -29.2061 32
    endloop
  endfacet
  facet normal 0 0 1
    outer loop
      vertex 8.50105 -26.933 32
      vertex 10.8 -26.0962 32
      vertex 10.8 -22.4012 32
    endloop
  endfacet
  facet normal 0 0 1
    outer loop
      vertex 5.41644 0.955065 32
      vertex 10.8 22.4012 32
      vertex 6.12593 24.1024 32
    endloop
  endfacet
  facet normal 0 0 1
    outer loop
      vertex 7.23728 30.4052 32
      vertex 8.79457 30.7463 32
      vertex 8.01257 35.1812 32
    endloop
  endfacet
  facet normal 0 0 1
    outer loop
      vertex 8.79457 30.7463 32
      vertex 7.23728 30.4052 32
      vertex 8.50105 26.933 32
    endloop
  endfacet
  facet normal -0 0 1
    outer loop
      vertex 4.50333 35.8 32
      vertex 8.01257 35.1812 32
      vertex 7.64052 43.3315 32
    endloop
  endfacet
  facet normal 0 0 1
    outer loop
      vertex 8.01257 35.1812 32
      vertex 4.50333 35.8 32
      vertex 7.23728 30.4052 32
    endloop
  endfacet
  facet normal 0 0 1
    outer loop
      vertex 7.64052 43.3315 32
      vertex 2.25167 39.7 32
      vertex 4.50333 35.8 32
    endloop
  endfacet
  facet normal 0 0 1
    outer loop
      vertex 0 44 32
      vertex 2.25167 39.7 32
      vertex 7.64052 43.3315 32
    endloop
  endfacet
  facet normal 0 0 1
    outer loop
      vertex 0 44 32
      vertex -2.25167 39.7 32
      vertex 2.25167 39.7 32
    endloop
  endfacet
  facet normal -0 0 1
    outer loop
      vertex -7.64052 43.3315 32
      vertex -2.25167 39.7 32
      vertex 0 44 32
    endloop
  endfacet
  facet normal 0 0 1
    outer loop
      vertex -2.25167 39.7 32
      vertex -7.64052 43.3315 32
      vertex -4.50333 35.8 32
    endloop
  endfacet
  facet normal 0 0 1
    outer loop
      vertex -8.01257 35.1812 32
      vertex -4.50333 35.8 32
      vertex -7.64052 43.3315 32
    endloop
  endfacet
  facet normal 0 0 1
    outer loop
      vertex -4.50333 35.8 32
      vertex -8.01257 35.1812 32
      vertex -7.23728 30.4052 32
    endloop
  endfacet
  facet normal -0 0 1
    outer loop
      vertex -8.79457 30.7463 32
      vertex -7.23728 30.4052 32
      vertex -8.01257 35.1812 32
    endloop
  endfacet
  facet normal 0 0 1
    outer loop
      vertex -10.8 26.0962 32
      vertex -8.50105 26.933 32
      vertex -8.79457 30.7463 32
    endloop
  endfacet
  facet normal 0 0 1
    outer loop
      vertex -7.23728 30.4052 32
      vertex -8.79457 30.7463 32
      vertex -8.50105 26.933 32
    endloop
  endfacet
  facet normal -0 0 1
    outer loop
      vertex 5.16831 -1.88111 32
      vertex 23.9363 -6.746 32
      vertex 5.41644 -0.955065 32
    endloop
  endfacet
  facet normal 0 0 1
    outer loop
      vertex 17.8103 -17.3564 32
      vertex 14 -20.5537 32
      vertex 17.2 -22.4012 32
    endloop
  endfacet
  facet normal 0 0 1
    outer loop
      vertex 5.41644 0.955065 32
      vertex 14 20.5537 32
      vertex 10.8 22.4012 32
    endloop
  endfacet
  facet normal 0 0 1
    outer loop
      vertex 23.9363 -6.746 32
      vertex 5.16831 -1.88111 32
      vertex 22.6725 -10.2182 32
    endloop
  endfacet
  facet normal 0 0 1
    outer loop
      vertex 16.4761 32.1008 32
      vertex 14 27.9438 32
      vertex 17.2 26.0962 32
    endloop
  endfacet
  facet normal -0 0 1
    outer loop
      vertex 13.0263 29.2061 32
      vertex 14 27.9438 32
      vertex 16.4761 32.1008 32
    endloop
  endfacet
  facet normal 0 0 1
    outer loop
      vertex 13.0263 29.2061 32
      vertex 10.8 26.0962 32
      vertex 14 27.9438 32
    endloop
  endfacet
  facet normal -0 0 1
    outer loop
      vertex 8.50105 26.933 32
      vertex 10.8 26.0962 32
      vertex 8.79457 30.7463 32
    endloop
  endfacet
  facet normal 0 0 1
    outer loop
      vertex 10.8 26.0962 32
      vertex 8.50105 26.933 32
      vertex 10.8 22.4012 32
    endloop
  endfacet
  facet normal -0 0 1
    outer loop
      vertex 6.12593 24.1024 32
      vertex 10.8 22.4012 32
      vertex 8.50105 26.933 32
    endloop
  endfacet
  facet normal 0 0 1
    outer loop
      vertex 8.79457 30.7463 32
      vertex 10.8 26.0962 32
      vertex 13.0263 29.2061 32
    endloop
  endfacet
  facet normal 0 0 1
    outer loop
      vertex 26.4615 24.5297 32
      vertex 22.713 21.4703 32
      vertex 25.0882 18.6397 32
    endloop
  endfacet
  facet normal -0 0 1
    outer loop
      vertex 22.2298 22.9895 32
      vertex 22.713 21.4703 32
      vertex 26.4615 24.5297 32
    endloop
  endfacet
  facet normal 0 0 1
    outer loop
      vertex 22.2298 22.9895 32
      vertex 19.0741 20.8286 32
      vertex 22.713 21.4703 32
    endloop
  endfacet
  facet normal 0 0 1
    outer loop
      vertex 18.78 25.8842 32
      vertex 19.0741 20.8286 32
      vertex 22.2298 22.9895 32
    endloop
  endfacet
  facet normal -0 0 1
    outer loop
      vertex 17.2 22.4012 32
      vertex 19.0741 20.8286 32
      vertex 18.78 25.8842 32
    endloop
  endfacet
  facet normal -0 0 1
    outer loop
      vertex 22.713 -21.4703 32
      vertex 26.4615 -24.5297 32
      vertex 25.0882 -18.6397 32
    endloop
  endfacet
  facet normal 0 0 1
    outer loop
      vertex 22.713 -21.4703 32
      vertex 22.2298 -22.9895 32
      vertex 26.4615 -24.5297 32
    endloop
  endfacet
  facet normal 0 0 1
    outer loop
      vertex 19.0741 -20.8286 32
      vertex 22.2298 -22.9895 32
      vertex 22.713 -21.4703 32
    endloop
  endfacet
  facet normal 0 0 1
    outer loop
      vertex 19.0741 -20.8286 32
      vertex 18.78 -25.8842 32
      vertex 22.2298 -22.9895 32
    endloop
  endfacet
  facet normal 0 0 1
    outer loop
      vertex 17.2 -22.4012 32
      vertex 19.0741 -20.8286 32
      vertex 17.8103 -17.3564 32
    endloop
  endfacet
  facet normal 0 0 1
    outer loop
      vertex 28.2827 33.706 32
      vertex 23.7938 31.8593 32
      vertex 27.2435 28.9646 32
    endloop
  endfacet
  facet normal 0 0 1
    outer loop
      vertex 22 38.1051 32
      vertex 23.7938 31.8593 32
      vertex 28.2827 33.706 32
    endloop
  endfacet
  facet normal 0 0 1
    outer loop
      vertex 22 38.1051 32
      vertex 19.562 30.3191 32
      vertex 23.7938 31.8593 32
    endloop
  endfacet
  facet normal 0 0 1
    outer loop
      vertex 19.0741 20.8286 32
      vertex 17.2 22.4012 32
      vertex 17.8103 17.3564 32
    endloop
  endfacet
  facet normal 0 0 1
    outer loop
      vertex 17.2 22.4012 32
      vertex 18.78 25.8842 32
      vertex 17.2 26.0962 32
    endloop
  endfacet
  facet normal 0 0 1
    outer loop
      vertex 19.562 30.3191 32
      vertex 17.2 26.0962 32
      vertex 18.78 25.8842 32
    endloop
  endfacet
  facet normal -0 0 1
    outer loop
      vertex 16.4761 32.1008 32
      vertex 19.562 30.3191 32
      vertex 22 38.1051 32
    endloop
  endfacet
  facet normal 0 0 1
    outer loop
      vertex 19.562 30.3191 32
      vertex 16.4761 32.1008 32
      vertex 17.2 26.0962 32
    endloop
  endfacet
  facet normal 0 0 1
    outer loop
      vertex 22 38.1051 32
      vertex 15.6941 36.5357 32
      vertex 16.4761 32.1008 32
    endloop
  endfacet
  facet normal 0 0 1
    outer loop
      vertex 15.0489 41.3465 32
      vertex 15.6941 36.5357 32
      vertex 22 38.1051 32
    endloop
  endfacet
  facet normal 0 0 1
    outer loop
      vertex 15.0489 41.3465 32
      vertex 11.4623 38.0759 32
      vertex 15.6941 36.5357 32
    endloop
  endfacet
  facet normal 0 0 1
    outer loop
      vertex 7.64052 43.3315 32
      vertex 11.4623 38.0759 32
      vertex 15.0489 41.3465 32
    endloop
  endfacet
  facet normal 0 0 1
    outer loop
      vertex 11.4623 38.0759 32
      vertex 7.64052 43.3315 32
      vertex 8.01257 35.1812 32
    endloop
  endfacet
  facet normal 0 0 1
    outer loop
      vertex 33.2554 21.8 32
      vertex 38.1051 22 32
      vertex 33.706 28.2827 32
    endloop
  endfacet
  facet normal 0 0 1
    outer loop
      vertex 38.1051 22 32
      vertex 33.2554 21.8 32
      vertex 35.507 17.9 32
    endloop
  endfacet
  facet normal 0 0 1
    outer loop
      vertex 33.706 28.2827 32
      vertex 28.752 21.8 32
      vertex 33.2554 21.8 32
    endloop
  endfacet
  facet normal -0 0 1
    outer loop
      vertex 27.2435 28.9646 32
      vertex 33.706 28.2827 32
      vertex 28.2827 33.706 32
    endloop
  endfacet
  facet normal 0 0 1
    outer loop
      vertex 26.4615 24.5297 32
      vertex 33.706 28.2827 32
      vertex 27.2435 28.9646 32
    endloop
  endfacet
  facet normal 0 0 1
    outer loop
      vertex 33.706 28.2827 32
      vertex 26.4615 24.5297 32
      vertex 28.752 21.8 32
    endloop
  endfacet
  facet normal 0 0 1
    outer loop
      vertex 25.0882 18.6397 32
      vertex 28.752 21.8 32
      vertex 26.4615 24.5297 32
    endloop
  endfacet
  facet normal 0 0 1
    outer loop
      vertex 36.0381 -1.78169 32
      vertex 44 0 32
      vertex 36.0381 1.78169 32
    endloop
  endfacet
  facet normal 0 0 1
    outer loop
      vertex 44 0 32
      vertex 36.0381 -1.78169 32
      vertex 39.4879 -4.67637 32
    endloop
  endfacet
  facet normal -0 0 1
    outer loop
      vertex 31.2 1.84752 32
      vertex 36.0381 1.78169 32
      vertex 31.8064 3.32192 32
    endloop
  endfacet
  facet normal 0 0 1
    outer loop
      vertex 36.0381 1.78169 32
      vertex 31.2 1.84752 32
      vertex 36.0381 -1.78169 32
    endloop
  endfacet
  facet normal 0 0 1
    outer loop
      vertex 31.2 -1.84752 32
      vertex 36.0381 -1.78169 32
      vertex 31.2 1.84752 32
    endloop
  endfacet
  facet normal -0 0 1
    outer loop
      vertex 28 3.69504 32
      vertex 31.8064 3.32192 32
      vertex 31.0244 7.75683 32
    endloop
  endfacet
  facet normal 0 0 1
    outer loop
      vertex 27.5752 6.10436 32
      vertex 31.0244 7.75683 32
      vertex 29.9503 8.93493 32
    endloop
  endfacet
  facet normal 0 0 1
    outer loop
      vertex 31.8064 3.32192 32
      vertex 28 3.69504 32
      vertex 31.2 1.84752 32
    endloop
  endfacet
  facet normal 0 0 1
    outer loop
      vertex 31.0244 7.75683 32
      vertex 27.5752 6.10436 32
      vertex 28 3.69504 32
    endloop
  endfacet
  facet normal 0 0 1
    outer loop
      vertex 27.5752 6.10436 32
      vertex 24.8 1.84752 32
      vertex 28 3.69504 32
    endloop
  endfacet
  facet normal 0 0 1
    outer loop
      vertex 5.41644 0.955065 32
      vertex 24.8 1.84752 32
      vertex 23.9363 6.746 32
    endloop
  endfacet
  facet normal 0 0 1
    outer loop
      vertex 23.9363 6.746 32
      vertex 24.8 1.84752 32
      vertex 27.5752 6.10436 32
    endloop
  endfacet
  facet normal -0 0 1
    outer loop
      vertex 39.4879 4.67637 32
      vertex 44 0 32
      vertex 43.3315 7.64052 32
    endloop
  endfacet
  facet normal -0 0 1
    outer loop
      vertex 38.7059 9.11129 32
      vertex 43.3315 7.64052 32
      vertex 41.3465 15.0489 32
    endloop
  endfacet
  facet normal -0 0 1
    outer loop
      vertex 36.0381 1.78169 32
      vertex 44 0 32
      vertex 39.4879 4.67637 32
    endloop
  endfacet
  facet normal 0 0 1
    outer loop
      vertex 44 0 32
      vertex 39.4879 -4.67637 32
      vertex 43.3315 -7.64052 32
    endloop
  endfacet
  facet normal 0 0 1
    outer loop
      vertex 43.3315 7.64052 32
      vertex 38.7059 9.11129 32
      vertex 39.4879 4.67637 32
    endloop
  endfacet
  facet normal -0 0 1
    outer loop
      vertex 35.507 17.9 32
      vertex 41.3465 15.0489 32
      vertex 38.1051 22 32
    endloop
  endfacet
  facet normal 0 0 1
    outer loop
      vertex 33.2554 14 32
      vertex 41.3465 15.0489 32
      vertex 35.507 17.9 32
    endloop
  endfacet
  facet normal 0 0 1
    outer loop
      vertex 41.3465 15.0489 32
      vertex 34.4741 10.6515 32
      vertex 38.7059 9.11129 32
    endloop
  endfacet
  facet normal 0 0 1
    outer loop
      vertex 41.3465 15.0489 32
      vertex 33.2554 14 32
      vertex 34.4741 10.6515 32
    endloop
  endfacet
  facet normal 0 0 1
    outer loop
      vertex 29.9503 8.93493 32
      vertex 34.4741 10.6515 32
      vertex 33.2554 14 32
    endloop
  endfacet
  facet normal 0 0 1
    outer loop
      vertex 34.4741 10.6515 32
      vertex 29.9503 8.93493 32
      vertex 31.0244 7.75683 32
    endloop
  endfacet
  facet normal 0 0 1
    outer loop
      vertex 28.6865 12.4071 32
      vertex 33.2554 14 32
      vertex 28.752 14 32
    endloop
  endfacet
  facet normal 0 0 1
    outer loop
      vertex 33.2554 14 32
      vertex 28.6865 12.4071 32
      vertex 29.9503 8.93493 32
    endloop
  endfacet
  facet normal 0 0 1
    outer loop
      vertex 25.0476 13.0488 32
      vertex 28.752 14 32
      vertex 26.5004 17.9 32
    endloop
  endfacet
  facet normal 0 0 1
    outer loop
      vertex 28.752 21.8 32
      vertex 25.0882 18.6397 32
      vertex 26.5004 17.9 32
    endloop
  endfacet
  facet normal 0 0 1
    outer loop
      vertex 23.8244 15.1675 32
      vertex 26.5004 17.9 32
      vertex 25.0882 18.6397 32
    endloop
  endfacet
  facet normal 0 0 1
    outer loop
      vertex 28.752 14 32
      vertex 25.0476 13.0488 32
      vertex 28.6865 12.4071 32
    endloop
  endfacet
  facet normal 0 0 1
    outer loop
      vertex 26.5004 17.9 32
      vertex 23.8244 15.1675 32
      vertex 25.0476 13.0488 32
    endloop
  endfacet
  facet normal 0 0 1
    outer loop
      vertex 23.8244 15.1675 32
      vertex 22.6725 10.2182 32
      vertex 25.0476 13.0488 32
    endloop
  endfacet
  facet normal 0 0 1
    outer loop
      vertex 5.41644 0.955065 32
      vertex 22.6725 10.2182 32
      vertex 20.1855 14.5258 32
    endloop
  endfacet
  facet normal -0 0 1
    outer loop
      vertex 20.1855 14.5258 32
      vertex 22.6725 10.2182 32
      vertex 23.8244 15.1675 32
    endloop
  endfacet
  facet normal 0 0 1
    outer loop
      vertex 38.7059 -9.11129 32
      vertex 43.3315 -7.64052 32
      vertex 39.4879 -4.67637 32
    endloop
  endfacet
  facet normal 0 0 1
    outer loop
      vertex 43.3315 -7.64052 32
      vertex 38.7059 -9.11129 32
      vertex 41.3465 -15.0489 32
    endloop
  endfacet
  facet normal -0 0 1
    outer loop
      vertex 34.4741 -10.6515 32
      vertex 41.3465 -15.0489 32
      vertex 38.7059 -9.11129 32
    endloop
  endfacet
  facet normal 0 0 1
    outer loop
      vertex 41.3465 -15.0489 32
      vertex 35.507 -17.9 32
      vertex 38.1051 -22 32
    endloop
  endfacet
  facet normal -0 0 1
    outer loop
      vertex 33.2554 -14 32
      vertex 41.3465 -15.0489 32
      vertex 34.4741 -10.6515 32
    endloop
  endfacet
  facet normal 0 0 1
    outer loop
      vertex 41.3465 -15.0489 32
      vertex 33.2554 -14 32
      vertex 35.507 -17.9 32
    endloop
  endfacet
  facet normal -0 0 1
    outer loop
      vertex 29.9503 -8.93493 32
      vertex 34.4741 -10.6515 32
      vertex 31.0244 -7.75683 32
    endloop
  endfacet
  facet normal 0 0 1
    outer loop
      vertex 34.4741 -10.6515 32
      vertex 29.9503 -8.93493 32
      vertex 33.2554 -14 32
    endloop
  endfacet
  facet normal -0 0 1
    outer loop
      vertex 28.6865 -12.4071 32
      vertex 33.2554 -14 32
      vertex 29.9503 -8.93493 32
    endloop
  endfacet
  facet normal 0 0 1
    outer loop
      vertex 33.2554 -14 32
      vertex 28.6865 -12.4071 32
      vertex 28.752 -14 32
    endloop
  endfacet
  facet normal -0 0 1
    outer loop
      vertex 25.0476 -13.0488 32
      vertex 28.752 -14 32
      vertex 28.6865 -12.4071 32
    endloop
  endfacet
  facet normal 0 0 1
    outer loop
      vertex 28.752 -21.8 32
      vertex 25.0882 -18.6397 32
      vertex 26.4615 -24.5297 32
    endloop
  endfacet
  facet normal 0 0 1
    outer loop
      vertex 28.752 -14 32
      vertex 25.0476 -13.0488 32
      vertex 26.5004 -17.9 32
    endloop
  endfacet
  facet normal -0 0 1
    outer loop
      vertex 23.8244 -15.1675 32
      vertex 26.5004 -17.9 32
      vertex 25.0476 -13.0488 32
    endloop
  endfacet
  facet normal 0 0 1
    outer loop
      vertex 26.5004 -17.9 32
      vertex 23.8244 -15.1675 32
      vertex 25.0882 -18.6397 32
    endloop
  endfacet
  facet normal 0 0 1
    outer loop
      vertex 22.6725 -10.2182 32
      vertex 23.8244 -15.1675 32
      vertex 25.0476 -13.0488 32
    endloop
  endfacet
  facet normal 0 0 1
    outer loop
      vertex 22.6725 -10.2182 32
      vertex 20.1855 -14.5258 32
      vertex 23.8244 -15.1675 32
    endloop
  endfacet
  facet normal -0 0 1
    outer loop
      vertex 5.41644 -0.955065 32
      vertex 24.8 -1.84752 32
      vertex 5.5 0 32
    endloop
  endfacet
  facet normal 0 0 1
    outer loop
      vertex 5.41644 0.955065 32
      vertex 20.1855 14.5258 32
      vertex 17.8103 17.3564 32
    endloop
  endfacet
  facet normal 0 0 1
    outer loop
      vertex 24.8 -1.84752 32
      vertex 5.41644 -0.955065 32
      vertex 23.9363 -6.746 32
    endloop
  endfacet
  facet normal -0 0 1
    outer loop
      vertex 33.2554 -21.8 32
      vertex 38.1051 -22 32
      vertex 35.507 -17.9 32
    endloop
  endfacet
  facet normal 0 0 1
    outer loop
      vertex 38.1051 -22 32
      vertex 33.2554 -21.8 32
      vertex 33.706 -28.2827 32
    endloop
  endfacet
  facet normal -0 0 1
    outer loop
      vertex 28.752 -21.8 32
      vertex 33.706 -28.2827 32
      vertex 33.2554 -21.8 32
    endloop
  endfacet
  facet normal -0 0 1
    outer loop
      vertex 26.4615 -24.5297 32
      vertex 33.706 -28.2827 32
      vertex 28.752 -21.8 32
    endloop
  endfacet
  facet normal 0 0 1
    outer loop
      vertex 33.706 -28.2827 32
      vertex 27.2435 -28.9646 32
      vertex 28.2827 -33.706 32
    endloop
  endfacet
  facet normal -0 0 1
    outer loop
      vertex 25.0882 -18.6397 32
      vertex 28.752 -21.8 32
      vertex 26.5004 -17.9 32
    endloop
  endfacet
  facet normal 0 0 1
    outer loop
      vertex 33.706 -28.2827 32
      vertex 26.4615 -24.5297 32
      vertex 27.2435 -28.9646 32
    endloop
  endfacet
  facet normal 0 0 1
    outer loop
      vertex 36.0381 -1.78169 32
      vertex 31.2 -1.84752 32
      vertex 31.8064 -3.32192 32
    endloop
  endfacet
  facet normal 0 0 1
    outer loop
      vertex 28 -3.69504 32
      vertex 31.8064 -3.32192 32
      vertex 31.2 -1.84752 32
    endloop
  endfacet
  facet normal 0 0 1
    outer loop
      vertex 31.8064 -3.32192 32
      vertex 28 -3.69504 32
      vertex 31.0244 -7.75683 32
    endloop
  endfacet
  facet normal -0 0 1
    outer loop
      vertex 27.5752 -6.10436 32
      vertex 31.0244 -7.75683 32
      vertex 28 -3.69504 32
    endloop
  endfacet
  facet normal 0 0 1
    outer loop
      vertex 31.0244 -7.75683 32
      vertex 27.5752 -6.10436 32
      vertex 29.9503 -8.93493 32
    endloop
  endfacet
  facet normal 0 0 1
    outer loop
      vertex 24.8 -1.84752 32
      vertex 27.5752 -6.10436 32
      vertex 28 -3.69504 32
    endloop
  endfacet
  facet normal 0 0 1
    outer loop
      vertex 24.8 -1.84752 32
      vertex 23.9363 -6.746 32
      vertex 27.5752 -6.10436 32
    endloop
  endfacet
  facet normal 0 -0 1
    outer loop
      vertex 5.5 0 32
      vertex 24.8 1.84752 32
      vertex 5.41644 0.955065 32
    endloop
  endfacet
  facet normal 0 0 1
    outer loop
      vertex 5.41644 0.955065 32
      vertex 23.9363 6.746 32
      vertex 22.6725 10.2182 32
    endloop
  endfacet
  facet normal 0 0 1
    outer loop
      vertex 24.8 1.84752 32
      vertex 5.5 0 32
      vertex 24.8 -1.84752 32
    endloop
  endfacet
  facet normal -0 0 1
    outer loop
      vertex 23.7938 -31.8593 32
      vertex 28.2827 -33.706 32
      vertex 27.2435 -28.9646 32
    endloop
  endfacet
  facet normal 0 0 1
    outer loop
      vertex 23.7938 -31.8593 32
      vertex 22 -38.1051 32
      vertex 28.2827 -33.706 32
    endloop
  endfacet
  facet normal 0 0 1
    outer loop
      vertex 19.562 -30.3191 32
      vertex 22 -38.1051 32
      vertex 23.7938 -31.8593 32
    endloop
  endfacet
  facet normal -0 0 1
    outer loop
      vertex 14 20.5537 32
      vertex 17.8103 17.3564 32
      vertex 17.2 22.4012 32
    endloop
  endfacet
  facet normal 0 0 1
    outer loop
      vertex 5.41644 0.955065 32
      vertex 17.8103 17.3564 32
      vertex 14 20.5537 32
    endloop
  endfacet
  facet normal 0 0 1
    outer loop
      vertex 19.0741 -20.8286 32
      vertex 17.2 -22.4012 32
      vertex 18.78 -25.8842 32
    endloop
  endfacet
  facet normal 0 0 1
    outer loop
      vertex 17.2 -26.0962 32
      vertex 18.78 -25.8842 32
      vertex 17.2 -22.4012 32
    endloop
  endfacet
  facet normal 0 0 1
    outer loop
      vertex 18.78 -25.8842 32
      vertex 17.2 -26.0962 32
      vertex 19.562 -30.3191 32
    endloop
  endfacet
  facet normal 0 0 1
    outer loop
      vertex 16.4761 -32.1008 32
      vertex 19.562 -30.3191 32
      vertex 17.2 -26.0962 32
    endloop
  endfacet
  facet normal 0 0 1
    outer loop
      vertex 19.562 -30.3191 32
      vertex 16.4761 -32.1008 32
      vertex 22 -38.1051 32
    endloop
  endfacet
  facet normal -0 0 1
    outer loop
      vertex 15.6941 -36.5357 32
      vertex 22 -38.1051 32
      vertex 16.4761 -32.1008 32
    endloop
  endfacet
  facet normal 0 0 1
    outer loop
      vertex 15.6941 -36.5357 32
      vertex 15.0489 -41.3465 32
      vertex 22 -38.1051 32
    endloop
  endfacet
  facet normal -0 0 1
    outer loop
      vertex 11.4623 -38.0759 32
      vertex 15.0489 -41.3465 32
      vertex 15.6941 -36.5357 32
    endloop
  endfacet
  facet normal 0 0 1
    outer loop
      vertex 7.64052 -43.3315 32
      vertex 11.4623 -38.0759 32
      vertex 8.01257 -35.1812 32
    endloop
  endfacet
  facet normal 0 0 1
    outer loop
      vertex 11.4623 -38.0759 32
      vertex 7.64052 -43.3315 32
      vertex 15.0489 -41.3465 32
    endloop
  endfacet
  facet normal -0.81919 0.573523 0
    outer loop
      vertex -33.706 28.2827 18
      vertex -34.2817 27.4604 19.5
      vertex -33.706 28.2827 19.5
    endloop
  endfacet
  facet normal -0.819153 0.573575 0
    outer loop
      vertex -34.2817 27.4604 19.5
      vertex -34.7584 26.7796 22.3614
      vertex -34.2817 27.4604 29.5
    endloop
  endfacet
  facet normal -0.819161 0.573564 -3.96442e-06
    outer loop
      vertex -34.2817 27.4604 19.5
      vertex -35.3252 25.9701 22.3614
      vertex -34.7584 26.7796 22.3614
    endloop
  endfacet
  facet normal -0.819146 0.573584 1.17248e-05
    outer loop
      vertex -37.5294 22.8223 19.5
      vertex -35.3252 25.9701 22.3614
      vertex -34.2817 27.4604 19.5
    endloop
  endfacet
  facet normal -0.819146 0.573584 5.05748e-05
    outer loop
      vertex -37.5294 22.8223 19.5
      vertex -34.2817 27.4604 19.5
      vertex -33.706 28.2827 18
    endloop
  endfacet
  facet normal -0.819113 0.573632 0
    outer loop
      vertex -37.0527 23.503 22.3614
      vertex -37.5294 22.8223 19.5
      vertex -37.0527 23.503 26.5456
    endloop
  endfacet
  facet normal -0.819149 0.57358 1.8255e-05
    outer loop
      vertex -35.3252 25.9701 22.3614
      vertex -37.5294 22.8223 19.5
      vertex -37.0527 23.503 22.3614
    endloop
  endfacet
  facet normal -0.819158 0.573568 -3.73365e-05
    outer loop
      vertex -38.1051 22 18
      vertex -37.5294 22.8223 19.5
      vertex -33.706 28.2827 18
    endloop
  endfacet
  facet normal -0.81919 0.573523 6.85864e-18
    outer loop
      vertex -37.5294 22.8223 19.5
      vertex -38.1051 22 18
      vertex -38.1051 22 19.5
    endloop
  endfacet
  facet normal -0.81919 0.573523 4.11519e-18
    outer loop
      vertex -34.2817 27.4604 29.5
      vertex -33.706 28.2827 32
      vertex -33.706 28.2827 29.5
    endloop
  endfacet
  facet normal -0.819153 0.573575 0
    outer loop
      vertex -34.7584 26.7796 26.5456
      vertex -34.2817 27.4604 29.5
      vertex -34.7584 26.7796 22.3614
    endloop
  endfacet
  facet normal -0.819183 0.573532 1.47492e-05
    outer loop
      vertex -35.3624 25.9169 26.5456
      vertex -34.2817 27.4604 29.5
      vertex -34.7584 26.7796 26.5456
    endloop
  endfacet
  facet normal -0.819146 0.573584 -2.57219e-05
    outer loop
      vertex -37.5294 22.8223 29.5
      vertex -34.2817 27.4604 29.5
      vertex -35.3624 25.9169 26.5456
    endloop
  endfacet
  facet normal -0.819141 0.573592 -1.36592e-05
    outer loop
      vertex -37.5294 22.8223 29.5
      vertex -35.3624 25.9169 26.5456
      vertex -37.0527 23.503 26.5456
    endloop
  endfacet
  facet normal -0.819113 0.573632 0
    outer loop
      vertex -37.5294 22.8223 29.5
      vertex -37.0527 23.503 26.5456
      vertex -37.5294 22.8223 19.5
    endloop
  endfacet
  facet normal -0.819146 0.573584 -3.03449e-05
    outer loop
      vertex -34.2817 27.4604 29.5
      vertex -37.5294 22.8223 29.5
      vertex -33.706 28.2827 32
    endloop
  endfacet
  facet normal -0.81919 0.573523 0
    outer loop
      vertex -38.1051 22 32
      vertex -37.5294 22.8223 29.5
      vertex -38.1051 22 29.5
    endloop
  endfacet
  facet normal -0.819158 0.573568 2.24019e-05
    outer loop
      vertex -37.5294 22.8223 29.5
      vertex -38.1051 22 32
      vertex -33.706 28.2827 32
    endloop
  endfacet
  facet normal -0.819156 0.573571 8.45044e-18
    outer loop
      vertex -35.332 25.9605 2.5
      vertex -33.706 28.2827 5.69349
      vertex -33.706 28.2827 0
    endloop
  endfacet
  facet normal -0.819174 0.573546 2.78239e-05
    outer loop
      vertex -33.706 28.2827 5.69349
      vertex -35.332 25.9605 2.5
      vertex -34.198 27.58 5.58672
    endloop
  endfacet
  facet normal -0.81913 0.573608 0
    outer loop
      vertex -34.8575 26.6381 5.4436
      vertex -35.332 25.9605 2.5
      vertex -34.8575 26.6381 9.62787
    endloop
  endfacet
  facet normal -0.819164 0.57356 1.66398e-05
    outer loop
      vertex -34.198 27.58 5.58672
      vertex -35.332 25.9605 2.5
      vertex -34.8575 26.6381 5.4436
    endloop
  endfacet
  facet normal -0.819164 0.57356 -1.60363e-05
    outer loop
      vertex -33.706 28.2827 0
      vertex -36.4791 24.3222 2.5
      vertex -35.332 25.9605 2.5
    endloop
  endfacet
  facet normal -0.81913 0.573608 0
    outer loop
      vertex -36.9536 23.6446 7.51823
      vertex -36.4791 24.3222 2.5
      vertex -36.9536 23.6446 5.4436
    endloop
  endfacet
  facet normal -0.819158 0.573568 4.18165e-06
    outer loop
      vertex -38.1051 22 0
      vertex -36.4791 24.3222 2.5
      vertex -33.706 28.2827 0
    endloop
  endfacet
  facet normal -0.819156 0.573571 0
    outer loop
      vertex -38.1051 22 5.69349
      vertex -36.4791 24.3222 2.5
      vertex -38.1051 22 0
    endloop
  endfacet
  facet normal -0.819168 0.573554 -1.86393e-05
    outer loop
      vertex -36.4791 24.3222 2.5
      vertex -38.1051 22 5.69349
      vertex -36.9536 23.6446 5.4436
    endloop
  endfacet
  facet normal -0.819204 0.573502 -9.08016e-05
    outer loop
      vertex -35.332 25.9605 12.5
      vertex -33.706 28.2827 9.87777
      vertex -34.3301 27.3912 9.74232
    endloop
  endfacet
  facet normal -0.819115 0.573629 7.41774e-06
    outer loop
      vertex -35.332 25.9605 12.5
      vertex -34.3301 27.3912 9.74232
      vertex -34.8575 26.6381 9.62787
    endloop
  endfacet
  facet normal -0.81913 0.573608 0
    outer loop
      vertex -35.332 25.9605 12.5
      vertex -34.8575 26.6381 9.62787
      vertex -35.332 25.9605 2.5
    endloop
  endfacet
  facet normal -0.819156 0.573571 0
    outer loop
      vertex -33.706 28.2827 9.87777
      vertex -35.332 25.9605 12.5
      vertex -33.706 28.2827 14
    endloop
  endfacet
  facet normal -0.819164 0.57356 2.67271e-05
    outer loop
      vertex -36.4791 24.3222 12.5
      vertex -33.706 28.2827 14
      vertex -35.332 25.9605 12.5
    endloop
  endfacet
  facet normal -0.81913 0.573608 0
    outer loop
      vertex -36.4791 24.3222 2.5
      vertex -36.9536 23.6446 7.51823
      vertex -36.4791 24.3222 12.5
    endloop
  endfacet
  facet normal -0.81913 0.573608 0
    outer loop
      vertex -36.9536 23.6446 9.62787
      vertex -36.4791 24.3222 12.5
      vertex -36.9536 23.6446 7.51823
    endloop
  endfacet
  facet normal -0.819165 0.573558 1.77969e-05
    outer loop
      vertex -38.1051 22 9.87777
      vertex -36.4791 24.3222 12.5
      vertex -36.9536 23.6446 9.62787
    endloop
  endfacet
  facet normal -0.819158 0.573568 -6.96941e-06
    outer loop
      vertex -36.4791 24.3222 12.5
      vertex -38.1051 22 14
      vertex -33.706 28.2827 14
    endloop
  endfacet
  facet normal -0.819156 0.573571 0
    outer loop
      vertex -38.1051 22 14
      vertex -36.4791 24.3222 12.5
      vertex -38.1051 22 9.87777
    endloop
  endfacet
  facet normal 0.965928 -0.258811 0
    outer loop
      vertex 43.3315 -7.64052 32
      vertex 43.0717 -8.61014 29.5
      vertex 43.3315 -7.64052 29.5
    endloop
  endfacet
  facet normal 0.965921 -0.258835 0
    outer loop
      vertex 43.0717 -8.61014 29.5
      vertex 42.8566 -9.41285 26.5456
      vertex 43.0717 -8.61014 19.5
    endloop
  endfacet
  facet normal 0.965926 -0.258818 -5.10877e-06
    outer loop
      vertex 43.0717 -8.61014 29.5
      vertex 42.0939 -12.2593 26.5456
      vertex 42.8566 -9.41285 26.5456
    endloop
  endfacet
  facet normal 0.965928 -0.25881 -4.67673e-07
    outer loop
      vertex 41.6063 -14.0793 29.5
      vertex 43.0717 -8.61014 29.5
      vertex 43.3315 -7.64052 32
    endloop
  endfacet
  facet normal 0.965928 -0.25881 -1.58766e-05
    outer loop
      vertex 43.0717 -8.61014 29.5
      vertex 41.6063 -14.0793 29.5
      vertex 42.0939 -12.2593 26.5456
    endloop
  endfacet
  facet normal 0.965921 -0.258838 0
    outer loop
      vertex 41.8214 -13.2766 26.5456
      vertex 41.6063 -14.0793 29.5
      vertex 41.8214 -13.2766 22.3614
    endloop
  endfacet
  facet normal 0.965946 -0.258744 2.74726e-05
    outer loop
      vertex 42.0939 -12.2593 26.5456
      vertex 41.6063 -14.0793 29.5
      vertex 41.8214 -13.2766 26.5456
    endloop
  endfacet
  facet normal 0.965928 -0.258811 2.14475e-06
    outer loop
      vertex 41.3465 -15.0489 32
      vertex 41.6063 -14.0793 29.5
      vertex 43.3315 -7.64052 32
    endloop
  endfacet
  facet normal 0.965927 -0.258816 1.65254e-18
    outer loop
      vertex 41.6063 -14.0793 29.5
      vertex 41.3465 -15.0489 32
      vertex 41.3465 -15.0489 29.5
    endloop
  endfacet
  facet normal 0.965928 -0.258811 1.29069e-17
    outer loop
      vertex 43.0717 -8.61014 19.5
      vertex 43.3315 -7.64052 18
      vertex 43.3315 -7.64052 19.5
    endloop
  endfacet
  facet normal 0.965921 -0.258835 0
    outer loop
      vertex 42.8566 -9.41285 22.3614
      vertex 43.0717 -8.61014 19.5
      vertex 42.8566 -9.41285 26.5456
    endloop
  endfacet
  facet normal 0.965926 -0.258818 5.30525e-06
    outer loop
      vertex 42.0771 -12.322 22.3614
      vertex 43.0717 -8.61014 19.5
      vertex 42.8566 -9.41285 22.3614
    endloop
  endfacet
  facet normal 0.965928 -0.25881 1.64733e-05
    outer loop
      vertex 41.6063 -14.0793 19.5
      vertex 43.0717 -8.61014 19.5
      vertex 42.0771 -12.322 22.3614
    endloop
  endfacet
  facet normal 0.965947 -0.258739 -2.973e-05
    outer loop
      vertex 41.6063 -14.0793 19.5
      vertex 42.0771 -12.322 22.3614
      vertex 41.8214 -13.2766 22.3614
    endloop
  endfacet
  facet normal 0.965921 -0.258838 0
    outer loop
      vertex 41.6063 -14.0793 19.5
      vertex 41.8214 -13.2766 22.3614
      vertex 41.6063 -14.0793 29.5
    endloop
  endfacet
  facet normal 0.965928 -0.25881 7.79455e-07
    outer loop
      vertex 43.0717 -8.61014 19.5
      vertex 41.6063 -14.0793 19.5
      vertex 43.3315 -7.64052 18
    endloop
  endfacet
  facet normal 0.965927 -0.258816 0
    outer loop
      vertex 41.3465 -15.0489 18
      vertex 41.6063 -14.0793 19.5
      vertex 41.3465 -15.0489 19.5
    endloop
  endfacet
  facet normal 0.965928 -0.258811 -3.57459e-06
    outer loop
      vertex 41.6063 -14.0793 19.5
      vertex 41.3465 -15.0489 18
      vertex 43.3315 -7.64052 18
    endloop
  endfacet
  facet normal 0.965928 -0.258812 -8.29435e-18
    outer loop
      vertex 42.5978 -10.3788 12.5
      vertex 43.3315 -7.64052 9.87777
      vertex 43.3315 -7.64052 14
    endloop
  endfacet
  facet normal 0.965927 -0.258814 0
    outer loop
      vertex 42.8119 -9.57975 9.62787
      vertex 42.5978 -10.3788 12.5
      vertex 42.8119 -9.57975 5.4436
    endloop
  endfacet
  facet normal 0.965928 -0.258812 4.62588e-07
    outer loop
      vertex 43.3315 -7.64052 9.87777
      vertex 42.5978 -10.3788 12.5
      vertex 42.8119 -9.57975 9.62787
    endloop
  endfacet
  facet normal 0.965929 -0.258808 -9.31094e-06
    outer loop
      vertex 43.3315 -7.64052 14
      vertex 42.0802 -12.3106 12.5
      vertex 42.5978 -10.3788 12.5
    endloop
  endfacet
  facet normal 0.965931 -0.258799 0
    outer loop
      vertex 42.0802 -12.3106 12.5
      vertex 41.8661 -13.1097 5.4436
      vertex 42.0802 -12.3106 2.5
    endloop
  endfacet
  facet normal 0.965931 -0.258799 -2.05153e-18
    outer loop
      vertex 42.0802 -12.3106 12.5
      vertex 41.8661 -13.1097 9.62787
      vertex 41.8661 -13.1097 5.4436
    endloop
  endfacet
  facet normal 0.965917 -0.258852 1.59354e-05
    outer loop
      vertex 42.0802 -12.3106 12.5
      vertex 41.6281 -13.9978 9.74232
      vertex 41.8661 -13.1097 9.62787
    endloop
  endfacet
  facet normal 0.965928 -0.258811 2.52596e-07
    outer loop
      vertex 41.3465 -15.0489 14
      vertex 42.0802 -12.3106 12.5
      vertex 43.3315 -7.64052 14
    endloop
  endfacet
  facet normal 0.965928 -0.258811 0
    outer loop
      vertex 41.3465 -15.0489 9.87777
      vertex 42.0802 -12.3106 12.5
      vertex 41.3465 -15.0489 14
    endloop
  endfacet
  facet normal 0.965934 -0.258787 -2.68084e-05
    outer loop
      vertex 42.0802 -12.3106 12.5
      vertex 41.3465 -15.0489 9.87777
      vertex 41.6281 -13.9978 9.74232
    endloop
  endfacet
  facet normal 0.965928 -0.258812 -4.84486e-07
    outer loop
      vertex 42.5978 -10.3788 2.5
      vertex 43.3315 -7.64052 5.69349
      vertex 42.8119 -9.57975 5.4436
    endloop
  endfacet
  facet normal 0.965927 -0.258814 0
    outer loop
      vertex 42.5978 -10.3788 2.5
      vertex 42.8119 -9.57975 5.4436
      vertex 42.5978 -10.3788 12.5
    endloop
  endfacet
  facet normal 0.965928 -0.258812 0
    outer loop
      vertex 43.3315 -7.64052 5.69349
      vertex 42.5978 -10.3788 2.5
      vertex 43.3315 -7.64052 0
    endloop
  endfacet
  facet normal 0.965929 -0.258808 5.58657e-06
    outer loop
      vertex 42.0802 -12.3106 2.5
      vertex 43.3315 -7.64052 0
      vertex 42.5978 -10.3788 2.5
    endloop
  endfacet
  facet normal 0.965927 -0.258816 -5.19739e-06
    outer loop
      vertex 41.3465 -15.0489 5.69349
      vertex 42.0802 -12.3106 2.5
      vertex 41.8661 -13.1097 5.4436
    endloop
  endfacet
  facet normal 0.965928 -0.258811 -1.51557e-07
    outer loop
      vertex 42.0802 -12.3106 2.5
      vertex 41.3465 -15.0489 0
      vertex 43.3315 -7.64052 0
    endloop
  endfacet
  facet normal 0.965928 -0.258811 0
    outer loop
      vertex 41.3465 -15.0489 0
      vertex 42.0802 -12.3106 2.5
      vertex 41.3465 -15.0489 5.69349
    endloop
  endfacet
  facet normal 0.573523 -0.81919 0
    outer loop
      vertex 22 -38.1051 18
      vertex 22.8223 -37.5294 19.5
      vertex 22 -38.1051 19.5
    endloop
  endfacet
  facet normal 0.573584 -0.819146 -5.05748e-05
    outer loop
      vertex 22.8223 -37.5294 19.5
      vertex 22 -38.1051 18
      vertex 27.4604 -34.2817 19.5
    endloop
  endfacet
  facet normal 0.573568 -0.819158 3.73365e-05
    outer loop
      vertex 28.2827 -33.706 18
      vertex 27.4604 -34.2817 19.5
      vertex 22 -38.1051 18
    endloop
  endfacet
  facet normal 0.573523 -0.81919 6.85864e-18
    outer loop
      vertex 27.4604 -34.2817 19.5
      vertex 28.2827 -33.706 18
      vertex 28.2827 -33.706 19.5
    endloop
  endfacet
  facet normal 0.573592 -0.819141 -1.36592e-05
    outer loop
      vertex 25.9169 -35.3624 26.5456
      vertex 22.8223 -37.5294 29.5
      vertex 23.503 -37.0527 26.5456
    endloop
  endfacet
  facet normal 0.573632 -0.819113 7.74841e-18
    outer loop
      vertex 22.8223 -37.5294 29.5
      vertex 23.503 -37.0527 22.3614
      vertex 23.503 -37.0527 26.5456
    endloop
  endfacet
  facet normal 0.57358 -0.819149 1.8255e-05
    outer loop
      vertex 22.8223 -37.5294 19.5
      vertex 25.9701 -35.3252 22.3614
      vertex 23.503 -37.0527 22.3614
    endloop
  endfacet
  facet normal 0.573584 -0.819146 1.17248e-05
    outer loop
      vertex 27.4604 -34.2817 19.5
      vertex 25.9701 -35.3252 22.3614
      vertex 22.8223 -37.5294 19.5
    endloop
  endfacet
  facet normal 0.573632 -0.819113 0
    outer loop
      vertex 22.8223 -37.5294 19.5
      vertex 23.503 -37.0527 22.3614
      vertex 22.8223 -37.5294 29.5
    endloop
  endfacet
  facet normal 0.573523 -0.81919 4.11519e-18
    outer loop
      vertex 22.8223 -37.5294 29.5
      vertex 22 -38.1051 32
      vertex 22 -38.1051 29.5
    endloop
  endfacet
  facet normal 0.573568 -0.819158 2.24019e-05
    outer loop
      vertex 22 -38.1051 32
      vertex 22.8223 -37.5294 29.5
      vertex 28.2827 -33.706 32
    endloop
  endfacet
  facet normal 0.573584 -0.819146 -3.03449e-05
    outer loop
      vertex 27.4604 -34.2817 29.5
      vertex 28.2827 -33.706 32
      vertex 22.8223 -37.5294 29.5
    endloop
  endfacet
  facet normal 0.573523 -0.81919 0
    outer loop
      vertex 28.2827 -33.706 32
      vertex 27.4604 -34.2817 29.5
      vertex 28.2827 -33.706 29.5
    endloop
  endfacet
  facet normal 0.573584 -0.819146 -2.57219e-05
    outer loop
      vertex 22.8223 -37.5294 29.5
      vertex 25.9169 -35.3624 26.5456
      vertex 27.4604 -34.2817 29.5
    endloop
  endfacet
  facet normal 0.573532 -0.819183 1.47492e-05
    outer loop
      vertex 26.7796 -34.7584 26.5456
      vertex 27.4604 -34.2817 29.5
      vertex 25.9169 -35.3624 26.5456
    endloop
  endfacet
  facet normal 0.573575 -0.819153 0
    outer loop
      vertex 26.7796 -34.7584 22.3614
      vertex 27.4604 -34.2817 29.5
      vertex 26.7796 -34.7584 26.5456
    endloop
  endfacet
  facet normal 0.573575 -0.819153 3.19937e-18
    outer loop
      vertex 26.7796 -34.7584 22.3614
      vertex 27.4604 -34.2817 19.5
      vertex 27.4604 -34.2817 29.5
    endloop
  endfacet
  facet normal 0.573564 -0.819161 -3.96442e-06
    outer loop
      vertex 25.9701 -35.3252 22.3614
      vertex 27.4604 -34.2817 19.5
      vertex 26.7796 -34.7584 22.3614
    endloop
  endfacet
  facet normal 0.573554 -0.819168 -1.86393e-05
    outer loop
      vertex 22 -38.1051 5.69349
      vertex 24.3222 -36.4791 2.5
      vertex 23.6446 -36.9536 5.4436
    endloop
  endfacet
  facet normal 0.57356 -0.819164 1.60363e-05
    outer loop
      vertex 24.3222 -36.4791 2.5
      vertex 22 -38.1051 0
      vertex 25.9605 -35.332 2.5
    endloop
  endfacet
  facet normal 0.573571 -0.819156 0
    outer loop
      vertex 22 -38.1051 0
      vertex 24.3222 -36.4791 2.5
      vertex 22 -38.1051 5.69349
    endloop
  endfacet
  facet normal 0.573568 -0.819158 -6.96941e-06
    outer loop
      vertex 22 -38.1051 14
      vertex 24.3222 -36.4791 12.5
      vertex 28.2827 -33.706 14
    endloop
  endfacet
  facet normal 0.573571 -0.819156 0
    outer loop
      vertex 22 -38.1051 9.87777
      vertex 24.3222 -36.4791 12.5
      vertex 22 -38.1051 14
    endloop
  endfacet
  facet normal 0.573558 -0.819165 1.77969e-05
    outer loop
      vertex 23.6446 -36.9536 9.62787
      vertex 24.3222 -36.4791 12.5
      vertex 22 -38.1051 9.87777
    endloop
  endfacet
  facet normal 0.573608 -0.81913 0
    outer loop
      vertex 23.6446 -36.9536 7.51823
      vertex 24.3222 -36.4791 12.5
      vertex 23.6446 -36.9536 9.62787
    endloop
  endfacet
  facet normal 0.573608 -0.81913 8.92354e-18
    outer loop
      vertex 24.3222 -36.4791 2.5
      vertex 23.6446 -36.9536 7.51823
      vertex 23.6446 -36.9536 5.4436
    endloop
  endfacet
  facet normal 0.573608 -0.81913 1.85131e-18
    outer loop
      vertex 23.6446 -36.9536 7.51823
      vertex 24.3222 -36.4791 2.5
      vertex 24.3222 -36.4791 12.5
    endloop
  endfacet
  facet normal 0.57356 -0.819164 2.67271e-05
    outer loop
      vertex 25.9605 -35.332 12.5
      vertex 28.2827 -33.706 14
      vertex 24.3222 -36.4791 12.5
    endloop
  endfacet
  facet normal 0.573571 -0.819156 1.16715e-17
    outer loop
      vertex 25.9605 -35.332 12.5
      vertex 28.2827 -33.706 9.87777
      vertex 28.2827 -33.706 14
    endloop
  endfacet
  facet normal 0.573502 -0.819204 -9.08016e-05
    outer loop
      vertex 25.9605 -35.332 12.5
      vertex 27.3912 -34.3301 9.74232
      vertex 28.2827 -33.706 9.87777
    endloop
  endfacet
  facet normal 0.573629 -0.819115 7.41774e-06
    outer loop
      vertex 25.9605 -35.332 12.5
      vertex 26.6381 -34.8575 9.62787
      vertex 27.3912 -34.3301 9.74232
    endloop
  endfacet
  facet normal 0.573608 -0.81913 -1.48003e-18
    outer loop
      vertex 25.9605 -35.332 12.5
      vertex 26.6381 -34.8575 5.4436
      vertex 26.6381 -34.8575 9.62787
    endloop
  endfacet
  facet normal 0.573608 -0.81913 -6.19286e-19
    outer loop
      vertex 26.6381 -34.8575 5.4436
      vertex 25.9605 -35.332 12.5
      vertex 25.9605 -35.332 2.5
    endloop
  endfacet
  facet normal 0.57356 -0.819164 1.66398e-05
    outer loop
      vertex 25.9605 -35.332 2.5
      vertex 27.58 -34.198 5.58672
      vertex 26.6381 -34.8575 5.4436
    endloop
  endfacet
  facet normal 0.573546 -0.819174 2.78239e-05
    outer loop
      vertex 25.9605 -35.332 2.5
      vertex 28.2827 -33.706 5.69349
      vertex 27.58 -34.198 5.58672
    endloop
  endfacet
  facet normal 0.573571 -0.819156 8.45044e-18
    outer loop
      vertex 25.9605 -35.332 2.5
      vertex 28.2827 -33.706 0
      vertex 28.2827 -33.706 5.69349
    endloop
  endfacet
  facet normal 0.573568 -0.819158 -4.18165e-06
    outer loop
      vertex 28.2827 -33.706 0
      vertex 25.9605 -35.332 2.5
      vertex 22 -38.1051 0
    endloop
  endfacet
  facet normal -0.707089 -0.707124 -1.86743e-17
    outer loop
      vertex -31.7014 -30.2872 2.5
      vertex -33.706 -28.2827 5.69349
      vertex -33.706 -28.2827 0
    endloop
  endfacet
  facet normal -0.707107 -0.707107 -1.00455e-17
    outer loop
      vertex -31.7014 -30.2872 2.5
      vertex -32.2863 -29.7023 7.51823
      vertex -32.2863 -29.7023 5.4436
    endloop
  endfacet
  facet normal -0.707107 -0.707107 -0
    outer loop
      vertex -31.7014 -30.2872 12.5
      vertex -32.2863 -29.7023 7.51823
      vertex -31.7014 -30.2872 2.5
    endloop
  endfacet
  facet normal -0.707081 -0.707133 1.02558e-05
    outer loop
      vertex -33.706 -28.2827 5.69349
      vertex -31.7014 -30.2872 2.5
      vertex -32.2863 -29.7023 5.4436
    endloop
  endfacet
  facet normal -0.707107 -0.707107 2.82843e-05
    outer loop
      vertex -33.706 -28.2827 0
      vertex -30.2872 -31.7014 2.5
      vertex -31.7014 -30.2872 2.5
    endloop
  endfacet
  facet normal -0.707107 -0.707107 -0
    outer loop
      vertex -29.7023 -32.2863 7.51823
      vertex -30.2872 -31.7014 2.5
      vertex -29.7023 -32.2863 5.4436
    endloop
  endfacet
  facet normal -0.707107 -0.707107 2.82843e-05
    outer loop
      vertex -28.2827 -33.706 0
      vertex -30.2872 -31.7014 2.5
      vertex -33.706 -28.2827 0
    endloop
  endfacet
  facet normal -0.707124 -0.707089 -0
    outer loop
      vertex -28.2827 -33.706 5.69349
      vertex -30.2872 -31.7014 2.5
      vertex -28.2827 -33.706 0
    endloop
  endfacet
  facet normal -0.707133 -0.707081 1.02558e-05
    outer loop
      vertex -30.2872 -31.7014 2.5
      vertex -28.2827 -33.706 5.69349
      vertex -29.7023 -32.2863 5.4436
    endloop
  endfacet
  facet normal -0.707083 -0.707131 -9.79231e-06
    outer loop
      vertex -31.7014 -30.2872 12.5
      vertex -33.706 -28.2827 9.87777
      vertex -32.2863 -29.7023 9.62787
    endloop
  endfacet
  facet normal -0.707107 -0.707107 0
    outer loop
      vertex -32.2863 -29.7023 7.51823
      vertex -31.7014 -30.2872 12.5
      vertex -32.2863 -29.7023 9.62787
    endloop
  endfacet
  facet normal -0.707089 -0.707124 0
    outer loop
      vertex -33.706 -28.2827 9.87777
      vertex -31.7014 -30.2872 12.5
      vertex -33.706 -28.2827 14
    endloop
  endfacet
  facet normal -0.707107 -0.707107 -4.71405e-05
    outer loop
      vertex -30.2872 -31.7014 12.5
      vertex -33.706 -28.2827 14
      vertex -31.7014 -30.2872 12.5
    endloop
  endfacet
  facet normal -0.707107 -0.707107 0
    outer loop
      vertex -30.2872 -31.7014 2.5
      vertex -29.7023 -32.2863 7.51823
      vertex -30.2872 -31.7014 12.5
    endloop
  endfacet
  facet normal -0.707107 -0.707107 -0
    outer loop
      vertex -29.7023 -32.2863 9.62787
      vertex -30.2872 -31.7014 12.5
      vertex -29.7023 -32.2863 7.51823
    endloop
  endfacet
  facet normal -0.707131 -0.707083 -9.79231e-06
    outer loop
      vertex -28.2827 -33.706 9.87777
      vertex -30.2872 -31.7014 12.5
      vertex -29.7023 -32.2863 9.62787
    endloop
  endfacet
  facet normal -0.707107 -0.707107 -4.71405e-05
    outer loop
      vertex -30.2872 -31.7014 12.5
      vertex -28.2827 -33.706 14
      vertex -33.706 -28.2827 14
    endloop
  endfacet
  facet normal -0.707124 -0.707089 -0
    outer loop
      vertex -28.2827 -33.706 14
      vertex -30.2872 -31.7014 12.5
      vertex -28.2827 -33.706 9.87777
    endloop
  endfacet
  facet normal -0.707057 -0.707157 0
    outer loop
      vertex -33.706 -28.2827 18
      vertex -32.9961 -28.9925 19.5
      vertex -33.706 -28.2827 19.5
    endloop
  endfacet
  facet normal -0.707107 -0.707107 -0
    outer loop
      vertex -32.4085 -29.5801 24.387
      vertex -32.9961 -28.9925 19.5
      vertex -32.4085 -29.5801 22.3614
    endloop
  endfacet
  facet normal -0.707107 -0.707107 1.8775e-17
    outer loop
      vertex -32.9961 -28.9925 19.5
      vertex -29.5801 -32.4085 22.3614
      vertex -32.4085 -29.5801 22.3614
    endloop
  endfacet
  facet normal -0.707107 -0.707107 4.71405e-05
    outer loop
      vertex -28.9925 -32.9961 19.5
      vertex -32.9961 -28.9925 19.5
      vertex -33.706 -28.2827 18
    endloop
  endfacet
  facet normal -0.707107 -0.707107 1.52171e-17
    outer loop
      vertex -28.9925 -32.9961 19.5
      vertex -29.5801 -32.4085 24.387
      vertex -29.5801 -32.4085 22.3614
    endloop
  endfacet
  facet normal -0.707107 -0.707107 -0
    outer loop
      vertex -28.9925 -32.9961 29.5
      vertex -29.5801 -32.4085 24.387
      vertex -28.9925 -32.9961 19.5
    endloop
  endfacet
  facet normal -0.707107 -0.707107 4.93078e-17
    outer loop
      vertex -32.9961 -28.9925 19.5
      vertex -28.9925 -32.9961 19.5
      vertex -29.5801 -32.4085 22.3614
    endloop
  endfacet
  facet normal -0.707107 -0.707107 4.71405e-05
    outer loop
      vertex -28.2827 -33.706 18
      vertex -28.9925 -32.9961 19.5
      vertex -33.706 -28.2827 18
    endloop
  endfacet
  facet normal -0.707157 -0.707057 3.08163e-17
    outer loop
      vertex -28.9925 -32.9961 19.5
      vertex -28.2827 -33.706 18
      vertex -28.2827 -33.706 19.5
    endloop
  endfacet
  facet normal -0.707057 -0.707157 1.84898e-17
    outer loop
      vertex -32.9961 -28.9925 29.5
      vertex -33.706 -28.2827 32
      vertex -33.706 -28.2827 29.5
    endloop
  endfacet
  facet normal -0.707107 -0.707107 0
    outer loop
      vertex -32.9961 -28.9925 19.5
      vertex -32.4085 -29.5801 24.387
      vertex -32.9961 -28.9925 29.5
    endloop
  endfacet
  facet normal -0.707107 -0.707107 -0
    outer loop
      vertex -32.4085 -29.5801 26.5456
      vertex -32.9961 -28.9925 29.5
      vertex -32.4085 -29.5801 24.387
    endloop
  endfacet
  facet normal -0.707107 -0.707107 -4.39645e-17
    outer loop
      vertex -29.5801 -32.4085 26.5456
      vertex -32.9961 -28.9925 29.5
      vertex -32.4085 -29.5801 26.5456
    endloop
  endfacet
  facet normal -0.707107 -0.707107 -1.21593e-17
    outer loop
      vertex -28.9925 -32.9961 29.5
      vertex -32.9961 -28.9925 29.5
      vertex -29.5801 -32.4085 26.5456
    endloop
  endfacet
  facet normal -0.707107 -0.707107 0
    outer loop
      vertex -29.5801 -32.4085 24.387
      vertex -28.9925 -32.9961 29.5
      vertex -29.5801 -32.4085 26.5456
    endloop
  endfacet
  facet normal -0.707107 -0.707107 -2.82843e-05
    outer loop
      vertex -32.9961 -28.9925 29.5
      vertex -28.9925 -32.9961 29.5
      vertex -33.706 -28.2827 32
    endloop
  endfacet
  facet normal -0.707157 -0.707057 -0
    outer loop
      vertex -28.2827 -33.706 32
      vertex -28.9925 -32.9961 29.5
      vertex -28.2827 -33.706 29.5
    endloop
  endfacet
  facet normal -0.707107 -0.707107 -2.82843e-05
    outer loop
      vertex -28.9925 -32.9961 29.5
      vertex -28.2827 -33.706 32
      vertex -33.706 -28.2827 32
    endloop
  endfacet
  facet normal -0.965928 -0.258811 0
    outer loop
      vertex -43.3315 -7.64052 18
      vertex -43.0717 -8.61014 19.5
      vertex -43.3315 -7.64052 19.5
    endloop
  endfacet
  facet normal -0.965921 -0.258835 0
    outer loop
      vertex -43.0717 -8.61014 19.5
      vertex -42.8566 -9.41285 22.3614
      vertex -43.0717 -8.61014 29.5
    endloop
  endfacet
  facet normal -0.965926 -0.258818 5.30525e-06
    outer loop
      vertex -43.0717 -8.61014 19.5
      vertex -42.0771 -12.322 22.3614
      vertex -42.8566 -9.41285 22.3614
    endloop
  endfacet
  facet normal -0.965928 -0.25881 7.79455e-07
    outer loop
      vertex -41.6063 -14.0793 19.5
      vertex -43.0717 -8.61014 19.5
      vertex -43.3315 -7.64052 18
    endloop
  endfacet
  facet normal -0.965928 -0.25881 1.64733e-05
    outer loop
      vertex -43.0717 -8.61014 19.5
      vertex -41.6063 -14.0793 19.5
      vertex -42.0771 -12.322 22.3614
    endloop
  endfacet
  facet normal -0.965921 -0.258838 0
    outer loop
      vertex -41.8214 -13.2766 22.3614
      vertex -41.6063 -14.0793 19.5
      vertex -41.8214 -13.2766 26.5456
    endloop
  endfacet
  facet normal -0.965947 -0.258739 -2.973e-05
    outer loop
      vertex -42.0771 -12.322 22.3614
      vertex -41.6063 -14.0793 19.5
      vertex -41.8214 -13.2766 22.3614
    endloop
  endfacet
  facet normal -0.965928 -0.258811 -3.57459e-06
    outer loop
      vertex -41.3465 -15.0489 18
      vertex -41.6063 -14.0793 19.5
      vertex -43.3315 -7.64052 18
    endloop
  endfacet
  facet normal -0.965927 -0.258816 -2.75424e-18
    outer loop
      vertex -41.6063 -14.0793 19.5
      vertex -41.3465 -15.0489 18
      vertex -41.3465 -15.0489 19.5
    endloop
  endfacet
  facet normal -0.965928 -0.258811 -7.74413e-18
    outer loop
      vertex -43.0717 -8.61014 29.5
      vertex -43.3315 -7.64052 32
      vertex -43.3315 -7.64052 29.5
    endloop
  endfacet
  facet normal -0.965921 -0.258835 -0
    outer loop
      vertex -42.8566 -9.41285 26.5456
      vertex -43.0717 -8.61014 29.5
      vertex -42.8566 -9.41285 22.3614
    endloop
  endfacet
  facet normal -0.965926 -0.258818 -5.10877e-06
    outer loop
      vertex -42.0939 -12.2593 26.5456
      vertex -43.0717 -8.61014 29.5
      vertex -42.8566 -9.41285 26.5456
    endloop
  endfacet
  facet normal -0.965928 -0.25881 -1.58766e-05
    outer loop
      vertex -41.6063 -14.0793 29.5
      vertex -43.0717 -8.61014 29.5
      vertex -42.0939 -12.2593 26.5456
    endloop
  endfacet
  facet normal -0.965946 -0.258744 2.74726e-05
    outer loop
      vertex -41.6063 -14.0793 29.5
      vertex -42.0939 -12.2593 26.5456
      vertex -41.8214 -13.2766 26.5456
    endloop
  endfacet
  facet normal -0.965921 -0.258838 -0
    outer loop
      vertex -41.6063 -14.0793 29.5
      vertex -41.8214 -13.2766 26.5456
      vertex -41.6063 -14.0793 19.5
    endloop
  endfacet
  facet normal -0.965928 -0.25881 -4.67673e-07
    outer loop
      vertex -43.0717 -8.61014 29.5
      vertex -41.6063 -14.0793 29.5
      vertex -43.3315 -7.64052 32
    endloop
  endfacet
  facet normal -0.965927 -0.258816 -0
    outer loop
      vertex -41.3465 -15.0489 32
      vertex -41.6063 -14.0793 29.5
      vertex -41.3465 -15.0489 29.5
    endloop
  endfacet
  facet normal -0.965928 -0.258811 2.14475e-06
    outer loop
      vertex -41.6063 -14.0793 29.5
      vertex -41.3465 -15.0489 32
      vertex -43.3315 -7.64052 32
    endloop
  endfacet
  facet normal -0.965928 -0.258812 6.00532e-18
    outer loop
      vertex -42.5978 -10.3788 2.5
      vertex -43.3315 -7.64052 5.69349
      vertex -43.3315 -7.64052 0
    endloop
  endfacet
  facet normal -0.965927 -0.258814 0
    outer loop
      vertex -42.8119 -9.57975 5.4436
      vertex -42.5978 -10.3788 2.5
      vertex -42.8119 -9.57975 9.62787
    endloop
  endfacet
  facet normal -0.965928 -0.258812 -4.84486e-07
    outer loop
      vertex -43.3315 -7.64052 5.69349
      vertex -42.5978 -10.3788 2.5
      vertex -42.8119 -9.57975 5.4436
    endloop
  endfacet
  facet normal -0.965929 -0.258808 5.58657e-06
    outer loop
      vertex -43.3315 -7.64052 0
      vertex -42.0802 -12.3106 2.5
      vertex -42.5978 -10.3788 2.5
    endloop
  endfacet
  facet normal -0.965931 -0.258799 0
    outer loop
      vertex -42.0802 -12.3106 2.5
      vertex -41.8661 -13.1097 5.4436
      vertex -42.0802 -12.3106 12.5
    endloop
  endfacet
  facet normal -0.965928 -0.258811 -1.51557e-07
    outer loop
      vertex -41.3465 -15.0489 0
      vertex -42.0802 -12.3106 2.5
      vertex -43.3315 -7.64052 0
    endloop
  endfacet
  facet normal -0.965928 -0.258811 -0
    outer loop
      vertex -41.3465 -15.0489 5.69349
      vertex -42.0802 -12.3106 2.5
      vertex -41.3465 -15.0489 0
    endloop
  endfacet
  facet normal -0.965927 -0.258816 -5.19739e-06
    outer loop
      vertex -42.0802 -12.3106 2.5
      vertex -41.3465 -15.0489 5.69349
      vertex -41.8661 -13.1097 5.4436
    endloop
  endfacet
  facet normal -0.965928 -0.258812 4.62588e-07
    outer loop
      vertex -42.5978 -10.3788 12.5
      vertex -43.3315 -7.64052 9.87777
      vertex -42.8119 -9.57975 9.62787
    endloop
  endfacet
  facet normal -0.965927 -0.258814 -0
    outer loop
      vertex -42.5978 -10.3788 12.5
      vertex -42.8119 -9.57975 9.62787
      vertex -42.5978 -10.3788 2.5
    endloop
  endfacet
  facet normal -0.965928 -0.258812 0
    outer loop
      vertex -43.3315 -7.64052 9.87777
      vertex -42.5978 -10.3788 12.5
      vertex -43.3315 -7.64052 14
    endloop
  endfacet
  facet normal -0.965929 -0.258808 -9.31094e-06
    outer loop
      vertex -42.0802 -12.3106 12.5
      vertex -43.3315 -7.64052 14
      vertex -42.5978 -10.3788 12.5
    endloop
  endfacet
  facet normal -0.965931 -0.258799 -0
    outer loop
      vertex -41.8661 -13.1097 9.62787
      vertex -42.0802 -12.3106 12.5
      vertex -41.8661 -13.1097 5.4436
    endloop
  endfacet
  facet normal -0.965917 -0.258852 1.59354e-05
    outer loop
      vertex -41.6281 -13.9978 9.74232
      vertex -42.0802 -12.3106 12.5
      vertex -41.8661 -13.1097 9.62787
    endloop
  endfacet
  facet normal -0.965934 -0.258787 -2.68084e-05
    outer loop
      vertex -41.3465 -15.0489 9.87777
      vertex -42.0802 -12.3106 12.5
      vertex -41.6281 -13.9978 9.74232
    endloop
  endfacet
  facet normal -0.965928 -0.258811 2.52596e-07
    outer loop
      vertex -42.0802 -12.3106 12.5
      vertex -41.3465 -15.0489 14
      vertex -43.3315 -7.64052 14
    endloop
  endfacet
  facet normal -0.965928 -0.258811 -0
    outer loop
      vertex -41.3465 -15.0489 14
      vertex -42.0802 -12.3106 12.5
      vertex -41.3465 -15.0489 9.87777
    endloop
  endfacet
  facet normal -0.819156 -0.573571 -8.45044e-18
    outer loop
      vertex -36.4791 -24.3222 2.5
      vertex -38.1051 -22 5.69349
      vertex -38.1051 -22 0
    endloop
  endfacet
  facet normal -0.81913 -0.573608 -8.92354e-18
    outer loop
      vertex -36.4791 -24.3222 2.5
      vertex -36.9536 -23.6446 7.51823
      vertex -36.9536 -23.6446 5.4436
    endloop
  endfacet
  facet normal -0.81913 -0.573608 -0
    outer loop
      vertex -36.4791 -24.3222 12.5
      vertex -36.9536 -23.6446 7.51823
      vertex -36.4791 -24.3222 2.5
    endloop
  endfacet
  facet normal -0.819168 -0.573554 -1.86393e-05
    outer loop
      vertex -38.1051 -22 5.69349
      vertex -36.4791 -24.3222 2.5
      vertex -36.9536 -23.6446 5.4436
    endloop
  endfacet
  facet normal -0.819164 -0.57356 1.60363e-05
    outer loop
      vertex -38.1051 -22 0
      vertex -35.332 -25.9605 2.5
      vertex -36.4791 -24.3222 2.5
    endloop
  endfacet
  facet normal -0.81913 -0.573608 0
    outer loop
      vertex -35.332 -25.9605 2.5
      vertex -34.8575 -26.6381 5.4436
      vertex -35.332 -25.9605 12.5
    endloop
  endfacet
  facet normal -0.819164 -0.57356 1.66398e-05
    outer loop
      vertex -35.332 -25.9605 2.5
      vertex -34.198 -27.58 5.58672
      vertex -34.8575 -26.6381 5.4436
    endloop
  endfacet
  facet normal -0.819158 -0.573568 -4.18165e-06
    outer loop
      vertex -33.706 -28.2827 0
      vertex -35.332 -25.9605 2.5
      vertex -38.1051 -22 0
    endloop
  endfacet
  facet normal -0.819156 -0.573571 -0
    outer loop
      vertex -33.706 -28.2827 5.69349
      vertex -35.332 -25.9605 2.5
      vertex -33.706 -28.2827 0
    endloop
  endfacet
  facet normal -0.819174 -0.573546 2.78239e-05
    outer loop
      vertex -35.332 -25.9605 2.5
      vertex -33.706 -28.2827 5.69349
      vertex -34.198 -27.58 5.58672
    endloop
  endfacet
  facet normal -0.819165 -0.573558 1.77969e-05
    outer loop
      vertex -36.4791 -24.3222 12.5
      vertex -38.1051 -22 9.87777
      vertex -36.9536 -23.6446 9.62787
    endloop
  endfacet
  facet normal -0.81913 -0.573608 0
    outer loop
      vertex -36.9536 -23.6446 7.51823
      vertex -36.4791 -24.3222 12.5
      vertex -36.9536 -23.6446 9.62787
    endloop
  endfacet
  facet normal -0.819156 -0.573571 0
    outer loop
      vertex -38.1051 -22 9.87777
      vertex -36.4791 -24.3222 12.5
      vertex -38.1051 -22 14
    endloop
  endfacet
  facet normal -0.819164 -0.57356 -2.67271e-05
    outer loop
      vertex -35.332 -25.9605 12.5
      vertex -38.1051 -22 14
      vertex -36.4791 -24.3222 12.5
    endloop
  endfacet
  facet normal -0.81913 -0.573608 -0
    outer loop
      vertex -34.8575 -26.6381 9.62787
      vertex -35.332 -25.9605 12.5
      vertex -34.8575 -26.6381 5.4436
    endloop
  endfacet
  facet normal -0.819115 -0.573629 7.41774e-06
    outer loop
      vertex -34.3301 -27.3912 9.74232
      vertex -35.332 -25.9605 12.5
      vertex -34.8575 -26.6381 9.62787
    endloop
  endfacet
  facet normal -0.819204 -0.573502 -9.08016e-05
    outer loop
      vertex -33.706 -28.2827 9.87777
      vertex -35.332 -25.9605 12.5
      vertex -34.3301 -27.3912 9.74232
    endloop
  endfacet
  facet normal -0.819158 -0.573568 6.96941e-06
    outer loop
      vertex -35.332 -25.9605 12.5
      vertex -33.706 -28.2827 14
      vertex -38.1051 -22 14
    endloop
  endfacet
  facet normal -0.819156 -0.573571 -0
    outer loop
      vertex -33.706 -28.2827 14
      vertex -35.332 -25.9605 12.5
      vertex -33.706 -28.2827 9.87777
    endloop
  endfacet
  facet normal -0.81919 -0.573523 0
    outer loop
      vertex -38.1051 -22 18
      vertex -37.5294 -22.8223 19.5
      vertex -38.1051 -22 19.5
    endloop
  endfacet
  facet normal -0.819113 -0.573632 0
    outer loop
      vertex -37.5294 -22.8223 19.5
      vertex -37.0527 -23.503 22.3614
      vertex -37.5294 -22.8223 29.5
    endloop
  endfacet
  facet normal -0.819149 -0.57358 1.8255e-05
    outer loop
      vertex -37.5294 -22.8223 19.5
      vertex -35.3252 -25.9701 22.3614
      vertex -37.0527 -23.503 22.3614
    endloop
  endfacet
  facet normal -0.819146 -0.573584 -5.05748e-05
    outer loop
      vertex -34.2817 -27.4604 19.5
      vertex -37.5294 -22.8223 19.5
      vertex -38.1051 -22 18
    endloop
  endfacet
  facet normal -0.819146 -0.573584 1.17248e-05
    outer loop
      vertex -37.5294 -22.8223 19.5
      vertex -34.2817 -27.4604 19.5
      vertex -35.3252 -25.9701 22.3614
    endloop
  endfacet
  facet normal -0.819153 -0.573575 0
    outer loop
      vertex -34.7584 -26.7796 22.3614
      vertex -34.2817 -27.4604 19.5
      vertex -34.7584 -26.7796 26.5456
    endloop
  endfacet
  facet normal -0.819161 -0.573564 -3.96442e-06
    outer loop
      vertex -35.3252 -25.9701 22.3614
      vertex -34.2817 -27.4604 19.5
      vertex -34.7584 -26.7796 22.3614
    endloop
  endfacet
  facet normal -0.819158 -0.573568 3.73365e-05
    outer loop
      vertex -33.706 -28.2827 18
      vertex -34.2817 -27.4604 19.5
      vertex -38.1051 -22 18
    endloop
  endfacet
  facet normal -0.81919 -0.573523 -6.85864e-18
    outer loop
      vertex -34.2817 -27.4604 19.5
      vertex -33.706 -28.2827 18
      vertex -33.706 -28.2827 19.5
    endloop
  endfacet
  facet normal -0.81919 -0.573523 -4.11519e-18
    outer loop
      vertex -37.5294 -22.8223 29.5
      vertex -38.1051 -22 32
      vertex -38.1051 -22 29.5
    endloop
  endfacet
  facet normal -0.819113 -0.573632 -0
    outer loop
      vertex -37.0527 -23.503 26.5456
      vertex -37.5294 -22.8223 29.5
      vertex -37.0527 -23.503 22.3614
    endloop
  endfacet
  facet normal -0.819141 -0.573592 -1.36592e-05
    outer loop
      vertex -35.3624 -25.9169 26.5456
      vertex -37.5294 -22.8223 29.5
      vertex -37.0527 -23.503 26.5456
    endloop
  endfacet
  facet normal -0.819146 -0.573584 -2.57219e-05
    outer loop
      vertex -34.2817 -27.4604 29.5
      vertex -37.5294 -22.8223 29.5
      vertex -35.3624 -25.9169 26.5456
    endloop
  endfacet
  facet normal -0.819183 -0.573532 1.47492e-05
    outer loop
      vertex -34.2817 -27.4604 29.5
      vertex -35.3624 -25.9169 26.5456
      vertex -34.7584 -26.7796 26.5456
    endloop
  endfacet
  facet normal -0.819153 -0.573575 -0
    outer loop
      vertex -34.2817 -27.4604 29.5
      vertex -34.7584 -26.7796 26.5456
      vertex -34.2817 -27.4604 19.5
    endloop
  endfacet
  facet normal -0.819146 -0.573584 3.03449e-05
    outer loop
      vertex -37.5294 -22.8223 29.5
      vertex -34.2817 -27.4604 29.5
      vertex -38.1051 -22 32
    endloop
  endfacet
  facet normal -0.81919 -0.573523 -0
    outer loop
      vertex -33.706 -28.2827 32
      vertex -34.2817 -27.4604 29.5
      vertex -33.706 -28.2827 29.5
    endloop
  endfacet
  facet normal -0.819158 -0.573568 -2.24019e-05
    outer loop
      vertex -34.2817 -27.4604 29.5
      vertex -33.706 -28.2827 32
      vertex -38.1051 -22 32
    endloop
  endfacet
  facet normal 0.906287 -0.422662 0
    outer loop
      vertex 41.3465 -15.0489 32
      vertex 40.9222 -15.9587 29.5
      vertex 41.3465 -15.0489 29.5
    endloop
  endfacet
  facet normal 0.906297 -0.422642 0
    outer loop
      vertex 40.571 -16.7118 24.387
      vertex 40.9222 -15.9587 29.5
      vertex 40.571 -16.7118 26.5456
    endloop
  endfacet
  facet normal 0.906341 -0.422548 -2.92153e-05
    outer loop
      vertex 40.9222 -15.9587 29.5
      vertex 40.126 -17.6663 26.5456
      vertex 40.571 -16.7118 26.5456
    endloop
  endfacet
  facet normal 0.906312 -0.42261 -2.30316e-05
    outer loop
      vertex 38.5294 -21.0902 29.5
      vertex 40.9222 -15.9587 29.5
      vertex 41.3465 -15.0489 32
    endloop
  endfacet
  facet normal 0.906312 -0.42261 1.46452e-05
    outer loop
      vertex 40.9222 -15.9587 29.5
      vertex 38.5294 -21.0902 29.5
      vertex 40.126 -17.6663 26.5456
    endloop
  endfacet
  facet normal 0.906297 -0.422642 0
    outer loop
      vertex 38.8806 -20.3371 26.5456
      vertex 38.5294 -21.0902 29.5
      vertex 38.8806 -20.3371 24.4763
    endloop
  endfacet
  facet normal 0.90631 -0.422614 8.52485e-06
    outer loop
      vertex 40.126 -17.6663 26.5456
      vertex 38.5294 -21.0902 29.5
      vertex 38.8806 -20.3371 26.5456
    endloop
  endfacet
  facet normal 0.906305 -0.422623 1.70025e-05
    outer loop
      vertex 38.1051 -22 32
      vertex 38.5294 -21.0902 29.5
      vertex 41.3465 -15.0489 32
    endloop
  endfacet
  facet normal 0.906287 -0.422662 7.09571e-18
    outer loop
      vertex 38.5294 -21.0902 29.5
      vertex 38.1051 -22 32
      vertex 38.1051 -22 29.5
    endloop
  endfacet
  facet normal 0.906287 -0.422662 1.18262e-17
    outer loop
      vertex 40.9222 -15.9587 19.5
      vertex 41.3465 -15.0489 18
      vertex 41.3465 -15.0489 19.5
    endloop
  endfacet
  facet normal 0.906297 -0.422642 0
    outer loop
      vertex 40.9222 -15.9587 29.5
      vertex 40.571 -16.7118 24.387
      vertex 40.9222 -15.9587 19.5
    endloop
  endfacet
  facet normal 0.906297 -0.422642 0
    outer loop
      vertex 40.571 -16.7118 22.3614
      vertex 40.9222 -15.9587 19.5
      vertex 40.571 -16.7118 24.387
    endloop
  endfacet
  facet normal 0.906312 -0.422609 1.04249e-05
    outer loop
      vertex 39.2982 -19.4414 22.3614
      vertex 40.9222 -15.9587 19.5
      vertex 40.571 -16.7118 22.3614
    endloop
  endfacet
  facet normal 0.906312 -0.42261 9.3475e-06
    outer loop
      vertex 38.5294 -21.0902 19.5
      vertex 40.9222 -15.9587 19.5
      vertex 39.2982 -19.4414 22.3614
    endloop
  endfacet
  facet normal 0.906336 -0.422559 -2.66212e-05
    outer loop
      vertex 38.5294 -21.0902 19.5
      vertex 39.2982 -19.4414 22.3614
      vertex 38.8806 -20.3371 22.3614
    endloop
  endfacet
  facet normal 0.906297 -0.422642 0
    outer loop
      vertex 38.5294 -21.0902 19.5
      vertex 38.8806 -20.3371 24.4763
      vertex 38.5294 -21.0902 29.5
    endloop
  endfacet
  facet normal 0.906297 -0.422642 0
    outer loop
      vertex 38.8806 -20.3371 24.4763
      vertex 38.5294 -21.0902 19.5
      vertex 38.8806 -20.3371 22.3614
    endloop
  endfacet
  facet normal 0.906312 -0.42261 3.8386e-05
    outer loop
      vertex 40.9222 -15.9587 19.5
      vertex 38.5294 -21.0902 19.5
      vertex 41.3465 -15.0489 18
    endloop
  endfacet
  facet normal 0.906287 -0.422662 0
    outer loop
      vertex 38.1051 -22 18
      vertex 38.5294 -21.0902 19.5
      vertex 38.1051 -22 19.5
    endloop
  endfacet
  facet normal 0.906305 -0.422623 -2.83374e-05
    outer loop
      vertex 38.5294 -21.0902 19.5
      vertex 38.1051 -22 18
      vertex 41.3465 -15.0489 18
    endloop
  endfacet
  facet normal 0.906299 -0.422636 -1.29891e-17
    outer loop
      vertex 40.1484 -17.6181 12.5
      vertex 41.3465 -15.0489 9.87777
      vertex 41.3465 -15.0489 14
    endloop
  endfacet
  facet normal 0.906304 -0.422627 1.32333e-17
    outer loop
      vertex 40.1484 -17.6181 12.5
      vertex 40.498 -16.8684 7.51823
      vertex 40.498 -16.8684 9.62787
    endloop
  endfacet
  facet normal 0.906304 -0.422627 0
    outer loop
      vertex 40.1484 -17.6181 2.5
      vertex 40.498 -16.8684 7.51823
      vertex 40.1484 -17.6181 12.5
    endloop
  endfacet
  facet normal 0.906298 -0.42264 -3.89261e-06
    outer loop
      vertex 41.3465 -15.0489 9.87777
      vertex 40.1484 -17.6181 12.5
      vertex 40.498 -16.8684 9.62787
    endloop
  endfacet
  facet normal 0.906313 -0.422606 -6.27409e-05
    outer loop
      vertex 41.3465 -15.0489 14
      vertex 39.3032 -19.4307 12.5
      vertex 40.1484 -17.6181 12.5
    endloop
  endfacet
  facet normal 0.906325 -0.422581 0
    outer loop
      vertex 39.3032 -19.4307 12.5
      vertex 38.9536 -20.1805 9.62787
      vertex 39.3032 -19.4307 2.5
    endloop
  endfacet
  facet normal 0.906305 -0.422623 -1.40031e-06
    outer loop
      vertex 38.1051 -22 14
      vertex 39.3032 -19.4307 12.5
      vertex 41.3465 -15.0489 14
    endloop
  endfacet
  facet normal 0.906306 -0.422623 0
    outer loop
      vertex 38.1051 -22 9.87777
      vertex 39.3032 -19.4307 12.5
      vertex 38.1051 -22 14
    endloop
  endfacet
  facet normal 0.906299 -0.422638 1.80985e-05
    outer loop
      vertex 39.3032 -19.4307 12.5
      vertex 38.1051 -22 9.87777
      vertex 38.9536 -20.1805 9.62787
    endloop
  endfacet
  facet normal 0.906313 -0.422608 -2.78833e-05
    outer loop
      vertex 40.1484 -17.6181 2.5
      vertex 41.3465 -15.0489 5.69349
      vertex 40.984 -15.8263 5.58672
    endloop
  endfacet
  facet normal 0.906287 -0.422663 1.10338e-05
    outer loop
      vertex 40.1484 -17.6181 2.5
      vertex 40.984 -15.8263 5.58672
      vertex 40.498 -16.8684 5.4436
    endloop
  endfacet
  facet normal 0.906304 -0.422627 0
    outer loop
      vertex 40.498 -16.8684 7.51823
      vertex 40.1484 -17.6181 2.5
      vertex 40.498 -16.8684 5.4436
    endloop
  endfacet
  facet normal 0.906299 -0.422636 0
    outer loop
      vertex 41.3465 -15.0489 5.69349
      vertex 40.1484 -17.6181 2.5
      vertex 41.3465 -15.0489 0
    endloop
  endfacet
  facet normal 0.906313 -0.422606 3.76446e-05
    outer loop
      vertex 39.3032 -19.4307 2.5
      vertex 41.3465 -15.0489 0
      vertex 40.1484 -17.6181 2.5
    endloop
  endfacet
  facet normal 0.906325 -0.422581 0
    outer loop
      vertex 38.9536 -20.1805 5.4436
      vertex 39.3032 -19.4307 2.5
      vertex 38.9536 -20.1805 9.62787
    endloop
  endfacet
  facet normal 0.906286 -0.422665 -2.5913e-05
    outer loop
      vertex 38.4676 -21.2226 5.58672
      vertex 39.3032 -19.4307 2.5
      vertex 38.9536 -20.1805 5.4436
    endloop
  endfacet
  facet normal 0.906312 -0.42261 1.3006e-05
    outer loop
      vertex 38.1051 -22 5.69349
      vertex 39.3032 -19.4307 2.5
      vertex 38.4676 -21.2226 5.58672
    endloop
  endfacet
  facet normal 0.906305 -0.422623 8.40188e-07
    outer loop
      vertex 39.3032 -19.4307 2.5
      vertex 38.1051 -22 0
      vertex 41.3465 -15.0489 0
    endloop
  endfacet
  facet normal 0.906306 -0.422623 0
    outer loop
      vertex 38.1051 -22 0
      vertex 39.3032 -19.4307 2.5
      vertex 38.1051 -22 5.69349
    endloop
  endfacet
  facet normal -0.573568 -0.819158 6.96941e-06
    outer loop
      vertex -28.2827 -33.706 14
      vertex -25.9605 -35.332 12.5
      vertex -22 -38.1051 14
    endloop
  endfacet
  facet normal -0.573571 -0.819156 0
    outer loop
      vertex -28.2827 -33.706 9.87777
      vertex -25.9605 -35.332 12.5
      vertex -28.2827 -33.706 14
    endloop
  endfacet
  facet normal -0.573502 -0.819204 -9.08016e-05
    outer loop
      vertex -27.3912 -34.3301 9.74232
      vertex -25.9605 -35.332 12.5
      vertex -28.2827 -33.706 9.87777
    endloop
  endfacet
  facet normal -0.573629 -0.819115 7.41774e-06
    outer loop
      vertex -26.6381 -34.8575 9.62787
      vertex -25.9605 -35.332 12.5
      vertex -27.3912 -34.3301 9.74232
    endloop
  endfacet
  facet normal -0.573608 -0.81913 0
    outer loop
      vertex -26.6381 -34.8575 5.4436
      vertex -25.9605 -35.332 12.5
      vertex -26.6381 -34.8575 9.62787
    endloop
  endfacet
  facet normal -0.573608 -0.81913 -0
    outer loop
      vertex -25.9605 -35.332 12.5
      vertex -26.6381 -34.8575 5.4436
      vertex -25.9605 -35.332 2.5
    endloop
  endfacet
  facet normal -0.57356 -0.819164 -2.67271e-05
    outer loop
      vertex -24.3222 -36.4791 12.5
      vertex -22 -38.1051 14
      vertex -25.9605 -35.332 12.5
    endloop
  endfacet
  facet normal -0.573571 -0.819156 -1.16715e-17
    outer loop
      vertex -24.3222 -36.4791 12.5
      vertex -22 -38.1051 9.87777
      vertex -22 -38.1051 14
    endloop
  endfacet
  facet normal -0.573558 -0.819165 1.77969e-05
    outer loop
      vertex -24.3222 -36.4791 12.5
      vertex -23.6446 -36.9536 9.62787
      vertex -22 -38.1051 9.87777
    endloop
  endfacet
  facet normal -0.573608 -0.81913 -8.77546e-18
    outer loop
      vertex -24.3222 -36.4791 12.5
      vertex -23.6446 -36.9536 7.51823
      vertex -23.6446 -36.9536 9.62787
    endloop
  endfacet
  facet normal -0.573608 -0.81913 0
    outer loop
      vertex -24.3222 -36.4791 2.5
      vertex -23.6446 -36.9536 7.51823
      vertex -24.3222 -36.4791 12.5
    endloop
  endfacet
  facet normal -0.573608 -0.81913 -0
    outer loop
      vertex -23.6446 -36.9536 7.51823
      vertex -24.3222 -36.4791 2.5
      vertex -23.6446 -36.9536 5.4436
    endloop
  endfacet
  facet normal -0.573554 -0.819168 -1.86393e-05
    outer loop
      vertex -24.3222 -36.4791 2.5
      vertex -22 -38.1051 5.69349
      vertex -23.6446 -36.9536 5.4436
    endloop
  endfacet
  facet normal -0.573571 -0.819156 -8.45044e-18
    outer loop
      vertex -24.3222 -36.4791 2.5
      vertex -22 -38.1051 0
      vertex -22 -38.1051 5.69349
    endloop
  endfacet
  facet normal -0.573568 -0.819158 4.18165e-06
    outer loop
      vertex -22 -38.1051 0
      vertex -24.3222 -36.4791 2.5
      vertex -28.2827 -33.706 0
    endloop
  endfacet
  facet normal -0.57356 -0.819164 1.66398e-05
    outer loop
      vertex -27.58 -34.198 5.58672
      vertex -25.9605 -35.332 2.5
      vertex -26.6381 -34.8575 5.4436
    endloop
  endfacet
  facet normal -0.573546 -0.819174 2.78239e-05
    outer loop
      vertex -28.2827 -33.706 5.69349
      vertex -25.9605 -35.332 2.5
      vertex -27.58 -34.198 5.58672
    endloop
  endfacet
  facet normal -0.57356 -0.819164 -1.60363e-05
    outer loop
      vertex -25.9605 -35.332 2.5
      vertex -28.2827 -33.706 0
      vertex -24.3222 -36.4791 2.5
    endloop
  endfacet
  facet normal -0.573571 -0.819156 0
    outer loop
      vertex -28.2827 -33.706 0
      vertex -25.9605 -35.332 2.5
      vertex -28.2827 -33.706 5.69349
    endloop
  endfacet
  facet normal -0.573523 -0.81919 0
    outer loop
      vertex -28.2827 -33.706 18
      vertex -27.4604 -34.2817 19.5
      vertex -28.2827 -33.706 19.5
    endloop
  endfacet
  facet normal -0.573584 -0.819146 5.05748e-05
    outer loop
      vertex -27.4604 -34.2817 19.5
      vertex -28.2827 -33.706 18
      vertex -22.8223 -37.5294 19.5
    endloop
  endfacet
  facet normal -0.573568 -0.819158 -3.73365e-05
    outer loop
      vertex -22 -38.1051 18
      vertex -22.8223 -37.5294 19.5
      vertex -28.2827 -33.706 18
    endloop
  endfacet
  facet normal -0.573523 -0.81919 -6.85864e-18
    outer loop
      vertex -22.8223 -37.5294 19.5
      vertex -22 -38.1051 18
      vertex -22 -38.1051 19.5
    endloop
  endfacet
  facet normal -0.573532 -0.819183 1.47492e-05
    outer loop
      vertex -25.9169 -35.3624 26.5456
      vertex -27.4604 -34.2817 29.5
      vertex -26.7796 -34.7584 26.5456
    endloop
  endfacet
  facet normal -0.573575 -0.819153 -7.64632e-18
    outer loop
      vertex -27.4604 -34.2817 29.5
      vertex -26.7796 -34.7584 22.3614
      vertex -26.7796 -34.7584 26.5456
    endloop
  endfacet
  facet normal -0.573564 -0.819161 -3.96442e-06
    outer loop
      vertex -27.4604 -34.2817 19.5
      vertex -25.9701 -35.3252 22.3614
      vertex -26.7796 -34.7584 22.3614
    endloop
  endfacet
  facet normal -0.573584 -0.819146 1.17248e-05
    outer loop
      vertex -22.8223 -37.5294 19.5
      vertex -25.9701 -35.3252 22.3614
      vertex -27.4604 -34.2817 19.5
    endloop
  endfacet
  facet normal -0.573575 -0.819153 0
    outer loop
      vertex -27.4604 -34.2817 19.5
      vertex -26.7796 -34.7584 22.3614
      vertex -27.4604 -34.2817 29.5
    endloop
  endfacet
  facet normal -0.573523 -0.81919 -4.11519e-18
    outer loop
      vertex -27.4604 -34.2817 29.5
      vertex -28.2827 -33.706 32
      vertex -28.2827 -33.706 29.5
    endloop
  endfacet
  facet normal -0.573568 -0.819158 -2.24019e-05
    outer loop
      vertex -28.2827 -33.706 32
      vertex -27.4604 -34.2817 29.5
      vertex -22 -38.1051 32
    endloop
  endfacet
  facet normal -0.573584 -0.819146 3.03449e-05
    outer loop
      vertex -22.8223 -37.5294 29.5
      vertex -22 -38.1051 32
      vertex -27.4604 -34.2817 29.5
    endloop
  endfacet
  facet normal -0.573523 -0.81919 -0
    outer loop
      vertex -22 -38.1051 32
      vertex -22.8223 -37.5294 29.5
      vertex -22 -38.1051 29.5
    endloop
  endfacet
  facet normal -0.573584 -0.819146 -2.57219e-05
    outer loop
      vertex -27.4604 -34.2817 29.5
      vertex -25.9169 -35.3624 26.5456
      vertex -22.8223 -37.5294 29.5
    endloop
  endfacet
  facet normal -0.573592 -0.819141 -1.36592e-05
    outer loop
      vertex -23.503 -37.0527 26.5456
      vertex -22.8223 -37.5294 29.5
      vertex -25.9169 -35.3624 26.5456
    endloop
  endfacet
  facet normal -0.573632 -0.819113 0
    outer loop
      vertex -23.503 -37.0527 22.3614
      vertex -22.8223 -37.5294 29.5
      vertex -23.503 -37.0527 26.5456
    endloop
  endfacet
  facet normal -0.573632 -0.819113 -3.24209e-18
    outer loop
      vertex -23.503 -37.0527 22.3614
      vertex -22.8223 -37.5294 19.5
      vertex -22.8223 -37.5294 29.5
    endloop
  endfacet
  facet normal -0.57358 -0.819149 1.8255e-05
    outer loop
      vertex -25.9701 -35.3252 22.3614
      vertex -22.8223 -37.5294 19.5
      vertex -23.503 -37.0527 22.3614
    endloop
  endfacet
  facet normal -0.906322 -0.422588 -6.07375e-19
    outer loop
      vertex 17.054 1.11156 7
      vertex 16.8146 1.625 25
      vertex 16.8146 1.625 7
    endloop
  endfacet
  facet normal -0.906322 -0.422588 -6.07375e-19
    outer loop
      vertex 16.8146 1.625 25
      vertex 17.054 1.11156 7
      vertex 17.054 1.11156 25
    endloop
  endfacet
  facet normal 0 0 1
    outer loop
      vertex 17.2006 0.564356 7
      vertex 17.2006 -0.564356 7
      vertex 17.25 0 7
    endloop
  endfacet
  facet normal 0 0 1
    outer loop
      vertex 17.054 1.11156 7
      vertex 17.2006 -0.564356 7
      vertex 17.2006 0.564356 7
    endloop
  endfacet
  facet normal 0 0 1
    outer loop
      vertex 17.054 1.11156 7
      vertex 17.054 -1.11156 7
      vertex 17.2006 -0.564356 7
    endloop
  endfacet
  facet normal 0 0 1
    outer loop
      vertex 16.8146 1.625 7
      vertex 17.054 -1.11156 7
      vertex 17.054 1.11156 7
    endloop
  endfacet
  facet normal 0 0 1
    outer loop
      vertex 16.8146 1.625 7
      vertex 16.8146 -1.625 7
      vertex 17.054 -1.11156 7
    endloop
  endfacet
  facet normal 0 0 1
    outer loop
      vertex 16.4896 2.08906 7
      vertex 16.8146 -1.625 7
      vertex 16.8146 1.625 7
    endloop
  endfacet
  facet normal 0 0 1
    outer loop
      vertex 16.4896 2.08906 7
      vertex 16.4896 -2.08906 7
      vertex 16.8146 -1.625 7
    endloop
  endfacet
  facet normal 0 0 1
    outer loop
      vertex 16.0891 2.48964 7
      vertex 16.4896 -2.08906 7
      vertex 16.4896 2.08906 7
    endloop
  endfacet
  facet normal 0 0 1
    outer loop
      vertex 16.0891 2.48964 7
      vertex 16.0891 -2.48964 7
      vertex 16.4896 -2.08906 7
    endloop
  endfacet
  facet normal 0 0 1
    outer loop
      vertex 15.625 2.81458 7
      vertex 16.0891 -2.48964 7
      vertex 16.0891 2.48964 7
    endloop
  endfacet
  facet normal 0 0 1
    outer loop
      vertex 15.625 2.81458 7
      vertex 15.625 -2.81458 7
      vertex 16.0891 -2.48964 7
    endloop
  endfacet
  facet normal 0 0 1
    outer loop
      vertex 15.1116 3.054 7
      vertex 15.625 -2.81458 7
      vertex 15.625 2.81458 7
    endloop
  endfacet
  facet normal 0 0 1
    outer loop
      vertex 15.1116 3.054 7
      vertex 15.1116 -3.054 7
      vertex 15.625 -2.81458 7
    endloop
  endfacet
  facet normal 0 0 1
    outer loop
      vertex 14.5644 3.20062 7
      vertex 15.1116 -3.054 7
      vertex 15.1116 3.054 7
    endloop
  endfacet
  facet normal 0 0 1
    outer loop
      vertex 14.5644 3.20062 7
      vertex 14.5644 -3.20062 7
      vertex 15.1116 -3.054 7
    endloop
  endfacet
  facet normal 0 0 1
    outer loop
      vertex 14 3.25 7
      vertex 14.5644 -3.20062 7
      vertex 14.5644 3.20062 7
    endloop
  endfacet
  facet normal 0 0 1
    outer loop
      vertex 14 3.25 7
      vertex 14 -3.25 7
      vertex 14.5644 -3.20062 7
    endloop
  endfacet
  facet normal -0 0 1
    outer loop
      vertex 13.4356 3.20062 7
      vertex 14 -3.25 7
      vertex 14 3.25 7
    endloop
  endfacet
  facet normal 0 0 1
    outer loop
      vertex 13.4356 3.20062 7
      vertex 13.4356 -3.20062 7
      vertex 14 -3.25 7
    endloop
  endfacet
  facet normal -0 0 1
    outer loop
      vertex 12.8884 3.054 7
      vertex 13.4356 -3.20062 7
      vertex 13.4356 3.20062 7
    endloop
  endfacet
  facet normal 0 0 1
    outer loop
      vertex 12.8884 3.054 7
      vertex 12.8884 -3.054 7
      vertex 13.4356 -3.20062 7
    endloop
  endfacet
  facet normal -0 0 1
    outer loop
      vertex 12.375 2.81458 7
      vertex 12.8884 -3.054 7
      vertex 12.8884 3.054 7
    endloop
  endfacet
  facet normal 0 0 1
    outer loop
      vertex 12.375 2.81458 7
      vertex 12.375 -2.81458 7
      vertex 12.8884 -3.054 7
    endloop
  endfacet
  facet normal -0 0 1
    outer loop
      vertex 11.9109 2.48964 7
      vertex 12.375 -2.81458 7
      vertex 12.375 2.81458 7
    endloop
  endfacet
  facet normal 0 0 1
    outer loop
      vertex 11.9109 2.48964 7
      vertex 11.9109 -2.48964 7
      vertex 12.375 -2.81458 7
    endloop
  endfacet
  facet normal -0 0 1
    outer loop
      vertex 11.5104 2.08906 7
      vertex 11.9109 -2.48964 7
      vertex 11.9109 2.48964 7
    endloop
  endfacet
  facet normal 0 0 1
    outer loop
      vertex 11.5104 2.08906 7
      vertex 11.5104 -2.08906 7
      vertex 11.9109 -2.48964 7
    endloop
  endfacet
  facet normal -0 0 1
    outer loop
      vertex 11.1854 1.625 7
      vertex 11.5104 -2.08906 7
      vertex 11.5104 2.08906 7
    endloop
  endfacet
  facet normal 0 0 1
    outer loop
      vertex 11.1854 1.625 7
      vertex 11.1854 -1.625 7
      vertex 11.5104 -2.08906 7
    endloop
  endfacet
  facet normal -0 0 1
    outer loop
      vertex 10.946 1.11156 7
      vertex 11.1854 -1.625 7
      vertex 11.1854 1.625 7
    endloop
  endfacet
  facet normal 0 0 1
    outer loop
      vertex 10.946 1.11156 7
      vertex 10.946 -1.11156 7
      vertex 11.1854 -1.625 7
    endloop
  endfacet
  facet normal -0 0 1
    outer loop
      vertex 10.7994 0.564356 7
      vertex 10.946 -1.11156 7
      vertex 10.946 1.11156 7
    endloop
  endfacet
  facet normal 0 0 1
    outer loop
      vertex 10.7994 0.564356 7
      vertex 10.7994 -0.564356 7
      vertex 10.946 -1.11156 7
    endloop
  endfacet
  facet normal 0 -0 1
    outer loop
      vertex 10.7994 -0.564356 7
      vertex 10.7994 0.564356 7
      vertex 10.75 0 7
    endloop
  endfacet
  facet normal -0.819101 -0.573649 8.70467e-19
    outer loop
      vertex 16.8146 1.625 7
      vertex 16.4896 2.08906 25
      vertex 16.4896 2.08906 7
    endloop
  endfacet
  facet normal -0.819101 -0.573649 8.70467e-19
    outer loop
      vertex 16.4896 2.08906 25
      vertex 16.8146 1.625 7
      vertex 16.8146 1.625 25
    endloop
  endfacet
  facet normal -0.258816 -0.965927 0
    outer loop
      vertex 14.5644 3.20062 7
      vertex 15.1116 3.054 25
      vertex 14.5644 3.20062 25
    endloop
  endfacet
  facet normal -0.258816 -0.965927 -0
    outer loop
      vertex 15.1116 3.054 25
      vertex 14.5644 3.20062 7
      vertex 15.1116 3.054 7
    endloop
  endfacet
  facet normal 0.573545 -0.819174 0
    outer loop
      vertex 11.9109 2.48964 7
      vertex 12.375 2.81458 25
      vertex 11.9109 2.48964 25
    endloop
  endfacet
  facet normal 0.573545 -0.819174 0
    outer loop
      vertex 12.375 2.81458 25
      vertex 11.9109 2.48964 7
      vertex 12.375 2.81458 7
    endloop
  endfacet
  facet normal 0.965936 -0.258781 -4.44573e-19
    outer loop
      vertex 10.7994 0.564356 25
      vertex 10.946 1.11156 7
      vertex 10.946 1.11156 25
    endloop
  endfacet
  facet normal 0.965936 -0.258781 -4.44573e-19
    outer loop
      vertex 10.946 1.11156 7
      vertex 10.7994 0.564356 25
      vertex 10.7994 0.564356 7
    endloop
  endfacet
  facet normal -0.996191 0.0872 -2.95711e-20
    outer loop
      vertex 17.2006 -0.564356 7
      vertex 17.25 0 25
      vertex 17.25 0 7
    endloop
  endfacet
  facet normal -0.996191 0.0872 -2.95711e-20
    outer loop
      vertex 17.25 0 25
      vertex 17.2006 -0.564356 7
      vertex 17.2006 -0.564356 25
    endloop
  endfacet
  facet normal 0.0871582 -0.996194 0
    outer loop
      vertex 13.4356 3.20062 7
      vertex 14 3.25 25
      vertex 13.4356 3.20062 25
    endloop
  endfacet
  facet normal 0.0871582 -0.996194 0
    outer loop
      vertex 14 3.25 25
      vertex 13.4356 3.20062 7
      vertex 14 3.25 7
    endloop
  endfacet
  facet normal -0.422644 -0.906296 0
    outer loop
      vertex 15.1116 3.054 7
      vertex 15.625 2.81458 25
      vertex 15.1116 3.054 25
    endloop
  endfacet
  facet normal -0.422644 -0.906296 -0
    outer loop
      vertex 15.625 2.81458 25
      vertex 15.1116 3.054 7
      vertex 15.625 2.81458 7
    endloop
  endfacet
  facet normal 0.996191 0.0872 1.26259e-20
    outer loop
      vertex 10.7994 -0.564356 25
      vertex 10.75 0 7
      vertex 10.75 0 25
    endloop
  endfacet
  facet normal 0.996191 0.0872 1.26259e-20
    outer loop
      vertex 10.75 0 7
      vertex 10.7994 -0.564356 25
      vertex 10.7994 -0.564356 7
    endloop
  endfacet
  facet normal 0.906322 -0.422588 6.07375e-19
    outer loop
      vertex 10.946 1.11156 25
      vertex 11.1854 1.625 7
      vertex 11.1854 1.625 25
    endloop
  endfacet
  facet normal 0.906322 -0.422588 6.07375e-19
    outer loop
      vertex 11.1854 1.625 7
      vertex 10.946 1.11156 25
      vertex 10.946 1.11156 7
    endloop
  endfacet
  facet normal 0.707177 -0.707036 -1.10323e-18
    outer loop
      vertex 11.5104 2.08906 25
      vertex 11.9109 2.48964 7
      vertex 11.9109 2.48964 25
    endloop
  endfacet
  facet normal 0.707177 -0.707036 -1.10323e-18
    outer loop
      vertex 11.9109 2.48964 7
      vertex 11.5104 2.08906 25
      vertex 11.5104 2.08906 7
    endloop
  endfacet
  facet normal 0.258816 -0.965927 0
    outer loop
      vertex 12.8884 3.054 7
      vertex 13.4356 3.20062 25
      vertex 12.8884 3.054 25
    endloop
  endfacet
  facet normal 0.258816 -0.965927 0
    outer loop
      vertex 13.4356 3.20062 25
      vertex 12.8884 3.054 7
      vertex 13.4356 3.20062 7
    endloop
  endfacet
  facet normal 0.819101 -0.573649 -5.44873e-20
    outer loop
      vertex 11.1854 1.625 25
      vertex 11.5104 2.08906 7
      vertex 11.5104 2.08906 25
    endloop
  endfacet
  facet normal 0.819101 -0.573649 -5.44873e-20
    outer loop
      vertex 11.5104 2.08906 7
      vertex 11.1854 1.625 25
      vertex 11.1854 1.625 7
    endloop
  endfacet
  facet normal -0.996191 -0.0872 2.95711e-20
    outer loop
      vertex 17.25 0 7
      vertex 17.2006 0.564356 25
      vertex 17.2006 0.564356 7
    endloop
  endfacet
  facet normal -0.996191 -0.0872 2.95711e-20
    outer loop
      vertex 17.2006 0.564356 25
      vertex 17.25 0 7
      vertex 17.25 0 25
    endloop
  endfacet
  facet normal -0.965936 0.258781 -5.58873e-19
    outer loop
      vertex 17.054 -1.11156 7
      vertex 17.2006 -0.564356 25
      vertex 17.2006 -0.564356 7
    endloop
  endfacet
  facet normal -0.965936 0.258781 -5.58873e-19
    outer loop
      vertex 17.2006 -0.564356 25
      vertex 17.054 -1.11156 7
      vertex 17.054 -1.11156 25
    endloop
  endfacet
  facet normal 0.573545 0.819174 -0
    outer loop
      vertex 12.375 -2.81458 7
      vertex 11.9109 -2.48964 25
      vertex 12.375 -2.81458 25
    endloop
  endfacet
  facet normal 0.573545 0.819174 0
    outer loop
      vertex 11.9109 -2.48964 25
      vertex 12.375 -2.81458 7
      vertex 11.9109 -2.48964 7
    endloop
  endfacet
  facet normal 0.819101 0.573649 5.44873e-20
    outer loop
      vertex 11.5104 -2.08906 25
      vertex 11.1854 -1.625 7
      vertex 11.1854 -1.625 25
    endloop
  endfacet
  facet normal 0.819101 0.573649 5.44873e-20
    outer loop
      vertex 11.1854 -1.625 7
      vertex 11.5104 -2.08906 25
      vertex 11.5104 -2.08906 7
    endloop
  endfacet
  facet normal -0.573545 0.819174 0
    outer loop
      vertex 16.0891 -2.48964 7
      vertex 15.625 -2.81458 25
      vertex 16.0891 -2.48964 25
    endloop
  endfacet
  facet normal -0.573545 0.819174 0
    outer loop
      vertex 15.625 -2.81458 25
      vertex 16.0891 -2.48964 7
      vertex 15.625 -2.81458 7
    endloop
  endfacet
  facet normal -0.965936 -0.258781 5.58873e-19
    outer loop
      vertex 17.2006 0.564356 7
      vertex 17.054 1.11156 25
      vertex 17.054 1.11156 7
    endloop
  endfacet
  facet normal -0.965936 -0.258781 5.58873e-19
    outer loop
      vertex 17.054 1.11156 25
      vertex 17.2006 0.564356 7
      vertex 17.2006 0.564356 25
    endloop
  endfacet
  facet normal -0.573545 -0.819174 0
    outer loop
      vertex 15.625 2.81458 7
      vertex 16.0891 2.48964 25
      vertex 15.625 2.81458 25
    endloop
  endfacet
  facet normal -0.573545 -0.819174 -0
    outer loop
      vertex 16.0891 2.48964 25
      vertex 15.625 2.81458 7
      vertex 16.0891 2.48964 7
    endloop
  endfacet
  facet normal -0.0871582 -0.996194 0
    outer loop
      vertex 14 3.25 7
      vertex 14.5644 3.20062 25
      vertex 14 3.25 25
    endloop
  endfacet
  facet normal -0.0871582 -0.996194 -0
    outer loop
      vertex 14.5644 3.20062 25
      vertex 14 3.25 7
      vertex 14.5644 3.20062 7
    endloop
  endfacet
  facet normal 0 0 -1
    outer loop
      vertex 17.2006 -0.564356 25
      vertex 17.2006 0.564356 25
      vertex 17.25 0 25
    endloop
  endfacet
  facet normal 0 0 -1
    outer loop
      vertex 17.054 -1.11156 25
      vertex 17.2006 0.564356 25
      vertex 17.2006 -0.564356 25
    endloop
  endfacet
  facet normal 0 0 -1
    outer loop
      vertex 17.054 -1.11156 25
      vertex 17.054 1.11156 25
      vertex 17.2006 0.564356 25
    endloop
  endfacet
  facet normal 0 0 -1
    outer loop
      vertex 16.8146 -1.625 25
      vertex 17.054 1.11156 25
      vertex 17.054 -1.11156 25
    endloop
  endfacet
  facet normal 0 0 -1
    outer loop
      vertex 16.8146 -1.625 25
      vertex 16.8146 1.625 25
      vertex 17.054 1.11156 25
    endloop
  endfacet
  facet normal 0 0 -1
    outer loop
      vertex 16.4896 -2.08906 25
      vertex 16.8146 1.625 25
      vertex 16.8146 -1.625 25
    endloop
  endfacet
  facet normal 0 0 -1
    outer loop
      vertex 16.4896 -2.08906 25
      vertex 16.4896 2.08906 25
      vertex 16.8146 1.625 25
    endloop
  endfacet
  facet normal 0 0 -1
    outer loop
      vertex 16.0891 -2.48964 25
      vertex 16.4896 2.08906 25
      vertex 16.4896 -2.08906 25
    endloop
  endfacet
  facet normal 0 0 -1
    outer loop
      vertex 16.0891 -2.48964 25
      vertex 16.0891 2.48964 25
      vertex 16.4896 2.08906 25
    endloop
  endfacet
  facet normal 0 0 -1
    outer loop
      vertex 15.625 -2.81458 25
      vertex 16.0891 2.48964 25
      vertex 16.0891 -2.48964 25
    endloop
  endfacet
  facet normal 0 0 -1
    outer loop
      vertex 15.625 -2.81458 25
      vertex 15.625 2.81458 25
      vertex 16.0891 2.48964 25
    endloop
  endfacet
  facet normal 0 0 -1
    outer loop
      vertex 15.1116 -3.054 25
      vertex 15.625 2.81458 25
      vertex 15.625 -2.81458 25
    endloop
  endfacet
  facet normal 0 0 -1
    outer loop
      vertex 15.1116 -3.054 25
      vertex 15.1116 3.054 25
      vertex 15.625 2.81458 25
    endloop
  endfacet
  facet normal 0 0 -1
    outer loop
      vertex 14.5644 -3.20062 25
      vertex 15.1116 3.054 25
      vertex 15.1116 -3.054 25
    endloop
  endfacet
  facet normal 0 0 -1
    outer loop
      vertex 14.5644 -3.20062 25
      vertex 14.5644 3.20062 25
      vertex 15.1116 3.054 25
    endloop
  endfacet
  facet normal 0 0 -1
    outer loop
      vertex 14 -3.25 25
      vertex 14.5644 3.20062 25
      vertex 14.5644 -3.20062 25
    endloop
  endfacet
  facet normal 0 0 -1
    outer loop
      vertex 14 -3.25 25
      vertex 14 3.25 25
      vertex 14.5644 3.20062 25
    endloop
  endfacet
  facet normal 0 0 -1
    outer loop
      vertex 13.4356 -3.20062 25
      vertex 14 3.25 25
      vertex 14 -3.25 25
    endloop
  endfacet
  facet normal 0 0 -1
    outer loop
      vertex 13.4356 -3.20062 25
      vertex 13.4356 3.20062 25
      vertex 14 3.25 25
    endloop
  endfacet
  facet normal 0 0 -1
    outer loop
      vertex 12.8884 -3.054 25
      vertex 13.4356 3.20062 25
      vertex 13.4356 -3.20062 25
    endloop
  endfacet
  facet normal 0 0 -1
    outer loop
      vertex 12.8884 -3.054 25
      vertex 12.8884 3.054 25
      vertex 13.4356 3.20062 25
    endloop
  endfacet
  facet normal 0 0 -1
    outer loop
      vertex 12.375 -2.81458 25
      vertex 12.8884 3.054 25
      vertex 12.8884 -3.054 25
    endloop
  endfacet
  facet normal 0 0 -1
    outer loop
      vertex 12.375 -2.81458 25
      vertex 12.375 2.81458 25
      vertex 12.8884 3.054 25
    endloop
  endfacet
  facet normal 0 0 -1
    outer loop
      vertex 11.9109 -2.48964 25
      vertex 12.375 2.81458 25
      vertex 12.375 -2.81458 25
    endloop
  endfacet
  facet normal 0 0 -1
    outer loop
      vertex 11.9109 -2.48964 25
      vertex 11.9109 2.48964 25
      vertex 12.375 2.81458 25
    endloop
  endfacet
  facet normal 0 0 -1
    outer loop
      vertex 11.5104 -2.08906 25
      vertex 11.9109 2.48964 25
      vertex 11.9109 -2.48964 25
    endloop
  endfacet
  facet normal 0 0 -1
    outer loop
      vertex 11.5104 -2.08906 25
      vertex 11.5104 2.08906 25
      vertex 11.9109 2.48964 25
    endloop
  endfacet
  facet normal 0 0 -1
    outer loop
      vertex 11.1854 -1.625 25
      vertex 11.5104 2.08906 25
      vertex 11.5104 -2.08906 25
    endloop
  endfacet
  facet normal 0 0 -1
    outer loop
      vertex 11.1854 -1.625 25
      vertex 11.1854 1.625 25
      vertex 11.5104 2.08906 25
    endloop
  endfacet
  facet normal 0 0 -1
    outer loop
      vertex 10.946 -1.11156 25
      vertex 11.1854 1.625 25
      vertex 11.1854 -1.625 25
    endloop
  endfacet
  facet normal 0 0 -1
    outer loop
      vertex 10.946 -1.11156 25
      vertex 10.946 1.11156 25
      vertex 11.1854 1.625 25
    endloop
  endfacet
  facet normal 0 0 -1
    outer loop
      vertex 10.7994 -0.564356 25
      vertex 10.946 1.11156 25
      vertex 10.946 -1.11156 25
    endloop
  endfacet
  facet normal 0 0 -1
    outer loop
      vertex 10.7994 -0.564356 25
      vertex 10.7994 0.564356 25
      vertex 10.946 1.11156 25
    endloop
  endfacet
  facet normal 0 -0 -1
    outer loop
      vertex 10.7994 0.564356 25
      vertex 10.7994 -0.564356 25
      vertex 10.75 0 25
    endloop
  endfacet
  facet normal 0.996191 -0.0872 -1.26259e-20
    outer loop
      vertex 10.75 0 25
      vertex 10.7994 0.564356 7
      vertex 10.7994 0.564356 25
    endloop
  endfacet
  facet normal 0.996191 -0.0872 -1.26259e-20
    outer loop
      vertex 10.7994 0.564356 7
      vertex 10.75 0 25
      vertex 10.75 0 7
    endloop
  endfacet
  facet normal 0.422644 -0.906296 0
    outer loop
      vertex 12.375 2.81458 7
      vertex 12.8884 3.054 25
      vertex 12.375 2.81458 25
    endloop
  endfacet
  facet normal 0.422644 -0.906296 0
    outer loop
      vertex 12.8884 3.054 25
      vertex 12.375 2.81458 7
      vertex 12.8884 3.054 7
    endloop
  endfacet
  facet normal -0.906322 0.422588 6.07375e-19
    outer loop
      vertex 16.8146 -1.625 7
      vertex 17.054 -1.11156 25
      vertex 17.054 -1.11156 7
    endloop
  endfacet
  facet normal -0.906322 0.422588 6.07375e-19
    outer loop
      vertex 17.054 -1.11156 25
      vertex 16.8146 -1.625 7
      vertex 16.8146 -1.625 25
    endloop
  endfacet
  facet normal -0.0871582 0.996194 0
    outer loop
      vertex 14.5644 -3.20062 7
      vertex 14 -3.25 25
      vertex 14.5644 -3.20062 25
    endloop
  endfacet
  facet normal -0.0871582 0.996194 0
    outer loop
      vertex 14 -3.25 25
      vertex 14.5644 -3.20062 7
      vertex 14 -3.25 7
    endloop
  endfacet
  facet normal 0.965936 0.258781 4.44573e-19
    outer loop
      vertex 10.946 -1.11156 25
      vertex 10.7994 -0.564356 7
      vertex 10.7994 -0.564356 25
    endloop
  endfacet
  facet normal 0.965936 0.258781 4.44573e-19
    outer loop
      vertex 10.7994 -0.564356 7
      vertex 10.946 -1.11156 25
      vertex 10.946 -1.11156 7
    endloop
  endfacet
  facet normal 0.707177 0.707036 1.10323e-18
    outer loop
      vertex 11.9109 -2.48964 25
      vertex 11.5104 -2.08906 7
      vertex 11.5104 -2.08906 25
    endloop
  endfacet
  facet normal 0.707177 0.707036 1.10323e-18
    outer loop
      vertex 11.5104 -2.08906 7
      vertex 11.9109 -2.48964 25
      vertex 11.9109 -2.48964 7
    endloop
  endfacet
  facet normal -0.258816 0.965927 0
    outer loop
      vertex 15.1116 -3.054 7
      vertex 14.5644 -3.20062 25
      vertex 15.1116 -3.054 25
    endloop
  endfacet
  facet normal -0.258816 0.965927 0
    outer loop
      vertex 14.5644 -3.20062 25
      vertex 15.1116 -3.054 7
      vertex 14.5644 -3.20062 7
    endloop
  endfacet
  facet normal -0.422644 0.906296 0
    outer loop
      vertex 15.625 -2.81458 7
      vertex 15.1116 -3.054 25
      vertex 15.625 -2.81458 25
    endloop
  endfacet
  facet normal -0.422644 0.906296 0
    outer loop
      vertex 15.1116 -3.054 25
      vertex 15.625 -2.81458 7
      vertex 15.1116 -3.054 7
    endloop
  endfacet
  facet normal -0.707177 -0.707036 1.15639e-19
    outer loop
      vertex 16.4896 2.08906 7
      vertex 16.0891 2.48964 25
      vertex 16.0891 2.48964 7
    endloop
  endfacet
  facet normal -0.707177 -0.707036 1.15639e-19
    outer loop
      vertex 16.0891 2.48964 25
      vertex 16.4896 2.08906 7
      vertex 16.4896 2.08906 25
    endloop
  endfacet
  facet normal 0.258816 0.965927 -0
    outer loop
      vertex 13.4356 -3.20062 7
      vertex 12.8884 -3.054 25
      vertex 13.4356 -3.20062 25
    endloop
  endfacet
  facet normal 0.258816 0.965927 0
    outer loop
      vertex 12.8884 -3.054 25
      vertex 13.4356 -3.20062 7
      vertex 12.8884 -3.054 7
    endloop
  endfacet
  facet normal 0.906322 0.422588 -6.07375e-19
    outer loop
      vertex 11.1854 -1.625 25
      vertex 10.946 -1.11156 7
      vertex 10.946 -1.11156 25
    endloop
  endfacet
  facet normal 0.906322 0.422588 -6.07375e-19
    outer loop
      vertex 10.946 -1.11156 7
      vertex 11.1854 -1.625 25
      vertex 11.1854 -1.625 7
    endloop
  endfacet
  facet normal -0.707177 0.707036 -1.15639e-19
    outer loop
      vertex 16.0891 -2.48964 7
      vertex 16.4896 -2.08906 25
      vertex 16.4896 -2.08906 7
    endloop
  endfacet
  facet normal -0.707177 0.707036 -1.15639e-19
    outer loop
      vertex 16.4896 -2.08906 25
      vertex 16.0891 -2.48964 7
      vertex 16.0891 -2.48964 25
    endloop
  endfacet
  facet normal 0.0871582 0.996194 -0
    outer loop
      vertex 14 -3.25 7
      vertex 13.4356 -3.20062 25
      vertex 14 -3.25 25
    endloop
  endfacet
  facet normal 0.0871582 0.996194 0
    outer loop
      vertex 13.4356 -3.20062 25
      vertex 14 -3.25 7
      vertex 13.4356 -3.20062 7
    endloop
  endfacet
  facet normal 0.422644 0.906296 -0
    outer loop
      vertex 12.8884 -3.054 7
      vertex 12.375 -2.81458 25
      vertex 12.8884 -3.054 25
    endloop
  endfacet
  facet normal 0.422644 0.906296 0
    outer loop
      vertex 12.375 -2.81458 25
      vertex 12.8884 -3.054 7
      vertex 12.375 -2.81458 7
    endloop
  endfacet
  facet normal -0.819101 0.573649 -8.70467e-19
    outer loop
      vertex 16.4896 -2.08906 7
      vertex 16.8146 -1.625 25
      vertex 16.8146 -1.625 7
    endloop
  endfacet
  facet normal -0.819101 0.573649 -8.70467e-19
    outer loop
      vertex 16.8146 -1.625 25
      vertex 16.4896 -2.08906 7
      vertex 16.4896 -2.08906 25
    endloop
  endfacet
  facet normal 0.573531 -0.819184 0
    outer loop
      vertex 4.91094 14.614 7
      vertex 5.375 14.9389 25
      vertex 4.91094 14.614 25
    endloop
  endfacet
  facet normal 0.573531 -0.819184 0
    outer loop
      vertex 5.375 14.9389 25
      vertex 4.91094 14.614 7
      vertex 5.375 14.9389 7
    endloop
  endfacet
  facet normal 0.573578 0.819151 -0
    outer loop
      vertex 5.375 9.30977 7
      vertex 4.91094 9.63471 25
      vertex 5.375 9.30977 25
    endloop
  endfacet
  facet normal 0.573578 0.819151 0
    outer loop
      vertex 4.91094 9.63471 25
      vertex 5.375 9.30977 7
      vertex 4.91094 9.63471 7
    endloop
  endfacet
  facet normal -0.573531 -0.819184 0
    outer loop
      vertex 8.625 14.9389 7
      vertex 9.08906 14.614 25
      vertex 8.625 14.9389 25
    endloop
  endfacet
  facet normal -0.573531 -0.819184 -0
    outer loop
      vertex 9.08906 14.614 25
      vertex 8.625 14.9389 7
      vertex 9.08906 14.614 7
    endloop
  endfacet
  facet normal -0.819174 0.573545 -3.44201e-19
    outer loop
      vertex 9.48964 10.0353 7
      vertex 9.81458 10.4994 25
      vertex 9.81458 10.4994 7
    endloop
  endfacet
  facet normal -0.819174 0.573545 -3.44201e-19
    outer loop
      vertex 9.81458 10.4994 25
      vertex 9.48964 10.0353 7
      vertex 9.48964 10.0353 25
    endloop
  endfacet
  facet normal 0.996195 -0.087156 -7.60952e-20
    outer loop
      vertex 3.75 12.1244 25
      vertex 3.79937 12.6887 7
      vertex 3.79937 12.6887 25
    endloop
  endfacet
  facet normal 0.996195 -0.087156 -7.60952e-20
    outer loop
      vertex 3.79937 12.6887 7
      vertex 3.75 12.1244 25
      vertex 3.75 12.1244 7
    endloop
  endfacet
  facet normal -0.965935 -0.258783 6.034e-19
    outer loop
      vertex 10.2006 12.6887 7
      vertex 10.054 13.2359 25
      vertex 10.054 13.2359 7
    endloop
  endfacet
  facet normal -0.965935 -0.258783 6.034e-19
    outer loop
      vertex 10.054 13.2359 25
      vertex 10.2006 12.6887 7
      vertex 10.2006 12.6887 25
    endloop
  endfacet
  facet normal -0.819116 -0.573628 -9.78257e-19
    outer loop
      vertex 9.81458 13.7494 7
      vertex 9.48964 14.2134 25
      vertex 9.48964 14.2134 7
    endloop
  endfacet
  facet normal -0.819116 -0.573628 -9.78257e-19
    outer loop
      vertex 9.48964 14.2134 25
      vertex 9.81458 13.7494 7
      vertex 9.81458 13.7494 25
    endloop
  endfacet
  facet normal 0.0871994 -0.996191 0
    outer loop
      vertex 6.43564 15.325 7
      vertex 7 15.3744 25
      vertex 6.43564 15.325 25
    endloop
  endfacet
  facet normal 0.0871994 -0.996191 0
    outer loop
      vertex 7 15.3744 25
      vertex 6.43564 15.325 7
      vertex 7 15.3744 7
    endloop
  endfacet
  facet normal -0.258783 -0.965935 0
    outer loop
      vertex 7.56436 15.325 7
      vertex 8.11156 15.1784 25
      vertex 7.56436 15.325 25
    endloop
  endfacet
  facet normal -0.258783 -0.965935 -0
    outer loop
      vertex 8.11156 15.1784 25
      vertex 7.56436 15.325 7
      vertex 8.11156 15.1784 7
    endloop
  endfacet
  facet normal 0.258779 -0.965937 0
    outer loop
      vertex 5.88843 15.1784 7
      vertex 6.43564 15.325 25
      vertex 5.88843 15.1784 25
    endloop
  endfacet
  facet normal 0.258779 -0.965937 0
    outer loop
      vertex 6.43564 15.325 25
      vertex 5.88843 15.1784 7
      vertex 6.43564 15.325 7
    endloop
  endfacet
  facet normal 0.42274 -0.906251 0
    outer loop
      vertex 5.375 14.9389 7
      vertex 5.88843 15.1784 25
      vertex 5.375 14.9389 25
    endloop
  endfacet
  facet normal 0.42274 -0.906251 0
    outer loop
      vertex 5.88843 15.1784 25
      vertex 5.375 14.9389 7
      vertex 5.88843 15.1784 7
    endloop
  endfacet
  facet normal 0.707116 -0.707098 0
    outer loop
      vertex 4.51035 14.2134 7
      vertex 4.91094 14.614 25
      vertex 4.51035 14.2134 25
    endloop
  endfacet
  facet normal 0.707116 -0.707098 0
    outer loop
      vertex 4.91094 14.614 25
      vertex 4.51035 14.2134 7
      vertex 4.91094 14.614 7
    endloop
  endfacet
  facet normal 0.906327 -0.422576 -3.43521e-19
    outer loop
      vertex 3.946 13.2359 25
      vertex 4.18542 13.7494 7
      vertex 4.18542 13.7494 25
    endloop
  endfacet
  facet normal 0.906327 -0.422576 -3.43521e-19
    outer loop
      vertex 4.18542 13.7494 7
      vertex 3.946 13.2359 25
      vertex 3.946 13.2359 7
    endloop
  endfacet
  facet normal 0.422624 0.906305 -0
    outer loop
      vertex 5.88843 9.07035 7
      vertex 5.375 9.30977 25
      vertex 5.88843 9.07035 25
    endloop
  endfacet
  facet normal 0.422624 0.906305 0
    outer loop
      vertex 5.375 9.30977 25
      vertex 5.88843 9.07035 7
      vertex 5.375 9.30977 7
    endloop
  endfacet
  facet normal 0.906296 0.422644 -2.02025e-19
    outer loop
      vertex 4.18542 10.4994 25
      vertex 3.946 11.0128 7
      vertex 3.946 11.0128 25
    endloop
  endfacet
  facet normal 0.906296 0.422644 -2.02025e-19
    outer loop
      vertex 3.946 11.0128 7
      vertex 4.18542 10.4994 25
      vertex 4.18542 10.4994 7
    endloop
  endfacet
  facet normal 0 0 -1
    outer loop
      vertex 10.2006 11.56 25
      vertex 10.2006 12.6887 25
      vertex 10.25 12.1244 25
    endloop
  endfacet
  facet normal 0 0 -1
    outer loop
      vertex 10.054 11.0128 25
      vertex 10.2006 12.6887 25
      vertex 10.2006 11.56 25
    endloop
  endfacet
  facet normal 0 0 -1
    outer loop
      vertex 10.054 11.0128 25
      vertex 10.054 13.2359 25
      vertex 10.2006 12.6887 25
    endloop
  endfacet
  facet normal 0 0 -1
    outer loop
      vertex 9.81458 10.4994 25
      vertex 10.054 13.2359 25
      vertex 10.054 11.0128 25
    endloop
  endfacet
  facet normal 0 0 -1
    outer loop
      vertex 9.81458 10.4994 25
      vertex 9.81458 13.7494 25
      vertex 10.054 13.2359 25
    endloop
  endfacet
  facet normal 0 0 -1
    outer loop
      vertex 9.48964 10.0353 25
      vertex 9.81458 13.7494 25
      vertex 9.81458 10.4994 25
    endloop
  endfacet
  facet normal 0 0 -1
    outer loop
      vertex 9.48964 10.0353 25
      vertex 9.48964 14.2134 25
      vertex 9.81458 13.7494 25
    endloop
  endfacet
  facet normal 0 0 -1
    outer loop
      vertex 9.08906 9.63471 25
      vertex 9.48964 14.2134 25
      vertex 9.48964 10.0353 25
    endloop
  endfacet
  facet normal 0 0 -1
    outer loop
      vertex 9.08906 9.63471 25
      vertex 9.08906 14.614 25
      vertex 9.48964 14.2134 25
    endloop
  endfacet
  facet normal 0 0 -1
    outer loop
      vertex 8.625 9.30977 25
      vertex 9.08906 14.614 25
      vertex 9.08906 9.63471 25
    endloop
  endfacet
  facet normal 0 0 -1
    outer loop
      vertex 8.625 9.30977 25
      vertex 8.625 14.9389 25
      vertex 9.08906 14.614 25
    endloop
  endfacet
  facet normal 0 0 -1
    outer loop
      vertex 8.11156 9.07035 25
      vertex 8.625 14.9389 25
      vertex 8.625 9.30977 25
    endloop
  endfacet
  facet normal 0 0 -1
    outer loop
      vertex 8.11156 9.07035 25
      vertex 8.11156 15.1784 25
      vertex 8.625 14.9389 25
    endloop
  endfacet
  facet normal 0 0 -1
    outer loop
      vertex 7.56436 8.92373 25
      vertex 8.11156 15.1784 25
      vertex 8.11156 9.07035 25
    endloop
  endfacet
  facet normal 0 0 -1
    outer loop
      vertex 7.56436 8.92373 25
      vertex 7.56436 15.325 25
      vertex 8.11156 15.1784 25
    endloop
  endfacet
  facet normal 0 0 -1
    outer loop
      vertex 7 8.87436 25
      vertex 7.56436 15.325 25
      vertex 7.56436 8.92373 25
    endloop
  endfacet
  facet normal 0 0 -1
    outer loop
      vertex 7 8.87436 25
      vertex 7 15.3744 25
      vertex 7.56436 15.325 25
    endloop
  endfacet
  facet normal 0 0 -1
    outer loop
      vertex 6.43564 8.92373 25
      vertex 7 15.3744 25
      vertex 7 8.87436 25
    endloop
  endfacet
  facet normal 0 0 -1
    outer loop
      vertex 6.43564 8.92373 25
      vertex 6.43564 15.325 25
      vertex 7 15.3744 25
    endloop
  endfacet
  facet normal 0 0 -1
    outer loop
      vertex 5.88843 9.07035 25
      vertex 6.43564 15.325 25
      vertex 6.43564 8.92373 25
    endloop
  endfacet
  facet normal 0 0 -1
    outer loop
      vertex 5.88843 9.07035 25
      vertex 5.88843 15.1784 25
      vertex 6.43564 15.325 25
    endloop
  endfacet
  facet normal 0 0 -1
    outer loop
      vertex 5.375 9.30977 25
      vertex 5.88843 15.1784 25
      vertex 5.88843 9.07035 25
    endloop
  endfacet
  facet normal 0 0 -1
    outer loop
      vertex 5.375 9.30977 25
      vertex 5.375 14.9389 25
      vertex 5.88843 15.1784 25
    endloop
  endfacet
  facet normal 0 0 -1
    outer loop
      vertex 4.91094 9.63471 25
      vertex 5.375 14.9389 25
      vertex 5.375 9.30977 25
    endloop
  endfacet
  facet normal 0 0 -1
    outer loop
      vertex 4.91094 9.63471 25
      vertex 4.91094 14.614 25
      vertex 5.375 14.9389 25
    endloop
  endfacet
  facet normal 0 0 -1
    outer loop
      vertex 4.51035 10.0353 25
      vertex 4.91094 14.614 25
      vertex 4.91094 9.63471 25
    endloop
  endfacet
  facet normal 0 0 -1
    outer loop
      vertex 4.51035 10.0353 25
      vertex 4.51035 14.2134 25
      vertex 4.91094 14.614 25
    endloop
  endfacet
  facet normal 0 0 -1
    outer loop
      vertex 4.18542 10.4994 25
      vertex 4.51035 14.2134 25
      vertex 4.51035 10.0353 25
    endloop
  endfacet
  facet normal 0 0 -1
    outer loop
      vertex 4.18542 10.4994 25
      vertex 4.18542 13.7494 25
      vertex 4.51035 14.2134 25
    endloop
  endfacet
  facet normal 0 0 -1
    outer loop
      vertex 3.946 11.0128 25
      vertex 4.18542 13.7494 25
      vertex 4.18542 10.4994 25
    endloop
  endfacet
  facet normal 0 0 -1
    outer loop
      vertex 3.946 11.0128 25
      vertex 3.946 13.2359 25
      vertex 4.18542 13.7494 25
    endloop
  endfacet
  facet normal 0 0 -1
    outer loop
      vertex 3.79937 11.56 25
      vertex 3.946 13.2359 25
      vertex 3.946 11.0128 25
    endloop
  endfacet
  facet normal 0 0 -1
    outer loop
      vertex 3.79937 11.56 25
      vertex 3.79937 12.6887 25
      vertex 3.946 13.2359 25
    endloop
  endfacet
  facet normal 0 -0 -1
    outer loop
      vertex 3.79937 12.6887 25
      vertex 3.79937 11.56 25
      vertex 3.75 12.1244 25
    endloop
  endfacet
  facet normal 0.996196 0.0871407 -1.24422e-19
    outer loop
      vertex 3.79937 11.56 25
      vertex 3.75 12.1244 7
      vertex 3.75 12.1244 25
    endloop
  endfacet
  facet normal 0.996196 0.0871407 -1.24422e-19
    outer loop
      vertex 3.75 12.1244 7
      vertex 3.79937 11.56 25
      vertex 3.79937 11.56 7
    endloop
  endfacet
  facet normal 0.965922 -0.258833 -4.47228e-19
    outer loop
      vertex 3.79937 12.6887 25
      vertex 3.946 13.2359 7
      vertex 3.946 13.2359 25
    endloop
  endfacet
  facet normal 0.965922 -0.258833 -4.47228e-19
    outer loop
      vertex 3.946 13.2359 7
      vertex 3.79937 12.6887 25
      vertex 3.79937 12.6887 7
    endloop
  endfacet
  facet normal 0 0 1
    outer loop
      vertex 10.2006 12.6887 7
      vertex 10.2006 11.56 7
      vertex 10.25 12.1244 7
    endloop
  endfacet
  facet normal 0 0 1
    outer loop
      vertex 10.054 13.2359 7
      vertex 10.2006 11.56 7
      vertex 10.2006 12.6887 7
    endloop
  endfacet
  facet normal 0 0 1
    outer loop
      vertex 10.054 13.2359 7
      vertex 10.054 11.0128 7
      vertex 10.2006 11.56 7
    endloop
  endfacet
  facet normal 0 0 1
    outer loop
      vertex 9.81458 13.7494 7
      vertex 10.054 11.0128 7
      vertex 10.054 13.2359 7
    endloop
  endfacet
  facet normal 0 0 1
    outer loop
      vertex 9.81458 13.7494 7
      vertex 9.81458 10.4994 7
      vertex 10.054 11.0128 7
    endloop
  endfacet
  facet normal 0 0 1
    outer loop
      vertex 9.48964 14.2134 7
      vertex 9.81458 10.4994 7
      vertex 9.81458 13.7494 7
    endloop
  endfacet
  facet normal 0 0 1
    outer loop
      vertex 9.48964 14.2134 7
      vertex 9.48964 10.0353 7
      vertex 9.81458 10.4994 7
    endloop
  endfacet
  facet normal 0 0 1
    outer loop
      vertex 9.08906 14.614 7
      vertex 9.48964 10.0353 7
      vertex 9.48964 14.2134 7
    endloop
  endfacet
  facet normal 0 0 1
    outer loop
      vertex 9.08906 14.614 7
      vertex 9.08906 9.63471 7
      vertex 9.48964 10.0353 7
    endloop
  endfacet
  facet normal 0 0 1
    outer loop
      vertex 8.625 14.9389 7
      vertex 9.08906 9.63471 7
      vertex 9.08906 14.614 7
    endloop
  endfacet
  facet normal 0 0 1
    outer loop
      vertex 8.625 14.9389 7
      vertex 8.625 9.30977 7
      vertex 9.08906 9.63471 7
    endloop
  endfacet
  facet normal 0 0 1
    outer loop
      vertex 8.11156 15.1784 7
      vertex 8.625 9.30977 7
      vertex 8.625 14.9389 7
    endloop
  endfacet
  facet normal 0 0 1
    outer loop
      vertex 8.11156 15.1784 7
      vertex 8.11156 9.07035 7
      vertex 8.625 9.30977 7
    endloop
  endfacet
  facet normal 0 0 1
    outer loop
      vertex 7.56436 15.325 7
      vertex 8.11156 9.07035 7
      vertex 8.11156 15.1784 7
    endloop
  endfacet
  facet normal 0 0 1
    outer loop
      vertex 7.56436 15.325 7
      vertex 7.56436 8.92373 7
      vertex 8.11156 9.07035 7
    endloop
  endfacet
  facet normal 0 0 1
    outer loop
      vertex 7.56436 15.325 7
      vertex 7 8.87436 7
      vertex 7.56436 8.92373 7
    endloop
  endfacet
  facet normal 0 0 1
    outer loop
      vertex 7 15.3744 7
      vertex 7 8.87436 7
      vertex 7.56436 15.325 7
    endloop
  endfacet
  facet normal -0 0 1
    outer loop
      vertex 6.43564 15.325 7
      vertex 7 8.87436 7
      vertex 7 15.3744 7
    endloop
  endfacet
  facet normal 0 0 1
    outer loop
      vertex 6.43564 15.325 7
      vertex 6.43564 8.92373 7
      vertex 7 8.87436 7
    endloop
  endfacet
  facet normal -0 0 1
    outer loop
      vertex 5.88843 15.1784 7
      vertex 6.43564 8.92373 7
      vertex 6.43564 15.325 7
    endloop
  endfacet
  facet normal 0 0 1
    outer loop
      vertex 5.88843 15.1784 7
      vertex 5.88843 9.07035 7
      vertex 6.43564 8.92373 7
    endloop
  endfacet
  facet normal -0 0 1
    outer loop
      vertex 5.375 14.9389 7
      vertex 5.88843 9.07035 7
      vertex 5.88843 15.1784 7
    endloop
  endfacet
  facet normal 0 0 1
    outer loop
      vertex 5.375 14.9389 7
      vertex 5.375 9.30977 7
      vertex 5.88843 9.07035 7
    endloop
  endfacet
  facet normal -0 0 1
    outer loop
      vertex 4.91094 14.614 7
      vertex 5.375 9.30977 7
      vertex 5.375 14.9389 7
    endloop
  endfacet
  facet normal 0 0 1
    outer loop
      vertex 4.91094 14.614 7
      vertex 4.91094 9.63471 7
      vertex 5.375 9.30977 7
    endloop
  endfacet
  facet normal -0 0 1
    outer loop
      vertex 4.51035 14.2134 7
      vertex 4.91094 9.63471 7
      vertex 4.91094 14.614 7
    endloop
  endfacet
  facet normal 0 0 1
    outer loop
      vertex 4.51035 14.2134 7
      vertex 4.51035 10.0353 7
      vertex 4.91094 9.63471 7
    endloop
  endfacet
  facet normal -0 0 1
    outer loop
      vertex 4.18542 13.7494 7
      vertex 4.51035 10.0353 7
      vertex 4.51035 14.2134 7
    endloop
  endfacet
  facet normal 0 0 1
    outer loop
      vertex 4.18542 13.7494 7
      vertex 4.18542 10.4994 7
      vertex 4.51035 10.0353 7
    endloop
  endfacet
  facet normal -0 0 1
    outer loop
      vertex 3.946 13.2359 7
      vertex 4.18542 10.4994 7
      vertex 4.18542 13.7494 7
    endloop
  endfacet
  facet normal 0 0 1
    outer loop
      vertex 3.946 13.2359 7
      vertex 3.946 11.0128 7
      vertex 4.18542 10.4994 7
    endloop
  endfacet
  facet normal -0 0 1
    outer loop
      vertex 3.79937 12.6887 7
      vertex 3.946 11.0128 7
      vertex 3.946 13.2359 7
    endloop
  endfacet
  facet normal 0 0 1
    outer loop
      vertex 3.79937 12.6887 7
      vertex 3.79937 11.56 7
      vertex 3.946 11.0128 7
    endloop
  endfacet
  facet normal 0 -0 1
    outer loop
      vertex 3.79937 11.56 7
      vertex 3.79937 12.6887 7
      vertex 3.75 12.1244 7
    endloop
  endfacet
  facet normal -0.422733 -0.906254 0
    outer loop
      vertex 8.11156 15.1784 7
      vertex 8.625 14.9389 25
      vertex 8.11156 15.1784 25
    endloop
  endfacet
  facet normal -0.422733 -0.906254 -0
    outer loop
      vertex 8.625 14.9389 25
      vertex 8.11156 15.1784 7
      vertex 8.625 14.9389 7
    endloop
  endfacet
  facet normal -0.965935 0.258783 -6.034e-19
    outer loop
      vertex 10.054 11.0128 7
      vertex 10.2006 11.56 25
      vertex 10.2006 11.56 7
    endloop
  endfacet
  facet normal -0.965935 0.258783 -6.034e-19
    outer loop
      vertex 10.2006 11.56 25
      vertex 10.054 11.0128 7
      vertex 10.054 11.0128 25
    endloop
  endfacet
  facet normal -0.996191 0.0871932 -1.30069e-19
    outer loop
      vertex 10.2006 11.56 7
      vertex 10.25 12.1244 25
      vertex 10.25 12.1244 7
    endloop
  endfacet
  facet normal -0.996191 0.0871932 -1.30069e-19
    outer loop
      vertex 10.25 12.1244 25
      vertex 10.2006 11.56 7
      vertex 10.2006 11.56 25
    endloop
  endfacet
  facet normal -0.99619 -0.0872086 -1.60663e-19
    outer loop
      vertex 10.25 12.1244 7
      vertex 10.2006 12.6887 25
      vertex 10.2006 12.6887 7
    endloop
  endfacet
  facet normal -0.99619 -0.0872086 -1.60663e-19
    outer loop
      vertex 10.2006 12.6887 25
      vertex 10.25 12.1244 7
      vertex 10.25 12.1244 25
    endloop
  endfacet
  facet normal -0.906327 -0.422576 -6.14616e-19
    outer loop
      vertex 10.054 13.2359 7
      vertex 9.81458 13.7494 25
      vertex 9.81458 13.7494 7
    endloop
  endfacet
  facet normal -0.906327 -0.422576 -6.14616e-19
    outer loop
      vertex 9.81458 13.7494 25
      vertex 10.054 13.2359 7
      vertex 10.054 13.2359 25
    endloop
  endfacet
  facet normal -0.906296 0.422644 -1.87405e-19
    outer loop
      vertex 9.81458 10.4994 7
      vertex 10.054 11.0128 25
      vertex 10.054 11.0128 7
    endloop
  endfacet
  facet normal -0.906296 0.422644 -1.87405e-19
    outer loop
      vertex 10.054 11.0128 25
      vertex 9.81458 10.4994 7
      vertex 9.81458 10.4994 25
    endloop
  endfacet
  facet normal -0.573578 0.819151 0
    outer loop
      vertex 9.08906 9.63471 7
      vertex 8.625 9.30977 25
      vertex 9.08906 9.63471 25
    endloop
  endfacet
  facet normal -0.573578 0.819151 0
    outer loop
      vertex 8.625 9.30977 25
      vertex 9.08906 9.63471 7
      vertex 8.625 9.30977 7
    endloop
  endfacet
  facet normal -0.258816 0.965927 0
    outer loop
      vertex 8.11156 9.07035 7
      vertex 7.56436 8.92373 25
      vertex 8.11156 9.07035 25
    endloop
  endfacet
  facet normal -0.258816 0.965927 0
    outer loop
      vertex 7.56436 8.92373 25
      vertex 8.11156 9.07035 7
      vertex 7.56436 8.92373 7
    endloop
  endfacet
  facet normal 0.258812 0.965928 -0
    outer loop
      vertex 6.43564 8.92373 7
      vertex 5.88843 9.07035 25
      vertex 6.43564 8.92373 25
    endloop
  endfacet
  facet normal 0.258812 0.965928 0
    outer loop
      vertex 5.88843 9.07035 25
      vertex 6.43564 8.92373 7
      vertex 5.88843 9.07035 7
    endloop
  endfacet
  facet normal -0.422617 0.906308 0
    outer loop
      vertex 8.625 9.30977 7
      vertex 8.11156 9.07035 25
      vertex 8.625 9.30977 25
    endloop
  endfacet
  facet normal -0.422617 0.906308 0
    outer loop
      vertex 8.11156 9.07035 25
      vertex 8.625 9.30977 7
      vertex 8.11156 9.07035 7
    endloop
  endfacet
  facet normal -0.0871994 -0.996191 0
    outer loop
      vertex 7 15.3744 7
      vertex 7.56436 15.325 25
      vertex 7 15.3744 25
    endloop
  endfacet
  facet normal -0.0871994 -0.996191 -0
    outer loop
      vertex 7.56436 15.325 25
      vertex 7 15.3744 7
      vertex 7.56436 15.325 7
    endloop
  endfacet
  facet normal 0.819124 -0.573616 6.38e-20
    outer loop
      vertex 4.18542 13.7494 25
      vertex 4.51035 14.2134 7
      vertex 4.51035 14.2134 25
    endloop
  endfacet
  facet normal 0.819124 -0.573616 6.38e-20
    outer loop
      vertex 4.51035 14.2134 7
      vertex 4.18542 13.7494 25
      vertex 4.18542 13.7494 7
    endloop
  endfacet
  facet normal 0.707107 0.707107 -5.11674e-19
    outer loop
      vertex 4.91094 9.63471 25
      vertex 4.51035 10.0353 7
      vertex 4.51035 10.0353 25
    endloop
  endfacet
  facet normal 0.707107 0.707107 -5.11674e-19
    outer loop
      vertex 4.51035 10.0353 7
      vertex 4.91094 9.63471 25
      vertex 4.91094 9.63471 7
    endloop
  endfacet
  facet normal 0.965922 0.258833 4.47228e-19
    outer loop
      vertex 3.946 11.0128 25
      vertex 3.79937 11.56 7
      vertex 3.79937 11.56 25
    endloop
  endfacet
  facet normal 0.965922 0.258833 4.47228e-19
    outer loop
      vertex 3.79937 11.56 7
      vertex 3.946 11.0128 25
      vertex 3.946 11.0128 7
    endloop
  endfacet
  facet normal -0.707124 -0.707089 0
    outer loop
      vertex 9.08906 14.614 7
      vertex 9.48964 14.2134 25
      vertex 9.08906 14.614 25
    endloop
  endfacet
  facet normal -0.707124 -0.707089 -0
    outer loop
      vertex 9.48964 14.2134 25
      vertex 9.08906 14.614 7
      vertex 9.48964 14.2134 7
    endloop
  endfacet
  facet normal -0.707116 0.707098 -5.15668e-19
    outer loop
      vertex 9.08906 9.63471 7
      vertex 9.48964 10.0353 25
      vertex 9.48964 10.0353 7
    endloop
  endfacet
  facet normal -0.707116 0.707098 -5.15668e-19
    outer loop
      vertex 9.48964 10.0353 25
      vertex 9.08906 9.63471 7
      vertex 9.08906 9.63471 25
    endloop
  endfacet
  facet normal 0.0871468 0.996195 -0
    outer loop
      vertex 7 8.87436 7
      vertex 6.43564 8.92373 25
      vertex 7 8.87436 25
    endloop
  endfacet
  facet normal 0.0871468 0.996195 0
    outer loop
      vertex 6.43564 8.92373 25
      vertex 7 8.87436 7
      vertex 6.43564 8.92373 7
    endloop
  endfacet
  facet normal 0.819182 0.573533 1.2107e-18
    outer loop
      vertex 4.51035 10.0353 25
      vertex 4.18542 10.4994 7
      vertex 4.18542 10.4994 25
    endloop
  endfacet
  facet normal 0.819182 0.573533 1.2107e-18
    outer loop
      vertex 4.18542 10.4994 7
      vertex 4.51035 10.0353 25
      vertex 4.51035 10.0353 7
    endloop
  endfacet
  facet normal -0.0871468 0.996195 0
    outer loop
      vertex 7.56436 8.92373 7
      vertex 7 8.87436 25
      vertex 7.56436 8.92373 25
    endloop
  endfacet
  facet normal -0.0871468 0.996195 0
    outer loop
      vertex 7 8.87436 25
      vertex 7.56436 8.92373 7
      vertex 7 8.87436 7
    endloop
  endfacet
  facet normal 0.996191 0.0871932 1.30069e-19
    outer loop
      vertex -10.2006 11.56 25
      vertex -10.25 12.1244 7
      vertex -10.25 12.1244 25
    endloop
  endfacet
  facet normal 0.996191 0.0871932 1.30069e-19
    outer loop
      vertex -10.25 12.1244 7
      vertex -10.2006 11.56 25
      vertex -10.2006 11.56 7
    endloop
  endfacet
  facet normal 0.422733 -0.906254 0
    outer loop
      vertex -8.625 14.9389 7
      vertex -8.11156 15.1784 25
      vertex -8.625 14.9389 25
    endloop
  endfacet
  facet normal 0.422733 -0.906254 0
    outer loop
      vertex -8.11156 15.1784 25
      vertex -8.625 14.9389 7
      vertex -8.11156 15.1784 7
    endloop
  endfacet
  facet normal 0 0 -1
    outer loop
      vertex -3.79937 11.56 25
      vertex -3.79937 12.6887 25
      vertex -3.75 12.1244 25
    endloop
  endfacet
  facet normal 0 0 -1
    outer loop
      vertex -3.946 11.0128 25
      vertex -3.79937 12.6887 25
      vertex -3.79937 11.56 25
    endloop
  endfacet
  facet normal 0 0 -1
    outer loop
      vertex -3.946 11.0128 25
      vertex -3.946 13.2359 25
      vertex -3.79937 12.6887 25
    endloop
  endfacet
  facet normal 0 0 -1
    outer loop
      vertex -4.18542 10.4994 25
      vertex -3.946 13.2359 25
      vertex -3.946 11.0128 25
    endloop
  endfacet
  facet normal 0 0 -1
    outer loop
      vertex -4.18542 10.4994 25
      vertex -4.18542 13.7494 25
      vertex -3.946 13.2359 25
    endloop
  endfacet
  facet normal 0 0 -1
    outer loop
      vertex -4.51035 10.0353 25
      vertex -4.18542 13.7494 25
      vertex -4.18542 10.4994 25
    endloop
  endfacet
  facet normal 0 0 -1
    outer loop
      vertex -4.51035 10.0353 25
      vertex -4.51035 14.2134 25
      vertex -4.18542 13.7494 25
    endloop
  endfacet
  facet normal 0 0 -1
    outer loop
      vertex -4.91094 9.63471 25
      vertex -4.51035 14.2134 25
      vertex -4.51035 10.0353 25
    endloop
  endfacet
  facet normal 0 0 -1
    outer loop
      vertex -4.91094 9.63471 25
      vertex -4.91094 14.614 25
      vertex -4.51035 14.2134 25
    endloop
  endfacet
  facet normal 0 0 -1
    outer loop
      vertex -5.375 9.30977 25
      vertex -4.91094 14.614 25
      vertex -4.91094 9.63471 25
    endloop
  endfacet
  facet normal 0 0 -1
    outer loop
      vertex -5.375 9.30977 25
      vertex -5.375 14.9389 25
      vertex -4.91094 14.614 25
    endloop
  endfacet
  facet normal 0 0 -1
    outer loop
      vertex -5.88843 9.07035 25
      vertex -5.375 14.9389 25
      vertex -5.375 9.30977 25
    endloop
  endfacet
  facet normal 0 0 -1
    outer loop
      vertex -5.88843 9.07035 25
      vertex -5.88843 15.1784 25
      vertex -5.375 14.9389 25
    endloop
  endfacet
  facet normal 0 0 -1
    outer loop
      vertex -6.43564 8.92373 25
      vertex -5.88843 15.1784 25
      vertex -5.88843 9.07035 25
    endloop
  endfacet
  facet normal 0 0 -1
    outer loop
      vertex -6.43564 8.92373 25
      vertex -6.43564 15.325 25
      vertex -5.88843 15.1784 25
    endloop
  endfacet
  facet normal 0 0 -1
    outer loop
      vertex -6.43564 8.92373 25
      vertex -7 15.3744 25
      vertex -6.43564 15.325 25
    endloop
  endfacet
  facet normal 0 0 -1
    outer loop
      vertex -7 8.87436 25
      vertex -7 15.3744 25
      vertex -6.43564 8.92373 25
    endloop
  endfacet
  facet normal 0 0 -1
    outer loop
      vertex -7.56436 8.92373 25
      vertex -7 15.3744 25
      vertex -7 8.87436 25
    endloop
  endfacet
  facet normal 0 0 -1
    outer loop
      vertex -7.56436 8.92373 25
      vertex -7.56436 15.325 25
      vertex -7 15.3744 25
    endloop
  endfacet
  facet normal 0 0 -1
    outer loop
      vertex -8.11156 9.07035 25
      vertex -7.56436 15.325 25
      vertex -7.56436 8.92373 25
    endloop
  endfacet
  facet normal 0 0 -1
    outer loop
      vertex -8.11156 9.07035 25
      vertex -8.11156 15.1784 25
      vertex -7.56436 15.325 25
    endloop
  endfacet
  facet normal 0 0 -1
    outer loop
      vertex -8.625 9.30977 25
      vertex -8.11156 15.1784 25
      vertex -8.11156 9.07035 25
    endloop
  endfacet
  facet normal 0 0 -1
    outer loop
      vertex -8.625 9.30977 25
      vertex -8.625 14.9389 25
      vertex -8.11156 15.1784 25
    endloop
  endfacet
  facet normal 0 0 -1
    outer loop
      vertex -9.08906 9.63471 25
      vertex -8.625 14.9389 25
      vertex -8.625 9.30977 25
    endloop
  endfacet
  facet normal 0 0 -1
    outer loop
      vertex -9.08906 9.63471 25
      vertex -9.08906 14.614 25
      vertex -8.625 14.9389 25
    endloop
  endfacet
  facet normal 0 0 -1
    outer loop
      vertex -9.48964 10.0353 25
      vertex -9.08906 14.614 25
      vertex -9.08906 9.63471 25
    endloop
  endfacet
  facet normal 0 0 -1
    outer loop
      vertex -9.48964 10.0353 25
      vertex -9.48964 14.2134 25
      vertex -9.08906 14.614 25
    endloop
  endfacet
  facet normal 0 0 -1
    outer loop
      vertex -9.81458 10.4994 25
      vertex -9.48964 14.2134 25
      vertex -9.48964 10.0353 25
    endloop
  endfacet
  facet normal 0 0 -1
    outer loop
      vertex -9.81458 10.4994 25
      vertex -9.81458 13.7494 25
      vertex -9.48964 14.2134 25
    endloop
  endfacet
  facet normal 0 0 -1
    outer loop
      vertex -10.054 11.0128 25
      vertex -9.81458 13.7494 25
      vertex -9.81458 10.4994 25
    endloop
  endfacet
  facet normal 0 0 -1
    outer loop
      vertex -10.054 11.0128 25
      vertex -10.054 13.2359 25
      vertex -9.81458 13.7494 25
    endloop
  endfacet
  facet normal 0 0 -1
    outer loop
      vertex -10.2006 11.56 25
      vertex -10.054 13.2359 25
      vertex -10.054 11.0128 25
    endloop
  endfacet
  facet normal 0 0 -1
    outer loop
      vertex -10.2006 11.56 25
      vertex -10.2006 12.6887 25
      vertex -10.054 13.2359 25
    endloop
  endfacet
  facet normal 0 -0 -1
    outer loop
      vertex -10.2006 12.6887 25
      vertex -10.2006 11.56 25
      vertex -10.25 12.1244 25
    endloop
  endfacet
  facet normal -0.258779 -0.965937 0
    outer loop
      vertex -6.43564 15.325 7
      vertex -5.88843 15.1784 25
      vertex -6.43564 15.325 25
    endloop
  endfacet
  facet normal -0.258779 -0.965937 -0
    outer loop
      vertex -5.88843 15.1784 25
      vertex -6.43564 15.325 7
      vertex -5.88843 15.1784 7
    endloop
  endfacet
  facet normal 0.0871994 -0.996191 0
    outer loop
      vertex -7.56436 15.325 7
      vertex -7 15.3744 25
      vertex -7.56436 15.325 25
    endloop
  endfacet
  facet normal 0.0871994 -0.996191 0
    outer loop
      vertex -7 15.3744 25
      vertex -7.56436 15.325 7
      vertex -7 15.3744 7
    endloop
  endfacet
  facet normal -0.965922 -0.258833 4.47228e-19
    outer loop
      vertex -3.79937 12.6887 7
      vertex -3.946 13.2359 25
      vertex -3.946 13.2359 7
    endloop
  endfacet
  facet normal -0.965922 -0.258833 4.47228e-19
    outer loop
      vertex -3.946 13.2359 25
      vertex -3.79937 12.6887 7
      vertex -3.79937 12.6887 25
    endloop
  endfacet
  facet normal 0.906327 -0.422576 6.14616e-19
    outer loop
      vertex -10.054 13.2359 25
      vertex -9.81458 13.7494 7
      vertex -9.81458 13.7494 25
    endloop
  endfacet
  facet normal 0.906327 -0.422576 6.14616e-19
    outer loop
      vertex -9.81458 13.7494 7
      vertex -10.054 13.2359 25
      vertex -10.054 13.2359 7
    endloop
  endfacet
  facet normal 0.707124 -0.707089 0
    outer loop
      vertex -9.48964 14.2134 7
      vertex -9.08906 14.614 25
      vertex -9.48964 14.2134 25
    endloop
  endfacet
  facet normal 0.707124 -0.707089 0
    outer loop
      vertex -9.08906 14.614 25
      vertex -9.48964 14.2134 7
      vertex -9.08906 14.614 7
    endloop
  endfacet
  facet normal 0.965935 -0.258783 -6.034e-19
    outer loop
      vertex -10.2006 12.6887 25
      vertex -10.054 13.2359 7
      vertex -10.054 13.2359 25
    endloop
  endfacet
  facet normal 0.965935 -0.258783 -6.034e-19
    outer loop
      vertex -10.054 13.2359 7
      vertex -10.2006 12.6887 25
      vertex -10.2006 12.6887 7
    endloop
  endfacet
  facet normal 0.99619 -0.0872086 1.60663e-19
    outer loop
      vertex -10.25 12.1244 25
      vertex -10.2006 12.6887 7
      vertex -10.2006 12.6887 25
    endloop
  endfacet
  facet normal 0.99619 -0.0872086 1.60663e-19
    outer loop
      vertex -10.2006 12.6887 7
      vertex -10.25 12.1244 25
      vertex -10.25 12.1244 7
    endloop
  endfacet
  facet normal 0 0 1
    outer loop
      vertex -3.79937 12.6887 7
      vertex -3.79937 11.56 7
      vertex -3.75 12.1244 7
    endloop
  endfacet
  facet normal 0 0 1
    outer loop
      vertex -3.946 13.2359 7
      vertex -3.79937 11.56 7
      vertex -3.79937 12.6887 7
    endloop
  endfacet
  facet normal 0 0 1
    outer loop
      vertex -3.946 13.2359 7
      vertex -3.946 11.0128 7
      vertex -3.79937 11.56 7
    endloop
  endfacet
  facet normal 0 0 1
    outer loop
      vertex -4.18542 13.7494 7
      vertex -3.946 11.0128 7
      vertex -3.946 13.2359 7
    endloop
  endfacet
  facet normal 0 0 1
    outer loop
      vertex -4.18542 13.7494 7
      vertex -4.18542 10.4994 7
      vertex -3.946 11.0128 7
    endloop
  endfacet
  facet normal 0 0 1
    outer loop
      vertex -4.51035 14.2134 7
      vertex -4.18542 10.4994 7
      vertex -4.18542 13.7494 7
    endloop
  endfacet
  facet normal 0 0 1
    outer loop
      vertex -4.51035 14.2134 7
      vertex -4.51035 10.0353 7
      vertex -4.18542 10.4994 7
    endloop
  endfacet
  facet normal 0 0 1
    outer loop
      vertex -4.91094 14.614 7
      vertex -4.51035 10.0353 7
      vertex -4.51035 14.2134 7
    endloop
  endfacet
  facet normal 0 0 1
    outer loop
      vertex -4.91094 14.614 7
      vertex -4.91094 9.63471 7
      vertex -4.51035 10.0353 7
    endloop
  endfacet
  facet normal 0 0 1
    outer loop
      vertex -5.375 14.9389 7
      vertex -4.91094 9.63471 7
      vertex -4.91094 14.614 7
    endloop
  endfacet
  facet normal 0 0 1
    outer loop
      vertex -5.375 14.9389 7
      vertex -5.375 9.30977 7
      vertex -4.91094 9.63471 7
    endloop
  endfacet
  facet normal 0 0 1
    outer loop
      vertex -5.88843 15.1784 7
      vertex -5.375 9.30977 7
      vertex -5.375 14.9389 7
    endloop
  endfacet
  facet normal 0 0 1
    outer loop
      vertex -5.88843 15.1784 7
      vertex -5.88843 9.07035 7
      vertex -5.375 9.30977 7
    endloop
  endfacet
  facet normal 0 0 1
    outer loop
      vertex -6.43564 15.325 7
      vertex -5.88843 9.07035 7
      vertex -5.88843 15.1784 7
    endloop
  endfacet
  facet normal 0 0 1
    outer loop
      vertex -6.43564 15.325 7
      vertex -6.43564 8.92373 7
      vertex -5.88843 9.07035 7
    endloop
  endfacet
  facet normal 0 0 1
    outer loop
      vertex -7 15.3744 7
      vertex -6.43564 8.92373 7
      vertex -6.43564 15.325 7
    endloop
  endfacet
  facet normal 0 0 1
    outer loop
      vertex -7 15.3744 7
      vertex -7 8.87436 7
      vertex -6.43564 8.92373 7
    endloop
  endfacet
  facet normal -0 0 1
    outer loop
      vertex -7.56436 15.325 7
      vertex -7 8.87436 7
      vertex -7 15.3744 7
    endloop
  endfacet
  facet normal 0 0 1
    outer loop
      vertex -7.56436 15.325 7
      vertex -7.56436 8.92373 7
      vertex -7 8.87436 7
    endloop
  endfacet
  facet normal -0 0 1
    outer loop
      vertex -8.11156 15.1784 7
      vertex -7.56436 8.92373 7
      vertex -7.56436 15.325 7
    endloop
  endfacet
  facet normal 0 0 1
    outer loop
      vertex -8.11156 15.1784 7
      vertex -8.11156 9.07035 7
      vertex -7.56436 8.92373 7
    endloop
  endfacet
  facet normal -0 0 1
    outer loop
      vertex -8.625 14.9389 7
      vertex -8.11156 9.07035 7
      vertex -8.11156 15.1784 7
    endloop
  endfacet
  facet normal 0 0 1
    outer loop
      vertex -8.625 14.9389 7
      vertex -8.625 9.30977 7
      vertex -8.11156 9.07035 7
    endloop
  endfacet
  facet normal -0 0 1
    outer loop
      vertex -9.08906 14.614 7
      vertex -8.625 9.30977 7
      vertex -8.625 14.9389 7
    endloop
  endfacet
  facet normal 0 0 1
    outer loop
      vertex -9.08906 14.614 7
      vertex -9.08906 9.63471 7
      vertex -8.625 9.30977 7
    endloop
  endfacet
  facet normal -0 0 1
    outer loop
      vertex -9.48964 14.2134 7
      vertex -9.08906 9.63471 7
      vertex -9.08906 14.614 7
    endloop
  endfacet
  facet normal 0 0 1
    outer loop
      vertex -9.48964 14.2134 7
      vertex -9.48964 10.0353 7
      vertex -9.08906 9.63471 7
    endloop
  endfacet
  facet normal -0 0 1
    outer loop
      vertex -9.81458 13.7494 7
      vertex -9.48964 10.0353 7
      vertex -9.48964 14.2134 7
    endloop
  endfacet
  facet normal 0 0 1
    outer loop
      vertex -9.81458 13.7494 7
      vertex -9.81458 10.4994 7
      vertex -9.48964 10.0353 7
    endloop
  endfacet
  facet normal -0 0 1
    outer loop
      vertex -10.054 13.2359 7
      vertex -9.81458 10.4994 7
      vertex -9.81458 13.7494 7
    endloop
  endfacet
  facet normal 0 0 1
    outer loop
      vertex -10.054 13.2359 7
      vertex -10.054 11.0128 7
      vertex -9.81458 10.4994 7
    endloop
  endfacet
  facet normal -0 0 1
    outer loop
      vertex -10.2006 12.6887 7
      vertex -10.054 11.0128 7
      vertex -10.054 13.2359 7
    endloop
  endfacet
  facet normal 0 0 1
    outer loop
      vertex -10.2006 12.6887 7
      vertex -10.2006 11.56 7
      vertex -10.054 11.0128 7
    endloop
  endfacet
  facet normal 0 -0 1
    outer loop
      vertex -10.2006 11.56 7
      vertex -10.2006 12.6887 7
      vertex -10.25 12.1244 7
    endloop
  endfacet
  facet normal 0.906296 0.422644 1.87405e-19
    outer loop
      vertex -9.81458 10.4994 25
      vertex -10.054 11.0128 7
      vertex -10.054 11.0128 25
    endloop
  endfacet
  facet normal 0.906296 0.422644 1.87405e-19
    outer loop
      vertex -10.054 11.0128 7
      vertex -9.81458 10.4994 25
      vertex -9.81458 10.4994 7
    endloop
  endfacet
  facet normal 0.819174 0.573545 3.44201e-19
    outer loop
      vertex -9.48964 10.0353 25
      vertex -9.81458 10.4994 7
      vertex -9.81458 10.4994 25
    endloop
  endfacet
  facet normal 0.819174 0.573545 3.44201e-19
    outer loop
      vertex -9.81458 10.4994 7
      vertex -9.48964 10.0353 25
      vertex -9.48964 10.0353 7
    endloop
  endfacet
  facet normal -0.573578 0.819151 0
    outer loop
      vertex -4.91094 9.63471 7
      vertex -5.375 9.30977 25
      vertex -4.91094 9.63471 25
    endloop
  endfacet
  facet normal -0.573578 0.819151 0
    outer loop
      vertex -5.375 9.30977 25
      vertex -4.91094 9.63471 7
      vertex -5.375 9.30977 7
    endloop
  endfacet
  facet normal 0.0871468 0.996195 -0
    outer loop
      vertex -7 8.87436 7
      vertex -7.56436 8.92373 25
      vertex -7 8.87436 25
    endloop
  endfacet
  facet normal 0.0871468 0.996195 0
    outer loop
      vertex -7.56436 8.92373 25
      vertex -7 8.87436 7
      vertex -7.56436 8.92373 7
    endloop
  endfacet
  facet normal 0.422617 0.906308 -0
    outer loop
      vertex -8.11156 9.07035 7
      vertex -8.625 9.30977 25
      vertex -8.11156 9.07035 25
    endloop
  endfacet
  facet normal 0.422617 0.906308 0
    outer loop
      vertex -8.625 9.30977 25
      vertex -8.11156 9.07035 7
      vertex -8.625 9.30977 7
    endloop
  endfacet
  facet normal 0.707116 0.707098 5.15668e-19
    outer loop
      vertex -9.08906 9.63471 25
      vertex -9.48964 10.0353 7
      vertex -9.48964 10.0353 25
    endloop
  endfacet
  facet normal 0.707116 0.707098 5.15668e-19
    outer loop
      vertex -9.48964 10.0353 7
      vertex -9.08906 9.63471 25
      vertex -9.08906 9.63471 7
    endloop
  endfacet
  facet normal 0.258816 0.965927 -0
    outer loop
      vertex -7.56436 8.92373 7
      vertex -8.11156 9.07035 25
      vertex -7.56436 8.92373 25
    endloop
  endfacet
  facet normal 0.258816 0.965927 0
    outer loop
      vertex -8.11156 9.07035 25
      vertex -7.56436 8.92373 7
      vertex -8.11156 9.07035 7
    endloop
  endfacet
  facet normal 0.573531 -0.819184 0
    outer loop
      vertex -9.08906 14.614 7
      vertex -8.625 14.9389 25
      vertex -9.08906 14.614 25
    endloop
  endfacet
  facet normal 0.573531 -0.819184 0
    outer loop
      vertex -8.625 14.9389 25
      vertex -9.08906 14.614 7
      vertex -8.625 14.9389 7
    endloop
  endfacet
  facet normal -0.573531 -0.819184 0
    outer loop
      vertex -5.375 14.9389 7
      vertex -4.91094 14.614 25
      vertex -5.375 14.9389 25
    endloop
  endfacet
  facet normal -0.573531 -0.819184 -0
    outer loop
      vertex -4.91094 14.614 25
      vertex -5.375 14.9389 7
      vertex -4.91094 14.614 7
    endloop
  endfacet
  facet normal -0.42274 -0.906251 0
    outer loop
      vertex -5.88843 15.1784 7
      vertex -5.375 14.9389 25
      vertex -5.88843 15.1784 25
    endloop
  endfacet
  facet normal -0.42274 -0.906251 -0
    outer loop
      vertex -5.375 14.9389 25
      vertex -5.88843 15.1784 7
      vertex -5.375 14.9389 7
    endloop
  endfacet
  facet normal -0.0871994 -0.996191 0
    outer loop
      vertex -7 15.3744 7
      vertex -6.43564 15.325 25
      vertex -7 15.3744 25
    endloop
  endfacet
  facet normal -0.0871994 -0.996191 -0
    outer loop
      vertex -6.43564 15.325 25
      vertex -7 15.3744 7
      vertex -6.43564 15.325 7
    endloop
  endfacet
  facet normal -0.819124 -0.573616 -6.38e-20
    outer loop
      vertex -4.18542 13.7494 7
      vertex -4.51035 14.2134 25
      vertex -4.51035 14.2134 7
    endloop
  endfacet
  facet normal -0.819124 -0.573616 -6.38e-20
    outer loop
      vertex -4.51035 14.2134 25
      vertex -4.18542 13.7494 7
      vertex -4.18542 13.7494 25
    endloop
  endfacet
  facet normal -0.996196 0.0871407 1.24422e-19
    outer loop
      vertex -3.79937 11.56 7
      vertex -3.75 12.1244 25
      vertex -3.75 12.1244 7
    endloop
  endfacet
  facet normal -0.996196 0.0871407 1.24422e-19
    outer loop
      vertex -3.75 12.1244 25
      vertex -3.79937 11.56 7
      vertex -3.79937 11.56 25
    endloop
  endfacet
  facet normal -0.906296 0.422644 2.02025e-19
    outer loop
      vertex -4.18542 10.4994 7
      vertex -3.946 11.0128 25
      vertex -3.946 11.0128 7
    endloop
  endfacet
  facet normal -0.906296 0.422644 2.02025e-19
    outer loop
      vertex -3.946 11.0128 25
      vertex -4.18542 10.4994 7
      vertex -4.18542 10.4994 25
    endloop
  endfacet
  facet normal -0.707107 0.707107 5.11674e-19
    outer loop
      vertex -4.91094 9.63471 7
      vertex -4.51035 10.0353 25
      vertex -4.51035 10.0353 7
    endloop
  endfacet
  facet normal -0.707107 0.707107 5.11674e-19
    outer loop
      vertex -4.51035 10.0353 25
      vertex -4.91094 9.63471 7
      vertex -4.91094 9.63471 25
    endloop
  endfacet
  facet normal 0.819116 -0.573628 9.78257e-19
    outer loop
      vertex -9.81458 13.7494 25
      vertex -9.48964 14.2134 7
      vertex -9.48964 14.2134 25
    endloop
  endfacet
  facet normal 0.819116 -0.573628 9.78257e-19
    outer loop
      vertex -9.48964 14.2134 7
      vertex -9.81458 13.7494 25
      vertex -9.81458 13.7494 7
    endloop
  endfacet
  facet normal 0.965935 0.258783 6.034e-19
    outer loop
      vertex -10.054 11.0128 25
      vertex -10.2006 11.56 7
      vertex -10.2006 11.56 25
    endloop
  endfacet
  facet normal 0.965935 0.258783 6.034e-19
    outer loop
      vertex -10.2006 11.56 7
      vertex -10.054 11.0128 25
      vertex -10.054 11.0128 7
    endloop
  endfacet
  facet normal -0.258812 0.965928 0
    outer loop
      vertex -5.88843 9.07035 7
      vertex -6.43564 8.92373 25
      vertex -5.88843 9.07035 25
    endloop
  endfacet
  facet normal -0.258812 0.965928 0
    outer loop
      vertex -6.43564 8.92373 25
      vertex -5.88843 9.07035 7
      vertex -6.43564 8.92373 7
    endloop
  endfacet
  facet normal -0.0871468 0.996195 0
    outer loop
      vertex -6.43564 8.92373 7
      vertex -7 8.87436 25
      vertex -6.43564 8.92373 25
    endloop
  endfacet
  facet normal -0.0871468 0.996195 0
    outer loop
      vertex -7 8.87436 25
      vertex -6.43564 8.92373 7
      vertex -7 8.87436 7
    endloop
  endfacet
  facet normal 0.573578 0.819151 -0
    outer loop
      vertex -8.625 9.30977 7
      vertex -9.08906 9.63471 25
      vertex -8.625 9.30977 25
    endloop
  endfacet
  facet normal 0.573578 0.819151 0
    outer loop
      vertex -9.08906 9.63471 25
      vertex -8.625 9.30977 7
      vertex -9.08906 9.63471 7
    endloop
  endfacet
  facet normal 0.258783 -0.965935 0
    outer loop
      vertex -8.11156 15.1784 7
      vertex -7.56436 15.325 25
      vertex -8.11156 15.1784 25
    endloop
  endfacet
  facet normal 0.258783 -0.965935 0
    outer loop
      vertex -7.56436 15.325 25
      vertex -8.11156 15.1784 7
      vertex -7.56436 15.325 7
    endloop
  endfacet
  facet normal -0.707116 -0.707098 0
    outer loop
      vertex -4.91094 14.614 7
      vertex -4.51035 14.2134 25
      vertex -4.91094 14.614 25
    endloop
  endfacet
  facet normal -0.707116 -0.707098 -0
    outer loop
      vertex -4.51035 14.2134 25
      vertex -4.91094 14.614 7
      vertex -4.51035 14.2134 7
    endloop
  endfacet
  facet normal -0.906327 -0.422576 3.43521e-19
    outer loop
      vertex -3.946 13.2359 7
      vertex -4.18542 13.7494 25
      vertex -4.18542 13.7494 7
    endloop
  endfacet
  facet normal -0.906327 -0.422576 3.43521e-19
    outer loop
      vertex -4.18542 13.7494 25
      vertex -3.946 13.2359 7
      vertex -3.946 13.2359 25
    endloop
  endfacet
  facet normal -0.996195 -0.087156 7.60952e-20
    outer loop
      vertex -3.75 12.1244 7
      vertex -3.79937 12.6887 25
      vertex -3.79937 12.6887 7
    endloop
  endfacet
  facet normal -0.996195 -0.087156 7.60952e-20
    outer loop
      vertex -3.79937 12.6887 25
      vertex -3.75 12.1244 7
      vertex -3.75 12.1244 25
    endloop
  endfacet
  facet normal -0.819182 0.573533 -1.2107e-18
    outer loop
      vertex -4.51035 10.0353 7
      vertex -4.18542 10.4994 25
      vertex -4.18542 10.4994 7
    endloop
  endfacet
  facet normal -0.819182 0.573533 -1.2107e-18
    outer loop
      vertex -4.18542 10.4994 25
      vertex -4.51035 10.0353 7
      vertex -4.51035 10.0353 25
    endloop
  endfacet
  facet normal -0.965922 0.258833 -4.47228e-19
    outer loop
      vertex -3.946 11.0128 7
      vertex -3.79937 11.56 25
      vertex -3.79937 11.56 7
    endloop
  endfacet
  facet normal -0.965922 0.258833 -4.47228e-19
    outer loop
      vertex -3.79937 11.56 25
      vertex -3.946 11.0128 7
      vertex -3.946 11.0128 25
    endloop
  endfacet
  facet normal -0.422624 0.906305 0
    outer loop
      vertex -5.375 9.30977 7
      vertex -5.88843 9.07035 25
      vertex -5.375 9.30977 25
    endloop
  endfacet
  facet normal -0.422624 0.906305 0
    outer loop
      vertex -5.88843 9.07035 25
      vertex -5.375 9.30977 7
      vertex -5.88843 9.07035 7
    endloop
  endfacet
  facet normal 0 0 1
    outer loop
      vertex -10.7994 0.564356 7
      vertex -10.7994 -0.564356 7
      vertex -10.75 0 7
    endloop
  endfacet
  facet normal 0 0 1
    outer loop
      vertex -10.946 1.11156 7
      vertex -10.7994 -0.564356 7
      vertex -10.7994 0.564356 7
    endloop
  endfacet
  facet normal 0 0 1
    outer loop
      vertex -10.946 1.11156 7
      vertex -10.946 -1.11156 7
      vertex -10.7994 -0.564356 7
    endloop
  endfacet
  facet normal 0 0 1
    outer loop
      vertex -11.1854 1.625 7
      vertex -10.946 -1.11156 7
      vertex -10.946 1.11156 7
    endloop
  endfacet
  facet normal 0 0 1
    outer loop
      vertex -11.1854 1.625 7
      vertex -11.1854 -1.625 7
      vertex -10.946 -1.11156 7
    endloop
  endfacet
  facet normal 0 0 1
    outer loop
      vertex -11.5104 2.08906 7
      vertex -11.1854 -1.625 7
      vertex -11.1854 1.625 7
    endloop
  endfacet
  facet normal 0 0 1
    outer loop
      vertex -11.5104 2.08906 7
      vertex -11.5104 -2.08906 7
      vertex -11.1854 -1.625 7
    endloop
  endfacet
  facet normal 0 0 1
    outer loop
      vertex -11.9109 2.48964 7
      vertex -11.5104 -2.08906 7
      vertex -11.5104 2.08906 7
    endloop
  endfacet
  facet normal 0 0 1
    outer loop
      vertex -11.9109 2.48964 7
      vertex -11.9109 -2.48964 7
      vertex -11.5104 -2.08906 7
    endloop
  endfacet
  facet normal 0 0 1
    outer loop
      vertex -12.375 2.81458 7
      vertex -11.9109 -2.48964 7
      vertex -11.9109 2.48964 7
    endloop
  endfacet
  facet normal 0 0 1
    outer loop
      vertex -12.375 2.81458 7
      vertex -12.375 -2.81458 7
      vertex -11.9109 -2.48964 7
    endloop
  endfacet
  facet normal 0 0 1
    outer loop
      vertex -12.8884 3.054 7
      vertex -12.375 -2.81458 7
      vertex -12.375 2.81458 7
    endloop
  endfacet
  facet normal 0 0 1
    outer loop
      vertex -12.8884 3.054 7
      vertex -12.8884 -3.054 7
      vertex -12.375 -2.81458 7
    endloop
  endfacet
  facet normal 0 0 1
    outer loop
      vertex -13.4356 3.20062 7
      vertex -12.8884 -3.054 7
      vertex -12.8884 3.054 7
    endloop
  endfacet
  facet normal 0 0 1
    outer loop
      vertex -13.4356 3.20062 7
      vertex -13.4356 -3.20062 7
      vertex -12.8884 -3.054 7
    endloop
  endfacet
  facet normal 0 0 1
    outer loop
      vertex -14 3.25 7
      vertex -13.4356 -3.20062 7
      vertex -13.4356 3.20062 7
    endloop
  endfacet
  facet normal 0 0 1
    outer loop
      vertex -14 3.25 7
      vertex -14 -3.25 7
      vertex -13.4356 -3.20062 7
    endloop
  endfacet
  facet normal -0 0 1
    outer loop
      vertex -14.5644 3.20062 7
      vertex -14 -3.25 7
      vertex -14 3.25 7
    endloop
  endfacet
  facet normal 0 0 1
    outer loop
      vertex -14.5644 3.20062 7
      vertex -14.5644 -3.20062 7
      vertex -14 -3.25 7
    endloop
  endfacet
  facet normal -0 0 1
    outer loop
      vertex -15.1116 3.054 7
      vertex -14.5644 -3.20062 7
      vertex -14.5644 3.20062 7
    endloop
  endfacet
  facet normal 0 0 1
    outer loop
      vertex -15.1116 3.054 7
      vertex -15.1116 -3.054 7
      vertex -14.5644 -3.20062 7
    endloop
  endfacet
  facet normal -0 0 1
    outer loop
      vertex -15.625 2.81458 7
      vertex -15.1116 -3.054 7
      vertex -15.1116 3.054 7
    endloop
  endfacet
  facet normal 0 0 1
    outer loop
      vertex -15.625 2.81458 7
      vertex -15.625 -2.81458 7
      vertex -15.1116 -3.054 7
    endloop
  endfacet
  facet normal -0 0 1
    outer loop
      vertex -16.0891 2.48964 7
      vertex -15.625 -2.81458 7
      vertex -15.625 2.81458 7
    endloop
  endfacet
  facet normal 0 0 1
    outer loop
      vertex -16.0891 2.48964 7
      vertex -16.0891 -2.48964 7
      vertex -15.625 -2.81458 7
    endloop
  endfacet
  facet normal -0 0 1
    outer loop
      vertex -16.4896 2.08906 7
      vertex -16.0891 -2.48964 7
      vertex -16.0891 2.48964 7
    endloop
  endfacet
  facet normal 0 0 1
    outer loop
      vertex -16.4896 2.08906 7
      vertex -16.4896 -2.08906 7
      vertex -16.0891 -2.48964 7
    endloop
  endfacet
  facet normal -0 0 1
    outer loop
      vertex -16.8146 1.625 7
      vertex -16.4896 -2.08906 7
      vertex -16.4896 2.08906 7
    endloop
  endfacet
  facet normal 0 0 1
    outer loop
      vertex -16.8146 1.625 7
      vertex -16.8146 -1.625 7
      vertex -16.4896 -2.08906 7
    endloop
  endfacet
  facet normal -0 0 1
    outer loop
      vertex -17.054 1.11156 7
      vertex -16.8146 -1.625 7
      vertex -16.8146 1.625 7
    endloop
  endfacet
  facet normal 0 0 1
    outer loop
      vertex -17.054 1.11156 7
      vertex -17.054 -1.11156 7
      vertex -16.8146 -1.625 7
    endloop
  endfacet
  facet normal -0 0 1
    outer loop
      vertex -17.2006 0.564356 7
      vertex -17.054 -1.11156 7
      vertex -17.054 1.11156 7
    endloop
  endfacet
  facet normal 0 0 1
    outer loop
      vertex -17.2006 0.564356 7
      vertex -17.2006 -0.564356 7
      vertex -17.054 -1.11156 7
    endloop
  endfacet
  facet normal 0 -0 1
    outer loop
      vertex -17.2006 -0.564356 7
      vertex -17.2006 0.564356 7
      vertex -17.25 0 7
    endloop
  endfacet
  facet normal -0.996191 0.0872 -1.26259e-20
    outer loop
      vertex -10.7994 -0.564356 7
      vertex -10.75 0 25
      vertex -10.75 0 7
    endloop
  endfacet
  facet normal -0.996191 0.0872 -1.26259e-20
    outer loop
      vertex -10.75 0 25
      vertex -10.7994 -0.564356 7
      vertex -10.7994 -0.564356 25
    endloop
  endfacet
  facet normal 0.819101 0.573649 8.70467e-19
    outer loop
      vertex -16.4896 -2.08906 25
      vertex -16.8146 -1.625 7
      vertex -16.8146 -1.625 25
    endloop
  endfacet
  facet normal 0.819101 0.573649 8.70467e-19
    outer loop
      vertex -16.8146 -1.625 7
      vertex -16.4896 -2.08906 25
      vertex -16.4896 -2.08906 7
    endloop
  endfacet
  facet normal 0.0871582 0.996194 -0
    outer loop
      vertex -14 -3.25 7
      vertex -14.5644 -3.20062 25
      vertex -14 -3.25 25
    endloop
  endfacet
  facet normal 0.0871582 0.996194 0
    outer loop
      vertex -14.5644 -3.20062 25
      vertex -14 -3.25 7
      vertex -14.5644 -3.20062 7
    endloop
  endfacet
  facet normal -0.573545 0.819174 0
    outer loop
      vertex -11.9109 -2.48964 7
      vertex -12.375 -2.81458 25
      vertex -11.9109 -2.48964 25
    endloop
  endfacet
  facet normal -0.573545 0.819174 0
    outer loop
      vertex -12.375 -2.81458 25
      vertex -11.9109 -2.48964 7
      vertex -12.375 -2.81458 7
    endloop
  endfacet
  facet normal 0 0 -1
    outer loop
      vertex -10.7994 -0.564356 25
      vertex -10.7994 0.564356 25
      vertex -10.75 0 25
    endloop
  endfacet
  facet normal 0 0 -1
    outer loop
      vertex -10.946 -1.11156 25
      vertex -10.7994 0.564356 25
      vertex -10.7994 -0.564356 25
    endloop
  endfacet
  facet normal 0 0 -1
    outer loop
      vertex -10.946 -1.11156 25
      vertex -10.946 1.11156 25
      vertex -10.7994 0.564356 25
    endloop
  endfacet
  facet normal 0 0 -1
    outer loop
      vertex -11.1854 -1.625 25
      vertex -10.946 1.11156 25
      vertex -10.946 -1.11156 25
    endloop
  endfacet
  facet normal 0 0 -1
    outer loop
      vertex -11.1854 -1.625 25
      vertex -11.1854 1.625 25
      vertex -10.946 1.11156 25
    endloop
  endfacet
  facet normal 0 0 -1
    outer loop
      vertex -11.5104 -2.08906 25
      vertex -11.1854 1.625 25
      vertex -11.1854 -1.625 25
    endloop
  endfacet
  facet normal 0 0 -1
    outer loop
      vertex -11.5104 -2.08906 25
      vertex -11.5104 2.08906 25
      vertex -11.1854 1.625 25
    endloop
  endfacet
  facet normal 0 0 -1
    outer loop
      vertex -11.9109 -2.48964 25
      vertex -11.5104 2.08906 25
      vertex -11.5104 -2.08906 25
    endloop
  endfacet
  facet normal 0 0 -1
    outer loop
      vertex -11.9109 -2.48964 25
      vertex -11.9109 2.48964 25
      vertex -11.5104 2.08906 25
    endloop
  endfacet
  facet normal 0 0 -1
    outer loop
      vertex -12.375 -2.81458 25
      vertex -11.9109 2.48964 25
      vertex -11.9109 -2.48964 25
    endloop
  endfacet
  facet normal 0 0 -1
    outer loop
      vertex -12.375 -2.81458 25
      vertex -12.375 2.81458 25
      vertex -11.9109 2.48964 25
    endloop
  endfacet
  facet normal 0 0 -1
    outer loop
      vertex -12.8884 -3.054 25
      vertex -12.375 2.81458 25
      vertex -12.375 -2.81458 25
    endloop
  endfacet
  facet normal 0 0 -1
    outer loop
      vertex -12.8884 -3.054 25
      vertex -12.8884 3.054 25
      vertex -12.375 2.81458 25
    endloop
  endfacet
  facet normal 0 0 -1
    outer loop
      vertex -13.4356 -3.20062 25
      vertex -12.8884 3.054 25
      vertex -12.8884 -3.054 25
    endloop
  endfacet
  facet normal 0 0 -1
    outer loop
      vertex -13.4356 -3.20062 25
      vertex -13.4356 3.20062 25
      vertex -12.8884 3.054 25
    endloop
  endfacet
  facet normal 0 0 -1
    outer loop
      vertex -14 -3.25 25
      vertex -13.4356 3.20062 25
      vertex -13.4356 -3.20062 25
    endloop
  endfacet
  facet normal 0 0 -1
    outer loop
      vertex -14 -3.25 25
      vertex -14 3.25 25
      vertex -13.4356 3.20062 25
    endloop
  endfacet
  facet normal 0 0 -1
    outer loop
      vertex -14.5644 -3.20062 25
      vertex -14 3.25 25
      vertex -14 -3.25 25
    endloop
  endfacet
  facet normal 0 0 -1
    outer loop
      vertex -14.5644 -3.20062 25
      vertex -14.5644 3.20062 25
      vertex -14 3.25 25
    endloop
  endfacet
  facet normal 0 0 -1
    outer loop
      vertex -15.1116 -3.054 25
      vertex -14.5644 3.20062 25
      vertex -14.5644 -3.20062 25
    endloop
  endfacet
  facet normal 0 0 -1
    outer loop
      vertex -15.1116 -3.054 25
      vertex -15.1116 3.054 25
      vertex -14.5644 3.20062 25
    endloop
  endfacet
  facet normal 0 0 -1
    outer loop
      vertex -15.625 -2.81458 25
      vertex -15.1116 3.054 25
      vertex -15.1116 -3.054 25
    endloop
  endfacet
  facet normal 0 0 -1
    outer loop
      vertex -15.625 -2.81458 25
      vertex -15.625 2.81458 25
      vertex -15.1116 3.054 25
    endloop
  endfacet
  facet normal 0 0 -1
    outer loop
      vertex -16.0891 -2.48964 25
      vertex -15.625 2.81458 25
      vertex -15.625 -2.81458 25
    endloop
  endfacet
  facet normal 0 0 -1
    outer loop
      vertex -16.0891 -2.48964 25
      vertex -16.0891 2.48964 25
      vertex -15.625 2.81458 25
    endloop
  endfacet
  facet normal 0 0 -1
    outer loop
      vertex -16.4896 -2.08906 25
      vertex -16.0891 2.48964 25
      vertex -16.0891 -2.48964 25
    endloop
  endfacet
  facet normal 0 0 -1
    outer loop
      vertex -16.4896 -2.08906 25
      vertex -16.4896 2.08906 25
      vertex -16.0891 2.48964 25
    endloop
  endfacet
  facet normal 0 0 -1
    outer loop
      vertex -16.8146 -1.625 25
      vertex -16.4896 2.08906 25
      vertex -16.4896 -2.08906 25
    endloop
  endfacet
  facet normal 0 0 -1
    outer loop
      vertex -16.8146 -1.625 25
      vertex -16.8146 1.625 25
      vertex -16.4896 2.08906 25
    endloop
  endfacet
  facet normal 0 0 -1
    outer loop
      vertex -17.054 -1.11156 25
      vertex -16.8146 1.625 25
      vertex -16.8146 -1.625 25
    endloop
  endfacet
  facet normal 0 0 -1
    outer loop
      vertex -17.054 -1.11156 25
      vertex -17.054 1.11156 25
      vertex -16.8146 1.625 25
    endloop
  endfacet
  facet normal 0 0 -1
    outer loop
      vertex -17.2006 -0.564356 25
      vertex -17.054 1.11156 25
      vertex -17.054 -1.11156 25
    endloop
  endfacet
  facet normal 0 0 -1
    outer loop
      vertex -17.2006 -0.564356 25
      vertex -17.2006 0.564356 25
      vertex -17.054 1.11156 25
    endloop
  endfacet
  facet normal 0 -0 -1
    outer loop
      vertex -17.2006 0.564356 25
      vertex -17.2006 -0.564356 25
      vertex -17.25 0 25
    endloop
  endfacet
  facet normal 0.965936 0.258781 5.58873e-19
    outer loop
      vertex -17.054 -1.11156 25
      vertex -17.2006 -0.564356 7
      vertex -17.2006 -0.564356 25
    endloop
  endfacet
  facet normal 0.965936 0.258781 5.58873e-19
    outer loop
      vertex -17.2006 -0.564356 7
      vertex -17.054 -1.11156 25
      vertex -17.054 -1.11156 7
    endloop
  endfacet
  facet normal 0.906322 0.422588 -6.07375e-19
    outer loop
      vertex -16.8146 -1.625 25
      vertex -17.054 -1.11156 7
      vertex -17.054 -1.11156 25
    endloop
  endfacet
  facet normal 0.906322 0.422588 -6.07375e-19
    outer loop
      vertex -17.054 -1.11156 7
      vertex -16.8146 -1.625 25
      vertex -16.8146 -1.625 7
    endloop
  endfacet
  facet normal -0.0871582 0.996194 0
    outer loop
      vertex -13.4356 -3.20062 7
      vertex -14 -3.25 25
      vertex -13.4356 -3.20062 25
    endloop
  endfacet
  facet normal -0.0871582 0.996194 0
    outer loop
      vertex -14 -3.25 25
      vertex -13.4356 -3.20062 7
      vertex -14 -3.25 7
    endloop
  endfacet
  facet normal 0.422644 0.906296 -0
    outer loop
      vertex -15.1116 -3.054 7
      vertex -15.625 -2.81458 25
      vertex -15.1116 -3.054 25
    endloop
  endfacet
  facet normal 0.422644 0.906296 0
    outer loop
      vertex -15.625 -2.81458 25
      vertex -15.1116 -3.054 7
      vertex -15.625 -2.81458 7
    endloop
  endfacet
  facet normal -0.996191 -0.0872 1.26259e-20
    outer loop
      vertex -10.75 0 7
      vertex -10.7994 0.564356 25
      vertex -10.7994 0.564356 7
    endloop
  endfacet
  facet normal -0.996191 -0.0872 1.26259e-20
    outer loop
      vertex -10.7994 0.564356 25
      vertex -10.75 0 7
      vertex -10.75 0 25
    endloop
  endfacet
  facet normal -0.906322 0.422588 6.07375e-19
    outer loop
      vertex -11.1854 -1.625 7
      vertex -10.946 -1.11156 25
      vertex -10.946 -1.11156 7
    endloop
  endfacet
  facet normal -0.906322 0.422588 6.07375e-19
    outer loop
      vertex -10.946 -1.11156 25
      vertex -11.1854 -1.625 7
      vertex -11.1854 -1.625 25
    endloop
  endfacet
  facet normal -0.707177 0.707036 -1.10323e-18
    outer loop
      vertex -11.9109 -2.48964 7
      vertex -11.5104 -2.08906 25
      vertex -11.5104 -2.08906 7
    endloop
  endfacet
  facet normal -0.707177 0.707036 -1.10323e-18
    outer loop
      vertex -11.5104 -2.08906 25
      vertex -11.9109 -2.48964 7
      vertex -11.9109 -2.48964 25
    endloop
  endfacet
  facet normal -0.258816 0.965927 0
    outer loop
      vertex -12.8884 -3.054 7
      vertex -13.4356 -3.20062 25
      vertex -12.8884 -3.054 25
    endloop
  endfacet
  facet normal -0.258816 0.965927 0
    outer loop
      vertex -13.4356 -3.20062 25
      vertex -12.8884 -3.054 7
      vertex -13.4356 -3.20062 7
    endloop
  endfacet
  facet normal -0.819101 0.573649 -5.44873e-20
    outer loop
      vertex -11.5104 -2.08906 7
      vertex -11.1854 -1.625 25
      vertex -11.1854 -1.625 7
    endloop
  endfacet
  facet normal -0.819101 0.573649 -5.44873e-20
    outer loop
      vertex -11.1854 -1.625 25
      vertex -11.5104 -2.08906 7
      vertex -11.5104 -2.08906 25
    endloop
  endfacet
  facet normal 0.996191 0.0872 2.95711e-20
    outer loop
      vertex -17.2006 -0.564356 25
      vertex -17.25 0 7
      vertex -17.25 0 25
    endloop
  endfacet
  facet normal 0.996191 0.0872 2.95711e-20
    outer loop
      vertex -17.25 0 7
      vertex -17.2006 -0.564356 25
      vertex -17.2006 -0.564356 7
    endloop
  endfacet
  facet normal 0.996191 -0.0872 -2.95711e-20
    outer loop
      vertex -17.25 0 25
      vertex -17.2006 0.564356 7
      vertex -17.2006 0.564356 25
    endloop
  endfacet
  facet normal 0.996191 -0.0872 -2.95711e-20
    outer loop
      vertex -17.2006 0.564356 7
      vertex -17.25 0 25
      vertex -17.25 0 7
    endloop
  endfacet
  facet normal 0.965936 -0.258781 -5.58873e-19
    outer loop
      vertex -17.2006 0.564356 25
      vertex -17.054 1.11156 7
      vertex -17.054 1.11156 25
    endloop
  endfacet
  facet normal 0.965936 -0.258781 -5.58873e-19
    outer loop
      vertex -17.054 1.11156 7
      vertex -17.2006 0.564356 25
      vertex -17.2006 0.564356 7
    endloop
  endfacet
  facet normal -0.573545 -0.819174 0
    outer loop
      vertex -12.375 2.81458 7
      vertex -11.9109 2.48964 25
      vertex -12.375 2.81458 25
    endloop
  endfacet
  facet normal -0.573545 -0.819174 -0
    outer loop
      vertex -11.9109 2.48964 25
      vertex -12.375 2.81458 7
      vertex -11.9109 2.48964 7
    endloop
  endfacet
  facet normal 0.258816 -0.965927 0
    outer loop
      vertex -15.1116 3.054 7
      vertex -14.5644 3.20062 25
      vertex -15.1116 3.054 25
    endloop
  endfacet
  facet normal 0.258816 -0.965927 0
    outer loop
      vertex -14.5644 3.20062 25
      vertex -15.1116 3.054 7
      vertex -14.5644 3.20062 7
    endloop
  endfacet
  facet normal 0.573545 -0.819174 0
    outer loop
      vertex -16.0891 2.48964 7
      vertex -15.625 2.81458 25
      vertex -16.0891 2.48964 25
    endloop
  endfacet
  facet normal 0.573545 -0.819174 0
    outer loop
      vertex -15.625 2.81458 25
      vertex -16.0891 2.48964 7
      vertex -15.625 2.81458 7
    endloop
  endfacet
  facet normal 0.707177 0.707036 1.15639e-19
    outer loop
      vertex -16.0891 -2.48964 25
      vertex -16.4896 -2.08906 7
      vertex -16.4896 -2.08906 25
    endloop
  endfacet
  facet normal 0.707177 0.707036 1.15639e-19
    outer loop
      vertex -16.4896 -2.08906 7
      vertex -16.0891 -2.48964 25
      vertex -16.0891 -2.48964 7
    endloop
  endfacet
  facet normal 0.573545 0.819174 -0
    outer loop
      vertex -15.625 -2.81458 7
      vertex -16.0891 -2.48964 25
      vertex -15.625 -2.81458 25
    endloop
  endfacet
  facet normal 0.573545 0.819174 0
    outer loop
      vertex -16.0891 -2.48964 25
      vertex -15.625 -2.81458 7
      vertex -16.0891 -2.48964 7
    endloop
  endfacet
  facet normal 0.258816 0.965927 -0
    outer loop
      vertex -14.5644 -3.20062 7
      vertex -15.1116 -3.054 25
      vertex -14.5644 -3.20062 25
    endloop
  endfacet
  facet normal 0.258816 0.965927 0
    outer loop
      vertex -15.1116 -3.054 25
      vertex -14.5644 -3.20062 7
      vertex -15.1116 -3.054 7
    endloop
  endfacet
  facet normal -0.965936 0.258781 -4.44573e-19
    outer loop
      vertex -10.946 -1.11156 7
      vertex -10.7994 -0.564356 25
      vertex -10.7994 -0.564356 7
    endloop
  endfacet
  facet normal -0.965936 0.258781 -4.44573e-19
    outer loop
      vertex -10.7994 -0.564356 25
      vertex -10.946 -1.11156 7
      vertex -10.946 -1.11156 25
    endloop
  endfacet
  facet normal -0.422644 0.906296 0
    outer loop
      vertex -12.375 -2.81458 7
      vertex -12.8884 -3.054 25
      vertex -12.375 -2.81458 25
    endloop
  endfacet
  facet normal -0.422644 0.906296 0
    outer loop
      vertex -12.8884 -3.054 25
      vertex -12.375 -2.81458 7
      vertex -12.8884 -3.054 7
    endloop
  endfacet
  facet normal 0.906322 -0.422588 6.07375e-19
    outer loop
      vertex -17.054 1.11156 25
      vertex -16.8146 1.625 7
      vertex -16.8146 1.625 25
    endloop
  endfacet
  facet normal 0.906322 -0.422588 6.07375e-19
    outer loop
      vertex -16.8146 1.625 7
      vertex -17.054 1.11156 25
      vertex -17.054 1.11156 7
    endloop
  endfacet
  facet normal -0.906322 -0.422588 -6.07375e-19
    outer loop
      vertex -10.946 1.11156 7
      vertex -11.1854 1.625 25
      vertex -11.1854 1.625 7
    endloop
  endfacet
  facet normal -0.906322 -0.422588 -6.07375e-19
    outer loop
      vertex -11.1854 1.625 25
      vertex -10.946 1.11156 7
      vertex -10.946 1.11156 25
    endloop
  endfacet
  facet normal -0.965936 -0.258781 4.44573e-19
    outer loop
      vertex -10.7994 0.564356 7
      vertex -10.946 1.11156 25
      vertex -10.946 1.11156 7
    endloop
  endfacet
  facet normal -0.965936 -0.258781 4.44573e-19
    outer loop
      vertex -10.946 1.11156 25
      vertex -10.7994 0.564356 7
      vertex -10.7994 0.564356 25
    endloop
  endfacet
  facet normal -0.707177 -0.707036 1.10323e-18
    outer loop
      vertex -11.5104 2.08906 7
      vertex -11.9109 2.48964 25
      vertex -11.9109 2.48964 7
    endloop
  endfacet
  facet normal -0.707177 -0.707036 1.10323e-18
    outer loop
      vertex -11.9109 2.48964 25
      vertex -11.5104 2.08906 7
      vertex -11.5104 2.08906 25
    endloop
  endfacet
  facet normal 0.422644 -0.906296 0
    outer loop
      vertex -15.625 2.81458 7
      vertex -15.1116 3.054 25
      vertex -15.625 2.81458 25
    endloop
  endfacet
  facet normal 0.422644 -0.906296 0
    outer loop
      vertex -15.1116 3.054 25
      vertex -15.625 2.81458 7
      vertex -15.1116 3.054 7
    endloop
  endfacet
  facet normal 0.707177 -0.707036 -1.15639e-19
    outer loop
      vertex -16.4896 2.08906 25
      vertex -16.0891 2.48964 7
      vertex -16.0891 2.48964 25
    endloop
  endfacet
  facet normal 0.707177 -0.707036 -1.15639e-19
    outer loop
      vertex -16.0891 2.48964 7
      vertex -16.4896 2.08906 25
      vertex -16.4896 2.08906 7
    endloop
  endfacet
  facet normal -0.422644 -0.906296 0
    outer loop
      vertex -12.8884 3.054 7
      vertex -12.375 2.81458 25
      vertex -12.8884 3.054 25
    endloop
  endfacet
  facet normal -0.422644 -0.906296 -0
    outer loop
      vertex -12.375 2.81458 25
      vertex -12.8884 3.054 7
      vertex -12.375 2.81458 7
    endloop
  endfacet
  facet normal 0.0871582 -0.996194 0
    outer loop
      vertex -14.5644 3.20062 7
      vertex -14 3.25 25
      vertex -14.5644 3.20062 25
    endloop
  endfacet
  facet normal 0.0871582 -0.996194 0
    outer loop
      vertex -14 3.25 25
      vertex -14.5644 3.20062 7
      vertex -14 3.25 7
    endloop
  endfacet
  facet normal -0.0871582 -0.996194 0
    outer loop
      vertex -14 3.25 7
      vertex -13.4356 3.20062 25
      vertex -14 3.25 25
    endloop
  endfacet
  facet normal -0.0871582 -0.996194 -0
    outer loop
      vertex -13.4356 3.20062 25
      vertex -14 3.25 7
      vertex -13.4356 3.20062 7
    endloop
  endfacet
  facet normal -0.819101 -0.573649 5.44873e-20
    outer loop
      vertex -11.1854 1.625 7
      vertex -11.5104 2.08906 25
      vertex -11.5104 2.08906 7
    endloop
  endfacet
  facet normal -0.819101 -0.573649 5.44873e-20
    outer loop
      vertex -11.5104 2.08906 25
      vertex -11.1854 1.625 7
      vertex -11.1854 1.625 25
    endloop
  endfacet
  facet normal 0.819101 -0.573649 -8.70467e-19
    outer loop
      vertex -16.8146 1.625 25
      vertex -16.4896 2.08906 7
      vertex -16.4896 2.08906 25
    endloop
  endfacet
  facet normal 0.819101 -0.573649 -8.70467e-19
    outer loop
      vertex -16.4896 2.08906 7
      vertex -16.8146 1.625 25
      vertex -16.8146 1.625 7
    endloop
  endfacet
  facet normal -0.258816 -0.965927 0
    outer loop
      vertex -13.4356 3.20062 7
      vertex -12.8884 3.054 25
      vertex -13.4356 3.20062 25
    endloop
  endfacet
  facet normal -0.258816 -0.965927 -0
    outer loop
      vertex -12.8884 3.054 25
      vertex -13.4356 3.20062 7
      vertex -12.8884 3.054 7
    endloop
  endfacet
  facet normal -0.573531 0.819184 0
    outer loop
      vertex -4.91094 -14.614 7
      vertex -5.375 -14.9389 25
      vertex -4.91094 -14.614 25
    endloop
  endfacet
  facet normal -0.573531 0.819184 0
    outer loop
      vertex -5.375 -14.9389 25
      vertex -4.91094 -14.614 7
      vertex -5.375 -14.9389 7
    endloop
  endfacet
  facet normal -0.707107 -0.707107 -5.11674e-19
    outer loop
      vertex -4.51035 -10.0353 7
      vertex -4.91094 -9.63471 25
      vertex -4.91094 -9.63471 7
    endloop
  endfacet
  facet normal -0.707107 -0.707107 -5.11674e-19
    outer loop
      vertex -4.91094 -9.63471 25
      vertex -4.51035 -10.0353 7
      vertex -4.51035 -10.0353 25
    endloop
  endfacet
  facet normal 0 0 1
    outer loop
      vertex -3.79937 -11.56 7
      vertex -3.79937 -12.6887 7
      vertex -3.75 -12.1244 7
    endloop
  endfacet
  facet normal 0 0 1
    outer loop
      vertex -3.946 -11.0128 7
      vertex -3.79937 -12.6887 7
      vertex -3.79937 -11.56 7
    endloop
  endfacet
  facet normal 0 0 1
    outer loop
      vertex -3.946 -11.0128 7
      vertex -3.946 -13.2359 7
      vertex -3.79937 -12.6887 7
    endloop
  endfacet
  facet normal 0 0 1
    outer loop
      vertex -4.18542 -10.4994 7
      vertex -3.946 -13.2359 7
      vertex -3.946 -11.0128 7
    endloop
  endfacet
  facet normal 0 0 1
    outer loop
      vertex -4.18542 -10.4994 7
      vertex -4.18542 -13.7494 7
      vertex -3.946 -13.2359 7
    endloop
  endfacet
  facet normal 0 0 1
    outer loop
      vertex -4.51035 -10.0353 7
      vertex -4.18542 -13.7494 7
      vertex -4.18542 -10.4994 7
    endloop
  endfacet
  facet normal 0 0 1
    outer loop
      vertex -4.51035 -10.0353 7
      vertex -4.51035 -14.2134 7
      vertex -4.18542 -13.7494 7
    endloop
  endfacet
  facet normal 0 0 1
    outer loop
      vertex -4.91094 -9.63471 7
      vertex -4.51035 -14.2134 7
      vertex -4.51035 -10.0353 7
    endloop
  endfacet
  facet normal 0 0 1
    outer loop
      vertex -4.91094 -9.63471 7
      vertex -4.91094 -14.614 7
      vertex -4.51035 -14.2134 7
    endloop
  endfacet
  facet normal 0 0 1
    outer loop
      vertex -5.375 -9.30977 7
      vertex -4.91094 -14.614 7
      vertex -4.91094 -9.63471 7
    endloop
  endfacet
  facet normal 0 0 1
    outer loop
      vertex -5.375 -9.30977 7
      vertex -5.375 -14.9389 7
      vertex -4.91094 -14.614 7
    endloop
  endfacet
  facet normal 0 0 1
    outer loop
      vertex -5.88843 -9.07035 7
      vertex -5.375 -14.9389 7
      vertex -5.375 -9.30977 7
    endloop
  endfacet
  facet normal 0 0 1
    outer loop
      vertex -5.88843 -9.07035 7
      vertex -5.88843 -15.1784 7
      vertex -5.375 -14.9389 7
    endloop
  endfacet
  facet normal 0 0 1
    outer loop
      vertex -6.43564 -8.92373 7
      vertex -5.88843 -15.1784 7
      vertex -5.88843 -9.07035 7
    endloop
  endfacet
  facet normal 0 0 1
    outer loop
      vertex -6.43564 -8.92373 7
      vertex -6.43564 -15.325 7
      vertex -5.88843 -15.1784 7
    endloop
  endfacet
  facet normal 0 0 1
    outer loop
      vertex -6.43564 -8.92373 7
      vertex -7 -15.3744 7
      vertex -6.43564 -15.325 7
    endloop
  endfacet
  facet normal 0 0 1
    outer loop
      vertex -7 -8.87436 7
      vertex -7 -15.3744 7
      vertex -6.43564 -8.92373 7
    endloop
  endfacet
  facet normal -0 0 1
    outer loop
      vertex -7.56436 -8.92373 7
      vertex -7 -15.3744 7
      vertex -7 -8.87436 7
    endloop
  endfacet
  facet normal 0 0 1
    outer loop
      vertex -7.56436 -8.92373 7
      vertex -7.56436 -15.325 7
      vertex -7 -15.3744 7
    endloop
  endfacet
  facet normal -0 0 1
    outer loop
      vertex -8.11156 -9.07035 7
      vertex -7.56436 -15.325 7
      vertex -7.56436 -8.92373 7
    endloop
  endfacet
  facet normal 0 0 1
    outer loop
      vertex -8.11156 -9.07035 7
      vertex -8.11156 -15.1784 7
      vertex -7.56436 -15.325 7
    endloop
  endfacet
  facet normal -0 0 1
    outer loop
      vertex -8.625 -9.30977 7
      vertex -8.11156 -15.1784 7
      vertex -8.11156 -9.07035 7
    endloop
  endfacet
  facet normal 0 0 1
    outer loop
      vertex -8.625 -9.30977 7
      vertex -8.625 -14.9389 7
      vertex -8.11156 -15.1784 7
    endloop
  endfacet
  facet normal -0 0 1
    outer loop
      vertex -9.08906 -9.63471 7
      vertex -8.625 -14.9389 7
      vertex -8.625 -9.30977 7
    endloop
  endfacet
  facet normal 0 0 1
    outer loop
      vertex -9.08906 -9.63471 7
      vertex -9.08906 -14.614 7
      vertex -8.625 -14.9389 7
    endloop
  endfacet
  facet normal -0 0 1
    outer loop
      vertex -9.48964 -10.0353 7
      vertex -9.08906 -14.614 7
      vertex -9.08906 -9.63471 7
    endloop
  endfacet
  facet normal 0 0 1
    outer loop
      vertex -9.48964 -10.0353 7
      vertex -9.48964 -14.2134 7
      vertex -9.08906 -14.614 7
    endloop
  endfacet
  facet normal -0 0 1
    outer loop
      vertex -9.81458 -10.4994 7
      vertex -9.48964 -14.2134 7
      vertex -9.48964 -10.0353 7
    endloop
  endfacet
  facet normal 0 0 1
    outer loop
      vertex -9.81458 -10.4994 7
      vertex -9.81458 -13.7494 7
      vertex -9.48964 -14.2134 7
    endloop
  endfacet
  facet normal -0 0 1
    outer loop
      vertex -10.054 -11.0128 7
      vertex -9.81458 -13.7494 7
      vertex -9.81458 -10.4994 7
    endloop
  endfacet
  facet normal 0 0 1
    outer loop
      vertex -10.054 -11.0128 7
      vertex -10.054 -13.2359 7
      vertex -9.81458 -13.7494 7
    endloop
  endfacet
  facet normal -0 0 1
    outer loop
      vertex -10.2006 -11.56 7
      vertex -10.054 -13.2359 7
      vertex -10.054 -11.0128 7
    endloop
  endfacet
  facet normal 0 0 1
    outer loop
      vertex -10.2006 -11.56 7
      vertex -10.2006 -12.6887 7
      vertex -10.054 -13.2359 7
    endloop
  endfacet
  facet normal 0 -0 1
    outer loop
      vertex -10.2006 -12.6887 7
      vertex -10.2006 -11.56 7
      vertex -10.25 -12.1244 7
    endloop
  endfacet
  facet normal 0.0871468 -0.996195 0
    outer loop
      vertex -7.56436 -8.92373 7
      vertex -7 -8.87436 25
      vertex -7.56436 -8.92373 25
    endloop
  endfacet
  facet normal 0.0871468 -0.996195 0
    outer loop
      vertex -7 -8.87436 25
      vertex -7.56436 -8.92373 7
      vertex -7 -8.87436 7
    endloop
  endfacet
  facet normal 0.707116 -0.707098 -5.15668e-19
    outer loop
      vertex -9.48964 -10.0353 25
      vertex -9.08906 -9.63471 7
      vertex -9.08906 -9.63471 25
    endloop
  endfacet
  facet normal 0.707116 -0.707098 -5.15668e-19
    outer loop
      vertex -9.08906 -9.63471 7
      vertex -9.48964 -10.0353 25
      vertex -9.48964 -10.0353 7
    endloop
  endfacet
  facet normal 0.258783 0.965935 -0
    outer loop
      vertex -7.56436 -15.325 7
      vertex -8.11156 -15.1784 25
      vertex -7.56436 -15.325 25
    endloop
  endfacet
  facet normal 0.258783 0.965935 0
    outer loop
      vertex -8.11156 -15.1784 25
      vertex -7.56436 -15.325 7
      vertex -8.11156 -15.1784 7
    endloop
  endfacet
  facet normal -0.258779 0.965937 0
    outer loop
      vertex -5.88843 -15.1784 7
      vertex -6.43564 -15.325 25
      vertex -5.88843 -15.1784 25
    endloop
  endfacet
  facet normal -0.258779 0.965937 0
    outer loop
      vertex -6.43564 -15.325 25
      vertex -5.88843 -15.1784 7
      vertex -6.43564 -15.325 7
    endloop
  endfacet
  facet normal -0.819124 0.573616 6.38e-20
    outer loop
      vertex -4.51035 -14.2134 7
      vertex -4.18542 -13.7494 25
      vertex -4.18542 -13.7494 7
    endloop
  endfacet
  facet normal -0.819124 0.573616 6.38e-20
    outer loop
      vertex -4.18542 -13.7494 25
      vertex -4.51035 -14.2134 7
      vertex -4.51035 -14.2134 25
    endloop
  endfacet
  facet normal -0.906327 0.422576 -3.43521e-19
    outer loop
      vertex -4.18542 -13.7494 7
      vertex -3.946 -13.2359 25
      vertex -3.946 -13.2359 7
    endloop
  endfacet
  facet normal -0.906327 0.422576 -3.43521e-19
    outer loop
      vertex -3.946 -13.2359 25
      vertex -4.18542 -13.7494 7
      vertex -4.18542 -13.7494 25
    endloop
  endfacet
  facet normal -0.422624 -0.906305 0
    outer loop
      vertex -5.88843 -9.07035 7
      vertex -5.375 -9.30977 25
      vertex -5.88843 -9.07035 25
    endloop
  endfacet
  facet normal -0.422624 -0.906305 -0
    outer loop
      vertex -5.375 -9.30977 25
      vertex -5.88843 -9.07035 7
      vertex -5.375 -9.30977 7
    endloop
  endfacet
  facet normal -0.906296 -0.422644 -2.02025e-19
    outer loop
      vertex -3.946 -11.0128 7
      vertex -4.18542 -10.4994 25
      vertex -4.18542 -10.4994 7
    endloop
  endfacet
  facet normal -0.906296 -0.422644 -2.02025e-19
    outer loop
      vertex -4.18542 -10.4994 25
      vertex -3.946 -11.0128 7
      vertex -3.946 -11.0128 25
    endloop
  endfacet
  facet normal -0.996196 -0.0871407 -1.24422e-19
    outer loop
      vertex -3.75 -12.1244 7
      vertex -3.79937 -11.56 25
      vertex -3.79937 -11.56 7
    endloop
  endfacet
  facet normal -0.996196 -0.0871407 -1.24422e-19
    outer loop
      vertex -3.79937 -11.56 25
      vertex -3.75 -12.1244 7
      vertex -3.75 -12.1244 25
    endloop
  endfacet
  facet normal -0.965922 0.258833 -4.47228e-19
    outer loop
      vertex -3.946 -13.2359 7
      vertex -3.79937 -12.6887 25
      vertex -3.79937 -12.6887 7
    endloop
  endfacet
  facet normal -0.965922 0.258833 -4.47228e-19
    outer loop
      vertex -3.79937 -12.6887 25
      vertex -3.946 -13.2359 7
      vertex -3.946 -13.2359 25
    endloop
  endfacet
  facet normal -0.965922 -0.258833 4.47228e-19
    outer loop
      vertex -3.79937 -11.56 7
      vertex -3.946 -11.0128 25
      vertex -3.946 -11.0128 7
    endloop
  endfacet
  facet normal -0.965922 -0.258833 4.47228e-19
    outer loop
      vertex -3.946 -11.0128 25
      vertex -3.79937 -11.56 7
      vertex -3.79937 -11.56 25
    endloop
  endfacet
  facet normal 0.422733 0.906254 -0
    outer loop
      vertex -8.11156 -15.1784 7
      vertex -8.625 -14.9389 25
      vertex -8.11156 -15.1784 25
    endloop
  endfacet
  facet normal 0.422733 0.906254 0
    outer loop
      vertex -8.625 -14.9389 25
      vertex -8.11156 -15.1784 7
      vertex -8.625 -14.9389 7
    endloop
  endfacet
  facet normal 0.996191 -0.0871932 -1.30069e-19
    outer loop
      vertex -10.25 -12.1244 25
      vertex -10.2006 -11.56 7
      vertex -10.2006 -11.56 25
    endloop
  endfacet
  facet normal 0.996191 -0.0871932 -1.30069e-19
    outer loop
      vertex -10.2006 -11.56 7
      vertex -10.25 -12.1244 25
      vertex -10.25 -12.1244 7
    endloop
  endfacet
  facet normal 0.99619 0.0872086 -1.60663e-19
    outer loop
      vertex -10.2006 -12.6887 25
      vertex -10.25 -12.1244 7
      vertex -10.25 -12.1244 25
    endloop
  endfacet
  facet normal 0.99619 0.0872086 -1.60663e-19
    outer loop
      vertex -10.25 -12.1244 7
      vertex -10.2006 -12.6887 25
      vertex -10.2006 -12.6887 7
    endloop
  endfacet
  facet normal 0.906327 0.422576 -6.14616e-19
    outer loop
      vertex -9.81458 -13.7494 25
      vertex -10.054 -13.2359 7
      vertex -10.054 -13.2359 25
    endloop
  endfacet
  facet normal 0.906327 0.422576 -6.14616e-19
    outer loop
      vertex -10.054 -13.2359 7
      vertex -9.81458 -13.7494 25
      vertex -9.81458 -13.7494 7
    endloop
  endfacet
  facet normal 0.906296 -0.422644 -1.87405e-19
    outer loop
      vertex -10.054 -11.0128 25
      vertex -9.81458 -10.4994 7
      vertex -9.81458 -10.4994 25
    endloop
  endfacet
  facet normal 0.906296 -0.422644 -1.87405e-19
    outer loop
      vertex -9.81458 -10.4994 7
      vertex -10.054 -11.0128 25
      vertex -10.054 -11.0128 7
    endloop
  endfacet
  facet normal 0.573578 -0.819151 0
    outer loop
      vertex -9.08906 -9.63471 7
      vertex -8.625 -9.30977 25
      vertex -9.08906 -9.63471 25
    endloop
  endfacet
  facet normal 0.573578 -0.819151 0
    outer loop
      vertex -8.625 -9.30977 25
      vertex -9.08906 -9.63471 7
      vertex -8.625 -9.30977 7
    endloop
  endfacet
  facet normal 0.258816 -0.965927 0
    outer loop
      vertex -8.11156 -9.07035 7
      vertex -7.56436 -8.92373 25
      vertex -8.11156 -9.07035 25
    endloop
  endfacet
  facet normal 0.258816 -0.965927 0
    outer loop
      vertex -7.56436 -8.92373 25
      vertex -8.11156 -9.07035 7
      vertex -7.56436 -8.92373 7
    endloop
  endfacet
  facet normal -0.258812 -0.965928 0
    outer loop
      vertex -6.43564 -8.92373 7
      vertex -5.88843 -9.07035 25
      vertex -6.43564 -8.92373 25
    endloop
  endfacet
  facet normal -0.258812 -0.965928 -0
    outer loop
      vertex -5.88843 -9.07035 25
      vertex -6.43564 -8.92373 7
      vertex -5.88843 -9.07035 7
    endloop
  endfacet
  facet normal 0.422617 -0.906308 0
    outer loop
      vertex -8.625 -9.30977 7
      vertex -8.11156 -9.07035 25
      vertex -8.625 -9.30977 25
    endloop
  endfacet
  facet normal 0.422617 -0.906308 0
    outer loop
      vertex -8.11156 -9.07035 25
      vertex -8.625 -9.30977 7
      vertex -8.11156 -9.07035 7
    endloop
  endfacet
  facet normal 0.0871994 0.996191 -0
    outer loop
      vertex -7 -15.3744 7
      vertex -7.56436 -15.325 25
      vertex -7 -15.3744 25
    endloop
  endfacet
  facet normal 0.0871994 0.996191 0
    outer loop
      vertex -7.56436 -15.325 25
      vertex -7 -15.3744 7
      vertex -7.56436 -15.325 7
    endloop
  endfacet
  facet normal -0.42274 0.906251 0
    outer loop
      vertex -5.375 -14.9389 7
      vertex -5.88843 -15.1784 25
      vertex -5.375 -14.9389 25
    endloop
  endfacet
  facet normal -0.42274 0.906251 0
    outer loop
      vertex -5.88843 -15.1784 25
      vertex -5.375 -14.9389 7
      vertex -5.88843 -15.1784 7
    endloop
  endfacet
  facet normal -0.707116 0.707098 0
    outer loop
      vertex -4.51035 -14.2134 7
      vertex -4.91094 -14.614 25
      vertex -4.51035 -14.2134 25
    endloop
  endfacet
  facet normal -0.707116 0.707098 0
    outer loop
      vertex -4.91094 -14.614 25
      vertex -4.51035 -14.2134 7
      vertex -4.91094 -14.614 7
    endloop
  endfacet
  facet normal -0.573578 -0.819151 0
    outer loop
      vertex -5.375 -9.30977 7
      vertex -4.91094 -9.63471 25
      vertex -5.375 -9.30977 25
    endloop
  endfacet
  facet normal -0.573578 -0.819151 -0
    outer loop
      vertex -4.91094 -9.63471 25
      vertex -5.375 -9.30977 7
      vertex -4.91094 -9.63471 7
    endloop
  endfacet
  facet normal -0.819182 -0.573533 1.2107e-18
    outer loop
      vertex -4.18542 -10.4994 7
      vertex -4.51035 -10.0353 25
      vertex -4.51035 -10.0353 7
    endloop
  endfacet
  facet normal -0.819182 -0.573533 1.2107e-18
    outer loop
      vertex -4.51035 -10.0353 25
      vertex -4.18542 -10.4994 7
      vertex -4.18542 -10.4994 25
    endloop
  endfacet
  facet normal -0.996195 0.087156 -7.60952e-20
    outer loop
      vertex -3.79937 -12.6887 7
      vertex -3.75 -12.1244 25
      vertex -3.75 -12.1244 7
    endloop
  endfacet
  facet normal -0.996195 0.087156 -7.60952e-20
    outer loop
      vertex -3.75 -12.1244 25
      vertex -3.79937 -12.6887 7
      vertex -3.79937 -12.6887 25
    endloop
  endfacet
  facet normal 0.707124 0.707089 -0
    outer loop
      vertex -9.08906 -14.614 7
      vertex -9.48964 -14.2134 25
      vertex -9.08906 -14.614 25
    endloop
  endfacet
  facet normal 0.707124 0.707089 0
    outer loop
      vertex -9.48964 -14.2134 25
      vertex -9.08906 -14.614 7
      vertex -9.48964 -14.2134 7
    endloop
  endfacet
  facet normal 0 0 -1
    outer loop
      vertex -3.79937 -12.6887 25
      vertex -3.79937 -11.56 25
      vertex -3.75 -12.1244 25
    endloop
  endfacet
  facet normal 0 0 -1
    outer loop
      vertex -3.946 -13.2359 25
      vertex -3.79937 -11.56 25
      vertex -3.79937 -12.6887 25
    endloop
  endfacet
  facet normal 0 0 -1
    outer loop
      vertex -3.946 -13.2359 25
      vertex -3.946 -11.0128 25
      vertex -3.79937 -11.56 25
    endloop
  endfacet
  facet normal 0 0 -1
    outer loop
      vertex -4.18542 -13.7494 25
      vertex -3.946 -11.0128 25
      vertex -3.946 -13.2359 25
    endloop
  endfacet
  facet normal 0 0 -1
    outer loop
      vertex -4.18542 -13.7494 25
      vertex -4.18542 -10.4994 25
      vertex -3.946 -11.0128 25
    endloop
  endfacet
  facet normal 0 0 -1
    outer loop
      vertex -4.51035 -14.2134 25
      vertex -4.18542 -10.4994 25
      vertex -4.18542 -13.7494 25
    endloop
  endfacet
  facet normal 0 0 -1
    outer loop
      vertex -4.51035 -14.2134 25
      vertex -4.51035 -10.0353 25
      vertex -4.18542 -10.4994 25
    endloop
  endfacet
  facet normal 0 0 -1
    outer loop
      vertex -4.91094 -14.614 25
      vertex -4.51035 -10.0353 25
      vertex -4.51035 -14.2134 25
    endloop
  endfacet
  facet normal 0 0 -1
    outer loop
      vertex -4.91094 -14.614 25
      vertex -4.91094 -9.63471 25
      vertex -4.51035 -10.0353 25
    endloop
  endfacet
  facet normal 0 0 -1
    outer loop
      vertex -5.375 -14.9389 25
      vertex -4.91094 -9.63471 25
      vertex -4.91094 -14.614 25
    endloop
  endfacet
  facet normal 0 0 -1
    outer loop
      vertex -5.375 -14.9389 25
      vertex -5.375 -9.30977 25
      vertex -4.91094 -9.63471 25
    endloop
  endfacet
  facet normal 0 0 -1
    outer loop
      vertex -5.88843 -15.1784 25
      vertex -5.375 -9.30977 25
      vertex -5.375 -14.9389 25
    endloop
  endfacet
  facet normal 0 0 -1
    outer loop
      vertex -5.88843 -15.1784 25
      vertex -5.88843 -9.07035 25
      vertex -5.375 -9.30977 25
    endloop
  endfacet
  facet normal 0 0 -1
    outer loop
      vertex -6.43564 -15.325 25
      vertex -5.88843 -9.07035 25
      vertex -5.88843 -15.1784 25
    endloop
  endfacet
  facet normal 0 0 -1
    outer loop
      vertex -6.43564 -15.325 25
      vertex -6.43564 -8.92373 25
      vertex -5.88843 -9.07035 25
    endloop
  endfacet
  facet normal 0 0 -1
    outer loop
      vertex -7 -15.3744 25
      vertex -6.43564 -8.92373 25
      vertex -6.43564 -15.325 25
    endloop
  endfacet
  facet normal 0 0 -1
    outer loop
      vertex -7 -15.3744 25
      vertex -7 -8.87436 25
      vertex -6.43564 -8.92373 25
    endloop
  endfacet
  facet normal 0 0 -1
    outer loop
      vertex -7.56436 -15.325 25
      vertex -7 -8.87436 25
      vertex -7 -15.3744 25
    endloop
  endfacet
  facet normal 0 0 -1
    outer loop
      vertex -7.56436 -15.325 25
      vertex -7.56436 -8.92373 25
      vertex -7 -8.87436 25
    endloop
  endfacet
  facet normal 0 0 -1
    outer loop
      vertex -8.11156 -15.1784 25
      vertex -7.56436 -8.92373 25
      vertex -7.56436 -15.325 25
    endloop
  endfacet
  facet normal 0 0 -1
    outer loop
      vertex -8.11156 -15.1784 25
      vertex -8.11156 -9.07035 25
      vertex -7.56436 -8.92373 25
    endloop
  endfacet
  facet normal 0 0 -1
    outer loop
      vertex -8.625 -14.9389 25
      vertex -8.11156 -9.07035 25
      vertex -8.11156 -15.1784 25
    endloop
  endfacet
  facet normal 0 0 -1
    outer loop
      vertex -8.625 -14.9389 25
      vertex -8.625 -9.30977 25
      vertex -8.11156 -9.07035 25
    endloop
  endfacet
  facet normal 0 0 -1
    outer loop
      vertex -9.08906 -14.614 25
      vertex -8.625 -9.30977 25
      vertex -8.625 -14.9389 25
    endloop
  endfacet
  facet normal 0 0 -1
    outer loop
      vertex -9.08906 -14.614 25
      vertex -9.08906 -9.63471 25
      vertex -8.625 -9.30977 25
    endloop
  endfacet
  facet normal 0 0 -1
    outer loop
      vertex -9.48964 -14.2134 25
      vertex -9.08906 -9.63471 25
      vertex -9.08906 -14.614 25
    endloop
  endfacet
  facet normal 0 0 -1
    outer loop
      vertex -9.48964 -14.2134 25
      vertex -9.48964 -10.0353 25
      vertex -9.08906 -9.63471 25
    endloop
  endfacet
  facet normal 0 0 -1
    outer loop
      vertex -9.81458 -13.7494 25
      vertex -9.48964 -10.0353 25
      vertex -9.48964 -14.2134 25
    endloop
  endfacet
  facet normal 0 0 -1
    outer loop
      vertex -9.81458 -13.7494 25
      vertex -9.81458 -10.4994 25
      vertex -9.48964 -10.0353 25
    endloop
  endfacet
  facet normal 0 0 -1
    outer loop
      vertex -10.054 -13.2359 25
      vertex -9.81458 -10.4994 25
      vertex -9.81458 -13.7494 25
    endloop
  endfacet
  facet normal 0 0 -1
    outer loop
      vertex -10.054 -13.2359 25
      vertex -10.054 -11.0128 25
      vertex -9.81458 -10.4994 25
    endloop
  endfacet
  facet normal 0 0 -1
    outer loop
      vertex -10.2006 -12.6887 25
      vertex -10.054 -11.0128 25
      vertex -10.054 -13.2359 25
    endloop
  endfacet
  facet normal 0 0 -1
    outer loop
      vertex -10.2006 -12.6887 25
      vertex -10.2006 -11.56 25
      vertex -10.054 -11.0128 25
    endloop
  endfacet
  facet normal 0 -0 -1
    outer loop
      vertex -10.2006 -11.56 25
      vertex -10.2006 -12.6887 25
      vertex -10.25 -12.1244 25
    endloop
  endfacet
  facet normal 0.965935 -0.258783 -6.034e-19
    outer loop
      vertex -10.2006 -11.56 25
      vertex -10.054 -11.0128 7
      vertex -10.054 -11.0128 25
    endloop
  endfacet
  facet normal 0.965935 -0.258783 -6.034e-19
    outer loop
      vertex -10.054 -11.0128 7
      vertex -10.2006 -11.56 25
      vertex -10.2006 -11.56 7
    endloop
  endfacet
  facet normal 0.965935 0.258783 6.034e-19
    outer loop
      vertex -10.054 -13.2359 25
      vertex -10.2006 -12.6887 7
      vertex -10.2006 -12.6887 25
    endloop
  endfacet
  facet normal 0.965935 0.258783 6.034e-19
    outer loop
      vertex -10.2006 -12.6887 7
      vertex -10.054 -13.2359 25
      vertex -10.054 -13.2359 7
    endloop
  endfacet
  facet normal 0.819116 0.573628 -9.78257e-19
    outer loop
      vertex -9.48964 -14.2134 25
      vertex -9.81458 -13.7494 7
      vertex -9.81458 -13.7494 25
    endloop
  endfacet
  facet normal 0.819116 0.573628 -9.78257e-19
    outer loop
      vertex -9.81458 -13.7494 7
      vertex -9.48964 -14.2134 25
      vertex -9.48964 -14.2134 7
    endloop
  endfacet
  facet normal 0.819174 -0.573545 -3.44201e-19
    outer loop
      vertex -9.81458 -10.4994 25
      vertex -9.48964 -10.0353 7
      vertex -9.48964 -10.0353 25
    endloop
  endfacet
  facet normal 0.819174 -0.573545 -3.44201e-19
    outer loop
      vertex -9.48964 -10.0353 7
      vertex -9.81458 -10.4994 25
      vertex -9.81458 -10.4994 7
    endloop
  endfacet
  facet normal -0.0871468 -0.996195 0
    outer loop
      vertex -7 -8.87436 7
      vertex -6.43564 -8.92373 25
      vertex -7 -8.87436 25
    endloop
  endfacet
  facet normal -0.0871468 -0.996195 -0
    outer loop
      vertex -6.43564 -8.92373 25
      vertex -7 -8.87436 7
      vertex -6.43564 -8.92373 7
    endloop
  endfacet
  facet normal -0.0871994 0.996191 0
    outer loop
      vertex -6.43564 -15.325 7
      vertex -7 -15.3744 25
      vertex -6.43564 -15.325 25
    endloop
  endfacet
  facet normal -0.0871994 0.996191 0
    outer loop
      vertex -7 -15.3744 25
      vertex -6.43564 -15.325 7
      vertex -7 -15.3744 7
    endloop
  endfacet
  facet normal 0.573531 0.819184 -0
    outer loop
      vertex -8.625 -14.9389 7
      vertex -9.08906 -14.614 25
      vertex -8.625 -14.9389 25
    endloop
  endfacet
  facet normal 0.573531 0.819184 0
    outer loop
      vertex -9.08906 -14.614 25
      vertex -8.625 -14.9389 7
      vertex -9.08906 -14.614 7
    endloop
  endfacet
  facet normal -0.996191 -0.0871932 1.30069e-19
    outer loop
      vertex 10.25 -12.1244 7
      vertex 10.2006 -11.56 25
      vertex 10.2006 -11.56 7
    endloop
  endfacet
  facet normal -0.996191 -0.0871932 1.30069e-19
    outer loop
      vertex 10.2006 -11.56 25
      vertex 10.25 -12.1244 7
      vertex 10.25 -12.1244 25
    endloop
  endfacet
  facet normal 0.906327 0.422576 3.43521e-19
    outer loop
      vertex 4.18542 -13.7494 25
      vertex 3.946 -13.2359 7
      vertex 3.946 -13.2359 25
    endloop
  endfacet
  facet normal 0.906327 0.422576 3.43521e-19
    outer loop
      vertex 3.946 -13.2359 7
      vertex 4.18542 -13.7494 25
      vertex 4.18542 -13.7494 7
    endloop
  endfacet
  facet normal -0.573578 -0.819151 0
    outer loop
      vertex 8.625 -9.30977 7
      vertex 9.08906 -9.63471 25
      vertex 8.625 -9.30977 25
    endloop
  endfacet
  facet normal -0.573578 -0.819151 -0
    outer loop
      vertex 9.08906 -9.63471 25
      vertex 8.625 -9.30977 7
      vertex 9.08906 -9.63471 7
    endloop
  endfacet
  facet normal 0.0871468 -0.996195 0
    outer loop
      vertex 6.43564 -8.92373 7
      vertex 7 -8.87436 25
      vertex 6.43564 -8.92373 25
    endloop
  endfacet
  facet normal 0.0871468 -0.996195 0
    outer loop
      vertex 7 -8.87436 25
      vertex 6.43564 -8.92373 7
      vertex 7 -8.87436 7
    endloop
  endfacet
  facet normal 0.819182 -0.573533 -1.2107e-18
    outer loop
      vertex 4.18542 -10.4994 25
      vertex 4.51035 -10.0353 7
      vertex 4.51035 -10.0353 25
    endloop
  endfacet
  facet normal 0.819182 -0.573533 -1.2107e-18
    outer loop
      vertex 4.51035 -10.0353 7
      vertex 4.18542 -10.4994 25
      vertex 4.18542 -10.4994 7
    endloop
  endfacet
  facet normal -0.707124 0.707089 0
    outer loop
      vertex 9.48964 -14.2134 7
      vertex 9.08906 -14.614 25
      vertex 9.48964 -14.2134 25
    endloop
  endfacet
  facet normal -0.707124 0.707089 0
    outer loop
      vertex 9.08906 -14.614 25
      vertex 9.48964 -14.2134 7
      vertex 9.08906 -14.614 7
    endloop
  endfacet
  facet normal -0.965935 0.258783 -6.034e-19
    outer loop
      vertex 10.054 -13.2359 7
      vertex 10.2006 -12.6887 25
      vertex 10.2006 -12.6887 7
    endloop
  endfacet
  facet normal -0.965935 0.258783 -6.034e-19
    outer loop
      vertex 10.2006 -12.6887 25
      vertex 10.054 -13.2359 7
      vertex 10.054 -13.2359 25
    endloop
  endfacet
  facet normal -0.965935 -0.258783 6.034e-19
    outer loop
      vertex 10.2006 -11.56 7
      vertex 10.054 -11.0128 25
      vertex 10.054 -11.0128 7
    endloop
  endfacet
  facet normal -0.965935 -0.258783 6.034e-19
    outer loop
      vertex 10.054 -11.0128 25
      vertex 10.2006 -11.56 7
      vertex 10.2006 -11.56 25
    endloop
  endfacet
  facet normal -0.819174 -0.573545 3.44201e-19
    outer loop
      vertex 9.81458 -10.4994 7
      vertex 9.48964 -10.0353 25
      vertex 9.48964 -10.0353 7
    endloop
  endfacet
  facet normal -0.819174 -0.573545 3.44201e-19
    outer loop
      vertex 9.48964 -10.0353 25
      vertex 9.81458 -10.4994 7
      vertex 9.81458 -10.4994 25
    endloop
  endfacet
  facet normal -0.906296 -0.422644 1.87405e-19
    outer loop
      vertex 10.054 -11.0128 7
      vertex 9.81458 -10.4994 25
      vertex 9.81458 -10.4994 7
    endloop
  endfacet
  facet normal -0.906296 -0.422644 1.87405e-19
    outer loop
      vertex 9.81458 -10.4994 25
      vertex 10.054 -11.0128 7
      vertex 10.054 -11.0128 25
    endloop
  endfacet
  facet normal 0.573578 -0.819151 0
    outer loop
      vertex 4.91094 -9.63471 7
      vertex 5.375 -9.30977 25
      vertex 4.91094 -9.63471 25
    endloop
  endfacet
  facet normal 0.573578 -0.819151 0
    outer loop
      vertex 5.375 -9.30977 25
      vertex 4.91094 -9.63471 7
      vertex 5.375 -9.30977 7
    endloop
  endfacet
  facet normal -0.0871468 -0.996195 0
    outer loop
      vertex 7 -8.87436 7
      vertex 7.56436 -8.92373 25
      vertex 7 -8.87436 25
    endloop
  endfacet
  facet normal -0.0871468 -0.996195 -0
    outer loop
      vertex 7.56436 -8.92373 25
      vertex 7 -8.87436 7
      vertex 7.56436 -8.92373 7
    endloop
  endfacet
  facet normal -0.422617 -0.906308 0
    outer loop
      vertex 8.11156 -9.07035 7
      vertex 8.625 -9.30977 25
      vertex 8.11156 -9.07035 25
    endloop
  endfacet
  facet normal -0.422617 -0.906308 -0
    outer loop
      vertex 8.625 -9.30977 25
      vertex 8.11156 -9.07035 7
      vertex 8.625 -9.30977 7
    endloop
  endfacet
  facet normal -0.707116 -0.707098 5.15668e-19
    outer loop
      vertex 9.48964 -10.0353 7
      vertex 9.08906 -9.63471 25
      vertex 9.08906 -9.63471 7
    endloop
  endfacet
  facet normal -0.707116 -0.707098 5.15668e-19
    outer loop
      vertex 9.08906 -9.63471 25
      vertex 9.48964 -10.0353 7
      vertex 9.48964 -10.0353 25
    endloop
  endfacet
  facet normal -0.258816 -0.965927 0
    outer loop
      vertex 7.56436 -8.92373 7
      vertex 8.11156 -9.07035 25
      vertex 7.56436 -8.92373 25
    endloop
  endfacet
  facet normal -0.258816 -0.965927 -0
    outer loop
      vertex 8.11156 -9.07035 25
      vertex 7.56436 -8.92373 7
      vertex 8.11156 -9.07035 7
    endloop
  endfacet
  facet normal -0.573531 0.819184 0
    outer loop
      vertex 9.08906 -14.614 7
      vertex 8.625 -14.9389 25
      vertex 9.08906 -14.614 25
    endloop
  endfacet
  facet normal -0.573531 0.819184 0
    outer loop
      vertex 8.625 -14.9389 25
      vertex 9.08906 -14.614 7
      vertex 8.625 -14.9389 7
    endloop
  endfacet
  facet normal 0.707116 0.707098 -0
    outer loop
      vertex 4.91094 -14.614 7
      vertex 4.51035 -14.2134 25
      vertex 4.91094 -14.614 25
    endloop
  endfacet
  facet normal 0.707116 0.707098 0
    outer loop
      vertex 4.51035 -14.2134 25
      vertex 4.91094 -14.614 7
      vertex 4.51035 -14.2134 7
    endloop
  endfacet
  facet normal 0.573531 0.819184 -0
    outer loop
      vertex 5.375 -14.9389 7
      vertex 4.91094 -14.614 25
      vertex 5.375 -14.9389 25
    endloop
  endfacet
  facet normal 0.573531 0.819184 0
    outer loop
      vertex 4.91094 -14.614 25
      vertex 5.375 -14.9389 7
      vertex 4.91094 -14.614 7
    endloop
  endfacet
  facet normal 0.42274 0.906251 -0
    outer loop
      vertex 5.88843 -15.1784 7
      vertex 5.375 -14.9389 25
      vertex 5.88843 -15.1784 25
    endloop
  endfacet
  facet normal 0.42274 0.906251 0
    outer loop
      vertex 5.375 -14.9389 25
      vertex 5.88843 -15.1784 7
      vertex 5.375 -14.9389 7
    endloop
  endfacet
  facet normal 0.0871994 0.996191 -0
    outer loop
      vertex 7 -15.3744 7
      vertex 6.43564 -15.325 25
      vertex 7 -15.3744 25
    endloop
  endfacet
  facet normal 0.0871994 0.996191 0
    outer loop
      vertex 6.43564 -15.325 25
      vertex 7 -15.3744 7
      vertex 6.43564 -15.325 7
    endloop
  endfacet
  facet normal 0.819124 0.573616 -6.38e-20
    outer loop
      vertex 4.51035 -14.2134 25
      vertex 4.18542 -13.7494 7
      vertex 4.18542 -13.7494 25
    endloop
  endfacet
  facet normal 0.819124 0.573616 -6.38e-20
    outer loop
      vertex 4.18542 -13.7494 7
      vertex 4.51035 -14.2134 25
      vertex 4.51035 -14.2134 7
    endloop
  endfacet
  facet normal 0 0 1
    outer loop
      vertex 10.2006 -11.56 7
      vertex 10.2006 -12.6887 7
      vertex 10.25 -12.1244 7
    endloop
  endfacet
  facet normal 0 0 1
    outer loop
      vertex 10.054 -11.0128 7
      vertex 10.2006 -12.6887 7
      vertex 10.2006 -11.56 7
    endloop
  endfacet
  facet normal 0 0 1
    outer loop
      vertex 10.054 -11.0128 7
      vertex 10.054 -13.2359 7
      vertex 10.2006 -12.6887 7
    endloop
  endfacet
  facet normal 0 0 1
    outer loop
      vertex 9.81458 -10.4994 7
      vertex 10.054 -13.2359 7
      vertex 10.054 -11.0128 7
    endloop
  endfacet
  facet normal 0 0 1
    outer loop
      vertex 9.81458 -10.4994 7
      vertex 9.81458 -13.7494 7
      vertex 10.054 -13.2359 7
    endloop
  endfacet
  facet normal 0 0 1
    outer loop
      vertex 9.48964 -10.0353 7
      vertex 9.81458 -13.7494 7
      vertex 9.81458 -10.4994 7
    endloop
  endfacet
  facet normal 0 0 1
    outer loop
      vertex 9.48964 -10.0353 7
      vertex 9.48964 -14.2134 7
      vertex 9.81458 -13.7494 7
    endloop
  endfacet
  facet normal 0 0 1
    outer loop
      vertex 9.08906 -9.63471 7
      vertex 9.48964 -14.2134 7
      vertex 9.48964 -10.0353 7
    endloop
  endfacet
  facet normal 0 0 1
    outer loop
      vertex 9.08906 -9.63471 7
      vertex 9.08906 -14.614 7
      vertex 9.48964 -14.2134 7
    endloop
  endfacet
  facet normal 0 0 1
    outer loop
      vertex 8.625 -9.30977 7
      vertex 9.08906 -14.614 7
      vertex 9.08906 -9.63471 7
    endloop
  endfacet
  facet normal 0 0 1
    outer loop
      vertex 8.625 -9.30977 7
      vertex 8.625 -14.9389 7
      vertex 9.08906 -14.614 7
    endloop
  endfacet
  facet normal 0 0 1
    outer loop
      vertex 8.11156 -9.07035 7
      vertex 8.625 -14.9389 7
      vertex 8.625 -9.30977 7
    endloop
  endfacet
  facet normal 0 0 1
    outer loop
      vertex 8.11156 -9.07035 7
      vertex 8.11156 -15.1784 7
      vertex 8.625 -14.9389 7
    endloop
  endfacet
  facet normal 0 0 1
    outer loop
      vertex 7.56436 -8.92373 7
      vertex 8.11156 -15.1784 7
      vertex 8.11156 -9.07035 7
    endloop
  endfacet
  facet normal 0 0 1
    outer loop
      vertex 7.56436 -8.92373 7
      vertex 7.56436 -15.325 7
      vertex 8.11156 -15.1784 7
    endloop
  endfacet
  facet normal 0 0 1
    outer loop
      vertex 7 -8.87436 7
      vertex 7.56436 -15.325 7
      vertex 7.56436 -8.92373 7
    endloop
  endfacet
  facet normal 0 0 1
    outer loop
      vertex 7 -8.87436 7
      vertex 7 -15.3744 7
      vertex 7.56436 -15.325 7
    endloop
  endfacet
  facet normal -0 0 1
    outer loop
      vertex 6.43564 -8.92373 7
      vertex 7 -15.3744 7
      vertex 7 -8.87436 7
    endloop
  endfacet
  facet normal 0 0 1
    outer loop
      vertex 6.43564 -8.92373 7
      vertex 6.43564 -15.325 7
      vertex 7 -15.3744 7
    endloop
  endfacet
  facet normal -0 0 1
    outer loop
      vertex 5.88843 -9.07035 7
      vertex 6.43564 -15.325 7
      vertex 6.43564 -8.92373 7
    endloop
  endfacet
  facet normal 0 0 1
    outer loop
      vertex 5.88843 -9.07035 7
      vertex 5.88843 -15.1784 7
      vertex 6.43564 -15.325 7
    endloop
  endfacet
  facet normal -0 0 1
    outer loop
      vertex 5.375 -9.30977 7
      vertex 5.88843 -15.1784 7
      vertex 5.88843 -9.07035 7
    endloop
  endfacet
  facet normal 0 0 1
    outer loop
      vertex 5.375 -9.30977 7
      vertex 5.375 -14.9389 7
      vertex 5.88843 -15.1784 7
    endloop
  endfacet
  facet normal -0 0 1
    outer loop
      vertex 4.91094 -9.63471 7
      vertex 5.375 -14.9389 7
      vertex 5.375 -9.30977 7
    endloop
  endfacet
  facet normal 0 0 1
    outer loop
      vertex 4.91094 -9.63471 7
      vertex 4.91094 -14.614 7
      vertex 5.375 -14.9389 7
    endloop
  endfacet
  facet normal -0 0 1
    outer loop
      vertex 4.51035 -10.0353 7
      vertex 4.91094 -14.614 7
      vertex 4.91094 -9.63471 7
    endloop
  endfacet
  facet normal 0 0 1
    outer loop
      vertex 4.51035 -10.0353 7
      vertex 4.51035 -14.2134 7
      vertex 4.91094 -14.614 7
    endloop
  endfacet
  facet normal -0 0 1
    outer loop
      vertex 4.18542 -10.4994 7
      vertex 4.51035 -14.2134 7
      vertex 4.51035 -10.0353 7
    endloop
  endfacet
  facet normal 0 0 1
    outer loop
      vertex 4.18542 -10.4994 7
      vertex 4.18542 -13.7494 7
      vertex 4.51035 -14.2134 7
    endloop
  endfacet
  facet normal -0 0 1
    outer loop
      vertex 3.946 -11.0128 7
      vertex 4.18542 -13.7494 7
      vertex 4.18542 -10.4994 7
    endloop
  endfacet
  facet normal 0 0 1
    outer loop
      vertex 3.946 -11.0128 7
      vertex 3.946 -13.2359 7
      vertex 4.18542 -13.7494 7
    endloop
  endfacet
  facet normal -0 0 1
    outer loop
      vertex 3.79937 -11.56 7
      vertex 3.946 -13.2359 7
      vertex 3.946 -11.0128 7
    endloop
  endfacet
  facet normal 0 0 1
    outer loop
      vertex 3.79937 -11.56 7
      vertex 3.79937 -12.6887 7
      vertex 3.946 -13.2359 7
    endloop
  endfacet
  facet normal 0 -0 1
    outer loop
      vertex 3.79937 -12.6887 7
      vertex 3.79937 -11.56 7
      vertex 3.75 -12.1244 7
    endloop
  endfacet
  facet normal 0.996196 -0.0871407 1.24422e-19
    outer loop
      vertex 3.75 -12.1244 25
      vertex 3.79937 -11.56 7
      vertex 3.79937 -11.56 25
    endloop
  endfacet
  facet normal 0.996196 -0.0871407 1.24422e-19
    outer loop
      vertex 3.79937 -11.56 7
      vertex 3.75 -12.1244 25
      vertex 3.75 -12.1244 7
    endloop
  endfacet
  facet normal 0.906296 -0.422644 2.02025e-19
    outer loop
      vertex 3.946 -11.0128 25
      vertex 4.18542 -10.4994 7
      vertex 4.18542 -10.4994 25
    endloop
  endfacet
  facet normal 0.906296 -0.422644 2.02025e-19
    outer loop
      vertex 4.18542 -10.4994 7
      vertex 3.946 -11.0128 25
      vertex 3.946 -11.0128 7
    endloop
  endfacet
  facet normal 0.707107 -0.707107 5.11674e-19
    outer loop
      vertex 4.51035 -10.0353 25
      vertex 4.91094 -9.63471 7
      vertex 4.91094 -9.63471 25
    endloop
  endfacet
  facet normal 0.707107 -0.707107 5.11674e-19
    outer loop
      vertex 4.91094 -9.63471 7
      vertex 4.51035 -10.0353 25
      vertex 4.51035 -10.0353 7
    endloop
  endfacet
  facet normal 0.965922 -0.258833 -4.47228e-19
    outer loop
      vertex 3.79937 -11.56 25
      vertex 3.946 -11.0128 7
      vertex 3.946 -11.0128 25
    endloop
  endfacet
  facet normal 0.965922 -0.258833 -4.47228e-19
    outer loop
      vertex 3.946 -11.0128 7
      vertex 3.79937 -11.56 25
      vertex 3.79937 -11.56 7
    endloop
  endfacet
  facet normal -0.819116 0.573628 9.78257e-19
    outer loop
      vertex 9.48964 -14.2134 7
      vertex 9.81458 -13.7494 25
      vertex 9.81458 -13.7494 7
    endloop
  endfacet
  facet normal -0.819116 0.573628 9.78257e-19
    outer loop
      vertex 9.81458 -13.7494 25
      vertex 9.48964 -14.2134 7
      vertex 9.48964 -14.2134 25
    endloop
  endfacet
  facet normal -0.99619 0.0872086 1.60663e-19
    outer loop
      vertex 10.2006 -12.6887 7
      vertex 10.25 -12.1244 25
      vertex 10.25 -12.1244 7
    endloop
  endfacet
  facet normal -0.99619 0.0872086 1.60663e-19
    outer loop
      vertex 10.25 -12.1244 25
      vertex 10.2006 -12.6887 7
      vertex 10.2006 -12.6887 25
    endloop
  endfacet
  facet normal 0.258812 -0.965928 0
    outer loop
      vertex 5.88843 -9.07035 7
      vertex 6.43564 -8.92373 25
      vertex 5.88843 -9.07035 25
    endloop
  endfacet
  facet normal 0.258812 -0.965928 0
    outer loop
      vertex 6.43564 -8.92373 25
      vertex 5.88843 -9.07035 7
      vertex 6.43564 -8.92373 7
    endloop
  endfacet
  facet normal 0.422624 -0.906305 0
    outer loop
      vertex 5.375 -9.30977 7
      vertex 5.88843 -9.07035 25
      vertex 5.375 -9.30977 25
    endloop
  endfacet
  facet normal 0.422624 -0.906305 0
    outer loop
      vertex 5.88843 -9.07035 25
      vertex 5.375 -9.30977 7
      vertex 5.88843 -9.07035 7
    endloop
  endfacet
  facet normal -0.258783 0.965935 0
    outer loop
      vertex 8.11156 -15.1784 7
      vertex 7.56436 -15.325 25
      vertex 8.11156 -15.1784 25
    endloop
  endfacet
  facet normal -0.258783 0.965935 0
    outer loop
      vertex 7.56436 -15.325 25
      vertex 8.11156 -15.1784 7
      vertex 7.56436 -15.325 7
    endloop
  endfacet
  facet normal 0.258779 0.965937 -0
    outer loop
      vertex 6.43564 -15.325 7
      vertex 5.88843 -15.1784 25
      vertex 6.43564 -15.325 25
    endloop
  endfacet
  facet normal 0.258779 0.965937 0
    outer loop
      vertex 5.88843 -15.1784 25
      vertex 6.43564 -15.325 7
      vertex 5.88843 -15.1784 7
    endloop
  endfacet
  facet normal -0.0871994 0.996191 0
    outer loop
      vertex 7.56436 -15.325 7
      vertex 7 -15.3744 25
      vertex 7.56436 -15.325 25
    endloop
  endfacet
  facet normal -0.0871994 0.996191 0
    outer loop
      vertex 7 -15.3744 25
      vertex 7.56436 -15.325 7
      vertex 7 -15.3744 7
    endloop
  endfacet
  facet normal 0.965922 0.258833 4.47228e-19
    outer loop
      vertex 3.946 -13.2359 25
      vertex 3.79937 -12.6887 7
      vertex 3.79937 -12.6887 25
    endloop
  endfacet
  facet normal 0.965922 0.258833 4.47228e-19
    outer loop
      vertex 3.79937 -12.6887 7
      vertex 3.946 -13.2359 25
      vertex 3.946 -13.2359 7
    endloop
  endfacet
  facet normal -0.906327 0.422576 6.14616e-19
    outer loop
      vertex 9.81458 -13.7494 7
      vertex 10.054 -13.2359 25
      vertex 10.054 -13.2359 7
    endloop
  endfacet
  facet normal -0.906327 0.422576 6.14616e-19
    outer loop
      vertex 10.054 -13.2359 25
      vertex 9.81458 -13.7494 7
      vertex 9.81458 -13.7494 25
    endloop
  endfacet
  facet normal -0.422733 0.906254 0
    outer loop
      vertex 8.625 -14.9389 7
      vertex 8.11156 -15.1784 25
      vertex 8.625 -14.9389 25
    endloop
  endfacet
  facet normal -0.422733 0.906254 0
    outer loop
      vertex 8.11156 -15.1784 25
      vertex 8.625 -14.9389 7
      vertex 8.11156 -15.1784 7
    endloop
  endfacet
  facet normal 0.996195 0.087156 7.60952e-20
    outer loop
      vertex 3.79937 -12.6887 25
      vertex 3.75 -12.1244 7
      vertex 3.75 -12.1244 25
    endloop
  endfacet
  facet normal 0.996195 0.087156 7.60952e-20
    outer loop
      vertex 3.75 -12.1244 7
      vertex 3.79937 -12.6887 25
      vertex 3.79937 -12.6887 7
    endloop
  endfacet
  facet normal 0 0 -1
    outer loop
      vertex 10.2006 -12.6887 25
      vertex 10.2006 -11.56 25
      vertex 10.25 -12.1244 25
    endloop
  endfacet
  facet normal 0 0 -1
    outer loop
      vertex 10.054 -13.2359 25
      vertex 10.2006 -11.56 25
      vertex 10.2006 -12.6887 25
    endloop
  endfacet
  facet normal 0 0 -1
    outer loop
      vertex 10.054 -13.2359 25
      vertex 10.054 -11.0128 25
      vertex 10.2006 -11.56 25
    endloop
  endfacet
  facet normal 0 0 -1
    outer loop
      vertex 9.81458 -13.7494 25
      vertex 10.054 -11.0128 25
      vertex 10.054 -13.2359 25
    endloop
  endfacet
  facet normal 0 0 -1
    outer loop
      vertex 9.81458 -13.7494 25
      vertex 9.81458 -10.4994 25
      vertex 10.054 -11.0128 25
    endloop
  endfacet
  facet normal 0 0 -1
    outer loop
      vertex 9.48964 -14.2134 25
      vertex 9.81458 -10.4994 25
      vertex 9.81458 -13.7494 25
    endloop
  endfacet
  facet normal 0 0 -1
    outer loop
      vertex 9.48964 -14.2134 25
      vertex 9.48964 -10.0353 25
      vertex 9.81458 -10.4994 25
    endloop
  endfacet
  facet normal 0 0 -1
    outer loop
      vertex 9.08906 -14.614 25
      vertex 9.48964 -10.0353 25
      vertex 9.48964 -14.2134 25
    endloop
  endfacet
  facet normal 0 0 -1
    outer loop
      vertex 9.08906 -14.614 25
      vertex 9.08906 -9.63471 25
      vertex 9.48964 -10.0353 25
    endloop
  endfacet
  facet normal 0 0 -1
    outer loop
      vertex 8.625 -14.9389 25
      vertex 9.08906 -9.63471 25
      vertex 9.08906 -14.614 25
    endloop
  endfacet
  facet normal 0 0 -1
    outer loop
      vertex 8.625 -14.9389 25
      vertex 8.625 -9.30977 25
      vertex 9.08906 -9.63471 25
    endloop
  endfacet
  facet normal 0 0 -1
    outer loop
      vertex 8.11156 -15.1784 25
      vertex 8.625 -9.30977 25
      vertex 8.625 -14.9389 25
    endloop
  endfacet
  facet normal 0 0 -1
    outer loop
      vertex 8.11156 -15.1784 25
      vertex 8.11156 -9.07035 25
      vertex 8.625 -9.30977 25
    endloop
  endfacet
  facet normal 0 0 -1
    outer loop
      vertex 7.56436 -15.325 25
      vertex 8.11156 -9.07035 25
      vertex 8.11156 -15.1784 25
    endloop
  endfacet
  facet normal 0 0 -1
    outer loop
      vertex 7.56436 -15.325 25
      vertex 7.56436 -8.92373 25
      vertex 8.11156 -9.07035 25
    endloop
  endfacet
  facet normal 0 0 -1
    outer loop
      vertex 7.56436 -15.325 25
      vertex 7 -8.87436 25
      vertex 7.56436 -8.92373 25
    endloop
  endfacet
  facet normal 0 0 -1
    outer loop
      vertex 7 -15.3744 25
      vertex 7 -8.87436 25
      vertex 7.56436 -15.325 25
    endloop
  endfacet
  facet normal 0 0 -1
    outer loop
      vertex 6.43564 -15.325 25
      vertex 7 -8.87436 25
      vertex 7 -15.3744 25
    endloop
  endfacet
  facet normal 0 0 -1
    outer loop
      vertex 6.43564 -15.325 25
      vertex 6.43564 -8.92373 25
      vertex 7 -8.87436 25
    endloop
  endfacet
  facet normal 0 0 -1
    outer loop
      vertex 5.88843 -15.1784 25
      vertex 6.43564 -8.92373 25
      vertex 6.43564 -15.325 25
    endloop
  endfacet
  facet normal 0 0 -1
    outer loop
      vertex 5.88843 -15.1784 25
      vertex 5.88843 -9.07035 25
      vertex 6.43564 -8.92373 25
    endloop
  endfacet
  facet normal 0 0 -1
    outer loop
      vertex 5.375 -14.9389 25
      vertex 5.88843 -9.07035 25
      vertex 5.88843 -15.1784 25
    endloop
  endfacet
  facet normal 0 0 -1
    outer loop
      vertex 5.375 -14.9389 25
      vertex 5.375 -9.30977 25
      vertex 5.88843 -9.07035 25
    endloop
  endfacet
  facet normal 0 0 -1
    outer loop
      vertex 4.91094 -14.614 25
      vertex 5.375 -9.30977 25
      vertex 5.375 -14.9389 25
    endloop
  endfacet
  facet normal 0 0 -1
    outer loop
      vertex 4.91094 -14.614 25
      vertex 4.91094 -9.63471 25
      vertex 5.375 -9.30977 25
    endloop
  endfacet
  facet normal 0 0 -1
    outer loop
      vertex 4.51035 -14.2134 25
      vertex 4.91094 -9.63471 25
      vertex 4.91094 -14.614 25
    endloop
  endfacet
  facet normal 0 0 -1
    outer loop
      vertex 4.51035 -14.2134 25
      vertex 4.51035 -10.0353 25
      vertex 4.91094 -9.63471 25
    endloop
  endfacet
  facet normal 0 0 -1
    outer loop
      vertex 4.18542 -13.7494 25
      vertex 4.51035 -10.0353 25
      vertex 4.51035 -14.2134 25
    endloop
  endfacet
  facet normal 0 0 -1
    outer loop
      vertex 4.18542 -13.7494 25
      vertex 4.18542 -10.4994 25
      vertex 4.51035 -10.0353 25
    endloop
  endfacet
  facet normal 0 0 -1
    outer loop
      vertex 3.946 -13.2359 25
      vertex 4.18542 -10.4994 25
      vertex 4.18542 -13.7494 25
    endloop
  endfacet
  facet normal 0 0 -1
    outer loop
      vertex 3.946 -13.2359 25
      vertex 3.946 -11.0128 25
      vertex 4.18542 -10.4994 25
    endloop
  endfacet
  facet normal 0 0 -1
    outer loop
      vertex 3.79937 -12.6887 25
      vertex 3.946 -11.0128 25
      vertex 3.946 -13.2359 25
    endloop
  endfacet
  facet normal 0 0 -1
    outer loop
      vertex 3.79937 -12.6887 25
      vertex 3.79937 -11.56 25
      vertex 3.946 -11.0128 25
    endloop
  endfacet
  facet normal 0 -0 -1
    outer loop
      vertex 3.79937 -11.56 25
      vertex 3.79937 -12.6887 25
      vertex 3.75 -12.1244 25
    endloop
  endfacet
  facet normal 0 0 1
    outer loop
      vertex 42 0 14
      vertex 44 0 14
      vertex 43.3315 7.64052 14
    endloop
  endfacet
  facet normal 0 0 1
    outer loop
      vertex 44 0 14
      vertex 42 0 14
      vertex 43.3315 -7.64052 14
    endloop
  endfacet
  facet normal 0 0 1
    outer loop
      vertex 43.3315 7.64052 14
      vertex 41.3619 7.29322 14
      vertex 42 0 14
    endloop
  endfacet
  facet normal 0 0 1
    outer loop
      vertex 41.3465 15.0489 14
      vertex 41.3619 7.29322 14
      vertex 43.3315 7.64052 14
    endloop
  endfacet
  facet normal 0 0 1
    outer loop
      vertex 41.3465 15.0489 14
      vertex 39.4671 14.3648 14
      vertex 41.3619 7.29322 14
    endloop
  endfacet
  facet normal 0 0 1
    outer loop
      vertex 38.1051 22 14
      vertex 39.4671 14.3648 14
      vertex 41.3465 15.0489 14
    endloop
  endfacet
  facet normal 0 0 1
    outer loop
      vertex 38.1051 22 14
      vertex 36.3731 21 14
      vertex 39.4671 14.3648 14
    endloop
  endfacet
  facet normal 0 0 1
    outer loop
      vertex 33.706 28.2827 14
      vertex 36.3731 21 14
      vertex 38.1051 22 14
    endloop
  endfacet
  facet normal 0 0 1
    outer loop
      vertex 33.706 28.2827 14
      vertex 32.1739 26.9971 14
      vertex 36.3731 21 14
    endloop
  endfacet
  facet normal 0 0 1
    outer loop
      vertex 28.2827 33.706 14
      vertex 32.1739 26.9971 14
      vertex 33.706 28.2827 14
    endloop
  endfacet
  facet normal 0 0 1
    outer loop
      vertex 28.2827 33.706 14
      vertex 26.9971 32.1739 14
      vertex 32.1739 26.9971 14
    endloop
  endfacet
  facet normal 0 0 1
    outer loop
      vertex 22 38.1051 14
      vertex 26.9971 32.1739 14
      vertex 28.2827 33.706 14
    endloop
  endfacet
  facet normal 0 0 1
    outer loop
      vertex 22 38.1051 14
      vertex 21 36.3731 14
      vertex 26.9971 32.1739 14
    endloop
  endfacet
  facet normal 0 0 1
    outer loop
      vertex 15.0489 41.3465 14
      vertex 21 36.3731 14
      vertex 22 38.1051 14
    endloop
  endfacet
  facet normal 0 0 1
    outer loop
      vertex 15.0489 41.3465 14
      vertex 14.3648 39.4671 14
      vertex 21 36.3731 14
    endloop
  endfacet
  facet normal 0 0 1
    outer loop
      vertex 7.64052 43.3315 14
      vertex 14.3648 39.4671 14
      vertex 15.0489 41.3465 14
    endloop
  endfacet
  facet normal 0 0 1
    outer loop
      vertex 7.64052 43.3315 14
      vertex 7.29322 41.3619 14
      vertex 14.3648 39.4671 14
    endloop
  endfacet
  facet normal 0 0 1
    outer loop
      vertex 0 44 14
      vertex 7.29322 41.3619 14
      vertex 7.64052 43.3315 14
    endloop
  endfacet
  facet normal 0 0 1
    outer loop
      vertex 0 44 14
      vertex 0 42 14
      vertex 7.29322 41.3619 14
    endloop
  endfacet
  facet normal 0 0 1
    outer loop
      vertex 0 44 14
      vertex -7.29322 41.3619 14
      vertex 0 42 14
    endloop
  endfacet
  facet normal -0 0 1
    outer loop
      vertex -7.64052 43.3315 14
      vertex -7.29322 41.3619 14
      vertex 0 44 14
    endloop
  endfacet
  facet normal 0 0 1
    outer loop
      vertex -7.64052 43.3315 14
      vertex -14.3648 39.4671 14
      vertex -7.29322 41.3619 14
    endloop
  endfacet
  facet normal -0 0 1
    outer loop
      vertex -15.0489 41.3465 14
      vertex -14.3648 39.4671 14
      vertex -7.64052 43.3315 14
    endloop
  endfacet
  facet normal 0 0 1
    outer loop
      vertex -15.0489 41.3465 14
      vertex -21 36.3731 14
      vertex -14.3648 39.4671 14
    endloop
  endfacet
  facet normal -0 0 1
    outer loop
      vertex -22 38.1051 14
      vertex -21 36.3731 14
      vertex -15.0489 41.3465 14
    endloop
  endfacet
  facet normal 0 0 1
    outer loop
      vertex -22 38.1051 14
      vertex -26.9971 32.1739 14
      vertex -21 36.3731 14
    endloop
  endfacet
  facet normal -0 0 1
    outer loop
      vertex -28.2827 33.706 14
      vertex -26.9971 32.1739 14
      vertex -22 38.1051 14
    endloop
  endfacet
  facet normal 0 0 1
    outer loop
      vertex -28.2827 33.706 14
      vertex -32.1739 26.9971 14
      vertex -26.9971 32.1739 14
    endloop
  endfacet
  facet normal -0 0 1
    outer loop
      vertex -33.706 28.2827 14
      vertex -32.1739 26.9971 14
      vertex -28.2827 33.706 14
    endloop
  endfacet
  facet normal 0 0 1
    outer loop
      vertex -33.706 28.2827 14
      vertex -36.3731 21 14
      vertex -32.1739 26.9971 14
    endloop
  endfacet
  facet normal -0 0 1
    outer loop
      vertex -38.1051 22 14
      vertex -36.3731 21 14
      vertex -33.706 28.2827 14
    endloop
  endfacet
  facet normal 0 0 1
    outer loop
      vertex -38.1051 22 14
      vertex -39.4671 14.3648 14
      vertex -36.3731 21 14
    endloop
  endfacet
  facet normal -0 0 1
    outer loop
      vertex -41.3465 15.0489 14
      vertex -39.4671 14.3648 14
      vertex -38.1051 22 14
    endloop
  endfacet
  facet normal 0 0 1
    outer loop
      vertex -41.3465 15.0489 14
      vertex -41.3619 7.29322 14
      vertex -39.4671 14.3648 14
    endloop
  endfacet
  facet normal -0 0 1
    outer loop
      vertex -43.3315 7.64052 14
      vertex -41.3619 7.29322 14
      vertex -41.3465 15.0489 14
    endloop
  endfacet
  facet normal 0 0 1
    outer loop
      vertex -41.3619 7.29322 14
      vertex -43.3315 7.64052 14
      vertex -42 0 14
    endloop
  endfacet
  facet normal -0 0 1
    outer loop
      vertex 41.3619 -7.29322 14
      vertex 43.3315 -7.64052 14
      vertex 42 0 14
    endloop
  endfacet
  facet normal 0 0 1
    outer loop
      vertex 41.3619 -7.29322 14
      vertex 41.3465 -15.0489 14
      vertex 43.3315 -7.64052 14
    endloop
  endfacet
  facet normal -0 0 1
    outer loop
      vertex 39.4671 -14.3648 14
      vertex 41.3465 -15.0489 14
      vertex 41.3619 -7.29322 14
    endloop
  endfacet
  facet normal 0 0 1
    outer loop
      vertex 39.4671 -14.3648 14
      vertex 38.1051 -22 14
      vertex 41.3465 -15.0489 14
    endloop
  endfacet
  facet normal -0 0 1
    outer loop
      vertex 36.3731 -21 14
      vertex 38.1051 -22 14
      vertex 39.4671 -14.3648 14
    endloop
  endfacet
  facet normal 0 0 1
    outer loop
      vertex 36.3731 -21 14
      vertex 33.706 -28.2827 14
      vertex 38.1051 -22 14
    endloop
  endfacet
  facet normal -0 0 1
    outer loop
      vertex 32.1739 -26.9971 14
      vertex 33.706 -28.2827 14
      vertex 36.3731 -21 14
    endloop
  endfacet
  facet normal 0 0 1
    outer loop
      vertex 32.1739 -26.9971 14
      vertex 28.2827 -33.706 14
      vertex 33.706 -28.2827 14
    endloop
  endfacet
  facet normal -0 0 1
    outer loop
      vertex 26.9971 -32.1739 14
      vertex 28.2827 -33.706 14
      vertex 32.1739 -26.9971 14
    endloop
  endfacet
  facet normal 0 0 1
    outer loop
      vertex 26.9971 -32.1739 14
      vertex 22 -38.1051 14
      vertex 28.2827 -33.706 14
    endloop
  endfacet
  facet normal -0 0 1
    outer loop
      vertex 21 -36.3731 14
      vertex 22 -38.1051 14
      vertex 26.9971 -32.1739 14
    endloop
  endfacet
  facet normal 0 0 1
    outer loop
      vertex 21 -36.3731 14
      vertex 15.0489 -41.3465 14
      vertex 22 -38.1051 14
    endloop
  endfacet
  facet normal -0 0 1
    outer loop
      vertex 14.3648 -39.4671 14
      vertex 15.0489 -41.3465 14
      vertex 21 -36.3731 14
    endloop
  endfacet
  facet normal 0 0 1
    outer loop
      vertex 14.3648 -39.4671 14
      vertex 7.64052 -43.3315 14
      vertex 15.0489 -41.3465 14
    endloop
  endfacet
  facet normal -0 0 1
    outer loop
      vertex 7.29322 -41.3619 14
      vertex 7.64052 -43.3315 14
      vertex 14.3648 -39.4671 14
    endloop
  endfacet
  facet normal -0 0 1
    outer loop
      vertex 0 -42 14
      vertex 7.64052 -43.3315 14
      vertex 7.29322 -41.3619 14
    endloop
  endfacet
  facet normal 0 0 1
    outer loop
      vertex 0 -42 14
      vertex 0 -44 14
      vertex 7.64052 -43.3315 14
    endloop
  endfacet
  facet normal 0 0 1
    outer loop
      vertex -7.29322 -41.3619 14
      vertex 0 -44 14
      vertex 0 -42 14
    endloop
  endfacet
  facet normal 0 0 1
    outer loop
      vertex -7.29322 -41.3619 14
      vertex -7.64052 -43.3315 14
      vertex 0 -44 14
    endloop
  endfacet
  facet normal 0 0 1
    outer loop
      vertex -14.3648 -39.4671 14
      vertex -7.64052 -43.3315 14
      vertex -7.29322 -41.3619 14
    endloop
  endfacet
  facet normal 0 0 1
    outer loop
      vertex -14.3648 -39.4671 14
      vertex -15.0489 -41.3465 14
      vertex -7.64052 -43.3315 14
    endloop
  endfacet
  facet normal 0 0 1
    outer loop
      vertex -21 -36.3731 14
      vertex -15.0489 -41.3465 14
      vertex -14.3648 -39.4671 14
    endloop
  endfacet
  facet normal 0 0 1
    outer loop
      vertex -21 -36.3731 14
      vertex -22 -38.1051 14
      vertex -15.0489 -41.3465 14
    endloop
  endfacet
  facet normal 0 0 1
    outer loop
      vertex -26.9971 -32.1739 14
      vertex -22 -38.1051 14
      vertex -21 -36.3731 14
    endloop
  endfacet
  facet normal 0 0 1
    outer loop
      vertex -26.9971 -32.1739 14
      vertex -28.2827 -33.706 14
      vertex -22 -38.1051 14
    endloop
  endfacet
  facet normal 0 0 1
    outer loop
      vertex -32.1739 -26.9971 14
      vertex -28.2827 -33.706 14
      vertex -26.9971 -32.1739 14
    endloop
  endfacet
  facet normal 0 0 1
    outer loop
      vertex -32.1739 -26.9971 14
      vertex -33.706 -28.2827 14
      vertex -28.2827 -33.706 14
    endloop
  endfacet
  facet normal 0 0 1
    outer loop
      vertex -36.3731 -21 14
      vertex -33.706 -28.2827 14
      vertex -32.1739 -26.9971 14
    endloop
  endfacet
  facet normal 0 0 1
    outer loop
      vertex -36.3731 -21 14
      vertex -38.1051 -22 14
      vertex -33.706 -28.2827 14
    endloop
  endfacet
  facet normal 0 0 1
    outer loop
      vertex -39.4671 -14.3648 14
      vertex -38.1051 -22 14
      vertex -36.3731 -21 14
    endloop
  endfacet
  facet normal 0 0 1
    outer loop
      vertex -39.4671 -14.3648 14
      vertex -41.3465 -15.0489 14
      vertex -38.1051 -22 14
    endloop
  endfacet
  facet normal 0 0 1
    outer loop
      vertex -41.3619 -7.29322 14
      vertex -41.3465 -15.0489 14
      vertex -39.4671 -14.3648 14
    endloop
  endfacet
  facet normal 0 0 1
    outer loop
      vertex -43.3315 -7.64052 14
      vertex -41.3619 -7.29322 14
      vertex -42 0 14
    endloop
  endfacet
  facet normal 0 0 1
    outer loop
      vertex -44 0 14
      vertex -42 0 14
      vertex -43.3315 7.64052 14
    endloop
  endfacet
  facet normal 0 0 1
    outer loop
      vertex -41.3619 -7.29322 14
      vertex -43.3315 -7.64052 14
      vertex -41.3465 -15.0489 14
    endloop
  endfacet
  facet normal 0 0 1
    outer loop
      vertex -42 0 14
      vertex -44 0 14
      vertex -43.3315 -7.64052 14
    endloop
  endfacet
  facet normal 0 0 -1
    outer loop
      vertex 42 0 18
      vertex 44 0 18
      vertex 43.3315 -7.64052 18
    endloop
  endfacet
  facet normal 0 0 -1
    outer loop
      vertex 44 0 18
      vertex 42 0 18
      vertex 43.3315 7.64052 18
    endloop
  endfacet
  facet normal 0 0 -1
    outer loop
      vertex 43.3315 -7.64052 18
      vertex 41.3619 -7.29322 18
      vertex 42 0 18
    endloop
  endfacet
  facet normal 0 0 -1
    outer loop
      vertex 41.3465 -15.0489 18
      vertex 41.3619 -7.29322 18
      vertex 43.3315 -7.64052 18
    endloop
  endfacet
  facet normal 0 0 -1
    outer loop
      vertex 41.3465 -15.0489 18
      vertex 39.4671 -14.3648 18
      vertex 41.3619 -7.29322 18
    endloop
  endfacet
  facet normal 0 0 -1
    outer loop
      vertex 38.1051 -22 18
      vertex 39.4671 -14.3648 18
      vertex 41.3465 -15.0489 18
    endloop
  endfacet
  facet normal 0 0 -1
    outer loop
      vertex 38.1051 -22 18
      vertex 36.3731 -21 18
      vertex 39.4671 -14.3648 18
    endloop
  endfacet
  facet normal 0 0 -1
    outer loop
      vertex 33.706 -28.2827 18
      vertex 36.3731 -21 18
      vertex 38.1051 -22 18
    endloop
  endfacet
  facet normal 0 0 -1
    outer loop
      vertex 33.706 -28.2827 18
      vertex 32.1739 -26.9971 18
      vertex 36.3731 -21 18
    endloop
  endfacet
  facet normal 0 0 -1
    outer loop
      vertex 28.2827 -33.706 18
      vertex 32.1739 -26.9971 18
      vertex 33.706 -28.2827 18
    endloop
  endfacet
  facet normal 0 0 -1
    outer loop
      vertex 28.2827 -33.706 18
      vertex 26.9971 -32.1739 18
      vertex 32.1739 -26.9971 18
    endloop
  endfacet
  facet normal 0 0 -1
    outer loop
      vertex 22 -38.1051 18
      vertex 26.9971 -32.1739 18
      vertex 28.2827 -33.706 18
    endloop
  endfacet
  facet normal 0 0 -1
    outer loop
      vertex 22 -38.1051 18
      vertex 21 -36.3731 18
      vertex 26.9971 -32.1739 18
    endloop
  endfacet
  facet normal 0 0 -1
    outer loop
      vertex 15.0489 -41.3465 18
      vertex 21 -36.3731 18
      vertex 22 -38.1051 18
    endloop
  endfacet
  facet normal 0 0 -1
    outer loop
      vertex 15.0489 -41.3465 18
      vertex 14.3648 -39.4671 18
      vertex 21 -36.3731 18
    endloop
  endfacet
  facet normal 0 0 -1
    outer loop
      vertex 7.64052 -43.3315 18
      vertex 14.3648 -39.4671 18
      vertex 15.0489 -41.3465 18
    endloop
  endfacet
  facet normal 0 0 -1
    outer loop
      vertex 7.64052 -43.3315 18
      vertex 7.29322 -41.3619 18
      vertex 14.3648 -39.4671 18
    endloop
  endfacet
  facet normal 0 0 -1
    outer loop
      vertex 0 -44 18
      vertex 7.29322 -41.3619 18
      vertex 7.64052 -43.3315 18
    endloop
  endfacet
  facet normal 0 0 -1
    outer loop
      vertex 0 -44 18
      vertex 0 -42 18
      vertex 7.29322 -41.3619 18
    endloop
  endfacet
  facet normal 0 0 -1
    outer loop
      vertex 0 -44 18
      vertex -7.29322 -41.3619 18
      vertex 0 -42 18
    endloop
  endfacet
  facet normal 0 0 -1
    outer loop
      vertex -7.64052 -43.3315 18
      vertex -7.29322 -41.3619 18
      vertex 0 -44 18
    endloop
  endfacet
  facet normal 0 0 -1
    outer loop
      vertex -7.64052 -43.3315 18
      vertex -14.3648 -39.4671 18
      vertex -7.29322 -41.3619 18
    endloop
  endfacet
  facet normal 0 0 -1
    outer loop
      vertex -15.0489 -41.3465 18
      vertex -14.3648 -39.4671 18
      vertex -7.64052 -43.3315 18
    endloop
  endfacet
  facet normal 0 0 -1
    outer loop
      vertex -15.0489 -41.3465 18
      vertex -21 -36.3731 18
      vertex -14.3648 -39.4671 18
    endloop
  endfacet
  facet normal 0 0 -1
    outer loop
      vertex -22 -38.1051 18
      vertex -21 -36.3731 18
      vertex -15.0489 -41.3465 18
    endloop
  endfacet
  facet normal 0 0 -1
    outer loop
      vertex -22 -38.1051 18
      vertex -26.9971 -32.1739 18
      vertex -21 -36.3731 18
    endloop
  endfacet
  facet normal 0 0 -1
    outer loop
      vertex -28.2827 -33.706 18
      vertex -26.9971 -32.1739 18
      vertex -22 -38.1051 18
    endloop
  endfacet
  facet normal 0 0 -1
    outer loop
      vertex -28.2827 -33.706 18
      vertex -32.1739 -26.9971 18
      vertex -26.9971 -32.1739 18
    endloop
  endfacet
  facet normal 0 0 -1
    outer loop
      vertex -33.706 -28.2827 18
      vertex -32.1739 -26.9971 18
      vertex -28.2827 -33.706 18
    endloop
  endfacet
  facet normal 0 0 -1
    outer loop
      vertex -33.706 -28.2827 18
      vertex -36.3731 -21 18
      vertex -32.1739 -26.9971 18
    endloop
  endfacet
  facet normal 0 0 -1
    outer loop
      vertex -38.1051 -22 18
      vertex -36.3731 -21 18
      vertex -33.706 -28.2827 18
    endloop
  endfacet
  facet normal 0 0 -1
    outer loop
      vertex -38.1051 -22 18
      vertex -39.4671 -14.3648 18
      vertex -36.3731 -21 18
    endloop
  endfacet
  facet normal 0 0 -1
    outer loop
      vertex -41.3465 -15.0489 18
      vertex -39.4671 -14.3648 18
      vertex -38.1051 -22 18
    endloop
  endfacet
  facet normal 0 0 -1
    outer loop
      vertex -41.3465 -15.0489 18
      vertex -41.3619 -7.29322 18
      vertex -39.4671 -14.3648 18
    endloop
  endfacet
  facet normal 0 0 -1
    outer loop
      vertex -43.3315 -7.64052 18
      vertex -41.3619 -7.29322 18
      vertex -41.3465 -15.0489 18
    endloop
  endfacet
  facet normal -0 0 -1
    outer loop
      vertex -41.3619 -7.29322 18
      vertex -43.3315 -7.64052 18
      vertex -42 0 18
    endloop
  endfacet
  facet normal 0 0 -1
    outer loop
      vertex 41.3619 7.29322 18
      vertex 43.3315 7.64052 18
      vertex 42 0 18
    endloop
  endfacet
  facet normal 0 0 -1
    outer loop
      vertex 41.3619 7.29322 18
      vertex 41.3465 15.0489 18
      vertex 43.3315 7.64052 18
    endloop
  endfacet
  facet normal 0 0 -1
    outer loop
      vertex 39.4671 14.3648 18
      vertex 41.3465 15.0489 18
      vertex 41.3619 7.29322 18
    endloop
  endfacet
  facet normal 0 0 -1
    outer loop
      vertex 39.4671 14.3648 18
      vertex 38.1051 22 18
      vertex 41.3465 15.0489 18
    endloop
  endfacet
  facet normal 0 0 -1
    outer loop
      vertex 36.3731 21 18
      vertex 38.1051 22 18
      vertex 39.4671 14.3648 18
    endloop
  endfacet
  facet normal 0 0 -1
    outer loop
      vertex 36.3731 21 18
      vertex 33.706 28.2827 18
      vertex 38.1051 22 18
    endloop
  endfacet
  facet normal 0 0 -1
    outer loop
      vertex 32.1739 26.9971 18
      vertex 33.706 28.2827 18
      vertex 36.3731 21 18
    endloop
  endfacet
  facet normal 0 0 -1
    outer loop
      vertex 32.1739 26.9971 18
      vertex 28.2827 33.706 18
      vertex 33.706 28.2827 18
    endloop
  endfacet
  facet normal 0 0 -1
    outer loop
      vertex 26.9971 32.1739 18
      vertex 28.2827 33.706 18
      vertex 32.1739 26.9971 18
    endloop
  endfacet
  facet normal 0 0 -1
    outer loop
      vertex 26.9971 32.1739 18
      vertex 22 38.1051 18
      vertex 28.2827 33.706 18
    endloop
  endfacet
  facet normal 0 0 -1
    outer loop
      vertex 21 36.3731 18
      vertex 22 38.1051 18
      vertex 26.9971 32.1739 18
    endloop
  endfacet
  facet normal 0 0 -1
    outer loop
      vertex 21 36.3731 18
      vertex 15.0489 41.3465 18
      vertex 22 38.1051 18
    endloop
  endfacet
  facet normal 0 0 -1
    outer loop
      vertex 14.3648 39.4671 18
      vertex 15.0489 41.3465 18
      vertex 21 36.3731 18
    endloop
  endfacet
  facet normal 0 0 -1
    outer loop
      vertex 14.3648 39.4671 18
      vertex 7.64052 43.3315 18
      vertex 15.0489 41.3465 18
    endloop
  endfacet
  facet normal 0 0 -1
    outer loop
      vertex 7.29322 41.3619 18
      vertex 7.64052 43.3315 18
      vertex 14.3648 39.4671 18
    endloop
  endfacet
  facet normal 0 0 -1
    outer loop
      vertex 0 42 18
      vertex 7.64052 43.3315 18
      vertex 7.29322 41.3619 18
    endloop
  endfacet
  facet normal 0 0 -1
    outer loop
      vertex 0 42 18
      vertex 0 44 18
      vertex 7.64052 43.3315 18
    endloop
  endfacet
  facet normal 0 0 -1
    outer loop
      vertex -7.29322 41.3619 18
      vertex 0 44 18
      vertex 0 42 18
    endloop
  endfacet
  facet normal 0 0 -1
    outer loop
      vertex -7.29322 41.3619 18
      vertex -7.64052 43.3315 18
      vertex 0 44 18
    endloop
  endfacet
  facet normal 0 0 -1
    outer loop
      vertex -14.3648 39.4671 18
      vertex -7.64052 43.3315 18
      vertex -7.29322 41.3619 18
    endloop
  endfacet
  facet normal 0 0 -1
    outer loop
      vertex -14.3648 39.4671 18
      vertex -15.0489 41.3465 18
      vertex -7.64052 43.3315 18
    endloop
  endfacet
  facet normal 0 0 -1
    outer loop
      vertex -21 36.3731 18
      vertex -15.0489 41.3465 18
      vertex -14.3648 39.4671 18
    endloop
  endfacet
  facet normal 0 0 -1
    outer loop
      vertex -21 36.3731 18
      vertex -22 38.1051 18
      vertex -15.0489 41.3465 18
    endloop
  endfacet
  facet normal 0 0 -1
    outer loop
      vertex -26.9971 32.1739 18
      vertex -22 38.1051 18
      vertex -21 36.3731 18
    endloop
  endfacet
  facet normal 0 0 -1
    outer loop
      vertex -26.9971 32.1739 18
      vertex -28.2827 33.706 18
      vertex -22 38.1051 18
    endloop
  endfacet
  facet normal 0 0 -1
    outer loop
      vertex -32.1739 26.9971 18
      vertex -28.2827 33.706 18
      vertex -26.9971 32.1739 18
    endloop
  endfacet
  facet normal 0 0 -1
    outer loop
      vertex -32.1739 26.9971 18
      vertex -33.706 28.2827 18
      vertex -28.2827 33.706 18
    endloop
  endfacet
  facet normal 0 0 -1
    outer loop
      vertex -36.3731 21 18
      vertex -33.706 28.2827 18
      vertex -32.1739 26.9971 18
    endloop
  endfacet
  facet normal 0 0 -1
    outer loop
      vertex -36.3731 21 18
      vertex -38.1051 22 18
      vertex -33.706 28.2827 18
    endloop
  endfacet
  facet normal 0 0 -1
    outer loop
      vertex -39.4671 14.3648 18
      vertex -38.1051 22 18
      vertex -36.3731 21 18
    endloop
  endfacet
  facet normal 0 0 -1
    outer loop
      vertex -39.4671 14.3648 18
      vertex -41.3465 15.0489 18
      vertex -38.1051 22 18
    endloop
  endfacet
  facet normal 0 0 -1
    outer loop
      vertex -41.3619 7.29322 18
      vertex -41.3465 15.0489 18
      vertex -39.4671 14.3648 18
    endloop
  endfacet
  facet normal 0 0 -1
    outer loop
      vertex -43.3315 7.64052 18
      vertex -41.3619 7.29322 18
      vertex -42 0 18
    endloop
  endfacet
  facet normal 0 0 -1
    outer loop
      vertex -44 0 18
      vertex -42 0 18
      vertex -43.3315 -7.64052 18
    endloop
  endfacet
  facet normal 0 0 -1
    outer loop
      vertex -41.3619 7.29322 18
      vertex -43.3315 7.64052 18
      vertex -41.3465 15.0489 18
    endloop
  endfacet
  facet normal 0 0 -1
    outer loop
      vertex -42 0 18
      vertex -44 0 18
      vertex -43.3315 7.64052 18
    endloop
  endfacet
  facet normal 0.573575 0.819153 -0
    outer loop
      vertex 26.9971 32.1739 14
      vertex 21 36.3731 18
      vertex 26.9971 32.1739 18
    endloop
  endfacet
  facet normal 0.573575 0.819153 0
    outer loop
      vertex 21 36.3731 18
      vertex 26.9971 32.1739 14
      vertex 21 36.3731 14
    endloop
  endfacet
  facet normal 0.996194 -0.0871593 -8.7375e-18
    outer loop
      vertex 41.3619 -7.29322 18
      vertex 42 0 14
      vertex 42 0 18
    endloop
  endfacet
  facet normal 0.996194 -0.0871593 -8.7375e-18
    outer loop
      vertex 42 0 14
      vertex 41.3619 -7.29322 18
      vertex 41.3619 -7.29322 14
    endloop
  endfacet
  facet normal -0.258816 0.965927 0
    outer loop
      vertex -7.29322 41.3619 14
      vertex -14.3648 39.4671 18
      vertex -7.29322 41.3619 18
    endloop
  endfacet
  facet normal -0.258816 0.965927 0
    outer loop
      vertex -14.3648 39.4671 18
      vertex -7.29322 41.3619 14
      vertex -14.3648 39.4671 14
    endloop
  endfacet
  facet normal -0.819153 0.573575 2.77822e-17
    outer loop
      vertex -36.3731 21 14
      vertex -32.1739 26.9971 18
      vertex -32.1739 26.9971 14
    endloop
  endfacet
  facet normal -0.819153 0.573575 2.77822e-17
    outer loop
      vertex -32.1739 26.9971 18
      vertex -36.3731 21 14
      vertex -36.3731 21 18
    endloop
  endfacet
  facet normal 0.965927 0.258816 2.35766e-17
    outer loop
      vertex 41.3619 7.29322 18
      vertex 39.4671 14.3648 14
      vertex 39.4671 14.3648 18
    endloop
  endfacet
  facet normal 0.965927 0.258816 2.35766e-17
    outer loop
      vertex 39.4671 14.3648 14
      vertex 41.3619 7.29322 18
      vertex 41.3619 7.29322 14
    endloop
  endfacet
  facet normal 0.90631 0.422613 -1.06034e-17
    outer loop
      vertex 39.4671 14.3648 18
      vertex 36.3731 21 14
      vertex 36.3731 21 18
    endloop
  endfacet
  facet normal 0.90631 0.422613 -1.06034e-17
    outer loop
      vertex 36.3731 21 14
      vertex 39.4671 14.3648 18
      vertex 39.4671 14.3648 14
    endloop
  endfacet
  facet normal 0.819153 0.573575 -2.77822e-17
    outer loop
      vertex 36.3731 21 18
      vertex 32.1739 26.9971 14
      vertex 32.1739 26.9971 18
    endloop
  endfacet
  facet normal 0.819153 0.573575 -2.77822e-17
    outer loop
      vertex 32.1739 26.9971 14
      vertex 36.3731 21 18
      vertex 36.3731 21 14
    endloop
  endfacet
  facet normal 0.707107 0.707107 5.53275e-17
    outer loop
      vertex 32.1739 26.9971 18
      vertex 26.9971 32.1739 14
      vertex 26.9971 32.1739 18
    endloop
  endfacet
  facet normal 0.707107 0.707107 5.53275e-17
    outer loop
      vertex 26.9971 32.1739 14
      vertex 32.1739 26.9971 18
      vertex 32.1739 26.9971 14
    endloop
  endfacet
  facet normal 0.422613 0.90631 -0
    outer loop
      vertex 21 36.3731 14
      vertex 14.3648 39.4671 18
      vertex 21 36.3731 18
    endloop
  endfacet
  facet normal 0.422613 0.90631 0
    outer loop
      vertex 14.3648 39.4671 18
      vertex 21 36.3731 14
      vertex 14.3648 39.4671 14
    endloop
  endfacet
  facet normal 0.0871593 0.996194 -0
    outer loop
      vertex 7.29322 41.3619 14
      vertex 0 42 18
      vertex 7.29322 41.3619 18
    endloop
  endfacet
  facet normal 0.0871593 0.996194 0
    outer loop
      vertex 0 42 18
      vertex 7.29322 41.3619 14
      vertex 0 42 14
    endloop
  endfacet
  facet normal -0.996194 0.0871593 -8.7375e-18
    outer loop
      vertex -42 0 14
      vertex -41.3619 7.29322 18
      vertex -41.3619 7.29322 14
    endloop
  endfacet
  facet normal -0.996194 0.0871593 -8.7375e-18
    outer loop
      vertex -41.3619 7.29322 18
      vertex -42 0 14
      vertex -42 0 18
    endloop
  endfacet
  facet normal -0.707107 0.707107 -5.53275e-17
    outer loop
      vertex -32.1739 26.9971 14
      vertex -26.9971 32.1739 18
      vertex -26.9971 32.1739 14
    endloop
  endfacet
  facet normal -0.707107 0.707107 -5.53275e-17
    outer loop
      vertex -26.9971 32.1739 18
      vertex -32.1739 26.9971 14
      vertex -32.1739 26.9971 18
    endloop
  endfacet
  facet normal -0.422613 0.90631 0
    outer loop
      vertex -14.3648 39.4671 14
      vertex -21 36.3731 18
      vertex -14.3648 39.4671 18
    endloop
  endfacet
  facet normal -0.422613 0.90631 0
    outer loop
      vertex -21 36.3731 18
      vertex -14.3648 39.4671 14
      vertex -21 36.3731 14
    endloop
  endfacet
  facet normal -0.0871593 0.996194 0
    outer loop
      vertex 0 42 14
      vertex -7.29322 41.3619 18
      vertex 0 42 18
    endloop
  endfacet
  facet normal -0.0871593 0.996194 0
    outer loop
      vertex -7.29322 41.3619 18
      vertex 0 42 14
      vertex -7.29322 41.3619 14
    endloop
  endfacet
  facet normal -0.573575 0.819153 0
    outer loop
      vertex -21 36.3731 14
      vertex -26.9971 32.1739 18
      vertex -21 36.3731 18
    endloop
  endfacet
  facet normal -0.573575 0.819153 0
    outer loop
      vertex -26.9971 32.1739 18
      vertex -21 36.3731 14
      vertex -26.9971 32.1739 14
    endloop
  endfacet
  facet normal 0.996194 0.0871593 8.7375e-18
    outer loop
      vertex 42 0 18
      vertex 41.3619 7.29322 14
      vertex 41.3619 7.29322 18
    endloop
  endfacet
  facet normal 0.996194 0.0871593 8.7375e-18
    outer loop
      vertex 41.3619 7.29322 14
      vertex 42 0 18
      vertex 42 0 14
    endloop
  endfacet
  facet normal 0.0871593 -0.996194 0
    outer loop
      vertex 0 -42 14
      vertex 7.29322 -41.3619 18
      vertex 0 -42 18
    endloop
  endfacet
  facet normal 0.0871593 -0.996194 0
    outer loop
      vertex 7.29322 -41.3619 18
      vertex 0 -42 14
      vertex 7.29322 -41.3619 14
    endloop
  endfacet
  facet normal 0.965927 -0.258816 -2.35766e-17
    outer loop
      vertex 39.4671 -14.3648 18
      vertex 41.3619 -7.29322 14
      vertex 41.3619 -7.29322 18
    endloop
  endfacet
  facet normal 0.965927 -0.258816 -2.35766e-17
    outer loop
      vertex 41.3619 -7.29322 14
      vertex 39.4671 -14.3648 18
      vertex 39.4671 -14.3648 14
    endloop
  endfacet
  facet normal 0.422613 -0.90631 0
    outer loop
      vertex 14.3648 -39.4671 14
      vertex 21 -36.3731 18
      vertex 14.3648 -39.4671 18
    endloop
  endfacet
  facet normal 0.422613 -0.90631 0
    outer loop
      vertex 21 -36.3731 18
      vertex 14.3648 -39.4671 14
      vertex 21 -36.3731 14
    endloop
  endfacet
  facet normal 0.573575 -0.819153 0
    outer loop
      vertex 21 -36.3731 14
      vertex 26.9971 -32.1739 18
      vertex 21 -36.3731 18
    endloop
  endfacet
  facet normal 0.573575 -0.819153 0
    outer loop
      vertex 26.9971 -32.1739 18
      vertex 21 -36.3731 14
      vertex 26.9971 -32.1739 14
    endloop
  endfacet
  facet normal -0.0871593 -0.996194 0
    outer loop
      vertex -7.29322 -41.3619 14
      vertex 0 -42 18
      vertex -7.29322 -41.3619 18
    endloop
  endfacet
  facet normal -0.0871593 -0.996194 -0
    outer loop
      vertex 0 -42 18
      vertex -7.29322 -41.3619 14
      vertex 0 -42 14
    endloop
  endfacet
  facet normal -0.707107 -0.707107 5.53275e-17
    outer loop
      vertex -26.9971 -32.1739 14
      vertex -32.1739 -26.9971 18
      vertex -32.1739 -26.9971 14
    endloop
  endfacet
  facet normal -0.707107 -0.707107 5.53275e-17
    outer loop
      vertex -32.1739 -26.9971 18
      vertex -26.9971 -32.1739 14
      vertex -26.9971 -32.1739 18
    endloop
  endfacet
  facet normal -0.90631 -0.422613 -1.06034e-17
    outer loop
      vertex -36.3731 -21 14
      vertex -39.4671 -14.3648 18
      vertex -39.4671 -14.3648 14
    endloop
  endfacet
  facet normal -0.90631 -0.422613 -1.06034e-17
    outer loop
      vertex -39.4671 -14.3648 18
      vertex -36.3731 -21 14
      vertex -36.3731 -21 18
    endloop
  endfacet
  facet normal -0.996194 -0.0871593 8.7375e-18
    outer loop
      vertex -41.3619 -7.29322 14
      vertex -42 0 18
      vertex -42 0 14
    endloop
  endfacet
  facet normal -0.996194 -0.0871593 8.7375e-18
    outer loop
      vertex -42 0 18
      vertex -41.3619 -7.29322 14
      vertex -41.3619 -7.29322 18
    endloop
  endfacet
  facet normal 0.258816 0.965927 -0
    outer loop
      vertex 14.3648 39.4671 14
      vertex 7.29322 41.3619 18
      vertex 14.3648 39.4671 18
    endloop
  endfacet
  facet normal 0.258816 0.965927 0
    outer loop
      vertex 7.29322 41.3619 18
      vertex 14.3648 39.4671 14
      vertex 7.29322 41.3619 14
    endloop
  endfacet
  facet normal -0.90631 0.422613 1.06034e-17
    outer loop
      vertex -39.4671 14.3648 14
      vertex -36.3731 21 18
      vertex -36.3731 21 14
    endloop
  endfacet
  facet normal -0.90631 0.422613 1.06034e-17
    outer loop
      vertex -36.3731 21 18
      vertex -39.4671 14.3648 14
      vertex -39.4671 14.3648 18
    endloop
  endfacet
  facet normal -0.965927 0.258816 -2.35766e-17
    outer loop
      vertex -41.3619 7.29322 14
      vertex -39.4671 14.3648 18
      vertex -39.4671 14.3648 14
    endloop
  endfacet
  facet normal -0.965927 0.258816 -2.35766e-17
    outer loop
      vertex -39.4671 14.3648 18
      vertex -41.3619 7.29322 14
      vertex -41.3619 7.29322 18
    endloop
  endfacet
  facet normal 0.819153 -0.573575 2.77822e-17
    outer loop
      vertex 32.1739 -26.9971 18
      vertex 36.3731 -21 14
      vertex 36.3731 -21 18
    endloop
  endfacet
  facet normal 0.819153 -0.573575 2.77822e-17
    outer loop
      vertex 36.3731 -21 14
      vertex 32.1739 -26.9971 18
      vertex 32.1739 -26.9971 14
    endloop
  endfacet
  facet normal 0.90631 -0.422613 1.06034e-17
    outer loop
      vertex 36.3731 -21 18
      vertex 39.4671 -14.3648 14
      vertex 39.4671 -14.3648 18
    endloop
  endfacet
  facet normal 0.90631 -0.422613 1.06034e-17
    outer loop
      vertex 39.4671 -14.3648 14
      vertex 36.3731 -21 18
      vertex 36.3731 -21 14
    endloop
  endfacet
  facet normal 0.258816 -0.965927 0
    outer loop
      vertex 7.29322 -41.3619 14
      vertex 14.3648 -39.4671 18
      vertex 7.29322 -41.3619 18
    endloop
  endfacet
  facet normal 0.258816 -0.965927 0
    outer loop
      vertex 14.3648 -39.4671 18
      vertex 7.29322 -41.3619 14
      vertex 14.3648 -39.4671 14
    endloop
  endfacet
  facet normal 0.707107 -0.707107 -5.53275e-17
    outer loop
      vertex 26.9971 -32.1739 18
      vertex 32.1739 -26.9971 14
      vertex 32.1739 -26.9971 18
    endloop
  endfacet
  facet normal 0.707107 -0.707107 -5.53275e-17
    outer loop
      vertex 32.1739 -26.9971 14
      vertex 26.9971 -32.1739 18
      vertex 26.9971 -32.1739 14
    endloop
  endfacet
  facet normal -0.422613 -0.90631 0
    outer loop
      vertex -21 -36.3731 14
      vertex -14.3648 -39.4671 18
      vertex -21 -36.3731 18
    endloop
  endfacet
  facet normal -0.422613 -0.90631 -0
    outer loop
      vertex -14.3648 -39.4671 18
      vertex -21 -36.3731 14
      vertex -14.3648 -39.4671 14
    endloop
  endfacet
  facet normal -0.573575 -0.819153 0
    outer loop
      vertex -26.9971 -32.1739 14
      vertex -21 -36.3731 18
      vertex -26.9971 -32.1739 18
    endloop
  endfacet
  facet normal -0.573575 -0.819153 -0
    outer loop
      vertex -21 -36.3731 18
      vertex -26.9971 -32.1739 14
      vertex -21 -36.3731 14
    endloop
  endfacet
  facet normal -0.965927 -0.258816 2.35766e-17
    outer loop
      vertex -39.4671 -14.3648 14
      vertex -41.3619 -7.29322 18
      vertex -41.3619 -7.29322 14
    endloop
  endfacet
  facet normal -0.965927 -0.258816 2.35766e-17
    outer loop
      vertex -41.3619 -7.29322 18
      vertex -39.4671 -14.3648 14
      vertex -39.4671 -14.3648 18
    endloop
  endfacet
  facet normal -0.819153 -0.573575 -2.77822e-17
    outer loop
      vertex -32.1739 -26.9971 14
      vertex -36.3731 -21 18
      vertex -36.3731 -21 14
    endloop
  endfacet
  facet normal -0.819153 -0.573575 -2.77822e-17
    outer loop
      vertex -36.3731 -21 18
      vertex -32.1739 -26.9971 14
      vertex -32.1739 -26.9971 18
    endloop
  endfacet
  facet normal -0.258816 -0.965927 0
    outer loop
      vertex -14.3648 -39.4671 14
      vertex -7.29322 -41.3619 18
      vertex -14.3648 -39.4671 18
    endloop
  endfacet
  facet normal -0.258816 -0.965927 -0
    outer loop
      vertex -7.29322 -41.3619 18
      vertex -14.3648 -39.4671 14
      vertex -7.29322 -41.3619 14
    endloop
  endfacet
  facet normal 0 0 -1
    outer loop
      vertex 41.9273 2.66435 12.5
      vertex 43.5786 4.81645 12.5
      vertex 43.7529 2.82406 12.5
    endloop
  endfacet
  facet normal 0 0 -1
    outer loop
      vertex 43.5786 4.81645 12.5
      vertex 41.9273 2.66435 12.5
      vertex 41.753 4.65674 12.5
    endloop
  endfacet
  facet normal 0.0871507 -0.996195 0
    outer loop
      vertex 41.753 4.65674 2.5
      vertex 43.5786 4.81645 12.5
      vertex 41.753 4.65674 12.5
    endloop
  endfacet
  facet normal 0.0871507 -0.996195 0
    outer loop
      vertex 43.5786 4.81645 12.5
      vertex 41.753 4.65674 2.5
      vertex 43.5786 4.81645 2.5
    endloop
  endfacet
  facet normal 0.996195 0.08715 -8.57875e-19
    outer loop
      vertex 41.9273 2.66435 12.5
      vertex 41.753 4.65674 2.5
      vertex 41.753 4.65674 12.5
    endloop
  endfacet
  facet normal 0.996195 0.08715 -8.57875e-19
    outer loop
      vertex 41.753 4.65674 2.5
      vertex 41.9273 2.66435 12.5
      vertex 41.9273 2.66435 2.5
    endloop
  endfacet
  facet normal 0 0 1
    outer loop
      vertex 43.5786 4.81645 2.5
      vertex 41.9273 2.66435 2.5
      vertex 43.7529 2.82406 2.5
    endloop
  endfacet
  facet normal 0 -0 1
    outer loop
      vertex 41.9273 2.66435 2.5
      vertex 43.5786 4.81645 2.5
      vertex 41.753 4.65674 2.5
    endloop
  endfacet
  facet normal -0.0871507 0.996195 0
    outer loop
      vertex 43.7529 2.82406 2.5
      vertex 41.9273 2.66435 12.5
      vertex 43.7529 2.82406 12.5
    endloop
  endfacet
  facet normal -0.0871507 0.996195 0
    outer loop
      vertex 41.9273 2.66435 12.5
      vertex 43.7529 2.82406 2.5
      vertex 41.9273 2.66435 2.5
    endloop
  endfacet
  facet normal 1 -0 0
    outer loop
      vertex 42 -1 29.5
      vertex 42 1 19.5
      vertex 42 1 29.5
    endloop
  endfacet
  facet normal 1 0 0
    outer loop
      vertex 42 1 19.5
      vertex 42 -1 29.5
      vertex 42 -1 19.5
    endloop
  endfacet
  facet normal 0 0 -1
    outer loop
      vertex 42 -1 29.5
      vertex 44 0 29.5
      vertex 43.9125 -1 29.5
    endloop
  endfacet
  facet normal 0 0 -1
    outer loop
      vertex 42 1 29.5
      vertex 44 0 29.5
      vertex 42 -1 29.5
    endloop
  endfacet
  facet normal 0 0 -1
    outer loop
      vertex 44 0 29.5
      vertex 42 1 29.5
      vertex 43.9125 1 29.5
    endloop
  endfacet
  facet normal -0 0 1
    outer loop
      vertex 42 1 19.5
      vertex 44 0 19.5
      vertex 43.9125 1 19.5
    endloop
  endfacet
  facet normal 0 0 1
    outer loop
      vertex 42 -1 19.5
      vertex 44 0 19.5
      vertex 42 1 19.5
    endloop
  endfacet
  facet normal 0 0 1
    outer loop
      vertex 44 0 19.5
      vertex 42 -1 19.5
      vertex 43.9125 -1 19.5
    endloop
  endfacet
  facet normal 0 1 -0
    outer loop
      vertex 43.9125 -1 19.5
      vertex 42 -1 29.5
      vertex 43.9125 -1 29.5
    endloop
  endfacet
  facet normal 0 1 0
    outer loop
      vertex 42 -1 29.5
      vertex 43.9125 -1 19.5
      vertex 42 -1 19.5
    endloop
  endfacet
  facet normal 0 -1 0
    outer loop
      vertex 42 1 19.5
      vertex 43.9125 1 29.5
      vertex 42 1 29.5
    endloop
  endfacet
  facet normal 0 -1 -0
    outer loop
      vertex 43.9125 1 29.5
      vertex 42 1 19.5
      vertex 43.9125 1 19.5
    endloop
  endfacet
  facet normal 0 0 -1
    outer loop
      vertex 40.8277 9.90447 12.5
      vertex 42.0802 12.3106 12.5
      vertex 42.5978 10.3788 12.5
    endloop
  endfacet
  facet normal 0 0 -1
    outer loop
      vertex 42.0802 12.3106 12.5
      vertex 40.8277 9.90447 12.5
      vertex 40.3101 11.8363 12.5
    endloop
  endfacet
  facet normal 0.258821 -0.965925 0
    outer loop
      vertex 40.3101 11.8363 2.5
      vertex 42.0802 12.3106 12.5
      vertex 40.3101 11.8363 12.5
    endloop
  endfacet
  facet normal 0.258821 -0.965925 0
    outer loop
      vertex 42.0802 12.3106 12.5
      vertex 40.3101 11.8363 2.5
      vertex 42.0802 12.3106 2.5
    endloop
  endfacet
  facet normal 0.96593 0.258804 -1.3363e-18
    outer loop
      vertex 40.8277 9.90447 12.5
      vertex 40.3101 11.8363 2.5
      vertex 40.3101 11.8363 12.5
    endloop
  endfacet
  facet normal 0.96593 0.258804 -1.3363e-18
    outer loop
      vertex 40.3101 11.8363 2.5
      vertex 40.8277 9.90447 12.5
      vertex 40.8277 9.90447 2.5
    endloop
  endfacet
  facet normal 0 0 1
    outer loop
      vertex 42.0802 12.3106 2.5
      vertex 40.8277 9.90447 2.5
      vertex 42.5978 10.3788 2.5
    endloop
  endfacet
  facet normal 0 -0 1
    outer loop
      vertex 40.8277 9.90447 2.5
      vertex 42.0802 12.3106 2.5
      vertex 40.3101 11.8363 2.5
    endloop
  endfacet
  facet normal -0.258836 0.965921 0
    outer loop
      vertex 42.5978 10.3788 2.5
      vertex 40.8277 9.90447 12.5
      vertex 42.5978 10.3788 12.5
    endloop
  endfacet
  facet normal -0.258836 0.965921 0
    outer loop
      vertex 40.8277 9.90447 12.5
      vertex 42.5978 10.3788 2.5
      vertex 40.8277 9.90447 2.5
    endloop
  endfacet
  facet normal 0 0 -1
    outer loop
      vertex 41.5356 6.30842 29.5
      vertex 43.3315 7.64052 29.5
      vertex 43.419 6.64052 29.5
    endloop
  endfacet
  facet normal 0 0 -1
    outer loop
      vertex 41.1883 8.27803 29.5
      vertex 43.3315 7.64052 29.5
      vertex 41.5356 6.30842 29.5
    endloop
  endfacet
  facet normal 0 0 -1
    outer loop
      vertex 43.3315 7.64052 29.5
      vertex 41.1883 8.27803 29.5
      vertex 43.0717 8.61014 29.5
    endloop
  endfacet
  facet normal 0.173656 -0.984806 0
    outer loop
      vertex 41.1883 8.27803 19.5
      vertex 43.0717 8.61014 29.5
      vertex 41.1883 8.27803 29.5
    endloop
  endfacet
  facet normal 0.173656 -0.984806 0
    outer loop
      vertex 43.0717 8.61014 29.5
      vertex 41.1883 8.27803 19.5
      vertex 43.0717 8.61014 19.5
    endloop
  endfacet
  facet normal 0.984807 0.17365 -1.45554e-18
    outer loop
      vertex 41.5356 6.30842 29.5
      vertex 41.1883 8.27803 19.5
      vertex 41.1883 8.27803 29.5
    endloop
  endfacet
  facet normal 0.984807 0.17365 -1.45554e-18
    outer loop
      vertex 41.1883 8.27803 19.5
      vertex 41.5356 6.30842 29.5
      vertex 41.5356 6.30842 19.5
    endloop
  endfacet
  facet normal -0 0 1
    outer loop
      vertex 41.1883 8.27803 19.5
      vertex 43.3315 7.64052 19.5
      vertex 43.0717 8.61014 19.5
    endloop
  endfacet
  facet normal 0 0 1
    outer loop
      vertex 43.3315 7.64052 19.5
      vertex 41.5356 6.30842 19.5
      vertex 43.419 6.64052 19.5
    endloop
  endfacet
  facet normal 0 0 1
    outer loop
      vertex 43.3315 7.64052 19.5
      vertex 41.1883 8.27803 19.5
      vertex 41.5356 6.30842 19.5
    endloop
  endfacet
  facet normal -0.173651 0.984807 0
    outer loop
      vertex 43.419 6.64052 19.5
      vertex 41.5356 6.30842 29.5
      vertex 43.419 6.64052 29.5
    endloop
  endfacet
  facet normal -0.173651 0.984807 0
    outer loop
      vertex 41.5356 6.30842 29.5
      vertex 43.419 6.64052 19.5
      vertex 41.5356 6.30842 19.5
    endloop
  endfacet
  facet normal 0 0 -1
    outer loop
      vertex 38.4875 16.8437 12.5
      vertex 39.3032 19.4307 12.5
      vertex 40.1484 17.6181 12.5
    endloop
  endfacet
  facet normal 0 0 -1
    outer loop
      vertex 39.3032 19.4307 12.5
      vertex 38.4875 16.8437 12.5
      vertex 37.6423 18.6563 12.5
    endloop
  endfacet
  facet normal 0.906313 0.422606 -1.13843e-19
    outer loop
      vertex 38.4875 16.8437 12.5
      vertex 37.6423 18.6563 2.5
      vertex 37.6423 18.6563 12.5
    endloop
  endfacet
  facet normal 0.906313 0.422606 -1.13843e-19
    outer loop
      vertex 37.6423 18.6563 2.5
      vertex 38.4875 16.8437 12.5
      vertex 38.4875 16.8437 2.5
    endloop
  endfacet
  facet normal 0 0 1
    outer loop
      vertex 39.3032 19.4307 2.5
      vertex 38.4875 16.8437 2.5
      vertex 40.1484 17.6181 2.5
    endloop
  endfacet
  facet normal 0 -0 1
    outer loop
      vertex 38.4875 16.8437 2.5
      vertex 39.3032 19.4307 2.5
      vertex 37.6423 18.6563 2.5
    endloop
  endfacet
  facet normal -0.422578 0.906327 0
    outer loop
      vertex 40.1484 17.6181 2.5
      vertex 38.4875 16.8437 12.5
      vertex 40.1484 17.6181 12.5
    endloop
  endfacet
  facet normal -0.422578 0.906327 0
    outer loop
      vertex 38.4875 16.8437 12.5
      vertex 40.1484 17.6181 2.5
      vertex 38.4875 16.8437 2.5
    endloop
  endfacet
  facet normal 0.422578 -0.906327 0
    outer loop
      vertex 37.6423 18.6563 2.5
      vertex 39.3032 19.4307 12.5
      vertex 37.6423 18.6563 12.5
    endloop
  endfacet
  facet normal 0.422578 -0.906327 0
    outer loop
      vertex 39.3032 19.4307 12.5
      vertex 37.6423 18.6563 2.5
      vertex 39.3032 19.4307 2.5
    endloop
  endfacet
  facet normal 0 0 -1
    outer loop
      vertex 39.8091 13.4252 29.5
      vertex 41.3465 15.0489 29.5
      vertex 41.6063 14.0793 29.5
    endloop
  endfacet
  facet normal 0 0 -1
    outer loop
      vertex 39.1251 15.3045 29.5
      vertex 41.3465 15.0489 29.5
      vertex 39.8091 13.4252 29.5
    endloop
  endfacet
  facet normal 0 0 -1
    outer loop
      vertex 41.3465 15.0489 29.5
      vertex 39.1251 15.3045 29.5
      vertex 40.9222 15.9587 29.5
    endloop
  endfacet
  facet normal 0.342071 -0.939674 0
    outer loop
      vertex 39.1251 15.3045 19.5
      vertex 40.9222 15.9587 29.5
      vertex 39.1251 15.3045 29.5
    endloop
  endfacet
  facet normal 0.342071 -0.939674 0
    outer loop
      vertex 40.9222 15.9587 29.5
      vertex 39.1251 15.3045 19.5
      vertex 40.9222 15.9587 19.5
    endloop
  endfacet
  facet normal 0.939694 0.342016 1.7348e-19
    outer loop
      vertex 39.8091 13.4252 29.5
      vertex 39.1251 15.3045 19.5
      vertex 39.1251 15.3045 29.5
    endloop
  endfacet
  facet normal 0.939694 0.342016 1.7348e-19
    outer loop
      vertex 39.1251 15.3045 19.5
      vertex 39.8091 13.4252 29.5
      vertex 39.8091 13.4252 19.5
    endloop
  endfacet
  facet normal -0 0 1
    outer loop
      vertex 39.1251 15.3045 19.5
      vertex 41.3465 15.0489 19.5
      vertex 40.9222 15.9587 19.5
    endloop
  endfacet
  facet normal 0 0 1
    outer loop
      vertex 41.3465 15.0489 19.5
      vertex 39.8091 13.4252 19.5
      vertex 41.6063 14.0793 19.5
    endloop
  endfacet
  facet normal 0 0 1
    outer loop
      vertex 41.3465 15.0489 19.5
      vertex 39.1251 15.3045 19.5
      vertex 39.8091 13.4252 19.5
    endloop
  endfacet
  facet normal -0.342008 0.939697 0
    outer loop
      vertex 41.6063 14.0793 19.5
      vertex 39.8091 13.4252 29.5
      vertex 41.6063 14.0793 29.5
    endloop
  endfacet
  facet normal -0.342008 0.939697 0
    outer loop
      vertex 39.8091 13.4252 29.5
      vertex 41.6063 14.0793 19.5
      vertex 39.8091 13.4252 19.5
    endloop
  endfacet
  facet normal 0 0 -1
    outer loop
      vertex 34.978 23.2711 12.5
      vertex 35.332 25.9605 12.5
      vertex 36.4791 24.3222 12.5
    endloop
  endfacet
  facet normal 0 0 -1
    outer loop
      vertex 35.332 25.9605 12.5
      vertex 34.978 23.2711 12.5
      vertex 33.8308 24.9094 12.5
    endloop
  endfacet
  facet normal 0.81914 0.573593 4.33676e-18
    outer loop
      vertex 34.978 23.2711 12.5
      vertex 33.8308 24.9094 2.5
      vertex 33.8308 24.9094 12.5
    endloop
  endfacet
  facet normal 0.81914 0.573593 4.33676e-18
    outer loop
      vertex 33.8308 24.9094 2.5
      vertex 34.978 23.2711 12.5
      vertex 34.978 23.2711 2.5
    endloop
  endfacet
  facet normal 0 0 1
    outer loop
      vertex 35.332 25.9605 2.5
      vertex 34.978 23.2711 2.5
      vertex 36.4791 24.3222 2.5
    endloop
  endfacet
  facet normal 0 -0 1
    outer loop
      vertex 34.978 23.2711 2.5
      vertex 35.332 25.9605 2.5
      vertex 33.8308 24.9094 2.5
    endloop
  endfacet
  facet normal -0.573583 0.819147 0
    outer loop
      vertex 36.4791 24.3222 2.5
      vertex 34.978 23.2711 12.5
      vertex 36.4791 24.3222 12.5
    endloop
  endfacet
  facet normal -0.573583 0.819147 0
    outer loop
      vertex 34.978 23.2711 12.5
      vertex 36.4791 24.3222 2.5
      vertex 34.978 23.2711 2.5
    endloop
  endfacet
  facet normal 0.573558 -0.819165 0
    outer loop
      vertex 33.8308 24.9094 2.5
      vertex 35.332 25.9605 12.5
      vertex 33.8308 24.9094 12.5
    endloop
  endfacet
  facet normal 0.573558 -0.819165 0
    outer loop
      vertex 35.332 25.9605 12.5
      vertex 33.8308 24.9094 2.5
      vertex 35.332 25.9605 2.5
    endloop
  endfacet
  facet normal 0 0 -1
    outer loop
      vertex 36.8731 20.134 29.5
      vertex 38.1051 22 29.5
      vertex 38.5294 21.0902 29.5
    endloop
  endfacet
  facet normal 0 0 -1
    outer loop
      vertex 35.8731 21.866 29.5
      vertex 38.1051 22 29.5
      vertex 36.8731 20.134 29.5
    endloop
  endfacet
  facet normal -0 0 -1
    outer loop
      vertex 38.1051 22 29.5
      vertex 35.8731 21.866 29.5
      vertex 37.5294 22.8223 29.5
    endloop
  endfacet
  facet normal 0.500014 -0.866018 0
    outer loop
      vertex 35.8731 21.866 19.5
      vertex 37.5294 22.8223 29.5
      vertex 35.8731 21.866 29.5
    endloop
  endfacet
  facet normal 0.500014 -0.866018 0
    outer loop
      vertex 37.5294 22.8223 29.5
      vertex 35.8731 21.866 19.5
      vertex 37.5294 22.8223 19.5
    endloop
  endfacet
  facet normal 0.866019 0.500011 0
    outer loop
      vertex 36.8731 20.134 29.5
      vertex 35.8731 21.866 19.5
      vertex 35.8731 21.866 29.5
    endloop
  endfacet
  facet normal 0.866019 0.500011 0
    outer loop
      vertex 35.8731 21.866 19.5
      vertex 36.8731 20.134 29.5
      vertex 36.8731 20.134 19.5
    endloop
  endfacet
  facet normal 0 0 1
    outer loop
      vertex 35.8731 21.866 19.5
      vertex 38.1051 22 19.5
      vertex 37.5294 22.8223 19.5
    endloop
  endfacet
  facet normal 0 0 1
    outer loop
      vertex 38.1051 22 19.5
      vertex 36.8731 20.134 19.5
      vertex 38.5294 21.0902 19.5
    endloop
  endfacet
  facet normal 0 0 1
    outer loop
      vertex 38.1051 22 19.5
      vertex 35.8731 21.866 19.5
      vertex 36.8731 20.134 19.5
    endloop
  endfacet
  facet normal -0.499974 0.86604 0
    outer loop
      vertex 38.5294 21.0902 19.5
      vertex 36.8731 20.134 29.5
      vertex 38.5294 21.0902 29.5
    endloop
  endfacet
  facet normal -0.499974 0.86604 0
    outer loop
      vertex 36.8731 20.134 29.5
      vertex 38.5294 21.0902 19.5
      vertex 36.8731 20.134 19.5
    endloop
  endfacet
  facet normal 0 0 -1
    outer loop
      vertex 30.4056 28.9914 12.5
      vertex 30.2872 31.7014 12.5
      vertex 31.7014 30.2872 12.5
    endloop
  endfacet
  facet normal 0 -0 -1
    outer loop
      vertex 30.2872 31.7014 12.5
      vertex 30.4056 28.9914 12.5
      vertex 28.9914 30.4056 12.5
    endloop
  endfacet
  facet normal 0.707107 -0.707107 -4.62071e-18
    outer loop
      vertex 28.9914 30.4056 12.5
      vertex 30.2872 31.7014 2.5
      vertex 30.2872 31.7014 12.5
    endloop
  endfacet
  facet normal 0.707107 -0.707107 -4.62071e-18
    outer loop
      vertex 30.2872 31.7014 2.5
      vertex 28.9914 30.4056 12.5
      vertex 28.9914 30.4056 2.5
    endloop
  endfacet
  facet normal 0.707107 0.707107 -4.87896e-19
    outer loop
      vertex 30.4056 28.9914 12.5
      vertex 28.9914 30.4056 2.5
      vertex 28.9914 30.4056 12.5
    endloop
  endfacet
  facet normal 0.707107 0.707107 -4.87896e-19
    outer loop
      vertex 28.9914 30.4056 2.5
      vertex 30.4056 28.9914 12.5
      vertex 30.4056 28.9914 2.5
    endloop
  endfacet
  facet normal 0 0 1
    outer loop
      vertex 30.2872 31.7014 2.5
      vertex 30.4056 28.9914 2.5
      vertex 31.7014 30.2872 2.5
    endloop
  endfacet
  facet normal 0 0 1
    outer loop
      vertex 30.4056 28.9914 2.5
      vertex 30.2872 31.7014 2.5
      vertex 28.9914 30.4056 2.5
    endloop
  endfacet
  facet normal -0.707107 0.707107 0
    outer loop
      vertex 31.7014 30.2872 2.5
      vertex 30.4056 28.9914 12.5
      vertex 31.7014 30.2872 12.5
    endloop
  endfacet
  facet normal -0.707107 0.707107 0
    outer loop
      vertex 30.4056 28.9914 12.5
      vertex 31.7014 30.2872 2.5
      vertex 30.4056 28.9914 2.5
    endloop
  endfacet
  facet normal 0 0 -1
    outer loop
      vertex 32.8167 26.231 29.5
      vertex 33.706 28.2827 29.5
      vertex 34.2817 27.4604 29.5
    endloop
  endfacet
  facet normal 0 0 -1
    outer loop
      vertex 31.5311 27.7631 29.5
      vertex 33.706 28.2827 29.5
      vertex 32.8167 26.231 29.5
    endloop
  endfacet
  facet normal -0 0 -1
    outer loop
      vertex 33.706 28.2827 29.5
      vertex 31.5311 27.7631 29.5
      vertex 32.9961 28.9925 29.5
    endloop
  endfacet
  facet normal 0.642824 -0.766014 0
    outer loop
      vertex 31.5311 27.7631 19.5
      vertex 32.9961 28.9925 29.5
      vertex 31.5311 27.7631 29.5
    endloop
  endfacet
  facet normal 0.642824 -0.766014 0
    outer loop
      vertex 32.9961 28.9925 29.5
      vertex 31.5311 27.7631 19.5
      vertex 32.9961 28.9925 19.5
    endloop
  endfacet
  facet normal 0.766041 0.642792 -3.40435e-18
    outer loop
      vertex 32.8167 26.231 29.5
      vertex 31.5311 27.7631 19.5
      vertex 31.5311 27.7631 29.5
    endloop
  endfacet
  facet normal 0.766041 0.642792 -3.40435e-18
    outer loop
      vertex 31.5311 27.7631 19.5
      vertex 32.8167 26.231 29.5
      vertex 32.8167 26.231 19.5
    endloop
  endfacet
  facet normal 0 0 1
    outer loop
      vertex 31.5311 27.7631 19.5
      vertex 33.706 28.2827 19.5
      vertex 32.9961 28.9925 19.5
    endloop
  endfacet
  facet normal 0 0 1
    outer loop
      vertex 33.706 28.2827 19.5
      vertex 32.8167 26.231 19.5
      vertex 34.2817 27.4604 19.5
    endloop
  endfacet
  facet normal 0 0 1
    outer loop
      vertex 33.706 28.2827 19.5
      vertex 31.5311 27.7631 19.5
      vertex 32.8167 26.231 19.5
    endloop
  endfacet
  facet normal -0.642824 0.766014 0
    outer loop
      vertex 34.2817 27.4604 19.5
      vertex 32.8167 26.231 29.5
      vertex 34.2817 27.4604 29.5
    endloop
  endfacet
  facet normal -0.642824 0.766014 0
    outer loop
      vertex 32.8167 26.231 29.5
      vertex 34.2817 27.4604 19.5
      vertex 32.8167 26.231 19.5
    endloop
  endfacet
  facet normal 0 0 -1
    outer loop
      vertex 24.9094 33.8308 12.5
      vertex 24.3222 36.4791 12.5
      vertex 25.9605 35.332 12.5
    endloop
  endfacet
  facet normal 0 -0 -1
    outer loop
      vertex 24.3222 36.4791 12.5
      vertex 24.9094 33.8308 12.5
      vertex 23.2711 34.978 12.5
    endloop
  endfacet
  facet normal 0.819147 -0.573583 3.46705e-18
    outer loop
      vertex 23.2711 34.978 12.5
      vertex 24.3222 36.4791 2.5
      vertex 24.3222 36.4791 12.5
    endloop
  endfacet
  facet normal 0.819147 -0.573583 3.46705e-18
    outer loop
      vertex 24.3222 36.4791 2.5
      vertex 23.2711 34.978 12.5
      vertex 23.2711 34.978 2.5
    endloop
  endfacet
  facet normal 0.573593 0.81914 -0
    outer loop
      vertex 24.9094 33.8308 2.5
      vertex 23.2711 34.978 12.5
      vertex 24.9094 33.8308 12.5
    endloop
  endfacet
  facet normal 0.573593 0.81914 0
    outer loop
      vertex 23.2711 34.978 12.5
      vertex 24.9094 33.8308 2.5
      vertex 23.2711 34.978 2.5
    endloop
  endfacet
  facet normal 0 0 1
    outer loop
      vertex 24.3222 36.4791 2.5
      vertex 24.9094 33.8308 2.5
      vertex 25.9605 35.332 2.5
    endloop
  endfacet
  facet normal 0 0 1
    outer loop
      vertex 24.9094 33.8308 2.5
      vertex 24.3222 36.4791 2.5
      vertex 23.2711 34.978 2.5
    endloop
  endfacet
  facet normal -0.819165 0.573558 3.57339e-18
    outer loop
      vertex 24.9094 33.8308 2.5
      vertex 25.9605 35.332 12.5
      vertex 25.9605 35.332 2.5
    endloop
  endfacet
  facet normal -0.819165 0.573558 3.57339e-18
    outer loop
      vertex 25.9605 35.332 12.5
      vertex 24.9094 33.8308 2.5
      vertex 24.9094 33.8308 12.5
    endloop
  endfacet
  facet normal 0 0 -1
    outer loop
      vertex 27.7631 31.5311 29.5
      vertex 28.2827 33.706 29.5
      vertex 28.9925 32.9961 29.5
    endloop
  endfacet
  facet normal 0 0 -1
    outer loop
      vertex 26.231 32.8167 29.5
      vertex 28.2827 33.706 29.5
      vertex 27.7631 31.5311 29.5
    endloop
  endfacet
  facet normal -0 0 -1
    outer loop
      vertex 28.2827 33.706 29.5
      vertex 26.231 32.8167 29.5
      vertex 27.4604 34.2817 29.5
    endloop
  endfacet
  facet normal 0.642792 0.766041 -0
    outer loop
      vertex 27.7631 31.5311 19.5
      vertex 26.231 32.8167 29.5
      vertex 27.7631 31.5311 29.5
    endloop
  endfacet
  facet normal 0.642792 0.766041 0
    outer loop
      vertex 26.231 32.8167 29.5
      vertex 27.7631 31.5311 19.5
      vertex 26.231 32.8167 19.5
    endloop
  endfacet
  facet normal 0 0 1
    outer loop
      vertex 28.2827 33.706 19.5
      vertex 27.7631 31.5311 19.5
      vertex 28.9925 32.9961 19.5
    endloop
  endfacet
  facet normal 0 0 1
    outer loop
      vertex 26.231 32.8167 19.5
      vertex 28.2827 33.706 19.5
      vertex 27.4604 34.2817 19.5
    endloop
  endfacet
  facet normal 0 0 1
    outer loop
      vertex 28.2827 33.706 19.5
      vertex 26.231 32.8167 19.5
      vertex 27.7631 31.5311 19.5
    endloop
  endfacet
  facet normal -0.766014 0.642824 -4.796e-18
    outer loop
      vertex 27.7631 31.5311 19.5
      vertex 28.9925 32.9961 29.5
      vertex 28.9925 32.9961 19.5
    endloop
  endfacet
  facet normal -0.766014 0.642824 -4.796e-18
    outer loop
      vertex 28.9925 32.9961 29.5
      vertex 27.7631 31.5311 19.5
      vertex 27.7631 31.5311 29.5
    endloop
  endfacet
  facet normal 0.766014 -0.642824 -9.69405e-19
    outer loop
      vertex 26.231 32.8167 29.5
      vertex 27.4604 34.2817 19.5
      vertex 27.4604 34.2817 29.5
    endloop
  endfacet
  facet normal 0.766014 -0.642824 -9.69405e-19
    outer loop
      vertex 27.4604 34.2817 19.5
      vertex 26.231 32.8167 29.5
      vertex 26.231 32.8167 19.5
    endloop
  endfacet
  facet normal 0 0 -1
    outer loop
      vertex 18.6563 37.6423 12.5
      vertex 17.6181 40.1484 12.5
      vertex 19.4307 39.3032 12.5
    endloop
  endfacet
  facet normal 0 -0 -1
    outer loop
      vertex 17.6181 40.1484 12.5
      vertex 18.6563 37.6423 12.5
      vertex 16.8437 38.4875 12.5
    endloop
  endfacet
  facet normal 0.422606 0.906313 -0
    outer loop
      vertex 18.6563 37.6423 2.5
      vertex 16.8437 38.4875 12.5
      vertex 18.6563 37.6423 12.5
    endloop
  endfacet
  facet normal 0.422606 0.906313 0
    outer loop
      vertex 16.8437 38.4875 12.5
      vertex 18.6563 37.6423 2.5
      vertex 16.8437 38.4875 2.5
    endloop
  endfacet
  facet normal 0 0 1
    outer loop
      vertex 17.6181 40.1484 2.5
      vertex 18.6563 37.6423 2.5
      vertex 19.4307 39.3032 2.5
    endloop
  endfacet
  facet normal 0 0 1
    outer loop
      vertex 18.6563 37.6423 2.5
      vertex 17.6181 40.1484 2.5
      vertex 16.8437 38.4875 2.5
    endloop
  endfacet
  facet normal -0.906327 0.422578 -2.92266e-18
    outer loop
      vertex 18.6563 37.6423 2.5
      vertex 19.4307 39.3032 12.5
      vertex 19.4307 39.3032 2.5
    endloop
  endfacet
  facet normal -0.906327 0.422578 -2.92266e-18
    outer loop
      vertex 19.4307 39.3032 12.5
      vertex 18.6563 37.6423 2.5
      vertex 18.6563 37.6423 12.5
    endloop
  endfacet
  facet normal 0.906327 -0.422578 -2.66234e-19
    outer loop
      vertex 16.8437 38.4875 12.5
      vertex 17.6181 40.1484 2.5
      vertex 17.6181 40.1484 12.5
    endloop
  endfacet
  facet normal 0.906327 -0.422578 -2.66234e-19
    outer loop
      vertex 17.6181 40.1484 2.5
      vertex 16.8437 38.4875 12.5
      vertex 16.8437 38.4875 2.5
    endloop
  endfacet
  facet normal 0 0 -1
    outer loop
      vertex 21.866 35.8731 29.5
      vertex 22 38.1051 29.5
      vertex 22.8223 37.5294 29.5
    endloop
  endfacet
  facet normal 0 0 -1
    outer loop
      vertex 20.134 36.8731 29.5
      vertex 22 38.1051 29.5
      vertex 21.866 35.8731 29.5
    endloop
  endfacet
  facet normal -0 0 -1
    outer loop
      vertex 22 38.1051 29.5
      vertex 20.134 36.8731 29.5
      vertex 21.0902 38.5294 29.5
    endloop
  endfacet
  facet normal 0.86604 -0.499974 -2.68145e-18
    outer loop
      vertex 20.134 36.8731 29.5
      vertex 21.0902 38.5294 19.5
      vertex 21.0902 38.5294 29.5
    endloop
  endfacet
  facet normal 0.86604 -0.499974 -2.68145e-18
    outer loop
      vertex 21.0902 38.5294 19.5
      vertex 20.134 36.8731 29.5
      vertex 20.134 36.8731 19.5
    endloop
  endfacet
  facet normal 0.500011 0.866019 -0
    outer loop
      vertex 21.866 35.8731 19.5
      vertex 20.134 36.8731 29.5
      vertex 21.866 35.8731 29.5
    endloop
  endfacet
  facet normal 0.500011 0.866019 0
    outer loop
      vertex 20.134 36.8731 29.5
      vertex 21.866 35.8731 19.5
      vertex 20.134 36.8731 19.5
    endloop
  endfacet
  facet normal 0 0 1
    outer loop
      vertex 22 38.1051 19.5
      vertex 21.866 35.8731 19.5
      vertex 22.8223 37.5294 19.5
    endloop
  endfacet
  facet normal 0 0 1
    outer loop
      vertex 20.134 36.8731 19.5
      vertex 22 38.1051 19.5
      vertex 21.0902 38.5294 19.5
    endloop
  endfacet
  facet normal 0 0 1
    outer loop
      vertex 22 38.1051 19.5
      vertex 20.134 36.8731 19.5
      vertex 21.866 35.8731 19.5
    endloop
  endfacet
  facet normal -0.866018 0.500014 1.52493e-18
    outer loop
      vertex 21.866 35.8731 19.5
      vertex 22.8223 37.5294 29.5
      vertex 22.8223 37.5294 19.5
    endloop
  endfacet
  facet normal -0.866018 0.500014 1.52493e-18
    outer loop
      vertex 22.8223 37.5294 29.5
      vertex 21.866 35.8731 19.5
      vertex 21.866 35.8731 29.5
    endloop
  endfacet
  facet normal 0 0 -1
    outer loop
      vertex 11.8363 40.3101 12.5
      vertex 10.3788 42.5978 12.5
      vertex 12.3106 42.0802 12.5
    endloop
  endfacet
  facet normal 0 -0 -1
    outer loop
      vertex 10.3788 42.5978 12.5
      vertex 11.8363 40.3101 12.5
      vertex 9.90447 40.8277 12.5
    endloop
  endfacet
  facet normal 0.965921 -0.258836 -1.40809e-18
    outer loop
      vertex 9.90447 40.8277 12.5
      vertex 10.3788 42.5978 2.5
      vertex 10.3788 42.5978 12.5
    endloop
  endfacet
  facet normal 0.965921 -0.258836 -1.40809e-18
    outer loop
      vertex 10.3788 42.5978 2.5
      vertex 9.90447 40.8277 12.5
      vertex 9.90447 40.8277 2.5
    endloop
  endfacet
  facet normal 0.258804 0.96593 -0
    outer loop
      vertex 11.8363 40.3101 2.5
      vertex 9.90447 40.8277 12.5
      vertex 11.8363 40.3101 12.5
    endloop
  endfacet
  facet normal 0.258804 0.96593 0
    outer loop
      vertex 9.90447 40.8277 12.5
      vertex 11.8363 40.3101 2.5
      vertex 9.90447 40.8277 2.5
    endloop
  endfacet
  facet normal 0 0 1
    outer loop
      vertex 10.3788 42.5978 2.5
      vertex 11.8363 40.3101 2.5
      vertex 12.3106 42.0802 2.5
    endloop
  endfacet
  facet normal 0 0 1
    outer loop
      vertex 11.8363 40.3101 2.5
      vertex 10.3788 42.5978 2.5
      vertex 9.90447 40.8277 2.5
    endloop
  endfacet
  facet normal -0.965925 0.258821 1.03241e-18
    outer loop
      vertex 11.8363 40.3101 2.5
      vertex 12.3106 42.0802 12.5
      vertex 12.3106 42.0802 2.5
    endloop
  endfacet
  facet normal -0.965925 0.258821 1.03241e-18
    outer loop
      vertex 12.3106 42.0802 12.5
      vertex 11.8363 40.3101 2.5
      vertex 11.8363 40.3101 12.5
    endloop
  endfacet
  facet normal 0 0 -1
    outer loop
      vertex 15.3045 39.1251 29.5
      vertex 15.0489 41.3465 29.5
      vertex 15.9587 40.9222 29.5
    endloop
  endfacet
  facet normal 0 0 -1
    outer loop
      vertex 13.4252 39.8091 29.5
      vertex 15.0489 41.3465 29.5
      vertex 15.3045 39.1251 29.5
    endloop
  endfacet
  facet normal -0 0 -1
    outer loop
      vertex 15.0489 41.3465 29.5
      vertex 13.4252 39.8091 29.5
      vertex 14.0793 41.6063 29.5
    endloop
  endfacet
  facet normal 0.939697 -0.342008 -4.73356e-18
    outer loop
      vertex 13.4252 39.8091 29.5
      vertex 14.0793 41.6063 19.5
      vertex 14.0793 41.6063 29.5
    endloop
  endfacet
  facet normal 0.939697 -0.342008 -4.73356e-18
    outer loop
      vertex 14.0793 41.6063 19.5
      vertex 13.4252 39.8091 29.5
      vertex 13.4252 39.8091 19.5
    endloop
  endfacet
  facet normal 0.342016 0.939694 -0
    outer loop
      vertex 15.3045 39.1251 19.5
      vertex 13.4252 39.8091 29.5
      vertex 15.3045 39.1251 29.5
    endloop
  endfacet
  facet normal 0.342016 0.939694 0
    outer loop
      vertex 13.4252 39.8091 29.5
      vertex 15.3045 39.1251 19.5
      vertex 13.4252 39.8091 19.5
    endloop
  endfacet
  facet normal 0 0 1
    outer loop
      vertex 15.0489 41.3465 19.5
      vertex 15.3045 39.1251 19.5
      vertex 15.9587 40.9222 19.5
    endloop
  endfacet
  facet normal 0 0 1
    outer loop
      vertex 13.4252 39.8091 19.5
      vertex 15.0489 41.3465 19.5
      vertex 14.0793 41.6063 19.5
    endloop
  endfacet
  facet normal 0 0 1
    outer loop
      vertex 15.0489 41.3465 19.5
      vertex 13.4252 39.8091 19.5
      vertex 15.3045 39.1251 19.5
    endloop
  endfacet
  facet normal -0.939674 0.342071 -2.17127e-18
    outer loop
      vertex 15.3045 39.1251 19.5
      vertex 15.9587 40.9222 29.5
      vertex 15.9587 40.9222 19.5
    endloop
  endfacet
  facet normal -0.939674 0.342071 -2.17127e-18
    outer loop
      vertex 15.9587 40.9222 29.5
      vertex 15.3045 39.1251 19.5
      vertex 15.3045 39.1251 29.5
    endloop
  endfacet
  facet normal 0 0 -1
    outer loop
      vertex 4.65674 41.753 12.5
      vertex 2.82406 43.7529 12.5
      vertex 4.81645 43.5786 12.5
    endloop
  endfacet
  facet normal 0 -0 -1
    outer loop
      vertex 2.82406 43.7529 12.5
      vertex 4.65674 41.753 12.5
      vertex 2.66435 41.9273 12.5
    endloop
  endfacet
  facet normal 0.996195 -0.0871507 -9.90978e-19
    outer loop
      vertex 2.66435 41.9273 12.5
      vertex 2.82406 43.7529 2.5
      vertex 2.82406 43.7529 12.5
    endloop
  endfacet
  facet normal 0.996195 -0.0871507 -9.90978e-19
    outer loop
      vertex 2.82406 43.7529 2.5
      vertex 2.66435 41.9273 12.5
      vertex 2.66435 41.9273 2.5
    endloop
  endfacet
  facet normal 0.08715 0.996195 -0
    outer loop
      vertex 4.65674 41.753 2.5
      vertex 2.66435 41.9273 12.5
      vertex 4.65674 41.753 12.5
    endloop
  endfacet
  facet normal 0.08715 0.996195 0
    outer loop
      vertex 2.66435 41.9273 12.5
      vertex 4.65674 41.753 2.5
      vertex 2.66435 41.9273 2.5
    endloop
  endfacet
  facet normal 0 0 1
    outer loop
      vertex 2.82406 43.7529 2.5
      vertex 4.65674 41.753 2.5
      vertex 4.81645 43.5786 2.5
    endloop
  endfacet
  facet normal 0 0 1
    outer loop
      vertex 4.65674 41.753 2.5
      vertex 2.82406 43.7529 2.5
      vertex 2.66435 41.9273 2.5
    endloop
  endfacet
  facet normal -0.996195 0.0871507 6.96643e-19
    outer loop
      vertex 4.65674 41.753 2.5
      vertex 4.81645 43.5786 12.5
      vertex 4.81645 43.5786 2.5
    endloop
  endfacet
  facet normal -0.996195 0.0871507 6.96643e-19
    outer loop
      vertex 4.81645 43.5786 12.5
      vertex 4.65674 41.753 2.5
      vertex 4.65674 41.753 12.5
    endloop
  endfacet
  facet normal 0 0 -1
    outer loop
      vertex 8.27803 41.1883 29.5
      vertex 7.64052 43.3315 29.5
      vertex 8.61014 43.0717 29.5
    endloop
  endfacet
  facet normal 0 0 -1
    outer loop
      vertex 6.30842 41.5356 29.5
      vertex 7.64052 43.3315 29.5
      vertex 8.27803 41.1883 29.5
    endloop
  endfacet
  facet normal -0 0 -1
    outer loop
      vertex 7.64052 43.3315 29.5
      vertex 6.30842 41.5356 29.5
      vertex 6.64052 43.419 29.5
    endloop
  endfacet
  facet normal 0.984807 -0.173651 2.04373e-18
    outer loop
      vertex 6.30842 41.5356 29.5
      vertex 6.64052 43.419 19.5
      vertex 6.64052 43.419 29.5
    endloop
  endfacet
  facet normal 0.984807 -0.173651 2.04373e-18
    outer loop
      vertex 6.64052 43.419 19.5
      vertex 6.30842 41.5356 29.5
      vertex 6.30842 41.5356 19.5
    endloop
  endfacet
  facet normal 0.17365 0.984807 -0
    outer loop
      vertex 8.27803 41.1883 19.5
      vertex 6.30842 41.5356 29.5
      vertex 8.27803 41.1883 29.5
    endloop
  endfacet
  facet normal 0.17365 0.984807 0
    outer loop
      vertex 6.30842 41.5356 29.5
      vertex 8.27803 41.1883 19.5
      vertex 6.30842 41.5356 19.5
    endloop
  endfacet
  facet normal 0 0 1
    outer loop
      vertex 7.64052 43.3315 19.5
      vertex 8.27803 41.1883 19.5
      vertex 8.61014 43.0717 19.5
    endloop
  endfacet
  facet normal 0 0 1
    outer loop
      vertex 6.30842 41.5356 19.5
      vertex 7.64052 43.3315 19.5
      vertex 6.64052 43.419 19.5
    endloop
  endfacet
  facet normal 0 0 1
    outer loop
      vertex 7.64052 43.3315 19.5
      vertex 6.30842 41.5356 19.5
      vertex 8.27803 41.1883 19.5
    endloop
  endfacet
  facet normal -0.984806 0.173656 -1.57886e-18
    outer loop
      vertex 8.27803 41.1883 19.5
      vertex 8.61014 43.0717 29.5
      vertex 8.61014 43.0717 19.5
    endloop
  endfacet
  facet normal -0.984806 0.173656 -1.57886e-18
    outer loop
      vertex 8.61014 43.0717 29.5
      vertex 8.27803 41.1883 19.5
      vertex 8.27803 41.1883 29.5
    endloop
  endfacet
  facet normal 0 0 -1
    outer loop
      vertex -4.65674 41.753 12.5
      vertex -2.82406 43.7529 12.5
      vertex -2.66435 41.9273 12.5
    endloop
  endfacet
  facet normal 0 0 -1
    outer loop
      vertex -2.82406 43.7529 12.5
      vertex -4.65674 41.753 12.5
      vertex -4.81645 43.5786 12.5
    endloop
  endfacet
  facet normal -0.996195 -0.0871507 9.90978e-19
    outer loop
      vertex -2.66435 41.9273 2.5
      vertex -2.82406 43.7529 12.5
      vertex -2.82406 43.7529 2.5
    endloop
  endfacet
  facet normal -0.996195 -0.0871507 9.90978e-19
    outer loop
      vertex -2.82406 43.7529 12.5
      vertex -2.66435 41.9273 2.5
      vertex -2.66435 41.9273 12.5
    endloop
  endfacet
  facet normal -0.08715 0.996195 0
    outer loop
      vertex -2.66435 41.9273 2.5
      vertex -4.65674 41.753 12.5
      vertex -2.66435 41.9273 12.5
    endloop
  endfacet
  facet normal -0.08715 0.996195 0
    outer loop
      vertex -4.65674 41.753 12.5
      vertex -2.66435 41.9273 2.5
      vertex -4.65674 41.753 2.5
    endloop
  endfacet
  facet normal 0 0 1
    outer loop
      vertex -2.82406 43.7529 2.5
      vertex -4.65674 41.753 2.5
      vertex -2.66435 41.9273 2.5
    endloop
  endfacet
  facet normal 0 -0 1
    outer loop
      vertex -4.65674 41.753 2.5
      vertex -2.82406 43.7529 2.5
      vertex -4.81645 43.5786 2.5
    endloop
  endfacet
  facet normal 0.996195 0.0871507 -6.96643e-19
    outer loop
      vertex -4.65674 41.753 12.5
      vertex -4.81645 43.5786 2.5
      vertex -4.81645 43.5786 12.5
    endloop
  endfacet
  facet normal 0.996195 0.0871507 -6.96643e-19
    outer loop
      vertex -4.81645 43.5786 2.5
      vertex -4.65674 41.753 12.5
      vertex -4.65674 41.753 2.5
    endloop
  endfacet
  facet normal 0 0 -1
    outer loop
      vertex 1 42 29.5
      vertex 0 44 29.5
      vertex 1 43.9125 29.5
    endloop
  endfacet
  facet normal 0 0 -1
    outer loop
      vertex -1 42 29.5
      vertex 0 44 29.5
      vertex 1 42 29.5
    endloop
  endfacet
  facet normal 0 0 -1
    outer loop
      vertex 0 44 29.5
      vertex -1 42 29.5
      vertex -1 43.9125 29.5
    endloop
  endfacet
  facet normal 1 -0 0
    outer loop
      vertex -1 42 29.5
      vertex -1 43.9125 19.5
      vertex -1 43.9125 29.5
    endloop
  endfacet
  facet normal 1 0 0
    outer loop
      vertex -1 43.9125 19.5
      vertex -1 42 29.5
      vertex -1 42 19.5
    endloop
  endfacet
  facet normal 0 1 -0
    outer loop
      vertex 1 42 19.5
      vertex -1 42 29.5
      vertex 1 42 29.5
    endloop
  endfacet
  facet normal 0 1 0
    outer loop
      vertex -1 42 29.5
      vertex 1 42 19.5
      vertex -1 42 19.5
    endloop
  endfacet
  facet normal 0 0 1
    outer loop
      vertex 0 44 19.5
      vertex 1 42 19.5
      vertex 1 43.9125 19.5
    endloop
  endfacet
  facet normal 0 0 1
    outer loop
      vertex -1 42 19.5
      vertex 0 44 19.5
      vertex -1 43.9125 19.5
    endloop
  endfacet
  facet normal 0 0 1
    outer loop
      vertex 0 44 19.5
      vertex -1 42 19.5
      vertex 1 42 19.5
    endloop
  endfacet
  facet normal -1 0 0
    outer loop
      vertex 1 42 19.5
      vertex 1 43.9125 29.5
      vertex 1 43.9125 19.5
    endloop
  endfacet
  facet normal -1 -0 0
    outer loop
      vertex 1 43.9125 29.5
      vertex 1 42 19.5
      vertex 1 42 29.5
    endloop
  endfacet
  facet normal 0 0 -1
    outer loop
      vertex -11.8363 40.3101 12.5
      vertex -10.3788 42.5978 12.5
      vertex -9.90447 40.8277 12.5
    endloop
  endfacet
  facet normal 0 0 -1
    outer loop
      vertex -10.3788 42.5978 12.5
      vertex -11.8363 40.3101 12.5
      vertex -12.3106 42.0802 12.5
    endloop
  endfacet
  facet normal -0.965921 -0.258836 1.40809e-18
    outer loop
      vertex -9.90447 40.8277 2.5
      vertex -10.3788 42.5978 12.5
      vertex -10.3788 42.5978 2.5
    endloop
  endfacet
  facet normal -0.965921 -0.258836 1.40809e-18
    outer loop
      vertex -10.3788 42.5978 12.5
      vertex -9.90447 40.8277 2.5
      vertex -9.90447 40.8277 12.5
    endloop
  endfacet
  facet normal -0.258804 0.96593 0
    outer loop
      vertex -9.90447 40.8277 2.5
      vertex -11.8363 40.3101 12.5
      vertex -9.90447 40.8277 12.5
    endloop
  endfacet
  facet normal -0.258804 0.96593 0
    outer loop
      vertex -11.8363 40.3101 12.5
      vertex -9.90447 40.8277 2.5
      vertex -11.8363 40.3101 2.5
    endloop
  endfacet
  facet normal 0 0 1
    outer loop
      vertex -10.3788 42.5978 2.5
      vertex -11.8363 40.3101 2.5
      vertex -9.90447 40.8277 2.5
    endloop
  endfacet
  facet normal 0 -0 1
    outer loop
      vertex -11.8363 40.3101 2.5
      vertex -10.3788 42.5978 2.5
      vertex -12.3106 42.0802 2.5
    endloop
  endfacet
  facet normal 0.965925 0.258821 -1.03241e-18
    outer loop
      vertex -11.8363 40.3101 12.5
      vertex -12.3106 42.0802 2.5
      vertex -12.3106 42.0802 12.5
    endloop
  endfacet
  facet normal 0.965925 0.258821 -1.03241e-18
    outer loop
      vertex -12.3106 42.0802 2.5
      vertex -11.8363 40.3101 12.5
      vertex -11.8363 40.3101 2.5
    endloop
  endfacet
  facet normal 0 0 -1
    outer loop
      vertex -6.30842 41.5356 29.5
      vertex -7.64052 43.3315 29.5
      vertex -6.64052 43.419 29.5
    endloop
  endfacet
  facet normal 0 0 -1
    outer loop
      vertex -8.27803 41.1883 29.5
      vertex -7.64052 43.3315 29.5
      vertex -6.30842 41.5356 29.5
    endloop
  endfacet
  facet normal 0 0 -1
    outer loop
      vertex -7.64052 43.3315 29.5
      vertex -8.27803 41.1883 29.5
      vertex -8.61014 43.0717 29.5
    endloop
  endfacet
  facet normal -0.984807 -0.173651 -2.04373e-18
    outer loop
      vertex -6.30842 41.5356 19.5
      vertex -6.64052 43.419 29.5
      vertex -6.64052 43.419 19.5
    endloop
  endfacet
  facet normal -0.984807 -0.173651 -2.04373e-18
    outer loop
      vertex -6.64052 43.419 29.5
      vertex -6.30842 41.5356 19.5
      vertex -6.30842 41.5356 29.5
    endloop
  endfacet
  facet normal -0.17365 0.984807 0
    outer loop
      vertex -6.30842 41.5356 19.5
      vertex -8.27803 41.1883 29.5
      vertex -6.30842 41.5356 29.5
    endloop
  endfacet
  facet normal -0.17365 0.984807 0
    outer loop
      vertex -8.27803 41.1883 29.5
      vertex -6.30842 41.5356 19.5
      vertex -8.27803 41.1883 19.5
    endloop
  endfacet
  facet normal -0 0 1
    outer loop
      vertex -7.64052 43.3315 19.5
      vertex -6.30842 41.5356 19.5
      vertex -6.64052 43.419 19.5
    endloop
  endfacet
  facet normal 0 0 1
    outer loop
      vertex -7.64052 43.3315 19.5
      vertex -8.27803 41.1883 19.5
      vertex -6.30842 41.5356 19.5
    endloop
  endfacet
  facet normal 0 -0 1
    outer loop
      vertex -8.27803 41.1883 19.5
      vertex -7.64052 43.3315 19.5
      vertex -8.61014 43.0717 19.5
    endloop
  endfacet
  facet normal 0.984806 0.173656 1.57886e-18
    outer loop
      vertex -8.27803 41.1883 29.5
      vertex -8.61014 43.0717 19.5
      vertex -8.61014 43.0717 29.5
    endloop
  endfacet
  facet normal 0.984806 0.173656 1.57886e-18
    outer loop
      vertex -8.61014 43.0717 19.5
      vertex -8.27803 41.1883 29.5
      vertex -8.27803 41.1883 19.5
    endloop
  endfacet
  facet normal 0 0 -1
    outer loop
      vertex -18.6563 37.6423 12.5
      vertex -17.6181 40.1484 12.5
      vertex -16.8437 38.4875 12.5
    endloop
  endfacet
  facet normal 0 0 -1
    outer loop
      vertex -17.6181 40.1484 12.5
      vertex -18.6563 37.6423 12.5
      vertex -19.4307 39.3032 12.5
    endloop
  endfacet
  facet normal -0.906327 -0.422578 2.66234e-19
    outer loop
      vertex -16.8437 38.4875 2.5
      vertex -17.6181 40.1484 12.5
      vertex -17.6181 40.1484 2.5
    endloop
  endfacet
  facet normal -0.906327 -0.422578 2.66234e-19
    outer loop
      vertex -17.6181 40.1484 12.5
      vertex -16.8437 38.4875 2.5
      vertex -16.8437 38.4875 12.5
    endloop
  endfacet
  facet normal -0.422606 0.906313 0
    outer loop
      vertex -16.8437 38.4875 2.5
      vertex -18.6563 37.6423 12.5
      vertex -16.8437 38.4875 12.5
    endloop
  endfacet
  facet normal -0.422606 0.906313 0
    outer loop
      vertex -18.6563 37.6423 12.5
      vertex -16.8437 38.4875 2.5
      vertex -18.6563 37.6423 2.5
    endloop
  endfacet
  facet normal 0 0 1
    outer loop
      vertex -17.6181 40.1484 2.5
      vertex -18.6563 37.6423 2.5
      vertex -16.8437 38.4875 2.5
    endloop
  endfacet
  facet normal 0 -0 1
    outer loop
      vertex -18.6563 37.6423 2.5
      vertex -17.6181 40.1484 2.5
      vertex -19.4307 39.3032 2.5
    endloop
  endfacet
  facet normal 0.906327 0.422578 2.92266e-18
    outer loop
      vertex -18.6563 37.6423 12.5
      vertex -19.4307 39.3032 2.5
      vertex -19.4307 39.3032 12.5
    endloop
  endfacet
  facet normal 0.906327 0.422578 2.92266e-18
    outer loop
      vertex -19.4307 39.3032 2.5
      vertex -18.6563 37.6423 12.5
      vertex -18.6563 37.6423 2.5
    endloop
  endfacet
  facet normal 0 0 -1
    outer loop
      vertex -13.4252 39.8091 29.5
      vertex -15.0489 41.3465 29.5
      vertex -14.0793 41.6063 29.5
    endloop
  endfacet
  facet normal 0 0 -1
    outer loop
      vertex -15.3045 39.1251 29.5
      vertex -15.0489 41.3465 29.5
      vertex -13.4252 39.8091 29.5
    endloop
  endfacet
  facet normal 0 0 -1
    outer loop
      vertex -15.0489 41.3465 29.5
      vertex -15.3045 39.1251 29.5
      vertex -15.9587 40.9222 29.5
    endloop
  endfacet
  facet normal -0.939697 -0.342008 4.73356e-18
    outer loop
      vertex -13.4252 39.8091 19.5
      vertex -14.0793 41.6063 29.5
      vertex -14.0793 41.6063 19.5
    endloop
  endfacet
  facet normal -0.939697 -0.342008 4.73356e-18
    outer loop
      vertex -14.0793 41.6063 29.5
      vertex -13.4252 39.8091 19.5
      vertex -13.4252 39.8091 29.5
    endloop
  endfacet
  facet normal -0.342016 0.939694 0
    outer loop
      vertex -13.4252 39.8091 19.5
      vertex -15.3045 39.1251 29.5
      vertex -13.4252 39.8091 29.5
    endloop
  endfacet
  facet normal -0.342016 0.939694 0
    outer loop
      vertex -15.3045 39.1251 29.5
      vertex -13.4252 39.8091 19.5
      vertex -15.3045 39.1251 19.5
    endloop
  endfacet
  facet normal -0 0 1
    outer loop
      vertex -15.0489 41.3465 19.5
      vertex -13.4252 39.8091 19.5
      vertex -14.0793 41.6063 19.5
    endloop
  endfacet
  facet normal 0 0 1
    outer loop
      vertex -15.0489 41.3465 19.5
      vertex -15.3045 39.1251 19.5
      vertex -13.4252 39.8091 19.5
    endloop
  endfacet
  facet normal 0 -0 1
    outer loop
      vertex -15.3045 39.1251 19.5
      vertex -15.0489 41.3465 19.5
      vertex -15.9587 40.9222 19.5
    endloop
  endfacet
  facet normal 0.939674 0.342071 2.17127e-18
    outer loop
      vertex -15.3045 39.1251 29.5
      vertex -15.9587 40.9222 19.5
      vertex -15.9587 40.9222 29.5
    endloop
  endfacet
  facet normal 0.939674 0.342071 2.17127e-18
    outer loop
      vertex -15.9587 40.9222 19.5
      vertex -15.3045 39.1251 29.5
      vertex -15.3045 39.1251 19.5
    endloop
  endfacet
  facet normal 0 0 -1
    outer loop
      vertex -24.9094 33.8308 12.5
      vertex -24.3222 36.4791 12.5
      vertex -23.2711 34.978 12.5
    endloop
  endfacet
  facet normal 0 0 -1
    outer loop
      vertex -24.3222 36.4791 12.5
      vertex -24.9094 33.8308 12.5
      vertex -25.9605 35.332 12.5
    endloop
  endfacet
  facet normal -0.819147 -0.573583 -3.46705e-18
    outer loop
      vertex -23.2711 34.978 2.5
      vertex -24.3222 36.4791 12.5
      vertex -24.3222 36.4791 2.5
    endloop
  endfacet
  facet normal -0.819147 -0.573583 -3.46705e-18
    outer loop
      vertex -24.3222 36.4791 12.5
      vertex -23.2711 34.978 2.5
      vertex -23.2711 34.978 12.5
    endloop
  endfacet
  facet normal -0.573593 0.81914 0
    outer loop
      vertex -23.2711 34.978 2.5
      vertex -24.9094 33.8308 12.5
      vertex -23.2711 34.978 12.5
    endloop
  endfacet
  facet normal -0.573593 0.81914 0
    outer loop
      vertex -24.9094 33.8308 12.5
      vertex -23.2711 34.978 2.5
      vertex -24.9094 33.8308 2.5
    endloop
  endfacet
  facet normal 0 0 1
    outer loop
      vertex -24.3222 36.4791 2.5
      vertex -24.9094 33.8308 2.5
      vertex -23.2711 34.978 2.5
    endloop
  endfacet
  facet normal 0 -0 1
    outer loop
      vertex -24.9094 33.8308 2.5
      vertex -24.3222 36.4791 2.5
      vertex -25.9605 35.332 2.5
    endloop
  endfacet
  facet normal 0.819165 0.573558 -3.57339e-18
    outer loop
      vertex -24.9094 33.8308 12.5
      vertex -25.9605 35.332 2.5
      vertex -25.9605 35.332 12.5
    endloop
  endfacet
  facet normal 0.819165 0.573558 -3.57339e-18
    outer loop
      vertex -25.9605 35.332 2.5
      vertex -24.9094 33.8308 12.5
      vertex -24.9094 33.8308 2.5
    endloop
  endfacet
  facet normal 0 0 -1
    outer loop
      vertex -22 38.1051 29.5
      vertex -20.134 36.8731 29.5
      vertex -21.866 35.8731 29.5
    endloop
  endfacet
  facet normal 0 0 -1
    outer loop
      vertex -20.134 36.8731 29.5
      vertex -22 38.1051 29.5
      vertex -21.0902 38.5294 29.5
    endloop
  endfacet
  facet normal 0 -0 -1
    outer loop
      vertex -22 38.1051 29.5
      vertex -21.866 35.8731 29.5
      vertex -22.8223 37.5294 29.5
    endloop
  endfacet
  facet normal -0.86604 -0.499974 2.68145e-18
    outer loop
      vertex -20.134 36.8731 19.5
      vertex -21.0902 38.5294 29.5
      vertex -21.0902 38.5294 19.5
    endloop
  endfacet
  facet normal -0.86604 -0.499974 2.68145e-18
    outer loop
      vertex -21.0902 38.5294 29.5
      vertex -20.134 36.8731 19.5
      vertex -20.134 36.8731 29.5
    endloop
  endfacet
  facet normal -0.500011 0.866019 0
    outer loop
      vertex -20.134 36.8731 19.5
      vertex -21.866 35.8731 29.5
      vertex -20.134 36.8731 29.5
    endloop
  endfacet
  facet normal -0.500011 0.866019 0
    outer loop
      vertex -21.866 35.8731 29.5
      vertex -20.134 36.8731 19.5
      vertex -21.866 35.8731 19.5
    endloop
  endfacet
  facet normal -0 0 1
    outer loop
      vertex -22 38.1051 19.5
      vertex -20.134 36.8731 19.5
      vertex -21.0902 38.5294 19.5
    endloop
  endfacet
  facet normal 0 0 1
    outer loop
      vertex -20.134 36.8731 19.5
      vertex -22 38.1051 19.5
      vertex -21.866 35.8731 19.5
    endloop
  endfacet
  facet normal 0 0 1
    outer loop
      vertex -21.866 35.8731 19.5
      vertex -22 38.1051 19.5
      vertex -22.8223 37.5294 19.5
    endloop
  endfacet
  facet normal 0.866018 0.500014 -1.52493e-18
    outer loop
      vertex -21.866 35.8731 29.5
      vertex -22.8223 37.5294 19.5
      vertex -22.8223 37.5294 29.5
    endloop
  endfacet
  facet normal 0.866018 0.500014 -1.52493e-18
    outer loop
      vertex -22.8223 37.5294 19.5
      vertex -21.866 35.8731 29.5
      vertex -21.866 35.8731 19.5
    endloop
  endfacet
  facet normal 0 0 -1
    outer loop
      vertex -30.4056 28.9914 12.5
      vertex -30.2872 31.7014 12.5
      vertex -28.9914 30.4056 12.5
    endloop
  endfacet
  facet normal 0 0 -1
    outer loop
      vertex -30.2872 31.7014 12.5
      vertex -30.4056 28.9914 12.5
      vertex -31.7014 30.2872 12.5
    endloop
  endfacet
  facet normal -0.707107 -0.707107 4.62071e-18
    outer loop
      vertex -28.9914 30.4056 2.5
      vertex -30.2872 31.7014 12.5
      vertex -30.2872 31.7014 2.5
    endloop
  endfacet
  facet normal -0.707107 -0.707107 4.62071e-18
    outer loop
      vertex -30.2872 31.7014 12.5
      vertex -28.9914 30.4056 2.5
      vertex -28.9914 30.4056 12.5
    endloop
  endfacet
  facet normal -0.707107 0.707107 4.87896e-19
    outer loop
      vertex -30.4056 28.9914 2.5
      vertex -28.9914 30.4056 12.5
      vertex -28.9914 30.4056 2.5
    endloop
  endfacet
  facet normal -0.707107 0.707107 4.87896e-19
    outer loop
      vertex -28.9914 30.4056 12.5
      vertex -30.4056 28.9914 2.5
      vertex -30.4056 28.9914 12.5
    endloop
  endfacet
  facet normal 0 0 1
    outer loop
      vertex -30.2872 31.7014 2.5
      vertex -30.4056 28.9914 2.5
      vertex -28.9914 30.4056 2.5
    endloop
  endfacet
  facet normal 0 -0 1
    outer loop
      vertex -30.4056 28.9914 2.5
      vertex -30.2872 31.7014 2.5
      vertex -31.7014 30.2872 2.5
    endloop
  endfacet
  facet normal 0.707107 0.707107 -0
    outer loop
      vertex -30.4056 28.9914 2.5
      vertex -31.7014 30.2872 12.5
      vertex -30.4056 28.9914 12.5
    endloop
  endfacet
  facet normal 0.707107 0.707107 0
    outer loop
      vertex -31.7014 30.2872 12.5
      vertex -30.4056 28.9914 2.5
      vertex -31.7014 30.2872 2.5
    endloop
  endfacet
  facet normal 0 0 -1
    outer loop
      vertex -28.2827 33.706 29.5
      vertex -26.231 32.8167 29.5
      vertex -27.7631 31.5311 29.5
    endloop
  endfacet
  facet normal 0 0 -1
    outer loop
      vertex -26.231 32.8167 29.5
      vertex -28.2827 33.706 29.5
      vertex -27.4604 34.2817 29.5
    endloop
  endfacet
  facet normal 0 -0 -1
    outer loop
      vertex -28.2827 33.706 29.5
      vertex -27.7631 31.5311 29.5
      vertex -28.9925 32.9961 29.5
    endloop
  endfacet
  facet normal -0.766014 -0.642824 9.69405e-19
    outer loop
      vertex -26.231 32.8167 19.5
      vertex -27.4604 34.2817 29.5
      vertex -27.4604 34.2817 19.5
    endloop
  endfacet
  facet normal -0.766014 -0.642824 9.69405e-19
    outer loop
      vertex -27.4604 34.2817 29.5
      vertex -26.231 32.8167 19.5
      vertex -26.231 32.8167 29.5
    endloop
  endfacet
  facet normal -0.642792 0.766041 0
    outer loop
      vertex -26.231 32.8167 19.5
      vertex -27.7631 31.5311 29.5
      vertex -26.231 32.8167 29.5
    endloop
  endfacet
  facet normal -0.642792 0.766041 0
    outer loop
      vertex -27.7631 31.5311 29.5
      vertex -26.231 32.8167 19.5
      vertex -27.7631 31.5311 19.5
    endloop
  endfacet
  facet normal -0 0 1
    outer loop
      vertex -28.2827 33.706 19.5
      vertex -26.231 32.8167 19.5
      vertex -27.4604 34.2817 19.5
    endloop
  endfacet
  facet normal 0 0 1
    outer loop
      vertex -26.231 32.8167 19.5
      vertex -28.2827 33.706 19.5
      vertex -27.7631 31.5311 19.5
    endloop
  endfacet
  facet normal 0 0 1
    outer loop
      vertex -27.7631 31.5311 19.5
      vertex -28.2827 33.706 19.5
      vertex -28.9925 32.9961 19.5
    endloop
  endfacet
  facet normal 0.766014 0.642824 4.796e-18
    outer loop
      vertex -27.7631 31.5311 29.5
      vertex -28.9925 32.9961 19.5
      vertex -28.9925 32.9961 29.5
    endloop
  endfacet
  facet normal 0.766014 0.642824 4.796e-18
    outer loop
      vertex -28.9925 32.9961 19.5
      vertex -27.7631 31.5311 29.5
      vertex -27.7631 31.5311 19.5
    endloop
  endfacet
  facet normal 0 0 -1
    outer loop
      vertex -34.978 23.2711 12.5
      vertex -35.332 25.9605 12.5
      vertex -33.8308 24.9094 12.5
    endloop
  endfacet
  facet normal 0 -0 -1
    outer loop
      vertex -35.332 25.9605 12.5
      vertex -34.978 23.2711 12.5
      vertex -36.4791 24.3222 12.5
    endloop
  endfacet
  facet normal -0.573558 -0.819165 0
    outer loop
      vertex -35.332 25.9605 2.5
      vertex -33.8308 24.9094 12.5
      vertex -35.332 25.9605 12.5
    endloop
  endfacet
  facet normal -0.573558 -0.819165 -0
    outer loop
      vertex -33.8308 24.9094 12.5
      vertex -35.332 25.9605 2.5
      vertex -33.8308 24.9094 2.5
    endloop
  endfacet
  facet normal -0.81914 0.573593 -4.33676e-18
    outer loop
      vertex -34.978 23.2711 2.5
      vertex -33.8308 24.9094 12.5
      vertex -33.8308 24.9094 2.5
    endloop
  endfacet
  facet normal -0.81914 0.573593 -4.33676e-18
    outer loop
      vertex -33.8308 24.9094 12.5
      vertex -34.978 23.2711 2.5
      vertex -34.978 23.2711 12.5
    endloop
  endfacet
  facet normal 0 0 1
    outer loop
      vertex -35.332 25.9605 2.5
      vertex -34.978 23.2711 2.5
      vertex -33.8308 24.9094 2.5
    endloop
  endfacet
  facet normal 0 0 1
    outer loop
      vertex -34.978 23.2711 2.5
      vertex -35.332 25.9605 2.5
      vertex -36.4791 24.3222 2.5
    endloop
  endfacet
  facet normal 0.573583 0.819147 -0
    outer loop
      vertex -34.978 23.2711 2.5
      vertex -36.4791 24.3222 12.5
      vertex -34.978 23.2711 12.5
    endloop
  endfacet
  facet normal 0.573583 0.819147 0
    outer loop
      vertex -36.4791 24.3222 12.5
      vertex -34.978 23.2711 2.5
      vertex -36.4791 24.3222 2.5
    endloop
  endfacet
  facet normal 0 0 -1
    outer loop
      vertex -33.706 28.2827 29.5
      vertex -31.5311 27.7631 29.5
      vertex -32.8167 26.231 29.5
    endloop
  endfacet
  facet normal 0 0 -1
    outer loop
      vertex -31.5311 27.7631 29.5
      vertex -33.706 28.2827 29.5
      vertex -32.9961 28.9925 29.5
    endloop
  endfacet
  facet normal 0 -0 -1
    outer loop
      vertex -33.706 28.2827 29.5
      vertex -32.8167 26.231 29.5
      vertex -34.2817 27.4604 29.5
    endloop
  endfacet
  facet normal -0.642824 -0.766014 0
    outer loop
      vertex -32.9961 28.9925 19.5
      vertex -31.5311 27.7631 29.5
      vertex -32.9961 28.9925 29.5
    endloop
  endfacet
  facet normal -0.642824 -0.766014 -0
    outer loop
      vertex -31.5311 27.7631 29.5
      vertex -32.9961 28.9925 19.5
      vertex -31.5311 27.7631 19.5
    endloop
  endfacet
  facet normal -0.766041 0.642792 3.40435e-18
    outer loop
      vertex -32.8167 26.231 19.5
      vertex -31.5311 27.7631 29.5
      vertex -31.5311 27.7631 19.5
    endloop
  endfacet
  facet normal -0.766041 0.642792 3.40435e-18
    outer loop
      vertex -31.5311 27.7631 29.5
      vertex -32.8167 26.231 19.5
      vertex -32.8167 26.231 29.5
    endloop
  endfacet
  facet normal -0 0 1
    outer loop
      vertex -33.706 28.2827 19.5
      vertex -31.5311 27.7631 19.5
      vertex -32.9961 28.9925 19.5
    endloop
  endfacet
  facet normal 0 0 1
    outer loop
      vertex -31.5311 27.7631 19.5
      vertex -33.706 28.2827 19.5
      vertex -32.8167 26.231 19.5
    endloop
  endfacet
  facet normal 0 0 1
    outer loop
      vertex -32.8167 26.231 19.5
      vertex -33.706 28.2827 19.5
      vertex -34.2817 27.4604 19.5
    endloop
  endfacet
  facet normal 0.642824 0.766014 -0
    outer loop
      vertex -32.8167 26.231 19.5
      vertex -34.2817 27.4604 29.5
      vertex -32.8167 26.231 29.5
    endloop
  endfacet
  facet normal 0.642824 0.766014 0
    outer loop
      vertex -34.2817 27.4604 29.5
      vertex -32.8167 26.231 19.5
      vertex -34.2817 27.4604 19.5
    endloop
  endfacet
  facet normal 0 0 -1
    outer loop
      vertex -38.4875 16.8437 12.5
      vertex -39.3032 19.4307 12.5
      vertex -37.6423 18.6563 12.5
    endloop
  endfacet
  facet normal 0 -0 -1
    outer loop
      vertex -39.3032 19.4307 12.5
      vertex -38.4875 16.8437 12.5
      vertex -40.1484 17.6181 12.5
    endloop
  endfacet
  facet normal -0.422578 -0.906327 0
    outer loop
      vertex -39.3032 19.4307 2.5
      vertex -37.6423 18.6563 12.5
      vertex -39.3032 19.4307 12.5
    endloop
  endfacet
  facet normal -0.422578 -0.906327 -0
    outer loop
      vertex -37.6423 18.6563 12.5
      vertex -39.3032 19.4307 2.5
      vertex -37.6423 18.6563 2.5
    endloop
  endfacet
  facet normal -0.906313 0.422606 1.13843e-19
    outer loop
      vertex -38.4875 16.8437 2.5
      vertex -37.6423 18.6563 12.5
      vertex -37.6423 18.6563 2.5
    endloop
  endfacet
  facet normal -0.906313 0.422606 1.13843e-19
    outer loop
      vertex -37.6423 18.6563 12.5
      vertex -38.4875 16.8437 2.5
      vertex -38.4875 16.8437 12.5
    endloop
  endfacet
  facet normal 0 0 1
    outer loop
      vertex -39.3032 19.4307 2.5
      vertex -38.4875 16.8437 2.5
      vertex -37.6423 18.6563 2.5
    endloop
  endfacet
  facet normal 0 0 1
    outer loop
      vertex -38.4875 16.8437 2.5
      vertex -39.3032 19.4307 2.5
      vertex -40.1484 17.6181 2.5
    endloop
  endfacet
  facet normal 0.422578 0.906327 -0
    outer loop
      vertex -38.4875 16.8437 2.5
      vertex -40.1484 17.6181 12.5
      vertex -38.4875 16.8437 12.5
    endloop
  endfacet
  facet normal 0.422578 0.906327 0
    outer loop
      vertex -40.1484 17.6181 12.5
      vertex -38.4875 16.8437 2.5
      vertex -40.1484 17.6181 2.5
    endloop
  endfacet
  facet normal 0 0 -1
    outer loop
      vertex -38.1051 22 29.5
      vertex -35.8731 21.866 29.5
      vertex -36.8731 20.134 29.5
    endloop
  endfacet
  facet normal 0 0 -1
    outer loop
      vertex -35.8731 21.866 29.5
      vertex -38.1051 22 29.5
      vertex -37.5294 22.8223 29.5
    endloop
  endfacet
  facet normal 0 -0 -1
    outer loop
      vertex -38.1051 22 29.5
      vertex -36.8731 20.134 29.5
      vertex -38.5294 21.0902 29.5
    endloop
  endfacet
  facet normal -0.500014 -0.866018 0
    outer loop
      vertex -37.5294 22.8223 19.5
      vertex -35.8731 21.866 29.5
      vertex -37.5294 22.8223 29.5
    endloop
  endfacet
  facet normal -0.500014 -0.866018 -0
    outer loop
      vertex -35.8731 21.866 29.5
      vertex -37.5294 22.8223 19.5
      vertex -35.8731 21.866 19.5
    endloop
  endfacet
  facet normal -0.866019 0.500011 0
    outer loop
      vertex -36.8731 20.134 19.5
      vertex -35.8731 21.866 29.5
      vertex -35.8731 21.866 19.5
    endloop
  endfacet
  facet normal -0.866019 0.500011 0
    outer loop
      vertex -35.8731 21.866 29.5
      vertex -36.8731 20.134 19.5
      vertex -36.8731 20.134 29.5
    endloop
  endfacet
  facet normal -0 0 1
    outer loop
      vertex -38.1051 22 19.5
      vertex -35.8731 21.866 19.5
      vertex -37.5294 22.8223 19.5
    endloop
  endfacet
  facet normal 0 0 1
    outer loop
      vertex -35.8731 21.866 19.5
      vertex -38.1051 22 19.5
      vertex -36.8731 20.134 19.5
    endloop
  endfacet
  facet normal 0 0 1
    outer loop
      vertex -36.8731 20.134 19.5
      vertex -38.1051 22 19.5
      vertex -38.5294 21.0902 19.5
    endloop
  endfacet
  facet normal 0.499974 0.86604 -0
    outer loop
      vertex -36.8731 20.134 19.5
      vertex -38.5294 21.0902 29.5
      vertex -36.8731 20.134 29.5
    endloop
  endfacet
  facet normal 0.499974 0.86604 0
    outer loop
      vertex -38.5294 21.0902 29.5
      vertex -36.8731 20.134 19.5
      vertex -38.5294 21.0902 19.5
    endloop
  endfacet
  facet normal 0 0 -1
    outer loop
      vertex -40.8277 9.90447 12.5
      vertex -42.0802 12.3106 12.5
      vertex -40.3101 11.8363 12.5
    endloop
  endfacet
  facet normal 0 -0 -1
    outer loop
      vertex -42.0802 12.3106 12.5
      vertex -40.8277 9.90447 12.5
      vertex -42.5978 10.3788 12.5
    endloop
  endfacet
  facet normal -0.258821 -0.965925 0
    outer loop
      vertex -42.0802 12.3106 2.5
      vertex -40.3101 11.8363 12.5
      vertex -42.0802 12.3106 12.5
    endloop
  endfacet
  facet normal -0.258821 -0.965925 -0
    outer loop
      vertex -40.3101 11.8363 12.5
      vertex -42.0802 12.3106 2.5
      vertex -40.3101 11.8363 2.5
    endloop
  endfacet
  facet normal -0.96593 0.258804 1.3363e-18
    outer loop
      vertex -40.8277 9.90447 2.5
      vertex -40.3101 11.8363 12.5
      vertex -40.3101 11.8363 2.5
    endloop
  endfacet
  facet normal -0.96593 0.258804 1.3363e-18
    outer loop
      vertex -40.3101 11.8363 12.5
      vertex -40.8277 9.90447 2.5
      vertex -40.8277 9.90447 12.5
    endloop
  endfacet
  facet normal 0 0 1
    outer loop
      vertex -42.0802 12.3106 2.5
      vertex -40.8277 9.90447 2.5
      vertex -40.3101 11.8363 2.5
    endloop
  endfacet
  facet normal 0 0 1
    outer loop
      vertex -40.8277 9.90447 2.5
      vertex -42.0802 12.3106 2.5
      vertex -42.5978 10.3788 2.5
    endloop
  endfacet
  facet normal 0.258836 0.965921 -0
    outer loop
      vertex -40.8277 9.90447 2.5
      vertex -42.5978 10.3788 12.5
      vertex -40.8277 9.90447 12.5
    endloop
  endfacet
  facet normal 0.258836 0.965921 0
    outer loop
      vertex -42.5978 10.3788 12.5
      vertex -40.8277 9.90447 2.5
      vertex -42.5978 10.3788 2.5
    endloop
  endfacet
  facet normal 0 0 -1
    outer loop
      vertex -41.3465 15.0489 29.5
      vertex -39.1251 15.3045 29.5
      vertex -39.8091 13.4252 29.5
    endloop
  endfacet
  facet normal -0 0 -1
    outer loop
      vertex -39.1251 15.3045 29.5
      vertex -41.3465 15.0489 29.5
      vertex -40.9222 15.9587 29.5
    endloop
  endfacet
  facet normal 0 -0 -1
    outer loop
      vertex -41.3465 15.0489 29.5
      vertex -39.8091 13.4252 29.5
      vertex -41.6063 14.0793 29.5
    endloop
  endfacet
  facet normal -0.342071 -0.939674 0
    outer loop
      vertex -40.9222 15.9587 19.5
      vertex -39.1251 15.3045 29.5
      vertex -40.9222 15.9587 29.5
    endloop
  endfacet
  facet normal -0.342071 -0.939674 -0
    outer loop
      vertex -39.1251 15.3045 29.5
      vertex -40.9222 15.9587 19.5
      vertex -39.1251 15.3045 19.5
    endloop
  endfacet
  facet normal -0.939694 0.342016 -1.7348e-19
    outer loop
      vertex -39.8091 13.4252 19.5
      vertex -39.1251 15.3045 29.5
      vertex -39.1251 15.3045 19.5
    endloop
  endfacet
  facet normal -0.939694 0.342016 -1.7348e-19
    outer loop
      vertex -39.1251 15.3045 29.5
      vertex -39.8091 13.4252 19.5
      vertex -39.8091 13.4252 29.5
    endloop
  endfacet
  facet normal 0 0 1
    outer loop
      vertex -41.3465 15.0489 19.5
      vertex -39.1251 15.3045 19.5
      vertex -40.9222 15.9587 19.5
    endloop
  endfacet
  facet normal 0 0 1
    outer loop
      vertex -39.1251 15.3045 19.5
      vertex -41.3465 15.0489 19.5
      vertex -39.8091 13.4252 19.5
    endloop
  endfacet
  facet normal 0 0 1
    outer loop
      vertex -39.8091 13.4252 19.5
      vertex -41.3465 15.0489 19.5
      vertex -41.6063 14.0793 19.5
    endloop
  endfacet
  facet normal 0.342008 0.939697 -0
    outer loop
      vertex -39.8091 13.4252 19.5
      vertex -41.6063 14.0793 29.5
      vertex -39.8091 13.4252 29.5
    endloop
  endfacet
  facet normal 0.342008 0.939697 0
    outer loop
      vertex -41.6063 14.0793 29.5
      vertex -39.8091 13.4252 19.5
      vertex -41.6063 14.0793 19.5
    endloop
  endfacet
  facet normal 0 0 -1
    outer loop
      vertex -41.9273 2.66435 12.5
      vertex -43.5786 4.81645 12.5
      vertex -41.753 4.65674 12.5
    endloop
  endfacet
  facet normal 0 -0 -1
    outer loop
      vertex -43.5786 4.81645 12.5
      vertex -41.9273 2.66435 12.5
      vertex -43.7529 2.82406 12.5
    endloop
  endfacet
  facet normal -0.0871507 -0.996195 0
    outer loop
      vertex -43.5786 4.81645 2.5
      vertex -41.753 4.65674 12.5
      vertex -43.5786 4.81645 12.5
    endloop
  endfacet
  facet normal -0.0871507 -0.996195 -0
    outer loop
      vertex -41.753 4.65674 12.5
      vertex -43.5786 4.81645 2.5
      vertex -41.753 4.65674 2.5
    endloop
  endfacet
  facet normal -0.996195 0.08715 8.57875e-19
    outer loop
      vertex -41.9273 2.66435 2.5
      vertex -41.753 4.65674 12.5
      vertex -41.753 4.65674 2.5
    endloop
  endfacet
  facet normal -0.996195 0.08715 8.57875e-19
    outer loop
      vertex -41.753 4.65674 12.5
      vertex -41.9273 2.66435 2.5
      vertex -41.9273 2.66435 12.5
    endloop
  endfacet
  facet normal 0 0 1
    outer loop
      vertex -43.5786 4.81645 2.5
      vertex -41.9273 2.66435 2.5
      vertex -41.753 4.65674 2.5
    endloop
  endfacet
  facet normal 0 0 1
    outer loop
      vertex -41.9273 2.66435 2.5
      vertex -43.5786 4.81645 2.5
      vertex -43.7529 2.82406 2.5
    endloop
  endfacet
  facet normal 0.0871507 0.996195 -0
    outer loop
      vertex -41.9273 2.66435 2.5
      vertex -43.7529 2.82406 12.5
      vertex -41.9273 2.66435 12.5
    endloop
  endfacet
  facet normal 0.0871507 0.996195 0
    outer loop
      vertex -43.7529 2.82406 12.5
      vertex -41.9273 2.66435 2.5
      vertex -43.7529 2.82406 2.5
    endloop
  endfacet
  facet normal 0 0 -1
    outer loop
      vertex -43.3315 7.64052 29.5
      vertex -41.1883 8.27803 29.5
      vertex -41.5356 6.30842 29.5
    endloop
  endfacet
  facet normal -0 0 -1
    outer loop
      vertex -41.1883 8.27803 29.5
      vertex -43.3315 7.64052 29.5
      vertex -43.0717 8.61014 29.5
    endloop
  endfacet
  facet normal 0 -0 -1
    outer loop
      vertex -43.3315 7.64052 29.5
      vertex -41.5356 6.30842 29.5
      vertex -43.419 6.64052 29.5
    endloop
  endfacet
  facet normal -0.173656 -0.984806 0
    outer loop
      vertex -43.0717 8.61014 19.5
      vertex -41.1883 8.27803 29.5
      vertex -43.0717 8.61014 29.5
    endloop
  endfacet
  facet normal -0.173656 -0.984806 -0
    outer loop
      vertex -41.1883 8.27803 29.5
      vertex -43.0717 8.61014 19.5
      vertex -41.1883 8.27803 19.5
    endloop
  endfacet
  facet normal -0.984807 0.17365 1.45554e-18
    outer loop
      vertex -41.5356 6.30842 19.5
      vertex -41.1883 8.27803 29.5
      vertex -41.1883 8.27803 19.5
    endloop
  endfacet
  facet normal -0.984807 0.17365 1.45554e-18
    outer loop
      vertex -41.1883 8.27803 29.5
      vertex -41.5356 6.30842 19.5
      vertex -41.5356 6.30842 29.5
    endloop
  endfacet
  facet normal 0 0 1
    outer loop
      vertex -43.3315 7.64052 19.5
      vertex -41.1883 8.27803 19.5
      vertex -43.0717 8.61014 19.5
    endloop
  endfacet
  facet normal 0 0 1
    outer loop
      vertex -41.1883 8.27803 19.5
      vertex -43.3315 7.64052 19.5
      vertex -41.5356 6.30842 19.5
    endloop
  endfacet
  facet normal 0 0 1
    outer loop
      vertex -41.5356 6.30842 19.5
      vertex -43.3315 7.64052 19.5
      vertex -43.419 6.64052 19.5
    endloop
  endfacet
  facet normal 0.173651 0.984807 -0
    outer loop
      vertex -41.5356 6.30842 19.5
      vertex -43.419 6.64052 29.5
      vertex -41.5356 6.30842 29.5
    endloop
  endfacet
  facet normal 0.173651 0.984807 0
    outer loop
      vertex -43.419 6.64052 29.5
      vertex -41.5356 6.30842 19.5
      vertex -43.419 6.64052 19.5
    endloop
  endfacet
  facet normal 0 0 -1
    outer loop
      vertex -43.5786 -4.81645 12.5
      vertex -41.9273 -2.66435 12.5
      vertex -41.753 -4.65674 12.5
    endloop
  endfacet
  facet normal 0 0 -1
    outer loop
      vertex -41.9273 -2.66435 12.5
      vertex -43.5786 -4.81645 12.5
      vertex -43.7529 -2.82406 12.5
    endloop
  endfacet
  facet normal -0.996195 -0.08715 -8.57875e-19
    outer loop
      vertex -41.753 -4.65674 2.5
      vertex -41.9273 -2.66435 12.5
      vertex -41.9273 -2.66435 2.5
    endloop
  endfacet
  facet normal -0.996195 -0.08715 -8.57875e-19
    outer loop
      vertex -41.9273 -2.66435 12.5
      vertex -41.753 -4.65674 2.5
      vertex -41.753 -4.65674 12.5
    endloop
  endfacet
  facet normal 0.0871507 -0.996195 0
    outer loop
      vertex -43.7529 -2.82406 2.5
      vertex -41.9273 -2.66435 12.5
      vertex -43.7529 -2.82406 12.5
    endloop
  endfacet
  facet normal 0.0871507 -0.996195 0
    outer loop
      vertex -41.9273 -2.66435 12.5
      vertex -43.7529 -2.82406 2.5
      vertex -41.9273 -2.66435 2.5
    endloop
  endfacet
  facet normal 0 0 1
    outer loop
      vertex -41.9273 -2.66435 2.5
      vertex -43.5786 -4.81645 2.5
      vertex -41.753 -4.65674 2.5
    endloop
  endfacet
  facet normal 0 -0 1
    outer loop
      vertex -43.5786 -4.81645 2.5
      vertex -41.9273 -2.66435 2.5
      vertex -43.7529 -2.82406 2.5
    endloop
  endfacet
  facet normal -0.0871507 0.996195 0
    outer loop
      vertex -41.753 -4.65674 2.5
      vertex -43.5786 -4.81645 12.5
      vertex -41.753 -4.65674 12.5
    endloop
  endfacet
  facet normal -0.0871507 0.996195 0
    outer loop
      vertex -43.5786 -4.81645 12.5
      vertex -41.753 -4.65674 2.5
      vertex -43.5786 -4.81645 2.5
    endloop
  endfacet
  facet normal 0 0 -1
    outer loop
      vertex -44 0 29.5
      vertex -42 -1 29.5
      vertex -43.9125 -1 29.5
    endloop
  endfacet
  facet normal 0 0 -1
    outer loop
      vertex -42 -1 29.5
      vertex -44 0 29.5
      vertex -42 1 29.5
    endloop
  endfacet
  facet normal -0 0 -1
    outer loop
      vertex -42 1 29.5
      vertex -44 0 29.5
      vertex -43.9125 1 29.5
    endloop
  endfacet
  facet normal 0 -1 0
    outer loop
      vertex -43.9125 1 19.5
      vertex -42 1 29.5
      vertex -43.9125 1 29.5
    endloop
  endfacet
  facet normal 0 -1 -0
    outer loop
      vertex -42 1 29.5
      vertex -43.9125 1 19.5
      vertex -42 1 19.5
    endloop
  endfacet
  facet normal -1 0 0
    outer loop
      vertex -42 -1 19.5
      vertex -42 1 29.5
      vertex -42 1 19.5
    endloop
  endfacet
  facet normal -1 -0 0
    outer loop
      vertex -42 1 29.5
      vertex -42 -1 19.5
      vertex -42 -1 29.5
    endloop
  endfacet
  facet normal 0 0 1
    outer loop
      vertex -44 0 19.5
      vertex -42 1 19.5
      vertex -43.9125 1 19.5
    endloop
  endfacet
  facet normal 0 0 1
    outer loop
      vertex -42 1 19.5
      vertex -44 0 19.5
      vertex -42 -1 19.5
    endloop
  endfacet
  facet normal 0 0 1
    outer loop
      vertex -42 -1 19.5
      vertex -44 0 19.5
      vertex -43.9125 -1 19.5
    endloop
  endfacet
  facet normal 0 1 -0
    outer loop
      vertex -42 -1 19.5
      vertex -43.9125 -1 29.5
      vertex -42 -1 29.5
    endloop
  endfacet
  facet normal 0 1 0
    outer loop
      vertex -43.9125 -1 29.5
      vertex -42 -1 19.5
      vertex -43.9125 -1 19.5
    endloop
  endfacet
  facet normal 0 0 -1
    outer loop
      vertex -42.0802 -12.3106 12.5
      vertex -40.8277 -9.90447 12.5
      vertex -40.3101 -11.8363 12.5
    endloop
  endfacet
  facet normal 0 0 -1
    outer loop
      vertex -40.8277 -9.90447 12.5
      vertex -42.0802 -12.3106 12.5
      vertex -42.5978 -10.3788 12.5
    endloop
  endfacet
  facet normal -0.96593 -0.258804 -1.3363e-18
    outer loop
      vertex -40.3101 -11.8363 2.5
      vertex -40.8277 -9.90447 12.5
      vertex -40.8277 -9.90447 2.5
    endloop
  endfacet
  facet normal -0.96593 -0.258804 -1.3363e-18
    outer loop
      vertex -40.8277 -9.90447 12.5
      vertex -40.3101 -11.8363 2.5
      vertex -40.3101 -11.8363 12.5
    endloop
  endfacet
  facet normal 0.258836 -0.965921 0
    outer loop
      vertex -42.5978 -10.3788 2.5
      vertex -40.8277 -9.90447 12.5
      vertex -42.5978 -10.3788 12.5
    endloop
  endfacet
  facet normal 0.258836 -0.965921 0
    outer loop
      vertex -40.8277 -9.90447 12.5
      vertex -42.5978 -10.3788 2.5
      vertex -40.8277 -9.90447 2.5
    endloop
  endfacet
  facet normal 0 0 1
    outer loop
      vertex -40.8277 -9.90447 2.5
      vertex -42.0802 -12.3106 2.5
      vertex -40.3101 -11.8363 2.5
    endloop
  endfacet
  facet normal 0 -0 1
    outer loop
      vertex -42.0802 -12.3106 2.5
      vertex -40.8277 -9.90447 2.5
      vertex -42.5978 -10.3788 2.5
    endloop
  endfacet
  facet normal -0.258821 0.965925 0
    outer loop
      vertex -40.3101 -11.8363 2.5
      vertex -42.0802 -12.3106 12.5
      vertex -40.3101 -11.8363 12.5
    endloop
  endfacet
  facet normal -0.258821 0.965925 0
    outer loop
      vertex -42.0802 -12.3106 12.5
      vertex -40.3101 -11.8363 2.5
      vertex -42.0802 -12.3106 2.5
    endloop
  endfacet
  facet normal 0 0 -1
    outer loop
      vertex -43.3315 -7.64052 29.5
      vertex -41.1883 -8.27803 29.5
      vertex -43.0717 -8.61014 29.5
    endloop
  endfacet
  facet normal 0 0 -1
    outer loop
      vertex -41.1883 -8.27803 29.5
      vertex -43.3315 -7.64052 29.5
      vertex -41.5356 -6.30842 29.5
    endloop
  endfacet
  facet normal 0 0 -1
    outer loop
      vertex -41.5356 -6.30842 29.5
      vertex -43.3315 -7.64052 29.5
      vertex -43.419 -6.64052 29.5
    endloop
  endfacet
  facet normal -0.984807 -0.17365 -1.45554e-18
    outer loop
      vertex -41.1883 -8.27803 19.5
      vertex -41.5356 -6.30842 29.5
      vertex -41.5356 -6.30842 19.5
    endloop
  endfacet
  facet normal -0.984807 -0.17365 -1.45554e-18
    outer loop
      vertex -41.5356 -6.30842 29.5
      vertex -41.1883 -8.27803 19.5
      vertex -41.1883 -8.27803 29.5
    endloop
  endfacet
  facet normal 0.173651 -0.984807 0
    outer loop
      vertex -43.419 -6.64052 19.5
      vertex -41.5356 -6.30842 29.5
      vertex -43.419 -6.64052 29.5
    endloop
  endfacet
  facet normal 0.173651 -0.984807 0
    outer loop
      vertex -41.5356 -6.30842 29.5
      vertex -43.419 -6.64052 19.5
      vertex -41.5356 -6.30842 19.5
    endloop
  endfacet
  facet normal -0 0 1
    outer loop
      vertex -43.3315 -7.64052 19.5
      vertex -41.1883 -8.27803 19.5
      vertex -41.5356 -6.30842 19.5
    endloop
  endfacet
  facet normal 0 0 1
    outer loop
      vertex -41.1883 -8.27803 19.5
      vertex -43.3315 -7.64052 19.5
      vertex -43.0717 -8.61014 19.5
    endloop
  endfacet
  facet normal 0 -0 1
    outer loop
      vertex -43.3315 -7.64052 19.5
      vertex -41.5356 -6.30842 19.5
      vertex -43.419 -6.64052 19.5
    endloop
  endfacet
  facet normal -0.173656 0.984806 0
    outer loop
      vertex -41.1883 -8.27803 19.5
      vertex -43.0717 -8.61014 29.5
      vertex -41.1883 -8.27803 29.5
    endloop
  endfacet
  facet normal -0.173656 0.984806 0
    outer loop
      vertex -43.0717 -8.61014 29.5
      vertex -41.1883 -8.27803 19.5
      vertex -43.0717 -8.61014 19.5
    endloop
  endfacet
  facet normal 0 0 -1
    outer loop
      vertex -39.3032 -19.4307 12.5
      vertex -38.4875 -16.8437 12.5
      vertex -37.6423 -18.6563 12.5
    endloop
  endfacet
  facet normal 0 0 -1
    outer loop
      vertex -38.4875 -16.8437 12.5
      vertex -39.3032 -19.4307 12.5
      vertex -40.1484 -17.6181 12.5
    endloop
  endfacet
  facet normal -0.906313 -0.422606 -1.13843e-19
    outer loop
      vertex -37.6423 -18.6563 2.5
      vertex -38.4875 -16.8437 12.5
      vertex -38.4875 -16.8437 2.5
    endloop
  endfacet
  facet normal -0.906313 -0.422606 -1.13843e-19
    outer loop
      vertex -38.4875 -16.8437 12.5
      vertex -37.6423 -18.6563 2.5
      vertex -37.6423 -18.6563 12.5
    endloop
  endfacet
  facet normal 0.422578 -0.906327 0
    outer loop
      vertex -40.1484 -17.6181 2.5
      vertex -38.4875 -16.8437 12.5
      vertex -40.1484 -17.6181 12.5
    endloop
  endfacet
  facet normal 0.422578 -0.906327 0
    outer loop
      vertex -38.4875 -16.8437 12.5
      vertex -40.1484 -17.6181 2.5
      vertex -38.4875 -16.8437 2.5
    endloop
  endfacet
  facet normal 0 0 1
    outer loop
      vertex -38.4875 -16.8437 2.5
      vertex -39.3032 -19.4307 2.5
      vertex -37.6423 -18.6563 2.5
    endloop
  endfacet
  facet normal 0 -0 1
    outer loop
      vertex -39.3032 -19.4307 2.5
      vertex -38.4875 -16.8437 2.5
      vertex -40.1484 -17.6181 2.5
    endloop
  endfacet
  facet normal -0.422578 0.906327 0
    outer loop
      vertex -37.6423 -18.6563 2.5
      vertex -39.3032 -19.4307 12.5
      vertex -37.6423 -18.6563 12.5
    endloop
  endfacet
  facet normal -0.422578 0.906327 0
    outer loop
      vertex -39.3032 -19.4307 12.5
      vertex -37.6423 -18.6563 2.5
      vertex -39.3032 -19.4307 2.5
    endloop
  endfacet
  facet normal 0 0 -1
    outer loop
      vertex -41.3465 -15.0489 29.5
      vertex -39.1251 -15.3045 29.5
      vertex -40.9222 -15.9587 29.5
    endloop
  endfacet
  facet normal 0 0 -1
    outer loop
      vertex -39.1251 -15.3045 29.5
      vertex -41.3465 -15.0489 29.5
      vertex -39.8091 -13.4252 29.5
    endloop
  endfacet
  facet normal 0 0 -1
    outer loop
      vertex -39.8091 -13.4252 29.5
      vertex -41.3465 -15.0489 29.5
      vertex -41.6063 -14.0793 29.5
    endloop
  endfacet
  facet normal -0.939694 -0.342016 1.7348e-19
    outer loop
      vertex -39.1251 -15.3045 19.5
      vertex -39.8091 -13.4252 29.5
      vertex -39.8091 -13.4252 19.5
    endloop
  endfacet
  facet normal -0.939694 -0.342016 1.7348e-19
    outer loop
      vertex -39.8091 -13.4252 29.5
      vertex -39.1251 -15.3045 19.5
      vertex -39.1251 -15.3045 29.5
    endloop
  endfacet
  facet normal 0.342008 -0.939697 0
    outer loop
      vertex -41.6063 -14.0793 19.5
      vertex -39.8091 -13.4252 29.5
      vertex -41.6063 -14.0793 29.5
    endloop
  endfacet
  facet normal 0.342008 -0.939697 0
    outer loop
      vertex -39.8091 -13.4252 29.5
      vertex -41.6063 -14.0793 19.5
      vertex -39.8091 -13.4252 19.5
    endloop
  endfacet
  facet normal -0 0 1
    outer loop
      vertex -41.3465 -15.0489 19.5
      vertex -39.1251 -15.3045 19.5
      vertex -39.8091 -13.4252 19.5
    endloop
  endfacet
  facet normal 0 0 1
    outer loop
      vertex -39.1251 -15.3045 19.5
      vertex -41.3465 -15.0489 19.5
      vertex -40.9222 -15.9587 19.5
    endloop
  endfacet
  facet normal 0 -0 1
    outer loop
      vertex -41.3465 -15.0489 19.5
      vertex -39.8091 -13.4252 19.5
      vertex -41.6063 -14.0793 19.5
    endloop
  endfacet
  facet normal -0.342071 0.939674 0
    outer loop
      vertex -39.1251 -15.3045 19.5
      vertex -40.9222 -15.9587 29.5
      vertex -39.1251 -15.3045 29.5
    endloop
  endfacet
  facet normal -0.342071 0.939674 0
    outer loop
      vertex -40.9222 -15.9587 29.5
      vertex -39.1251 -15.3045 19.5
      vertex -40.9222 -15.9587 19.5
    endloop
  endfacet
  facet normal 0 0 -1
    outer loop
      vertex -35.332 -25.9605 12.5
      vertex -34.978 -23.2711 12.5
      vertex -33.8308 -24.9094 12.5
    endloop
  endfacet
  facet normal 0 0 -1
    outer loop
      vertex -34.978 -23.2711 12.5
      vertex -35.332 -25.9605 12.5
      vertex -36.4791 -24.3222 12.5
    endloop
  endfacet
  facet normal -0.81914 -0.573593 4.33676e-18
    outer loop
      vertex -33.8308 -24.9094 2.5
      vertex -34.978 -23.2711 12.5
      vertex -34.978 -23.2711 2.5
    endloop
  endfacet
  facet normal -0.81914 -0.573593 4.33676e-18
    outer loop
      vertex -34.978 -23.2711 12.5
      vertex -33.8308 -24.9094 2.5
      vertex -33.8308 -24.9094 12.5
    endloop
  endfacet
  facet normal 0.573583 -0.819147 0
    outer loop
      vertex -36.4791 -24.3222 2.5
      vertex -34.978 -23.2711 12.5
      vertex -36.4791 -24.3222 12.5
    endloop
  endfacet
  facet normal 0.573583 -0.819147 0
    outer loop
      vertex -34.978 -23.2711 12.5
      vertex -36.4791 -24.3222 2.5
      vertex -34.978 -23.2711 2.5
    endloop
  endfacet
  facet normal 0 0 1
    outer loop
      vertex -34.978 -23.2711 2.5
      vertex -35.332 -25.9605 2.5
      vertex -33.8308 -24.9094 2.5
    endloop
  endfacet
  facet normal 0 -0 1
    outer loop
      vertex -35.332 -25.9605 2.5
      vertex -34.978 -23.2711 2.5
      vertex -36.4791 -24.3222 2.5
    endloop
  endfacet
  facet normal -0.573558 0.819165 0
    outer loop
      vertex -33.8308 -24.9094 2.5
      vertex -35.332 -25.9605 12.5
      vertex -33.8308 -24.9094 12.5
    endloop
  endfacet
  facet normal -0.573558 0.819165 0
    outer loop
      vertex -35.332 -25.9605 12.5
      vertex -33.8308 -24.9094 2.5
      vertex -35.332 -25.9605 2.5
    endloop
  endfacet
  facet normal 0 0 -1
    outer loop
      vertex -38.1051 -22 29.5
      vertex -35.8731 -21.866 29.5
      vertex -37.5294 -22.8223 29.5
    endloop
  endfacet
  facet normal -0 0 -1
    outer loop
      vertex -35.8731 -21.866 29.5
      vertex -38.1051 -22 29.5
      vertex -36.8731 -20.134 29.5
    endloop
  endfacet
  facet normal 0 0 -1
    outer loop
      vertex -36.8731 -20.134 29.5
      vertex -38.1051 -22 29.5
      vertex -38.5294 -21.0902 29.5
    endloop
  endfacet
  facet normal -0.866019 -0.500011 0
    outer loop
      vertex -35.8731 -21.866 19.5
      vertex -36.8731 -20.134 29.5
      vertex -36.8731 -20.134 19.5
    endloop
  endfacet
  facet normal -0.866019 -0.500011 0
    outer loop
      vertex -36.8731 -20.134 29.5
      vertex -35.8731 -21.866 19.5
      vertex -35.8731 -21.866 29.5
    endloop
  endfacet
  facet normal 0.499974 -0.86604 0
    outer loop
      vertex -38.5294 -21.0902 19.5
      vertex -36.8731 -20.134 29.5
      vertex -38.5294 -21.0902 29.5
    endloop
  endfacet
  facet normal 0.499974 -0.86604 0
    outer loop
      vertex -36.8731 -20.134 29.5
      vertex -38.5294 -21.0902 19.5
      vertex -36.8731 -20.134 19.5
    endloop
  endfacet
  facet normal 0 0 1
    outer loop
      vertex -38.1051 -22 19.5
      vertex -35.8731 -21.866 19.5
      vertex -36.8731 -20.134 19.5
    endloop
  endfacet
  facet normal 0 0 1
    outer loop
      vertex -35.8731 -21.866 19.5
      vertex -38.1051 -22 19.5
      vertex -37.5294 -22.8223 19.5
    endloop
  endfacet
  facet normal 0 -0 1
    outer loop
      vertex -38.1051 -22 19.5
      vertex -36.8731 -20.134 19.5
      vertex -38.5294 -21.0902 19.5
    endloop
  endfacet
  facet normal -0.500014 0.866018 0
    outer loop
      vertex -35.8731 -21.866 19.5
      vertex -37.5294 -22.8223 29.5
      vertex -35.8731 -21.866 29.5
    endloop
  endfacet
  facet normal -0.500014 0.866018 0
    outer loop
      vertex -37.5294 -22.8223 29.5
      vertex -35.8731 -21.866 19.5
      vertex -37.5294 -22.8223 19.5
    endloop
  endfacet
  facet normal 0 0 -1
    outer loop
      vertex -30.2872 -31.7014 12.5
      vertex -30.4056 -28.9914 12.5
      vertex -28.9914 -30.4056 12.5
    endloop
  endfacet
  facet normal 0 -0 -1
    outer loop
      vertex -30.4056 -28.9914 12.5
      vertex -30.2872 -31.7014 12.5
      vertex -31.7014 -30.2872 12.5
    endloop
  endfacet
  facet normal -0.707107 -0.707107 -4.87896e-19
    outer loop
      vertex -28.9914 -30.4056 2.5
      vertex -30.4056 -28.9914 12.5
      vertex -30.4056 -28.9914 2.5
    endloop
  endfacet
  facet normal -0.707107 -0.707107 -4.87896e-19
    outer loop
      vertex -30.4056 -28.9914 12.5
      vertex -28.9914 -30.4056 2.5
      vertex -28.9914 -30.4056 12.5
    endloop
  endfacet
  facet normal 0.707107 -0.707107 0
    outer loop
      vertex -31.7014 -30.2872 2.5
      vertex -30.4056 -28.9914 12.5
      vertex -31.7014 -30.2872 12.5
    endloop
  endfacet
  facet normal 0.707107 -0.707107 0
    outer loop
      vertex -30.4056 -28.9914 12.5
      vertex -31.7014 -30.2872 2.5
      vertex -30.4056 -28.9914 2.5
    endloop
  endfacet
  facet normal 0 0 1
    outer loop
      vertex -30.4056 -28.9914 2.5
      vertex -30.2872 -31.7014 2.5
      vertex -28.9914 -30.4056 2.5
    endloop
  endfacet
  facet normal 0 0 1
    outer loop
      vertex -30.2872 -31.7014 2.5
      vertex -30.4056 -28.9914 2.5
      vertex -31.7014 -30.2872 2.5
    endloop
  endfacet
  facet normal -0.707107 0.707107 -4.62071e-18
    outer loop
      vertex -30.2872 -31.7014 2.5
      vertex -28.9914 -30.4056 12.5
      vertex -28.9914 -30.4056 2.5
    endloop
  endfacet
  facet normal -0.707107 0.707107 -4.62071e-18
    outer loop
      vertex -28.9914 -30.4056 12.5
      vertex -30.2872 -31.7014 2.5
      vertex -30.2872 -31.7014 12.5
    endloop
  endfacet
  facet normal 0 0 -1
    outer loop
      vertex -33.706 -28.2827 29.5
      vertex -31.5311 -27.7631 29.5
      vertex -32.9961 -28.9925 29.5
    endloop
  endfacet
  facet normal -0 0 -1
    outer loop
      vertex -31.5311 -27.7631 29.5
      vertex -33.706 -28.2827 29.5
      vertex -32.8167 -26.231 29.5
    endloop
  endfacet
  facet normal 0 0 -1
    outer loop
      vertex -32.8167 -26.231 29.5
      vertex -33.706 -28.2827 29.5
      vertex -34.2817 -27.4604 29.5
    endloop
  endfacet
  facet normal -0.766041 -0.642792 -3.40435e-18
    outer loop
      vertex -31.5311 -27.7631 19.5
      vertex -32.8167 -26.231 29.5
      vertex -32.8167 -26.231 19.5
    endloop
  endfacet
  facet normal -0.766041 -0.642792 -3.40435e-18
    outer loop
      vertex -32.8167 -26.231 29.5
      vertex -31.5311 -27.7631 19.5
      vertex -31.5311 -27.7631 29.5
    endloop
  endfacet
  facet normal 0.642824 -0.766014 0
    outer loop
      vertex -34.2817 -27.4604 19.5
      vertex -32.8167 -26.231 29.5
      vertex -34.2817 -27.4604 29.5
    endloop
  endfacet
  facet normal 0.642824 -0.766014 0
    outer loop
      vertex -32.8167 -26.231 29.5
      vertex -34.2817 -27.4604 19.5
      vertex -32.8167 -26.231 19.5
    endloop
  endfacet
  facet normal 0 0 1
    outer loop
      vertex -33.706 -28.2827 19.5
      vertex -31.5311 -27.7631 19.5
      vertex -32.8167 -26.231 19.5
    endloop
  endfacet
  facet normal 0 0 1
    outer loop
      vertex -31.5311 -27.7631 19.5
      vertex -33.706 -28.2827 19.5
      vertex -32.9961 -28.9925 19.5
    endloop
  endfacet
  facet normal 0 -0 1
    outer loop
      vertex -33.706 -28.2827 19.5
      vertex -32.8167 -26.231 19.5
      vertex -34.2817 -27.4604 19.5
    endloop
  endfacet
  facet normal -0.642824 0.766014 0
    outer loop
      vertex -31.5311 -27.7631 19.5
      vertex -32.9961 -28.9925 29.5
      vertex -31.5311 -27.7631 29.5
    endloop
  endfacet
  facet normal -0.642824 0.766014 0
    outer loop
      vertex -32.9961 -28.9925 29.5
      vertex -31.5311 -27.7631 19.5
      vertex -32.9961 -28.9925 19.5
    endloop
  endfacet
  facet normal 0 0 -1
    outer loop
      vertex -24.3222 -36.4791 12.5
      vertex -24.9094 -33.8308 12.5
      vertex -23.2711 -34.978 12.5
    endloop
  endfacet
  facet normal 0 -0 -1
    outer loop
      vertex -24.9094 -33.8308 12.5
      vertex -24.3222 -36.4791 12.5
      vertex -25.9605 -35.332 12.5
    endloop
  endfacet
  facet normal -0.573593 -0.81914 0
    outer loop
      vertex -24.9094 -33.8308 2.5
      vertex -23.2711 -34.978 12.5
      vertex -24.9094 -33.8308 12.5
    endloop
  endfacet
  facet normal -0.573593 -0.81914 -0
    outer loop
      vertex -23.2711 -34.978 12.5
      vertex -24.9094 -33.8308 2.5
      vertex -23.2711 -34.978 2.5
    endloop
  endfacet
  facet normal 0.819165 -0.573558 3.57339e-18
    outer loop
      vertex -25.9605 -35.332 12.5
      vertex -24.9094 -33.8308 2.5
      vertex -24.9094 -33.8308 12.5
    endloop
  endfacet
  facet normal 0.819165 -0.573558 3.57339e-18
    outer loop
      vertex -24.9094 -33.8308 2.5
      vertex -25.9605 -35.332 12.5
      vertex -25.9605 -35.332 2.5
    endloop
  endfacet
  facet normal 0 0 1
    outer loop
      vertex -24.9094 -33.8308 2.5
      vertex -24.3222 -36.4791 2.5
      vertex -23.2711 -34.978 2.5
    endloop
  endfacet
  facet normal 0 0 1
    outer loop
      vertex -24.3222 -36.4791 2.5
      vertex -24.9094 -33.8308 2.5
      vertex -25.9605 -35.332 2.5
    endloop
  endfacet
  facet normal -0.819147 0.573583 3.46705e-18
    outer loop
      vertex -24.3222 -36.4791 2.5
      vertex -23.2711 -34.978 12.5
      vertex -23.2711 -34.978 2.5
    endloop
  endfacet
  facet normal -0.819147 0.573583 3.46705e-18
    outer loop
      vertex -23.2711 -34.978 12.5
      vertex -24.3222 -36.4791 2.5
      vertex -24.3222 -36.4791 12.5
    endloop
  endfacet
  facet normal 0 0 -1
    outer loop
      vertex -28.2827 -33.706 29.5
      vertex -26.231 -32.8167 29.5
      vertex -27.4604 -34.2817 29.5
    endloop
  endfacet
  facet normal -0 0 -1
    outer loop
      vertex -26.231 -32.8167 29.5
      vertex -28.2827 -33.706 29.5
      vertex -27.7631 -31.5311 29.5
    endloop
  endfacet
  facet normal 0 0 -1
    outer loop
      vertex -27.7631 -31.5311 29.5
      vertex -28.2827 -33.706 29.5
      vertex -28.9925 -32.9961 29.5
    endloop
  endfacet
  facet normal -0.642792 -0.766041 0
    outer loop
      vertex -27.7631 -31.5311 19.5
      vertex -26.231 -32.8167 29.5
      vertex -27.7631 -31.5311 29.5
    endloop
  endfacet
  facet normal -0.642792 -0.766041 -0
    outer loop
      vertex -26.231 -32.8167 29.5
      vertex -27.7631 -31.5311 19.5
      vertex -26.231 -32.8167 19.5
    endloop
  endfacet
  facet normal 0.766014 -0.642824 -4.796e-18
    outer loop
      vertex -28.9925 -32.9961 29.5
      vertex -27.7631 -31.5311 19.5
      vertex -27.7631 -31.5311 29.5
    endloop
  endfacet
  facet normal 0.766014 -0.642824 -4.796e-18
    outer loop
      vertex -27.7631 -31.5311 19.5
      vertex -28.9925 -32.9961 29.5
      vertex -28.9925 -32.9961 19.5
    endloop
  endfacet
  facet normal 0 0 1
    outer loop
      vertex -28.2827 -33.706 19.5
      vertex -26.231 -32.8167 19.5
      vertex -27.7631 -31.5311 19.5
    endloop
  endfacet
  facet normal 0 0 1
    outer loop
      vertex -26.231 -32.8167 19.5
      vertex -28.2827 -33.706 19.5
      vertex -27.4604 -34.2817 19.5
    endloop
  endfacet
  facet normal 0 -0 1
    outer loop
      vertex -28.2827 -33.706 19.5
      vertex -27.7631 -31.5311 19.5
      vertex -28.9925 -32.9961 19.5
    endloop
  endfacet
  facet normal -0.766014 0.642824 -9.69405e-19
    outer loop
      vertex -27.4604 -34.2817 19.5
      vertex -26.231 -32.8167 29.5
      vertex -26.231 -32.8167 19.5
    endloop
  endfacet
  facet normal -0.766014 0.642824 -9.69405e-19
    outer loop
      vertex -26.231 -32.8167 29.5
      vertex -27.4604 -34.2817 19.5
      vertex -27.4604 -34.2817 29.5
    endloop
  endfacet
  facet normal 0 0 -1
    outer loop
      vertex -17.6181 -40.1484 12.5
      vertex -18.6563 -37.6423 12.5
      vertex -16.8437 -38.4875 12.5
    endloop
  endfacet
  facet normal 0 -0 -1
    outer loop
      vertex -18.6563 -37.6423 12.5
      vertex -17.6181 -40.1484 12.5
      vertex -19.4307 -39.3032 12.5
    endloop
  endfacet
  facet normal -0.422606 -0.906313 0
    outer loop
      vertex -18.6563 -37.6423 2.5
      vertex -16.8437 -38.4875 12.5
      vertex -18.6563 -37.6423 12.5
    endloop
  endfacet
  facet normal -0.422606 -0.906313 -0
    outer loop
      vertex -16.8437 -38.4875 12.5
      vertex -18.6563 -37.6423 2.5
      vertex -16.8437 -38.4875 2.5
    endloop
  endfacet
  facet normal 0.906327 -0.422578 -2.92266e-18
    outer loop
      vertex -19.4307 -39.3032 12.5
      vertex -18.6563 -37.6423 2.5
      vertex -18.6563 -37.6423 12.5
    endloop
  endfacet
  facet normal 0.906327 -0.422578 -2.92266e-18
    outer loop
      vertex -18.6563 -37.6423 2.5
      vertex -19.4307 -39.3032 12.5
      vertex -19.4307 -39.3032 2.5
    endloop
  endfacet
  facet normal 0 0 1
    outer loop
      vertex -18.6563 -37.6423 2.5
      vertex -17.6181 -40.1484 2.5
      vertex -16.8437 -38.4875 2.5
    endloop
  endfacet
  facet normal 0 0 1
    outer loop
      vertex -17.6181 -40.1484 2.5
      vertex -18.6563 -37.6423 2.5
      vertex -19.4307 -39.3032 2.5
    endloop
  endfacet
  facet normal -0.906327 0.422578 -2.66234e-19
    outer loop
      vertex -17.6181 -40.1484 2.5
      vertex -16.8437 -38.4875 12.5
      vertex -16.8437 -38.4875 2.5
    endloop
  endfacet
  facet normal -0.906327 0.422578 -2.66234e-19
    outer loop
      vertex -16.8437 -38.4875 12.5
      vertex -17.6181 -40.1484 2.5
      vertex -17.6181 -40.1484 12.5
    endloop
  endfacet
  facet normal 0 0 -1
    outer loop
      vertex -22 -38.1051 29.5
      vertex -20.134 -36.8731 29.5
      vertex -21.0902 -38.5294 29.5
    endloop
  endfacet
  facet normal -0 0 -1
    outer loop
      vertex -20.134 -36.8731 29.5
      vertex -22 -38.1051 29.5
      vertex -21.866 -35.8731 29.5
    endloop
  endfacet
  facet normal 0 0 -1
    outer loop
      vertex -21.866 -35.8731 29.5
      vertex -22 -38.1051 29.5
      vertex -22.8223 -37.5294 29.5
    endloop
  endfacet
  facet normal -0.500011 -0.866019 0
    outer loop
      vertex -21.866 -35.8731 19.5
      vertex -20.134 -36.8731 29.5
      vertex -21.866 -35.8731 29.5
    endloop
  endfacet
  facet normal -0.500011 -0.866019 -0
    outer loop
      vertex -20.134 -36.8731 29.5
      vertex -21.866 -35.8731 19.5
      vertex -20.134 -36.8731 19.5
    endloop
  endfacet
  facet normal 0.866018 -0.500014 1.52493e-18
    outer loop
      vertex -22.8223 -37.5294 29.5
      vertex -21.866 -35.8731 19.5
      vertex -21.866 -35.8731 29.5
    endloop
  endfacet
  facet normal 0.866018 -0.500014 1.52493e-18
    outer loop
      vertex -21.866 -35.8731 19.5
      vertex -22.8223 -37.5294 29.5
      vertex -22.8223 -37.5294 19.5
    endloop
  endfacet
  facet normal 0 0 1
    outer loop
      vertex -22 -38.1051 19.5
      vertex -20.134 -36.8731 19.5
      vertex -21.866 -35.8731 19.5
    endloop
  endfacet
  facet normal 0 0 1
    outer loop
      vertex -20.134 -36.8731 19.5
      vertex -22 -38.1051 19.5
      vertex -21.0902 -38.5294 19.5
    endloop
  endfacet
  facet normal 0 -0 1
    outer loop
      vertex -22 -38.1051 19.5
      vertex -21.866 -35.8731 19.5
      vertex -22.8223 -37.5294 19.5
    endloop
  endfacet
  facet normal -0.86604 0.499974 -2.68145e-18
    outer loop
      vertex -21.0902 -38.5294 19.5
      vertex -20.134 -36.8731 29.5
      vertex -20.134 -36.8731 19.5
    endloop
  endfacet
  facet normal -0.86604 0.499974 -2.68145e-18
    outer loop
      vertex -20.134 -36.8731 29.5
      vertex -21.0902 -38.5294 19.5
      vertex -21.0902 -38.5294 29.5
    endloop
  endfacet
  facet normal 0 0 -1
    outer loop
      vertex -10.3788 -42.5978 12.5
      vertex -11.8363 -40.3101 12.5
      vertex -9.90447 -40.8277 12.5
    endloop
  endfacet
  facet normal 0 -0 -1
    outer loop
      vertex -11.8363 -40.3101 12.5
      vertex -10.3788 -42.5978 12.5
      vertex -12.3106 -42.0802 12.5
    endloop
  endfacet
  facet normal -0.258804 -0.96593 0
    outer loop
      vertex -11.8363 -40.3101 2.5
      vertex -9.90447 -40.8277 12.5
      vertex -11.8363 -40.3101 12.5
    endloop
  endfacet
  facet normal -0.258804 -0.96593 -0
    outer loop
      vertex -9.90447 -40.8277 12.5
      vertex -11.8363 -40.3101 2.5
      vertex -9.90447 -40.8277 2.5
    endloop
  endfacet
  facet normal 0.965925 -0.258821 1.03241e-18
    outer loop
      vertex -12.3106 -42.0802 12.5
      vertex -11.8363 -40.3101 2.5
      vertex -11.8363 -40.3101 12.5
    endloop
  endfacet
  facet normal 0.965925 -0.258821 1.03241e-18
    outer loop
      vertex -11.8363 -40.3101 2.5
      vertex -12.3106 -42.0802 12.5
      vertex -12.3106 -42.0802 2.5
    endloop
  endfacet
  facet normal 0 0 1
    outer loop
      vertex -11.8363 -40.3101 2.5
      vertex -10.3788 -42.5978 2.5
      vertex -9.90447 -40.8277 2.5
    endloop
  endfacet
  facet normal 0 0 1
    outer loop
      vertex -10.3788 -42.5978 2.5
      vertex -11.8363 -40.3101 2.5
      vertex -12.3106 -42.0802 2.5
    endloop
  endfacet
  facet normal -0.965921 0.258836 -1.40809e-18
    outer loop
      vertex -10.3788 -42.5978 2.5
      vertex -9.90447 -40.8277 12.5
      vertex -9.90447 -40.8277 2.5
    endloop
  endfacet
  facet normal -0.965921 0.258836 -1.40809e-18
    outer loop
      vertex -9.90447 -40.8277 12.5
      vertex -10.3788 -42.5978 2.5
      vertex -10.3788 -42.5978 12.5
    endloop
  endfacet
  facet normal 0 0 -1
    outer loop
      vertex -15.0489 -41.3465 29.5
      vertex -13.4252 -39.8091 29.5
      vertex -14.0793 -41.6063 29.5
    endloop
  endfacet
  facet normal 0 0 -1
    outer loop
      vertex -15.0489 -41.3465 29.5
      vertex -15.3045 -39.1251 29.5
      vertex -13.4252 -39.8091 29.5
    endloop
  endfacet
  facet normal 0 -0 -1
    outer loop
      vertex -15.3045 -39.1251 29.5
      vertex -15.0489 -41.3465 29.5
      vertex -15.9587 -40.9222 29.5
    endloop
  endfacet
  facet normal -0.342016 -0.939694 0
    outer loop
      vertex -15.3045 -39.1251 19.5
      vertex -13.4252 -39.8091 29.5
      vertex -15.3045 -39.1251 29.5
    endloop
  endfacet
  facet normal -0.342016 -0.939694 -0
    outer loop
      vertex -13.4252 -39.8091 29.5
      vertex -15.3045 -39.1251 19.5
      vertex -13.4252 -39.8091 19.5
    endloop
  endfacet
  facet normal 0.939674 -0.342071 -2.17127e-18
    outer loop
      vertex -15.9587 -40.9222 29.5
      vertex -15.3045 -39.1251 19.5
      vertex -15.3045 -39.1251 29.5
    endloop
  endfacet
  facet normal 0.939674 -0.342071 -2.17127e-18
    outer loop
      vertex -15.3045 -39.1251 19.5
      vertex -15.9587 -40.9222 29.5
      vertex -15.9587 -40.9222 19.5
    endloop
  endfacet
  facet normal 0 0 1
    outer loop
      vertex -13.4252 -39.8091 19.5
      vertex -15.0489 -41.3465 19.5
      vertex -14.0793 -41.6063 19.5
    endloop
  endfacet
  facet normal 0 0 1
    outer loop
      vertex -15.3045 -39.1251 19.5
      vertex -15.0489 -41.3465 19.5
      vertex -13.4252 -39.8091 19.5
    endloop
  endfacet
  facet normal 0 0 1
    outer loop
      vertex -15.0489 -41.3465 19.5
      vertex -15.3045 -39.1251 19.5
      vertex -15.9587 -40.9222 19.5
    endloop
  endfacet
  facet normal -0.939697 0.342008 -4.73356e-18
    outer loop
      vertex -14.0793 -41.6063 19.5
      vertex -13.4252 -39.8091 29.5
      vertex -13.4252 -39.8091 19.5
    endloop
  endfacet
  facet normal -0.939697 0.342008 -4.73356e-18
    outer loop
      vertex -13.4252 -39.8091 29.5
      vertex -14.0793 -41.6063 19.5
      vertex -14.0793 -41.6063 29.5
    endloop
  endfacet
  facet normal 0 0 -1
    outer loop
      vertex -2.82406 -43.7529 12.5
      vertex -4.65674 -41.753 12.5
      vertex -2.66435 -41.9273 12.5
    endloop
  endfacet
  facet normal 0 -0 -1
    outer loop
      vertex -4.65674 -41.753 12.5
      vertex -2.82406 -43.7529 12.5
      vertex -4.81645 -43.5786 12.5
    endloop
  endfacet
  facet normal -0.08715 -0.996195 0
    outer loop
      vertex -4.65674 -41.753 2.5
      vertex -2.66435 -41.9273 12.5
      vertex -4.65674 -41.753 12.5
    endloop
  endfacet
  facet normal -0.08715 -0.996195 -0
    outer loop
      vertex -2.66435 -41.9273 12.5
      vertex -4.65674 -41.753 2.5
      vertex -2.66435 -41.9273 2.5
    endloop
  endfacet
  facet normal 0.996195 -0.0871507 6.96643e-19
    outer loop
      vertex -4.81645 -43.5786 12.5
      vertex -4.65674 -41.753 2.5
      vertex -4.65674 -41.753 12.5
    endloop
  endfacet
  facet normal 0.996195 -0.0871507 6.96643e-19
    outer loop
      vertex -4.65674 -41.753 2.5
      vertex -4.81645 -43.5786 12.5
      vertex -4.81645 -43.5786 2.5
    endloop
  endfacet
  facet normal 0 0 1
    outer loop
      vertex -4.65674 -41.753 2.5
      vertex -2.82406 -43.7529 2.5
      vertex -2.66435 -41.9273 2.5
    endloop
  endfacet
  facet normal 0 0 1
    outer loop
      vertex -2.82406 -43.7529 2.5
      vertex -4.65674 -41.753 2.5
      vertex -4.81645 -43.5786 2.5
    endloop
  endfacet
  facet normal -0.996195 0.0871507 -9.90978e-19
    outer loop
      vertex -2.82406 -43.7529 2.5
      vertex -2.66435 -41.9273 12.5
      vertex -2.66435 -41.9273 2.5
    endloop
  endfacet
  facet normal -0.996195 0.0871507 -9.90978e-19
    outer loop
      vertex -2.66435 -41.9273 12.5
      vertex -2.82406 -43.7529 2.5
      vertex -2.82406 -43.7529 12.5
    endloop
  endfacet
  facet normal 0 0 -1
    outer loop
      vertex -7.64052 -43.3315 29.5
      vertex -6.30842 -41.5356 29.5
      vertex -6.64052 -43.419 29.5
    endloop
  endfacet
  facet normal 0 0 -1
    outer loop
      vertex -7.64052 -43.3315 29.5
      vertex -8.27803 -41.1883 29.5
      vertex -6.30842 -41.5356 29.5
    endloop
  endfacet
  facet normal 0 -0 -1
    outer loop
      vertex -8.27803 -41.1883 29.5
      vertex -7.64052 -43.3315 29.5
      vertex -8.61014 -43.0717 29.5
    endloop
  endfacet
  facet normal -0.17365 -0.984807 0
    outer loop
      vertex -8.27803 -41.1883 19.5
      vertex -6.30842 -41.5356 29.5
      vertex -8.27803 -41.1883 29.5
    endloop
  endfacet
  facet normal -0.17365 -0.984807 -0
    outer loop
      vertex -6.30842 -41.5356 29.5
      vertex -8.27803 -41.1883 19.5
      vertex -6.30842 -41.5356 19.5
    endloop
  endfacet
  facet normal 0.984806 -0.173656 -1.57886e-18
    outer loop
      vertex -8.61014 -43.0717 29.5
      vertex -8.27803 -41.1883 19.5
      vertex -8.27803 -41.1883 29.5
    endloop
  endfacet
  facet normal 0.984806 -0.173656 -1.57886e-18
    outer loop
      vertex -8.27803 -41.1883 19.5
      vertex -8.61014 -43.0717 29.5
      vertex -8.61014 -43.0717 19.5
    endloop
  endfacet
  facet normal 0 0 1
    outer loop
      vertex -6.30842 -41.5356 19.5
      vertex -7.64052 -43.3315 19.5
      vertex -6.64052 -43.419 19.5
    endloop
  endfacet
  facet normal 0 0 1
    outer loop
      vertex -8.27803 -41.1883 19.5
      vertex -7.64052 -43.3315 19.5
      vertex -6.30842 -41.5356 19.5
    endloop
  endfacet
  facet normal 0 0 1
    outer loop
      vertex -7.64052 -43.3315 19.5
      vertex -8.27803 -41.1883 19.5
      vertex -8.61014 -43.0717 19.5
    endloop
  endfacet
  facet normal -0.984807 0.173651 2.04373e-18
    outer loop
      vertex -6.64052 -43.419 19.5
      vertex -6.30842 -41.5356 29.5
      vertex -6.30842 -41.5356 19.5
    endloop
  endfacet
  facet normal -0.984807 0.173651 2.04373e-18
    outer loop
      vertex -6.30842 -41.5356 29.5
      vertex -6.64052 -43.419 19.5
      vertex -6.64052 -43.419 29.5
    endloop
  endfacet
  facet normal 0.08715 -0.996195 0
    outer loop
      vertex 2.66435 -41.9273 2.5
      vertex 4.65674 -41.753 12.5
      vertex 2.66435 -41.9273 12.5
    endloop
  endfacet
  facet normal 0.08715 -0.996195 0
    outer loop
      vertex 4.65674 -41.753 12.5
      vertex 2.66435 -41.9273 2.5
      vertex 4.65674 -41.753 2.5
    endloop
  endfacet
  facet normal 0 0 -1
    outer loop
      vertex 2.82406 -43.7529 12.5
      vertex 4.65674 -41.753 12.5
      vertex 4.81645 -43.5786 12.5
    endloop
  endfacet
  facet normal 0 0 -1
    outer loop
      vertex 4.65674 -41.753 12.5
      vertex 2.82406 -43.7529 12.5
      vertex 2.66435 -41.9273 12.5
    endloop
  endfacet
  facet normal -0.996195 -0.0871507 -6.96643e-19
    outer loop
      vertex 4.81645 -43.5786 2.5
      vertex 4.65674 -41.753 12.5
      vertex 4.65674 -41.753 2.5
    endloop
  endfacet
  facet normal -0.996195 -0.0871507 -6.96643e-19
    outer loop
      vertex 4.65674 -41.753 12.5
      vertex 4.81645 -43.5786 2.5
      vertex 4.81645 -43.5786 12.5
    endloop
  endfacet
  facet normal 0 0 1
    outer loop
      vertex 4.65674 -41.753 2.5
      vertex 2.82406 -43.7529 2.5
      vertex 4.81645 -43.5786 2.5
    endloop
  endfacet
  facet normal 0 -0 1
    outer loop
      vertex 2.82406 -43.7529 2.5
      vertex 4.65674 -41.753 2.5
      vertex 2.66435 -41.9273 2.5
    endloop
  endfacet
  facet normal 0.996195 0.0871507 9.90978e-19
    outer loop
      vertex 2.82406 -43.7529 12.5
      vertex 2.66435 -41.9273 2.5
      vertex 2.66435 -41.9273 12.5
    endloop
  endfacet
  facet normal 0.996195 0.0871507 9.90978e-19
    outer loop
      vertex 2.66435 -41.9273 2.5
      vertex 2.82406 -43.7529 12.5
      vertex 2.82406 -43.7529 2.5
    endloop
  endfacet
  facet normal 0 0 -1
    outer loop
      vertex 0 -44 29.5
      vertex 1 -42 29.5
      vertex 1 -43.9125 29.5
    endloop
  endfacet
  facet normal 0 0 -1
    outer loop
      vertex -1 -42 29.5
      vertex 0 -44 29.5
      vertex -1 -43.9125 29.5
    endloop
  endfacet
  facet normal 0 0 -1
    outer loop
      vertex 0 -44 29.5
      vertex -1 -42 29.5
      vertex 1 -42 29.5
    endloop
  endfacet
  facet normal 0 -1 0
    outer loop
      vertex -1 -42 19.5
      vertex 1 -42 29.5
      vertex -1 -42 29.5
    endloop
  endfacet
  facet normal 0 -1 -0
    outer loop
      vertex 1 -42 29.5
      vertex -1 -42 19.5
      vertex 1 -42 19.5
    endloop
  endfacet
  facet normal 1 -0 0
    outer loop
      vertex -1 -43.9125 29.5
      vertex -1 -42 19.5
      vertex -1 -42 29.5
    endloop
  endfacet
  facet normal 1 0 0
    outer loop
      vertex -1 -42 19.5
      vertex -1 -43.9125 29.5
      vertex -1 -43.9125 19.5
    endloop
  endfacet
  facet normal 0 0 1
    outer loop
      vertex 1 -42 19.5
      vertex 0 -44 19.5
      vertex 1 -43.9125 19.5
    endloop
  endfacet
  facet normal -0 0 1
    outer loop
      vertex -1 -42 19.5
      vertex 0 -44 19.5
      vertex 1 -42 19.5
    endloop
  endfacet
  facet normal 0 0 1
    outer loop
      vertex 0 -44 19.5
      vertex -1 -42 19.5
      vertex -1 -43.9125 19.5
    endloop
  endfacet
  facet normal -1 0 0
    outer loop
      vertex 1 -43.9125 19.5
      vertex 1 -42 29.5
      vertex 1 -42 19.5
    endloop
  endfacet
  facet normal -1 -0 0
    outer loop
      vertex 1 -42 29.5
      vertex 1 -43.9125 19.5
      vertex 1 -43.9125 29.5
    endloop
  endfacet
  facet normal 0.258804 -0.96593 0
    outer loop
      vertex 9.90447 -40.8277 2.5
      vertex 11.8363 -40.3101 12.5
      vertex 9.90447 -40.8277 12.5
    endloop
  endfacet
  facet normal 0.258804 -0.96593 0
    outer loop
      vertex 11.8363 -40.3101 12.5
      vertex 9.90447 -40.8277 2.5
      vertex 11.8363 -40.3101 2.5
    endloop
  endfacet
  facet normal 0 0 -1
    outer loop
      vertex 10.3788 -42.5978 12.5
      vertex 11.8363 -40.3101 12.5
      vertex 12.3106 -42.0802 12.5
    endloop
  endfacet
  facet normal 0 0 -1
    outer loop
      vertex 11.8363 -40.3101 12.5
      vertex 10.3788 -42.5978 12.5
      vertex 9.90447 -40.8277 12.5
    endloop
  endfacet
  facet normal -0.965925 -0.258821 -1.03241e-18
    outer loop
      vertex 12.3106 -42.0802 2.5
      vertex 11.8363 -40.3101 12.5
      vertex 11.8363 -40.3101 2.5
    endloop
  endfacet
  facet normal -0.965925 -0.258821 -1.03241e-18
    outer loop
      vertex 11.8363 -40.3101 12.5
      vertex 12.3106 -42.0802 2.5
      vertex 12.3106 -42.0802 12.5
    endloop
  endfacet
  facet normal 0 0 1
    outer loop
      vertex 11.8363 -40.3101 2.5
      vertex 10.3788 -42.5978 2.5
      vertex 12.3106 -42.0802 2.5
    endloop
  endfacet
  facet normal 0 -0 1
    outer loop
      vertex 10.3788 -42.5978 2.5
      vertex 11.8363 -40.3101 2.5
      vertex 9.90447 -40.8277 2.5
    endloop
  endfacet
  facet normal 0.965921 0.258836 1.40809e-18
    outer loop
      vertex 10.3788 -42.5978 12.5
      vertex 9.90447 -40.8277 2.5
      vertex 9.90447 -40.8277 12.5
    endloop
  endfacet
  facet normal 0.965921 0.258836 1.40809e-18
    outer loop
      vertex 9.90447 -40.8277 2.5
      vertex 10.3788 -42.5978 12.5
      vertex 10.3788 -42.5978 2.5
    endloop
  endfacet
  facet normal 0.17365 -0.984807 0
    outer loop
      vertex 6.30842 -41.5356 19.5
      vertex 8.27803 -41.1883 29.5
      vertex 6.30842 -41.5356 29.5
    endloop
  endfacet
  facet normal 0.17365 -0.984807 0
    outer loop
      vertex 8.27803 -41.1883 29.5
      vertex 6.30842 -41.5356 19.5
      vertex 8.27803 -41.1883 19.5
    endloop
  endfacet
  facet normal 0 0 -1
    outer loop
      vertex 7.64052 -43.3315 29.5
      vertex 8.27803 -41.1883 29.5
      vertex 8.61014 -43.0717 29.5
    endloop
  endfacet
  facet normal 0 0 -1
    outer loop
      vertex 6.30842 -41.5356 29.5
      vertex 7.64052 -43.3315 29.5
      vertex 6.64052 -43.419 29.5
    endloop
  endfacet
  facet normal 0 0 -1
    outer loop
      vertex 7.64052 -43.3315 29.5
      vertex 6.30842 -41.5356 29.5
      vertex 8.27803 -41.1883 29.5
    endloop
  endfacet
  facet normal -0.984806 -0.173656 1.57886e-18
    outer loop
      vertex 8.61014 -43.0717 19.5
      vertex 8.27803 -41.1883 29.5
      vertex 8.27803 -41.1883 19.5
    endloop
  endfacet
  facet normal -0.984806 -0.173656 1.57886e-18
    outer loop
      vertex 8.27803 -41.1883 29.5
      vertex 8.61014 -43.0717 19.5
      vertex 8.61014 -43.0717 29.5
    endloop
  endfacet
  facet normal 0 0 1
    outer loop
      vertex 8.27803 -41.1883 19.5
      vertex 7.64052 -43.3315 19.5
      vertex 8.61014 -43.0717 19.5
    endloop
  endfacet
  facet normal -0 0 1
    outer loop
      vertex 6.30842 -41.5356 19.5
      vertex 7.64052 -43.3315 19.5
      vertex 8.27803 -41.1883 19.5
    endloop
  endfacet
  facet normal 0 0 1
    outer loop
      vertex 7.64052 -43.3315 19.5
      vertex 6.30842 -41.5356 19.5
      vertex 6.64052 -43.419 19.5
    endloop
  endfacet
  facet normal 0.984807 0.173651 -2.04373e-18
    outer loop
      vertex 6.64052 -43.419 29.5
      vertex 6.30842 -41.5356 19.5
      vertex 6.30842 -41.5356 29.5
    endloop
  endfacet
  facet normal 0.984807 0.173651 -2.04373e-18
    outer loop
      vertex 6.30842 -41.5356 19.5
      vertex 6.64052 -43.419 29.5
      vertex 6.64052 -43.419 19.5
    endloop
  endfacet
  facet normal 0.422606 -0.906313 0
    outer loop
      vertex 16.8437 -38.4875 2.5
      vertex 18.6563 -37.6423 12.5
      vertex 16.8437 -38.4875 12.5
    endloop
  endfacet
  facet normal 0.422606 -0.906313 0
    outer loop
      vertex 18.6563 -37.6423 12.5
      vertex 16.8437 -38.4875 2.5
      vertex 18.6563 -37.6423 2.5
    endloop
  endfacet
  facet normal 0 0 -1
    outer loop
      vertex 17.6181 -40.1484 12.5
      vertex 18.6563 -37.6423 12.5
      vertex 19.4307 -39.3032 12.5
    endloop
  endfacet
  facet normal 0 0 -1
    outer loop
      vertex 18.6563 -37.6423 12.5
      vertex 17.6181 -40.1484 12.5
      vertex 16.8437 -38.4875 12.5
    endloop
  endfacet
  facet normal -0.906327 -0.422578 2.92266e-18
    outer loop
      vertex 19.4307 -39.3032 2.5
      vertex 18.6563 -37.6423 12.5
      vertex 18.6563 -37.6423 2.5
    endloop
  endfacet
  facet normal -0.906327 -0.422578 2.92266e-18
    outer loop
      vertex 18.6563 -37.6423 12.5
      vertex 19.4307 -39.3032 2.5
      vertex 19.4307 -39.3032 12.5
    endloop
  endfacet
  facet normal 0 0 1
    outer loop
      vertex 18.6563 -37.6423 2.5
      vertex 17.6181 -40.1484 2.5
      vertex 19.4307 -39.3032 2.5
    endloop
  endfacet
  facet normal 0 -0 1
    outer loop
      vertex 17.6181 -40.1484 2.5
      vertex 18.6563 -37.6423 2.5
      vertex 16.8437 -38.4875 2.5
    endloop
  endfacet
  facet normal 0.906327 0.422578 2.66234e-19
    outer loop
      vertex 17.6181 -40.1484 12.5
      vertex 16.8437 -38.4875 2.5
      vertex 16.8437 -38.4875 12.5
    endloop
  endfacet
  facet normal 0.906327 0.422578 2.66234e-19
    outer loop
      vertex 16.8437 -38.4875 2.5
      vertex 17.6181 -40.1484 12.5
      vertex 17.6181 -40.1484 2.5
    endloop
  endfacet
  facet normal 0.342016 -0.939694 0
    outer loop
      vertex 13.4252 -39.8091 19.5
      vertex 15.3045 -39.1251 29.5
      vertex 13.4252 -39.8091 29.5
    endloop
  endfacet
  facet normal 0.342016 -0.939694 0
    outer loop
      vertex 15.3045 -39.1251 29.5
      vertex 13.4252 -39.8091 19.5
      vertex 15.3045 -39.1251 19.5
    endloop
  endfacet
  facet normal 0 0 -1
    outer loop
      vertex 15.0489 -41.3465 29.5
      vertex 15.3045 -39.1251 29.5
      vertex 15.9587 -40.9222 29.5
    endloop
  endfacet
  facet normal 0 0 -1
    outer loop
      vertex 13.4252 -39.8091 29.5
      vertex 15.0489 -41.3465 29.5
      vertex 14.0793 -41.6063 29.5
    endloop
  endfacet
  facet normal 0 0 -1
    outer loop
      vertex 15.0489 -41.3465 29.5
      vertex 13.4252 -39.8091 29.5
      vertex 15.3045 -39.1251 29.5
    endloop
  endfacet
  facet normal -0.939674 -0.342071 2.17127e-18
    outer loop
      vertex 15.9587 -40.9222 19.5
      vertex 15.3045 -39.1251 29.5
      vertex 15.3045 -39.1251 19.5
    endloop
  endfacet
  facet normal -0.939674 -0.342071 2.17127e-18
    outer loop
      vertex 15.3045 -39.1251 29.5
      vertex 15.9587 -40.9222 19.5
      vertex 15.9587 -40.9222 29.5
    endloop
  endfacet
  facet normal 0 0 1
    outer loop
      vertex 15.3045 -39.1251 19.5
      vertex 15.0489 -41.3465 19.5
      vertex 15.9587 -40.9222 19.5
    endloop
  endfacet
  facet normal -0 0 1
    outer loop
      vertex 13.4252 -39.8091 19.5
      vertex 15.0489 -41.3465 19.5
      vertex 15.3045 -39.1251 19.5
    endloop
  endfacet
  facet normal 0 0 1
    outer loop
      vertex 15.0489 -41.3465 19.5
      vertex 13.4252 -39.8091 19.5
      vertex 14.0793 -41.6063 19.5
    endloop
  endfacet
  facet normal 0.939697 0.342008 4.73356e-18
    outer loop
      vertex 14.0793 -41.6063 29.5
      vertex 13.4252 -39.8091 19.5
      vertex 13.4252 -39.8091 29.5
    endloop
  endfacet
  facet normal 0.939697 0.342008 4.73356e-18
    outer loop
      vertex 13.4252 -39.8091 19.5
      vertex 14.0793 -41.6063 29.5
      vertex 14.0793 -41.6063 19.5
    endloop
  endfacet
  facet normal 0.573593 -0.81914 0
    outer loop
      vertex 23.2711 -34.978 2.5
      vertex 24.9094 -33.8308 12.5
      vertex 23.2711 -34.978 12.5
    endloop
  endfacet
  facet normal 0.573593 -0.81914 0
    outer loop
      vertex 24.9094 -33.8308 12.5
      vertex 23.2711 -34.978 2.5
      vertex 24.9094 -33.8308 2.5
    endloop
  endfacet
  facet normal 0 0 -1
    outer loop
      vertex 24.3222 -36.4791 12.5
      vertex 24.9094 -33.8308 12.5
      vertex 25.9605 -35.332 12.5
    endloop
  endfacet
  facet normal 0 0 -1
    outer loop
      vertex 24.9094 -33.8308 12.5
      vertex 24.3222 -36.4791 12.5
      vertex 23.2711 -34.978 12.5
    endloop
  endfacet
  facet normal -0.819165 -0.573558 -3.57339e-18
    outer loop
      vertex 25.9605 -35.332 2.5
      vertex 24.9094 -33.8308 12.5
      vertex 24.9094 -33.8308 2.5
    endloop
  endfacet
  facet normal -0.819165 -0.573558 -3.57339e-18
    outer loop
      vertex 24.9094 -33.8308 12.5
      vertex 25.9605 -35.332 2.5
      vertex 25.9605 -35.332 12.5
    endloop
  endfacet
  facet normal 0 0 1
    outer loop
      vertex 24.9094 -33.8308 2.5
      vertex 24.3222 -36.4791 2.5
      vertex 25.9605 -35.332 2.5
    endloop
  endfacet
  facet normal 0 -0 1
    outer loop
      vertex 24.3222 -36.4791 2.5
      vertex 24.9094 -33.8308 2.5
      vertex 23.2711 -34.978 2.5
    endloop
  endfacet
  facet normal 0.819147 0.573583 -3.46705e-18
    outer loop
      vertex 24.3222 -36.4791 12.5
      vertex 23.2711 -34.978 2.5
      vertex 23.2711 -34.978 12.5
    endloop
  endfacet
  facet normal 0.819147 0.573583 -3.46705e-18
    outer loop
      vertex 23.2711 -34.978 2.5
      vertex 24.3222 -36.4791 12.5
      vertex 24.3222 -36.4791 2.5
    endloop
  endfacet
  facet normal 0.500011 -0.866019 0
    outer loop
      vertex 20.134 -36.8731 19.5
      vertex 21.866 -35.8731 29.5
      vertex 20.134 -36.8731 29.5
    endloop
  endfacet
  facet normal 0.500011 -0.866019 0
    outer loop
      vertex 21.866 -35.8731 29.5
      vertex 20.134 -36.8731 19.5
      vertex 21.866 -35.8731 19.5
    endloop
  endfacet
  facet normal 0 0 -1
    outer loop
      vertex 22 -38.1051 29.5
      vertex 21.866 -35.8731 29.5
      vertex 22.8223 -37.5294 29.5
    endloop
  endfacet
  facet normal 0 0 -1
    outer loop
      vertex 20.134 -36.8731 29.5
      vertex 22 -38.1051 29.5
      vertex 21.0902 -38.5294 29.5
    endloop
  endfacet
  facet normal 0 0 -1
    outer loop
      vertex 22 -38.1051 29.5
      vertex 20.134 -36.8731 29.5
      vertex 21.866 -35.8731 29.5
    endloop
  endfacet
  facet normal 0 0 1
    outer loop
      vertex 21.866 -35.8731 19.5
      vertex 22 -38.1051 19.5
      vertex 22.8223 -37.5294 19.5
    endloop
  endfacet
  facet normal -0 0 1
    outer loop
      vertex 20.134 -36.8731 19.5
      vertex 22 -38.1051 19.5
      vertex 21.866 -35.8731 19.5
    endloop
  endfacet
  facet normal 0 0 1
    outer loop
      vertex 22 -38.1051 19.5
      vertex 20.134 -36.8731 19.5
      vertex 21.0902 -38.5294 19.5
    endloop
  endfacet
  facet normal 0.86604 0.499974 2.68145e-18
    outer loop
      vertex 21.0902 -38.5294 29.5
      vertex 20.134 -36.8731 19.5
      vertex 20.134 -36.8731 29.5
    endloop
  endfacet
  facet normal 0.86604 0.499974 2.68145e-18
    outer loop
      vertex 20.134 -36.8731 19.5
      vertex 21.0902 -38.5294 29.5
      vertex 21.0902 -38.5294 19.5
    endloop
  endfacet
  facet normal -0.866018 -0.500014 -1.52493e-18
    outer loop
      vertex 22.8223 -37.5294 19.5
      vertex 21.866 -35.8731 29.5
      vertex 21.866 -35.8731 19.5
    endloop
  endfacet
  facet normal -0.866018 -0.500014 -1.52493e-18
    outer loop
      vertex 21.866 -35.8731 29.5
      vertex 22.8223 -37.5294 19.5
      vertex 22.8223 -37.5294 29.5
    endloop
  endfacet
  facet normal 0.707107 -0.707107 4.87896e-19
    outer loop
      vertex 28.9914 -30.4056 12.5
      vertex 30.4056 -28.9914 2.5
      vertex 30.4056 -28.9914 12.5
    endloop
  endfacet
  facet normal 0.707107 -0.707107 4.87896e-19
    outer loop
      vertex 30.4056 -28.9914 2.5
      vertex 28.9914 -30.4056 12.5
      vertex 28.9914 -30.4056 2.5
    endloop
  endfacet
  facet normal 0 0 -1
    outer loop
      vertex 30.2872 -31.7014 12.5
      vertex 30.4056 -28.9914 12.5
      vertex 31.7014 -30.2872 12.5
    endloop
  endfacet
  facet normal 0 0 -1
    outer loop
      vertex 30.4056 -28.9914 12.5
      vertex 30.2872 -31.7014 12.5
      vertex 28.9914 -30.4056 12.5
    endloop
  endfacet
  facet normal 0 0 1
    outer loop
      vertex 30.4056 -28.9914 2.5
      vertex 30.2872 -31.7014 2.5
      vertex 31.7014 -30.2872 2.5
    endloop
  endfacet
  facet normal 0 -0 1
    outer loop
      vertex 30.2872 -31.7014 2.5
      vertex 30.4056 -28.9914 2.5
      vertex 28.9914 -30.4056 2.5
    endloop
  endfacet
  facet normal 0.707107 0.707107 4.62071e-18
    outer loop
      vertex 30.2872 -31.7014 12.5
      vertex 28.9914 -30.4056 2.5
      vertex 28.9914 -30.4056 12.5
    endloop
  endfacet
  facet normal 0.707107 0.707107 4.62071e-18
    outer loop
      vertex 28.9914 -30.4056 2.5
      vertex 30.2872 -31.7014 12.5
      vertex 30.2872 -31.7014 2.5
    endloop
  endfacet
  facet normal -0.707107 -0.707107 0
    outer loop
      vertex 30.4056 -28.9914 2.5
      vertex 31.7014 -30.2872 12.5
      vertex 30.4056 -28.9914 12.5
    endloop
  endfacet
  facet normal -0.707107 -0.707107 -0
    outer loop
      vertex 31.7014 -30.2872 12.5
      vertex 30.4056 -28.9914 2.5
      vertex 31.7014 -30.2872 2.5
    endloop
  endfacet
  facet normal 0.642792 -0.766041 0
    outer loop
      vertex 26.231 -32.8167 19.5
      vertex 27.7631 -31.5311 29.5
      vertex 26.231 -32.8167 29.5
    endloop
  endfacet
  facet normal 0.642792 -0.766041 0
    outer loop
      vertex 27.7631 -31.5311 29.5
      vertex 26.231 -32.8167 19.5
      vertex 27.7631 -31.5311 19.5
    endloop
  endfacet
  facet normal 0 0 -1
    outer loop
      vertex 28.2827 -33.706 29.5
      vertex 27.7631 -31.5311 29.5
      vertex 28.9925 -32.9961 29.5
    endloop
  endfacet
  facet normal 0 0 -1
    outer loop
      vertex 26.231 -32.8167 29.5
      vertex 28.2827 -33.706 29.5
      vertex 27.4604 -34.2817 29.5
    endloop
  endfacet
  facet normal 0 0 -1
    outer loop
      vertex 28.2827 -33.706 29.5
      vertex 26.231 -32.8167 29.5
      vertex 27.7631 -31.5311 29.5
    endloop
  endfacet
  facet normal -0.766014 -0.642824 4.796e-18
    outer loop
      vertex 28.9925 -32.9961 19.5
      vertex 27.7631 -31.5311 29.5
      vertex 27.7631 -31.5311 19.5
    endloop
  endfacet
  facet normal -0.766014 -0.642824 4.796e-18
    outer loop
      vertex 27.7631 -31.5311 29.5
      vertex 28.9925 -32.9961 19.5
      vertex 28.9925 -32.9961 29.5
    endloop
  endfacet
  facet normal 0 0 1
    outer loop
      vertex 27.7631 -31.5311 19.5
      vertex 28.2827 -33.706 19.5
      vertex 28.9925 -32.9961 19.5
    endloop
  endfacet
  facet normal -0 0 1
    outer loop
      vertex 26.231 -32.8167 19.5
      vertex 28.2827 -33.706 19.5
      vertex 27.7631 -31.5311 19.5
    endloop
  endfacet
  facet normal 0 0 1
    outer loop
      vertex 28.2827 -33.706 19.5
      vertex 26.231 -32.8167 19.5
      vertex 27.4604 -34.2817 19.5
    endloop
  endfacet
  facet normal 0.766014 0.642824 9.69405e-19
    outer loop
      vertex 27.4604 -34.2817 29.5
      vertex 26.231 -32.8167 19.5
      vertex 26.231 -32.8167 29.5
    endloop
  endfacet
  facet normal 0.766014 0.642824 9.69405e-19
    outer loop
      vertex 26.231 -32.8167 19.5
      vertex 27.4604 -34.2817 29.5
      vertex 27.4604 -34.2817 19.5
    endloop
  endfacet
  facet normal 0.81914 -0.573593 -4.33676e-18
    outer loop
      vertex 33.8308 -24.9094 12.5
      vertex 34.978 -23.2711 2.5
      vertex 34.978 -23.2711 12.5
    endloop
  endfacet
  facet normal 0.81914 -0.573593 -4.33676e-18
    outer loop
      vertex 34.978 -23.2711 2.5
      vertex 33.8308 -24.9094 12.5
      vertex 33.8308 -24.9094 2.5
    endloop
  endfacet
  facet normal 0 0 -1
    outer loop
      vertex 35.332 -25.9605 12.5
      vertex 34.978 -23.2711 12.5
      vertex 36.4791 -24.3222 12.5
    endloop
  endfacet
  facet normal 0 -0 -1
    outer loop
      vertex 34.978 -23.2711 12.5
      vertex 35.332 -25.9605 12.5
      vertex 33.8308 -24.9094 12.5
    endloop
  endfacet
  facet normal -0.573583 -0.819147 0
    outer loop
      vertex 34.978 -23.2711 2.5
      vertex 36.4791 -24.3222 12.5
      vertex 34.978 -23.2711 12.5
    endloop
  endfacet
  facet normal -0.573583 -0.819147 -0
    outer loop
      vertex 36.4791 -24.3222 12.5
      vertex 34.978 -23.2711 2.5
      vertex 36.4791 -24.3222 2.5
    endloop
  endfacet
  facet normal 0 0 1
    outer loop
      vertex 34.978 -23.2711 2.5
      vertex 35.332 -25.9605 2.5
      vertex 36.4791 -24.3222 2.5
    endloop
  endfacet
  facet normal 0 0 1
    outer loop
      vertex 35.332 -25.9605 2.5
      vertex 34.978 -23.2711 2.5
      vertex 33.8308 -24.9094 2.5
    endloop
  endfacet
  facet normal 0.573558 0.819165 -0
    outer loop
      vertex 35.332 -25.9605 2.5
      vertex 33.8308 -24.9094 12.5
      vertex 35.332 -25.9605 12.5
    endloop
  endfacet
  facet normal 0.573558 0.819165 0
    outer loop
      vertex 33.8308 -24.9094 12.5
      vertex 35.332 -25.9605 2.5
      vertex 33.8308 -24.9094 2.5
    endloop
  endfacet
  facet normal 0.766041 -0.642792 3.40435e-18
    outer loop
      vertex 31.5311 -27.7631 29.5
      vertex 32.8167 -26.231 19.5
      vertex 32.8167 -26.231 29.5
    endloop
  endfacet
  facet normal 0.766041 -0.642792 3.40435e-18
    outer loop
      vertex 32.8167 -26.231 19.5
      vertex 31.5311 -27.7631 29.5
      vertex 31.5311 -27.7631 19.5
    endloop
  endfacet
  facet normal 0 0 -1
    outer loop
      vertex 31.5311 -27.7631 29.5
      vertex 33.706 -28.2827 29.5
      vertex 32.9961 -28.9925 29.5
    endloop
  endfacet
  facet normal 0 0 -1
    outer loop
      vertex 33.706 -28.2827 29.5
      vertex 32.8167 -26.231 29.5
      vertex 34.2817 -27.4604 29.5
    endloop
  endfacet
  facet normal 0 0 -1
    outer loop
      vertex 33.706 -28.2827 29.5
      vertex 31.5311 -27.7631 29.5
      vertex 32.8167 -26.231 29.5
    endloop
  endfacet
  facet normal -0.642824 -0.766014 0
    outer loop
      vertex 32.8167 -26.231 19.5
      vertex 34.2817 -27.4604 29.5
      vertex 32.8167 -26.231 29.5
    endloop
  endfacet
  facet normal -0.642824 -0.766014 -0
    outer loop
      vertex 34.2817 -27.4604 29.5
      vertex 32.8167 -26.231 19.5
      vertex 34.2817 -27.4604 19.5
    endloop
  endfacet
  facet normal 0 0 1
    outer loop
      vertex 32.8167 -26.231 19.5
      vertex 33.706 -28.2827 19.5
      vertex 34.2817 -27.4604 19.5
    endloop
  endfacet
  facet normal -0 0 1
    outer loop
      vertex 31.5311 -27.7631 19.5
      vertex 33.706 -28.2827 19.5
      vertex 32.8167 -26.231 19.5
    endloop
  endfacet
  facet normal 0 0 1
    outer loop
      vertex 33.706 -28.2827 19.5
      vertex 31.5311 -27.7631 19.5
      vertex 32.9961 -28.9925 19.5
    endloop
  endfacet
  facet normal 0.642824 0.766014 -0
    outer loop
      vertex 32.9961 -28.9925 19.5
      vertex 31.5311 -27.7631 29.5
      vertex 32.9961 -28.9925 29.5
    endloop
  endfacet
  facet normal 0.642824 0.766014 0
    outer loop
      vertex 31.5311 -27.7631 29.5
      vertex 32.9961 -28.9925 19.5
      vertex 31.5311 -27.7631 19.5
    endloop
  endfacet
  facet normal 0.906313 -0.422606 1.13843e-19
    outer loop
      vertex 37.6423 -18.6563 12.5
      vertex 38.4875 -16.8437 2.5
      vertex 38.4875 -16.8437 12.5
    endloop
  endfacet
  facet normal 0.906313 -0.422606 1.13843e-19
    outer loop
      vertex 38.4875 -16.8437 2.5
      vertex 37.6423 -18.6563 12.5
      vertex 37.6423 -18.6563 2.5
    endloop
  endfacet
  facet normal 0 0 -1
    outer loop
      vertex 39.3032 -19.4307 12.5
      vertex 38.4875 -16.8437 12.5
      vertex 40.1484 -17.6181 12.5
    endloop
  endfacet
  facet normal 0 -0 -1
    outer loop
      vertex 38.4875 -16.8437 12.5
      vertex 39.3032 -19.4307 12.5
      vertex 37.6423 -18.6563 12.5
    endloop
  endfacet
  facet normal 0 0 1
    outer loop
      vertex 38.4875 -16.8437 2.5
      vertex 39.3032 -19.4307 2.5
      vertex 40.1484 -17.6181 2.5
    endloop
  endfacet
  facet normal 0 0 1
    outer loop
      vertex 39.3032 -19.4307 2.5
      vertex 38.4875 -16.8437 2.5
      vertex 37.6423 -18.6563 2.5
    endloop
  endfacet
  facet normal 0.422578 0.906327 -0
    outer loop
      vertex 39.3032 -19.4307 2.5
      vertex 37.6423 -18.6563 12.5
      vertex 39.3032 -19.4307 12.5
    endloop
  endfacet
  facet normal 0.422578 0.906327 0
    outer loop
      vertex 37.6423 -18.6563 12.5
      vertex 39.3032 -19.4307 2.5
      vertex 37.6423 -18.6563 2.5
    endloop
  endfacet
  facet normal -0.422578 -0.906327 0
    outer loop
      vertex 38.4875 -16.8437 2.5
      vertex 40.1484 -17.6181 12.5
      vertex 38.4875 -16.8437 12.5
    endloop
  endfacet
  facet normal -0.422578 -0.906327 -0
    outer loop
      vertex 40.1484 -17.6181 12.5
      vertex 38.4875 -16.8437 2.5
      vertex 40.1484 -17.6181 2.5
    endloop
  endfacet
  facet normal 0.866019 -0.500011 0
    outer loop
      vertex 35.8731 -21.866 29.5
      vertex 36.8731 -20.134 19.5
      vertex 36.8731 -20.134 29.5
    endloop
  endfacet
  facet normal 0.866019 -0.500011 0
    outer loop
      vertex 36.8731 -20.134 19.5
      vertex 35.8731 -21.866 29.5
      vertex 35.8731 -21.866 19.5
    endloop
  endfacet
  facet normal 0 0 -1
    outer loop
      vertex 35.8731 -21.866 29.5
      vertex 38.1051 -22 29.5
      vertex 37.5294 -22.8223 29.5
    endloop
  endfacet
  facet normal 0 0 -1
    outer loop
      vertex 38.1051 -22 29.5
      vertex 36.8731 -20.134 29.5
      vertex 38.5294 -21.0902 29.5
    endloop
  endfacet
  facet normal 0 0 -1
    outer loop
      vertex 38.1051 -22 29.5
      vertex 35.8731 -21.866 29.5
      vertex 36.8731 -20.134 29.5
    endloop
  endfacet
  facet normal 0 0 1
    outer loop
      vertex 36.8731 -20.134 19.5
      vertex 38.1051 -22 19.5
      vertex 38.5294 -21.0902 19.5
    endloop
  endfacet
  facet normal -0 0 1
    outer loop
      vertex 35.8731 -21.866 19.5
      vertex 38.1051 -22 19.5
      vertex 36.8731 -20.134 19.5
    endloop
  endfacet
  facet normal 0 0 1
    outer loop
      vertex 38.1051 -22 19.5
      vertex 35.8731 -21.866 19.5
      vertex 37.5294 -22.8223 19.5
    endloop
  endfacet
  facet normal 0.500014 0.866018 -0
    outer loop
      vertex 37.5294 -22.8223 19.5
      vertex 35.8731 -21.866 29.5
      vertex 37.5294 -22.8223 29.5
    endloop
  endfacet
  facet normal 0.500014 0.866018 0
    outer loop
      vertex 35.8731 -21.866 29.5
      vertex 37.5294 -22.8223 19.5
      vertex 35.8731 -21.866 19.5
    endloop
  endfacet
  facet normal -0.499974 -0.86604 0
    outer loop
      vertex 36.8731 -20.134 19.5
      vertex 38.5294 -21.0902 29.5
      vertex 36.8731 -20.134 29.5
    endloop
  endfacet
  facet normal -0.499974 -0.86604 -0
    outer loop
      vertex 38.5294 -21.0902 29.5
      vertex 36.8731 -20.134 19.5
      vertex 38.5294 -21.0902 19.5
    endloop
  endfacet
  facet normal 0.96593 -0.258804 1.3363e-18
    outer loop
      vertex 40.3101 -11.8363 12.5
      vertex 40.8277 -9.90447 2.5
      vertex 40.8277 -9.90447 12.5
    endloop
  endfacet
  facet normal 0.96593 -0.258804 1.3363e-18
    outer loop
      vertex 40.8277 -9.90447 2.5
      vertex 40.3101 -11.8363 12.5
      vertex 40.3101 -11.8363 2.5
    endloop
  endfacet
  facet normal 0 0 -1
    outer loop
      vertex 42.0802 -12.3106 12.5
      vertex 40.8277 -9.90447 12.5
      vertex 42.5978 -10.3788 12.5
    endloop
  endfacet
  facet normal 0 -0 -1
    outer loop
      vertex 40.8277 -9.90447 12.5
      vertex 42.0802 -12.3106 12.5
      vertex 40.3101 -11.8363 12.5
    endloop
  endfacet
  facet normal -0.258836 -0.965921 0
    outer loop
      vertex 40.8277 -9.90447 2.5
      vertex 42.5978 -10.3788 12.5
      vertex 40.8277 -9.90447 12.5
    endloop
  endfacet
  facet normal -0.258836 -0.965921 -0
    outer loop
      vertex 42.5978 -10.3788 12.5
      vertex 40.8277 -9.90447 2.5
      vertex 42.5978 -10.3788 2.5
    endloop
  endfacet
  facet normal 0 0 1
    outer loop
      vertex 40.8277 -9.90447 2.5
      vertex 42.0802 -12.3106 2.5
      vertex 42.5978 -10.3788 2.5
    endloop
  endfacet
  facet normal 0 0 1
    outer loop
      vertex 42.0802 -12.3106 2.5
      vertex 40.8277 -9.90447 2.5
      vertex 40.3101 -11.8363 2.5
    endloop
  endfacet
  facet normal 0.258821 0.965925 -0
    outer loop
      vertex 42.0802 -12.3106 2.5
      vertex 40.3101 -11.8363 12.5
      vertex 42.0802 -12.3106 12.5
    endloop
  endfacet
  facet normal 0.258821 0.965925 0
    outer loop
      vertex 40.3101 -11.8363 12.5
      vertex 42.0802 -12.3106 2.5
      vertex 40.3101 -11.8363 2.5
    endloop
  endfacet
  facet normal 0.939694 -0.342016 -1.7348e-19
    outer loop
      vertex 39.1251 -15.3045 29.5
      vertex 39.8091 -13.4252 19.5
      vertex 39.8091 -13.4252 29.5
    endloop
  endfacet
  facet normal 0.939694 -0.342016 -1.7348e-19
    outer loop
      vertex 39.8091 -13.4252 19.5
      vertex 39.1251 -15.3045 29.5
      vertex 39.1251 -15.3045 19.5
    endloop
  endfacet
  facet normal 0 0 -1
    outer loop
      vertex 39.1251 -15.3045 29.5
      vertex 41.3465 -15.0489 29.5
      vertex 40.9222 -15.9587 29.5
    endloop
  endfacet
  facet normal 0 0 -1
    outer loop
      vertex 41.3465 -15.0489 29.5
      vertex 39.8091 -13.4252 29.5
      vertex 41.6063 -14.0793 29.5
    endloop
  endfacet
  facet normal -0 0 -1
    outer loop
      vertex 41.3465 -15.0489 29.5
      vertex 39.1251 -15.3045 29.5
      vertex 39.8091 -13.4252 29.5
    endloop
  endfacet
  facet normal -0.342008 -0.939697 0
    outer loop
      vertex 39.8091 -13.4252 19.5
      vertex 41.6063 -14.0793 29.5
      vertex 39.8091 -13.4252 29.5
    endloop
  endfacet
  facet normal -0.342008 -0.939697 -0
    outer loop
      vertex 41.6063 -14.0793 29.5
      vertex 39.8091 -13.4252 19.5
      vertex 41.6063 -14.0793 19.5
    endloop
  endfacet
  facet normal 0 0 1
    outer loop
      vertex 39.8091 -13.4252 19.5
      vertex 41.3465 -15.0489 19.5
      vertex 41.6063 -14.0793 19.5
    endloop
  endfacet
  facet normal 0 0 1
    outer loop
      vertex 39.1251 -15.3045 19.5
      vertex 41.3465 -15.0489 19.5
      vertex 39.8091 -13.4252 19.5
    endloop
  endfacet
  facet normal 0 0 1
    outer loop
      vertex 41.3465 -15.0489 19.5
      vertex 39.1251 -15.3045 19.5
      vertex 40.9222 -15.9587 19.5
    endloop
  endfacet
  facet normal 0.342071 0.939674 -0
    outer loop
      vertex 40.9222 -15.9587 19.5
      vertex 39.1251 -15.3045 29.5
      vertex 40.9222 -15.9587 29.5
    endloop
  endfacet
  facet normal 0.342071 0.939674 0
    outer loop
      vertex 39.1251 -15.3045 29.5
      vertex 40.9222 -15.9587 19.5
      vertex 39.1251 -15.3045 19.5
    endloop
  endfacet
  facet normal 0.996195 -0.08715 8.57875e-19
    outer loop
      vertex 41.753 -4.65674 12.5
      vertex 41.9273 -2.66435 2.5
      vertex 41.9273 -2.66435 12.5
    endloop
  endfacet
  facet normal 0.996195 -0.08715 8.57875e-19
    outer loop
      vertex 41.9273 -2.66435 2.5
      vertex 41.753 -4.65674 12.5
      vertex 41.753 -4.65674 2.5
    endloop
  endfacet
  facet normal 0 0 -1
    outer loop
      vertex 43.5786 -4.81645 12.5
      vertex 41.9273 -2.66435 12.5
      vertex 43.7529 -2.82406 12.5
    endloop
  endfacet
  facet normal 0 -0 -1
    outer loop
      vertex 41.9273 -2.66435 12.5
      vertex 43.5786 -4.81645 12.5
      vertex 41.753 -4.65674 12.5
    endloop
  endfacet
  facet normal 0 0 1
    outer loop
      vertex 41.9273 -2.66435 2.5
      vertex 43.5786 -4.81645 2.5
      vertex 43.7529 -2.82406 2.5
    endloop
  endfacet
  facet normal 0 0 1
    outer loop
      vertex 43.5786 -4.81645 2.5
      vertex 41.9273 -2.66435 2.5
      vertex 41.753 -4.65674 2.5
    endloop
  endfacet
  facet normal 0.0871507 0.996195 -0
    outer loop
      vertex 43.5786 -4.81645 2.5
      vertex 41.753 -4.65674 12.5
      vertex 43.5786 -4.81645 12.5
    endloop
  endfacet
  facet normal 0.0871507 0.996195 0
    outer loop
      vertex 41.753 -4.65674 12.5
      vertex 43.5786 -4.81645 2.5
      vertex 41.753 -4.65674 2.5
    endloop
  endfacet
  facet normal -0.0871507 -0.996195 0
    outer loop
      vertex 41.9273 -2.66435 2.5
      vertex 43.7529 -2.82406 12.5
      vertex 41.9273 -2.66435 12.5
    endloop
  endfacet
  facet normal -0.0871507 -0.996195 -0
    outer loop
      vertex 43.7529 -2.82406 12.5
      vertex 41.9273 -2.66435 2.5
      vertex 43.7529 -2.82406 2.5
    endloop
  endfacet
  facet normal 0.984807 -0.17365 1.45554e-18
    outer loop
      vertex 41.1883 -8.27803 29.5
      vertex 41.5356 -6.30842 19.5
      vertex 41.5356 -6.30842 29.5
    endloop
  endfacet
  facet normal 0.984807 -0.17365 1.45554e-18
    outer loop
      vertex 41.5356 -6.30842 19.5
      vertex 41.1883 -8.27803 29.5
      vertex 41.1883 -8.27803 19.5
    endloop
  endfacet
  facet normal 0 0 -1
    outer loop
      vertex 41.1883 -8.27803 29.5
      vertex 43.3315 -7.64052 29.5
      vertex 43.0717 -8.61014 29.5
    endloop
  endfacet
  facet normal 0 0 -1
    outer loop
      vertex 43.3315 -7.64052 29.5
      vertex 41.5356 -6.30842 29.5
      vertex 43.419 -6.64052 29.5
    endloop
  endfacet
  facet normal -0 0 -1
    outer loop
      vertex 43.3315 -7.64052 29.5
      vertex 41.1883 -8.27803 29.5
      vertex 41.5356 -6.30842 29.5
    endloop
  endfacet
  facet normal -0.173651 -0.984807 0
    outer loop
      vertex 41.5356 -6.30842 19.5
      vertex 43.419 -6.64052 29.5
      vertex 41.5356 -6.30842 29.5
    endloop
  endfacet
  facet normal -0.173651 -0.984807 -0
    outer loop
      vertex 43.419 -6.64052 29.5
      vertex 41.5356 -6.30842 19.5
      vertex 43.419 -6.64052 19.5
    endloop
  endfacet
  facet normal 0 0 1
    outer loop
      vertex 41.5356 -6.30842 19.5
      vertex 43.3315 -7.64052 19.5
      vertex 43.419 -6.64052 19.5
    endloop
  endfacet
  facet normal 0 0 1
    outer loop
      vertex 41.1883 -8.27803 19.5
      vertex 43.3315 -7.64052 19.5
      vertex 41.5356 -6.30842 19.5
    endloop
  endfacet
  facet normal 0 0 1
    outer loop
      vertex 43.3315 -7.64052 19.5
      vertex 41.1883 -8.27803 19.5
      vertex 43.0717 -8.61014 19.5
    endloop
  endfacet
  facet normal 0.173656 0.984806 -0
    outer loop
      vertex 43.0717 -8.61014 19.5
      vertex 41.1883 -8.27803 29.5
      vertex 43.0717 -8.61014 29.5
    endloop
  endfacet
  facet normal 0.173656 0.984806 0
    outer loop
      vertex 41.1883 -8.27803 29.5
      vertex 43.0717 -8.61014 19.5
      vertex 41.1883 -8.27803 19.5
    endloop
  endfacet
  facet normal -0.5 -0.866026 0
    outer loop
      vertex 28 3.69504 0
      vertex 31.2 1.84752 32
      vertex 28 3.69504 32
    endloop
  endfacet
  facet normal -0.5 -0.866026 -0
    outer loop
      vertex 31.2 1.84752 32
      vertex 28 3.69504 0
      vertex 31.2 1.84752 0
    endloop
  endfacet
  facet normal 1 -0 0
    outer loop
      vertex 24.8 -1.84752 32
      vertex 24.8 1.84752 0
      vertex 24.8 1.84752 32
    endloop
  endfacet
  facet normal 1 0 0
    outer loop
      vertex 24.8 1.84752 0
      vertex 24.8 -1.84752 32
      vertex 24.8 -1.84752 0
    endloop
  endfacet
  facet normal 0.5 -0.866026 0
    outer loop
      vertex 24.8 1.84752 0
      vertex 28 3.69504 32
      vertex 24.8 1.84752 32
    endloop
  endfacet
  facet normal 0.5 -0.866026 0
    outer loop
      vertex 28 3.69504 32
      vertex 24.8 1.84752 0
      vertex 28 3.69504 0
    endloop
  endfacet
  facet normal -1 0 0
    outer loop
      vertex 31.2 -1.84752 0
      vertex 31.2 1.84752 32
      vertex 31.2 1.84752 0
    endloop
  endfacet
  facet normal -1 -0 0
    outer loop
      vertex 31.2 1.84752 32
      vertex 31.2 -1.84752 0
      vertex 31.2 -1.84752 32
    endloop
  endfacet
  facet normal -0.5 0.866026 0
    outer loop
      vertex 31.2 -1.84752 0
      vertex 28 -3.69504 32
      vertex 31.2 -1.84752 32
    endloop
  endfacet
  facet normal -0.5 0.866026 0
    outer loop
      vertex 28 -3.69504 32
      vertex 31.2 -1.84752 0
      vertex 28 -3.69504 0
    endloop
  endfacet
  facet normal 0.5 0.866026 -0
    outer loop
      vertex 28 -3.69504 0
      vertex 24.8 -1.84752 32
      vertex 28 -3.69504 32
    endloop
  endfacet
  facet normal 0.5 0.866026 0
    outer loop
      vertex 24.8 -1.84752 32
      vertex 28 -3.69504 0
      vertex 24.8 -1.84752 0
    endloop
  endfacet
  facet normal -0.173665 -0.984805 0
    outer loop
      vertex 25.0476 13.0488 0
      vertex 28.6865 12.4071 32
      vertex 25.0476 13.0488 32
    endloop
  endfacet
  facet normal -0.173665 -0.984805 -0
    outer loop
      vertex 28.6865 12.4071 32
      vertex 25.0476 13.0488 0
      vertex 28.6865 12.4071 0
    endloop
  endfacet
  facet normal 0.766052 -0.642779 2.77649e-18
    outer loop
      vertex 22.6725 10.2182 32
      vertex 25.0476 13.0488 0
      vertex 25.0476 13.0488 32
    endloop
  endfacet
  facet normal 0.766052 -0.642779 2.77649e-18
    outer loop
      vertex 25.0476 13.0488 0
      vertex 22.6725 10.2182 32
      vertex 22.6725 10.2182 0
    endloop
  endfacet
  facet normal 0.939691 0.342026 2.90853e-18
    outer loop
      vertex 23.9363 6.746 32
      vertex 22.6725 10.2182 0
      vertex 22.6725 10.2182 32
    endloop
  endfacet
  facet normal 0.939691 0.342026 2.90853e-18
    outer loop
      vertex 22.6725 10.2182 0
      vertex 23.9363 6.746 32
      vertex 23.9363 6.746 0
    endloop
  endfacet
  facet normal -0.93969 -0.342028 -2.12731e-19
    outer loop
      vertex 29.9503 8.93493 0
      vertex 28.6865 12.4071 32
      vertex 28.6865 12.4071 0
    endloop
  endfacet
  facet normal -0.93969 -0.342028 -2.12731e-19
    outer loop
      vertex 28.6865 12.4071 32
      vertex 29.9503 8.93493 0
      vertex 29.9503 8.93493 32
    endloop
  endfacet
  facet normal -0.766048 0.642783 2.55644e-18
    outer loop
      vertex 27.5752 6.10436 0
      vertex 29.9503 8.93493 32
      vertex 29.9503 8.93493 0
    endloop
  endfacet
  facet normal -0.766048 0.642783 2.55644e-18
    outer loop
      vertex 29.9503 8.93493 32
      vertex 27.5752 6.10436 0
      vertex 27.5752 6.10436 32
    endloop
  endfacet
  facet normal 0.173649 0.984808 -0
    outer loop
      vertex 27.5752 6.10436 0
      vertex 23.9363 6.746 32
      vertex 27.5752 6.10436 32
    endloop
  endfacet
  facet normal 0.173649 0.984808 0
    outer loop
      vertex 23.9363 6.746 32
      vertex 27.5752 6.10436 0
      vertex 23.9363 6.746 0
    endloop
  endfacet
  facet normal 0.173665 -0.984805 0
    outer loop
      vertex 19.0741 20.8286 0
      vertex 22.713 21.4703 32
      vertex 19.0741 20.8286 32
    endloop
  endfacet
  facet normal 0.173665 -0.984805 0
    outer loop
      vertex 22.713 21.4703 32
      vertex 19.0741 20.8286 0
      vertex 22.713 21.4703 0
    endloop
  endfacet
  facet normal -0.939691 0.342026 6.41857e-19
    outer loop
      vertex 23.8244 15.1675 0
      vertex 25.0882 18.6397 32
      vertex 25.0882 18.6397 0
    endloop
  endfacet
  facet normal -0.939691 0.342026 6.41857e-19
    outer loop
      vertex 25.0882 18.6397 32
      vertex 23.8244 15.1675 0
      vertex 23.8244 15.1675 32
    endloop
  endfacet
  facet normal 0.939691 -0.342026 6.41857e-19
    outer loop
      vertex 17.8103 17.3564 32
      vertex 19.0741 20.8286 0
      vertex 19.0741 20.8286 32
    endloop
  endfacet
  facet normal 0.939691 -0.342026 6.41857e-19
    outer loop
      vertex 19.0741 20.8286 0
      vertex 17.8103 17.3564 32
      vertex 17.8103 17.3564 0
    endloop
  endfacet
  facet normal -0.173665 0.984805 0
    outer loop
      vertex 23.8244 15.1675 0
      vertex 20.1855 14.5258 32
      vertex 23.8244 15.1675 32
    endloop
  endfacet
  facet normal -0.173665 0.984805 0
    outer loop
      vertex 20.1855 14.5258 32
      vertex 23.8244 15.1675 0
      vertex 20.1855 14.5258 0
    endloop
  endfacet
  facet normal -0.766039 -0.642795 -1.79717e-18
    outer loop
      vertex 25.0882 18.6397 0
      vertex 22.713 21.4703 32
      vertex 22.713 21.4703 0
    endloop
  endfacet
  facet normal -0.766039 -0.642795 -1.79717e-18
    outer loop
      vertex 22.713 21.4703 32
      vertex 25.0882 18.6397 0
      vertex 25.0882 18.6397 32
    endloop
  endfacet
  facet normal 0.766039 0.642795 -1.79717e-18
    outer loop
      vertex 20.1855 14.5258 32
      vertex 17.8103 17.3564 0
      vertex 17.8103 17.3564 32
    endloop
  endfacet
  facet normal 0.766039 0.642795 -1.79717e-18
    outer loop
      vertex 17.8103 17.3564 0
      vertex 20.1855 14.5258 32
      vertex 20.1855 14.5258 0
    endloop
  endfacet
  facet normal 0.500016 -0.866016 0
    outer loop
      vertex 10.8 26.0962 0
      vertex 14 27.9438 32
      vertex 10.8 26.0962 32
    endloop
  endfacet
  facet normal 0.500016 -0.866016 0
    outer loop
      vertex 14 27.9438 32
      vertex 10.8 26.0962 0
      vertex 14 27.9438 0
    endloop
  endfacet
  facet normal 1 -0 0
    outer loop
      vertex 10.8 22.4012 32
      vertex 10.8 26.0962 0
      vertex 10.8 26.0962 32
    endloop
  endfacet
  facet normal 1 0 0
    outer loop
      vertex 10.8 26.0962 0
      vertex 10.8 22.4012 32
      vertex 10.8 22.4012 0
    endloop
  endfacet
  facet normal 0.499996 0.866028 -0
    outer loop
      vertex 14 20.5537 0
      vertex 10.8 22.4012 32
      vertex 14 20.5537 32
    endloop
  endfacet
  facet normal 0.499996 0.866028 0
    outer loop
      vertex 10.8 22.4012 32
      vertex 14 20.5537 0
      vertex 10.8 22.4012 0
    endloop
  endfacet
  facet normal -0.500016 -0.866016 0
    outer loop
      vertex 14 27.9438 0
      vertex 17.2 26.0962 32
      vertex 14 27.9438 32
    endloop
  endfacet
  facet normal -0.500016 -0.866016 -0
    outer loop
      vertex 17.2 26.0962 32
      vertex 14 27.9438 0
      vertex 17.2 26.0962 0
    endloop
  endfacet
  facet normal -1 0 0
    outer loop
      vertex 17.2 22.4012 0
      vertex 17.2 26.0962 32
      vertex 17.2 26.0962 0
    endloop
  endfacet
  facet normal -1 -0 0
    outer loop
      vertex 17.2 26.0962 32
      vertex 17.2 22.4012 0
      vertex 17.2 22.4012 32
    endloop
  endfacet
  facet normal -0.499996 0.866028 0
    outer loop
      vertex 17.2 22.4012 0
      vertex 14 20.5537 32
      vertex 17.2 22.4012 32
    endloop
  endfacet
  facet normal -0.499996 0.866028 0
    outer loop
      vertex 14 20.5537 32
      vertex 17.2 22.4012 0
      vertex 14 20.5537 0
    endloop
  endfacet
  facet normal 0.766037 -0.642797 -1.72754e-18
    outer loop
      vertex 1.22324 28.2163 32
      vertex 3.59837 31.0468 0
      vertex 3.59837 31.0468 32
    endloop
  endfacet
  facet normal 0.766037 -0.642797 -1.72754e-18
    outer loop
      vertex 3.59837 31.0468 0
      vertex 1.22324 28.2163 32
      vertex 1.22324 28.2163 0
    endloop
  endfacet
  facet normal 0.939696 0.342012 1.86684e-18
    outer loop
      vertex 2.48702 24.744 32
      vertex 1.22324 28.2163 0
      vertex 1.22324 28.2163 32
    endloop
  endfacet
  facet normal 0.939696 0.342012 1.86684e-18
    outer loop
      vertex 1.22324 28.2163 0
      vertex 2.48702 24.744 32
      vertex 2.48702 24.744 0
    endloop
  endfacet
  facet normal 0.173638 0.98481 -0
    outer loop
      vertex 6.12593 24.1024 0
      vertex 2.48702 24.744 32
      vertex 6.12593 24.1024 32
    endloop
  endfacet
  facet normal 0.173638 0.98481 0
    outer loop
      vertex 2.48702 24.744 32
      vertex 6.12593 24.1024 0
      vertex 2.48702 24.744 0
    endloop
  endfacet
  facet normal -0.173638 -0.98481 0
    outer loop
      vertex 3.59837 31.0468 0
      vertex 7.23728 30.4052 32
      vertex 3.59837 31.0468 32
    endloop
  endfacet
  facet normal -0.173638 -0.98481 -0
    outer loop
      vertex 7.23728 30.4052 32
      vertex 3.59837 31.0468 0
      vertex 7.23728 30.4052 0
    endloop
  endfacet
  facet normal -0.939693 -0.342018 1.81188e-18
    outer loop
      vertex 8.50105 26.933 0
      vertex 7.23728 30.4052 32
      vertex 7.23728 30.4052 0
    endloop
  endfacet
  facet normal -0.939693 -0.342018 1.81188e-18
    outer loop
      vertex 7.23728 30.4052 32
      vertex 8.50105 26.933 0
      vertex 8.50105 26.933 32
    endloop
  endfacet
  facet normal -0.766049 0.642782 -2.94519e-18
    outer loop
      vertex 6.12593 24.1024 0
      vertex 8.50105 26.933 32
      vertex 8.50105 26.933 0
    endloop
  endfacet
  facet normal -0.766049 0.642782 -2.94519e-18
    outer loop
      vertex 8.50105 26.933 32
      vertex 6.12593 24.1024 0
      vertex 6.12593 24.1024 32
    endloop
  endfacet
  facet normal 0.939693 -0.342018 -1.81188e-18
    outer loop
      vertex -8.50105 26.933 32
      vertex -7.23728 30.4052 0
      vertex -7.23728 30.4052 32
    endloop
  endfacet
  facet normal 0.939693 -0.342018 -1.81188e-18
    outer loop
      vertex -7.23728 30.4052 0
      vertex -8.50105 26.933 32
      vertex -8.50105 26.933 0
    endloop
  endfacet
  facet normal 0.766049 0.642782 2.94519e-18
    outer loop
      vertex -6.12593 24.1024 32
      vertex -8.50105 26.933 0
      vertex -8.50105 26.933 32
    endloop
  endfacet
  facet normal 0.766049 0.642782 2.94519e-18
    outer loop
      vertex -8.50105 26.933 0
      vertex -6.12593 24.1024 32
      vertex -6.12593 24.1024 0
    endloop
  endfacet
  facet normal -0.173638 0.98481 0
    outer loop
      vertex -2.48702 24.744 0
      vertex -6.12593 24.1024 32
      vertex -2.48702 24.744 32
    endloop
  endfacet
  facet normal -0.173638 0.98481 0
    outer loop
      vertex -6.12593 24.1024 32
      vertex -2.48702 24.744 0
      vertex -6.12593 24.1024 0
    endloop
  endfacet
  facet normal 0.173638 -0.98481 0
    outer loop
      vertex -7.23728 30.4052 0
      vertex -3.59837 31.0468 32
      vertex -7.23728 30.4052 32
    endloop
  endfacet
  facet normal 0.173638 -0.98481 0
    outer loop
      vertex -3.59837 31.0468 32
      vertex -7.23728 30.4052 0
      vertex -3.59837 31.0468 0
    endloop
  endfacet
  facet normal -0.766037 -0.642797 1.72754e-18
    outer loop
      vertex -1.22324 28.2163 0
      vertex -3.59837 31.0468 32
      vertex -3.59837 31.0468 0
    endloop
  endfacet
  facet normal -0.766037 -0.642797 1.72754e-18
    outer loop
      vertex -3.59837 31.0468 32
      vertex -1.22324 28.2163 0
      vertex -1.22324 28.2163 32
    endloop
  endfacet
  facet normal -0.939696 0.342012 -1.86684e-18
    outer loop
      vertex -2.48702 24.744 0
      vertex -1.22324 28.2163 32
      vertex -1.22324 28.2163 0
    endloop
  endfacet
  facet normal -0.939696 0.342012 -1.86684e-18
    outer loop
      vertex -1.22324 28.2163 32
      vertex -2.48702 24.744 0
      vertex -2.48702 24.744 32
    endloop
  endfacet
  facet normal 1 -0 0
    outer loop
      vertex -17.2 22.4012 32
      vertex -17.2 26.0962 0
      vertex -17.2 26.0962 32
    endloop
  endfacet
  facet normal 1 0 0
    outer loop
      vertex -17.2 26.0962 0
      vertex -17.2 22.4012 32
      vertex -17.2 22.4012 0
    endloop
  endfacet
  facet normal 0.499996 0.866028 -0
    outer loop
      vertex -14 20.5537 0
      vertex -17.2 22.4012 32
      vertex -14 20.5537 32
    endloop
  endfacet
  facet normal 0.499996 0.866028 0
    outer loop
      vertex -17.2 22.4012 32
      vertex -14 20.5537 0
      vertex -17.2 22.4012 0
    endloop
  endfacet
  facet normal -0.499996 0.866028 0
    outer loop
      vertex -10.8 22.4012 0
      vertex -14 20.5537 32
      vertex -10.8 22.4012 32
    endloop
  endfacet
  facet normal -0.499996 0.866028 0
    outer loop
      vertex -14 20.5537 32
      vertex -10.8 22.4012 0
      vertex -14 20.5537 0
    endloop
  endfacet
  facet normal 0.500016 -0.866016 0
    outer loop
      vertex -17.2 26.0962 0
      vertex -14 27.9438 32
      vertex -17.2 26.0962 32
    endloop
  endfacet
  facet normal 0.500016 -0.866016 0
    outer loop
      vertex -14 27.9438 32
      vertex -17.2 26.0962 0
      vertex -14 27.9438 0
    endloop
  endfacet
  facet normal -0.500016 -0.866016 0
    outer loop
      vertex -14 27.9438 0
      vertex -10.8 26.0962 32
      vertex -14 27.9438 32
    endloop
  endfacet
  facet normal -0.500016 -0.866016 -0
    outer loop
      vertex -10.8 26.0962 32
      vertex -14 27.9438 0
      vertex -10.8 26.0962 0
    endloop
  endfacet
  facet normal -1 0 0
    outer loop
      vertex -10.8 22.4012 0
      vertex -10.8 26.0962 32
      vertex -10.8 26.0962 0
    endloop
  endfacet
  facet normal -1 -0 0
    outer loop
      vertex -10.8 26.0962 32
      vertex -10.8 22.4012 0
      vertex -10.8 22.4012 32
    endloop
  endfacet
  facet normal 0.939691 0.342026 -6.41857e-19
    outer loop
      vertex -23.8244 15.1675 32
      vertex -25.0882 18.6397 0
      vertex -25.0882 18.6397 32
    endloop
  endfacet
  facet normal 0.939691 0.342026 -6.41857e-19
    outer loop
      vertex -25.0882 18.6397 0
      vertex -23.8244 15.1675 32
      vertex -23.8244 15.1675 0
    endloop
  endfacet
  facet normal 0.173665 0.984805 -0
    outer loop
      vertex -20.1855 14.5258 0
      vertex -23.8244 15.1675 32
      vertex -20.1855 14.5258 32
    endloop
  endfacet
  facet normal 0.173665 0.984805 0
    outer loop
      vertex -23.8244 15.1675 32
      vertex -20.1855 14.5258 0
      vertex -23.8244 15.1675 0
    endloop
  endfacet
  facet normal -0.766039 0.642795 1.79717e-18
    outer loop
      vertex -20.1855 14.5258 0
      vertex -17.8103 17.3564 32
      vertex -17.8103 17.3564 0
    endloop
  endfacet
  facet normal -0.766039 0.642795 1.79717e-18
    outer loop
      vertex -17.8103 17.3564 32
      vertex -20.1855 14.5258 0
      vertex -20.1855 14.5258 32
    endloop
  endfacet
  facet normal 0.766039 -0.642795 1.79717e-18
    outer loop
      vertex -25.0882 18.6397 32
      vertex -22.713 21.4703 0
      vertex -22.713 21.4703 32
    endloop
  endfacet
  facet normal 0.766039 -0.642795 1.79717e-18
    outer loop
      vertex -22.713 21.4703 0
      vertex -25.0882 18.6397 32
      vertex -25.0882 18.6397 0
    endloop
  endfacet
  facet normal -0.173665 -0.984805 0
    outer loop
      vertex -22.713 21.4703 0
      vertex -19.0741 20.8286 32
      vertex -22.713 21.4703 32
    endloop
  endfacet
  facet normal -0.173665 -0.984805 -0
    outer loop
      vertex -19.0741 20.8286 32
      vertex -22.713 21.4703 0
      vertex -19.0741 20.8286 0
    endloop
  endfacet
  facet normal -0.939691 -0.342026 -6.41857e-19
    outer loop
      vertex -17.8103 17.3564 0
      vertex -19.0741 20.8286 32
      vertex -19.0741 20.8286 0
    endloop
  endfacet
  facet normal -0.939691 -0.342026 -6.41857e-19
    outer loop
      vertex -19.0741 20.8286 32
      vertex -17.8103 17.3564 0
      vertex -17.8103 17.3564 32
    endloop
  endfacet
  facet normal 0.766048 0.642783 -2.55644e-18
    outer loop
      vertex -27.5752 6.10436 32
      vertex -29.9503 8.93493 0
      vertex -29.9503 8.93493 32
    endloop
  endfacet
  facet normal 0.766048 0.642783 -2.55644e-18
    outer loop
      vertex -29.9503 8.93493 0
      vertex -27.5752 6.10436 32
      vertex -27.5752 6.10436 0
    endloop
  endfacet
  facet normal -0.173649 0.984808 0
    outer loop
      vertex -23.9363 6.746 0
      vertex -27.5752 6.10436 32
      vertex -23.9363 6.746 32
    endloop
  endfacet
  facet normal -0.173649 0.984808 0
    outer loop
      vertex -27.5752 6.10436 32
      vertex -23.9363 6.746 0
      vertex -27.5752 6.10436 0
    endloop
  endfacet
  facet normal -0.939691 0.342026 -2.90853e-18
    outer loop
      vertex -23.9363 6.746 0
      vertex -22.6725 10.2182 32
      vertex -22.6725 10.2182 0
    endloop
  endfacet
  facet normal -0.939691 0.342026 -2.90853e-18
    outer loop
      vertex -22.6725 10.2182 32
      vertex -23.9363 6.746 0
      vertex -23.9363 6.746 32
    endloop
  endfacet
  facet normal 0.93969 -0.342028 2.12731e-19
    outer loop
      vertex -29.9503 8.93493 32
      vertex -28.6865 12.4071 0
      vertex -28.6865 12.4071 32
    endloop
  endfacet
  facet normal 0.93969 -0.342028 2.12731e-19
    outer loop
      vertex -28.6865 12.4071 0
      vertex -29.9503 8.93493 32
      vertex -29.9503 8.93493 0
    endloop
  endfacet
  facet normal 0.173665 -0.984805 0
    outer loop
      vertex -28.6865 12.4071 0
      vertex -25.0476 13.0488 32
      vertex -28.6865 12.4071 32
    endloop
  endfacet
  facet normal 0.173665 -0.984805 0
    outer loop
      vertex -25.0476 13.0488 32
      vertex -28.6865 12.4071 0
      vertex -25.0476 13.0488 0
    endloop
  endfacet
  facet normal -0.766052 -0.642779 -2.77649e-18
    outer loop
      vertex -22.6725 10.2182 0
      vertex -25.0476 13.0488 32
      vertex -25.0476 13.0488 0
    endloop
  endfacet
  facet normal -0.766052 -0.642779 -2.77649e-18
    outer loop
      vertex -25.0476 13.0488 32
      vertex -22.6725 10.2182 0
      vertex -22.6725 10.2182 32
    endloop
  endfacet
  facet normal 0.5 0.866026 -0
    outer loop
      vertex -28 -3.69504 0
      vertex -31.2 -1.84752 32
      vertex -28 -3.69504 32
    endloop
  endfacet
  facet normal 0.5 0.866026 0
    outer loop
      vertex -31.2 -1.84752 32
      vertex -28 -3.69504 0
      vertex -31.2 -1.84752 0
    endloop
  endfacet
  facet normal -0.5 0.866026 0
    outer loop
      vertex -24.8 -1.84752 0
      vertex -28 -3.69504 32
      vertex -24.8 -1.84752 32
    endloop
  endfacet
  facet normal -0.5 0.866026 0
    outer loop
      vertex -28 -3.69504 32
      vertex -24.8 -1.84752 0
      vertex -28 -3.69504 0
    endloop
  endfacet
  facet normal -1 0 0
    outer loop
      vertex -24.8 -1.84752 0
      vertex -24.8 1.84752 32
      vertex -24.8 1.84752 0
    endloop
  endfacet
  facet normal -1 -0 0
    outer loop
      vertex -24.8 1.84752 32
      vertex -24.8 -1.84752 0
      vertex -24.8 -1.84752 32
    endloop
  endfacet
  facet normal 1 -0 0
    outer loop
      vertex -31.2 -1.84752 32
      vertex -31.2 1.84752 0
      vertex -31.2 1.84752 32
    endloop
  endfacet
  facet normal 1 0 0
    outer loop
      vertex -31.2 1.84752 0
      vertex -31.2 -1.84752 32
      vertex -31.2 -1.84752 0
    endloop
  endfacet
  facet normal 0.5 -0.866026 0
    outer loop
      vertex -31.2 1.84752 0
      vertex -28 3.69504 32
      vertex -31.2 1.84752 32
    endloop
  endfacet
  facet normal 0.5 -0.866026 0
    outer loop
      vertex -28 3.69504 32
      vertex -31.2 1.84752 0
      vertex -28 3.69504 0
    endloop
  endfacet
  facet normal -0.5 -0.866026 0
    outer loop
      vertex -28 3.69504 0
      vertex -24.8 1.84752 32
      vertex -28 3.69504 32
    endloop
  endfacet
  facet normal -0.5 -0.866026 -0
    outer loop
      vertex -24.8 1.84752 32
      vertex -28 3.69504 0
      vertex -24.8 1.84752 0
    endloop
  endfacet
  facet normal 0.173665 0.984805 -0
    outer loop
      vertex -25.0476 -13.0488 0
      vertex -28.6865 -12.4071 32
      vertex -25.0476 -13.0488 32
    endloop
  endfacet
  facet normal 0.173665 0.984805 0
    outer loop
      vertex -28.6865 -12.4071 32
      vertex -25.0476 -13.0488 0
      vertex -28.6865 -12.4071 0
    endloop
  endfacet
  facet normal -0.939691 -0.342026 2.90853e-18
    outer loop
      vertex -22.6725 -10.2182 0
      vertex -23.9363 -6.746 32
      vertex -23.9363 -6.746 0
    endloop
  endfacet
  facet normal -0.939691 -0.342026 2.90853e-18
    outer loop
      vertex -23.9363 -6.746 32
      vertex -22.6725 -10.2182 0
      vertex -22.6725 -10.2182 32
    endloop
  endfacet
  facet normal -0.766052 0.642779 2.77649e-18
    outer loop
      vertex -25.0476 -13.0488 0
      vertex -22.6725 -10.2182 32
      vertex -22.6725 -10.2182 0
    endloop
  endfacet
  facet normal -0.766052 0.642779 2.77649e-18
    outer loop
      vertex -22.6725 -10.2182 32
      vertex -25.0476 -13.0488 0
      vertex -25.0476 -13.0488 32
    endloop
  endfacet
  facet normal 0.93969 0.342028 -2.12731e-19
    outer loop
      vertex -28.6865 -12.4071 32
      vertex -29.9503 -8.93493 0
      vertex -29.9503 -8.93493 32
    endloop
  endfacet
  facet normal 0.93969 0.342028 -2.12731e-19
    outer loop
      vertex -29.9503 -8.93493 0
      vertex -28.6865 -12.4071 32
      vertex -28.6865 -12.4071 0
    endloop
  endfacet
  facet normal 0.766048 -0.642783 2.55644e-18
    outer loop
      vertex -29.9503 -8.93493 32
      vertex -27.5752 -6.10436 0
      vertex -27.5752 -6.10436 32
    endloop
  endfacet
  facet normal 0.766048 -0.642783 2.55644e-18
    outer loop
      vertex -27.5752 -6.10436 0
      vertex -29.9503 -8.93493 32
      vertex -29.9503 -8.93493 0
    endloop
  endfacet
  facet normal -0.173649 -0.984808 0
    outer loop
      vertex -27.5752 -6.10436 0
      vertex -23.9363 -6.746 32
      vertex -27.5752 -6.10436 32
    endloop
  endfacet
  facet normal -0.173649 -0.984808 -0
    outer loop
      vertex -23.9363 -6.746 32
      vertex -27.5752 -6.10436 0
      vertex -23.9363 -6.746 0
    endloop
  endfacet
  facet normal -0.173665 0.984805 0
    outer loop
      vertex -19.0741 -20.8286 0
      vertex -22.713 -21.4703 32
      vertex -19.0741 -20.8286 32
    endloop
  endfacet
  facet normal -0.173665 0.984805 0
    outer loop
      vertex -22.713 -21.4703 32
      vertex -19.0741 -20.8286 0
      vertex -22.713 -21.4703 0
    endloop
  endfacet
  facet normal 0.173665 -0.984805 0
    outer loop
      vertex -23.8244 -15.1675 0
      vertex -20.1855 -14.5258 32
      vertex -23.8244 -15.1675 32
    endloop
  endfacet
  facet normal 0.173665 -0.984805 0
    outer loop
      vertex -20.1855 -14.5258 32
      vertex -23.8244 -15.1675 0
      vertex -20.1855 -14.5258 0
    endloop
  endfacet
  facet normal 0.939691 -0.342026 6.41857e-19
    outer loop
      vertex -25.0882 -18.6397 32
      vertex -23.8244 -15.1675 0
      vertex -23.8244 -15.1675 32
    endloop
  endfacet
  facet normal 0.939691 -0.342026 6.41857e-19
    outer loop
      vertex -23.8244 -15.1675 0
      vertex -25.0882 -18.6397 32
      vertex -25.0882 -18.6397 0
    endloop
  endfacet
  facet normal -0.766039 -0.642795 -1.79717e-18
    outer loop
      vertex -17.8103 -17.3564 0
      vertex -20.1855 -14.5258 32
      vertex -20.1855 -14.5258 0
    endloop
  endfacet
  facet normal -0.766039 -0.642795 -1.79717e-18
    outer loop
      vertex -20.1855 -14.5258 32
      vertex -17.8103 -17.3564 0
      vertex -17.8103 -17.3564 32
    endloop
  endfacet
  facet normal -0.939691 0.342026 6.41857e-19
    outer loop
      vertex -19.0741 -20.8286 0
      vertex -17.8103 -17.3564 32
      vertex -17.8103 -17.3564 0
    endloop
  endfacet
  facet normal -0.939691 0.342026 6.41857e-19
    outer loop
      vertex -17.8103 -17.3564 32
      vertex -19.0741 -20.8286 0
      vertex -19.0741 -20.8286 32
    endloop
  endfacet
  facet normal 0.766039 0.642795 -1.79717e-18
    outer loop
      vertex -22.713 -21.4703 32
      vertex -25.0882 -18.6397 0
      vertex -25.0882 -18.6397 32
    endloop
  endfacet
  facet normal 0.766039 0.642795 -1.79717e-18
    outer loop
      vertex -25.0882 -18.6397 0
      vertex -22.713 -21.4703 32
      vertex -22.713 -21.4703 0
    endloop
  endfacet
  facet normal -0.500016 0.866016 0
    outer loop
      vertex -10.8 -26.0962 0
      vertex -14 -27.9438 32
      vertex -10.8 -26.0962 32
    endloop
  endfacet
  facet normal -0.500016 0.866016 0
    outer loop
      vertex -14 -27.9438 32
      vertex -10.8 -26.0962 0
      vertex -14 -27.9438 0
    endloop
  endfacet
  facet normal -0.499996 -0.866028 0
    outer loop
      vertex -14 -20.5537 0
      vertex -10.8 -22.4012 32
      vertex -14 -20.5537 32
    endloop
  endfacet
  facet normal -0.499996 -0.866028 -0
    outer loop
      vertex -10.8 -22.4012 32
      vertex -14 -20.5537 0
      vertex -10.8 -22.4012 0
    endloop
  endfacet
  facet normal -1 0 0
    outer loop
      vertex -10.8 -26.0962 0
      vertex -10.8 -22.4012 32
      vertex -10.8 -22.4012 0
    endloop
  endfacet
  facet normal -1 -0 0
    outer loop
      vertex -10.8 -22.4012 32
      vertex -10.8 -26.0962 0
      vertex -10.8 -26.0962 32
    endloop
  endfacet
  facet normal 0.500016 0.866016 -0
    outer loop
      vertex -14 -27.9438 0
      vertex -17.2 -26.0962 32
      vertex -14 -27.9438 32
    endloop
  endfacet
  facet normal 0.500016 0.866016 0
    outer loop
      vertex -17.2 -26.0962 32
      vertex -14 -27.9438 0
      vertex -17.2 -26.0962 0
    endloop
  endfacet
  facet normal 1 -0 0
    outer loop
      vertex -17.2 -26.0962 32
      vertex -17.2 -22.4012 0
      vertex -17.2 -22.4012 32
    endloop
  endfacet
  facet normal 1 0 0
    outer loop
      vertex -17.2 -22.4012 0
      vertex -17.2 -26.0962 32
      vertex -17.2 -26.0962 0
    endloop
  endfacet
  facet normal 0.499996 -0.866028 0
    outer loop
      vertex -17.2 -22.4012 0
      vertex -14 -20.5537 32
      vertex -17.2 -22.4012 32
    endloop
  endfacet
  facet normal 0.499996 -0.866028 0
    outer loop
      vertex -14 -20.5537 32
      vertex -17.2 -22.4012 0
      vertex -14 -20.5537 0
    endloop
  endfacet
  facet normal -0.766037 0.642797 -1.72754e-18
    outer loop
      vertex -3.59837 -31.0468 0
      vertex -1.22324 -28.2163 32
      vertex -1.22324 -28.2163 0
    endloop
  endfacet
  facet normal -0.766037 0.642797 -1.72754e-18
    outer loop
      vertex -1.22324 -28.2163 32
      vertex -3.59837 -31.0468 0
      vertex -3.59837 -31.0468 32
    endloop
  endfacet
  facet normal -0.173638 -0.98481 0
    outer loop
      vertex -6.12593 -24.1024 0
      vertex -2.48702 -24.744 32
      vertex -6.12593 -24.1024 32
    endloop
  endfacet
  facet normal -0.173638 -0.98481 -0
    outer loop
      vertex -2.48702 -24.744 32
      vertex -6.12593 -24.1024 0
      vertex -2.48702 -24.744 0
    endloop
  endfacet
  facet normal -0.939696 -0.342012 1.86684e-18
    outer loop
      vertex -1.22324 -28.2163 0
      vertex -2.48702 -24.744 32
      vertex -2.48702 -24.744 0
    endloop
  endfacet
  facet normal -0.939696 -0.342012 1.86684e-18
    outer loop
      vertex -2.48702 -24.744 32
      vertex -1.22324 -28.2163 0
      vertex -1.22324 -28.2163 32
    endloop
  endfacet
  facet normal 0.173638 0.98481 -0
    outer loop
      vertex -3.59837 -31.0468 0
      vertex -7.23728 -30.4052 32
      vertex -3.59837 -31.0468 32
    endloop
  endfacet
  facet normal 0.173638 0.98481 0
    outer loop
      vertex -7.23728 -30.4052 32
      vertex -3.59837 -31.0468 0
      vertex -7.23728 -30.4052 0
    endloop
  endfacet
  facet normal 0.939693 0.342018 1.81188e-18
    outer loop
      vertex -7.23728 -30.4052 32
      vertex -8.50105 -26.933 0
      vertex -8.50105 -26.933 32
    endloop
  endfacet
  facet normal 0.939693 0.342018 1.81188e-18
    outer loop
      vertex -8.50105 -26.933 0
      vertex -7.23728 -30.4052 32
      vertex -7.23728 -30.4052 0
    endloop
  endfacet
  facet normal 0.766049 -0.642782 -2.94519e-18
    outer loop
      vertex -8.50105 -26.933 32
      vertex -6.12593 -24.1024 0
      vertex -6.12593 -24.1024 32
    endloop
  endfacet
  facet normal 0.766049 -0.642782 -2.94519e-18
    outer loop
      vertex -6.12593 -24.1024 0
      vertex -8.50105 -26.933 32
      vertex -8.50105 -26.933 0
    endloop
  endfacet
  facet normal -0.939693 0.342018 -1.81188e-18
    outer loop
      vertex 7.23728 -30.4052 0
      vertex 8.50105 -26.933 32
      vertex 8.50105 -26.933 0
    endloop
  endfacet
  facet normal -0.939693 0.342018 -1.81188e-18
    outer loop
      vertex 8.50105 -26.933 32
      vertex 7.23728 -30.4052 0
      vertex 7.23728 -30.4052 32
    endloop
  endfacet
  facet normal 0.173638 -0.98481 0
    outer loop
      vertex 2.48702 -24.744 0
      vertex 6.12593 -24.1024 32
      vertex 2.48702 -24.744 32
    endloop
  endfacet
  facet normal 0.173638 -0.98481 0
    outer loop
      vertex 6.12593 -24.1024 32
      vertex 2.48702 -24.744 0
      vertex 6.12593 -24.1024 0
    endloop
  endfacet
  facet normal -0.766049 -0.642782 2.94519e-18
    outer loop
      vertex 8.50105 -26.933 0
      vertex 6.12593 -24.1024 32
      vertex 6.12593 -24.1024 0
    endloop
  endfacet
  facet normal -0.766049 -0.642782 2.94519e-18
    outer loop
      vertex 6.12593 -24.1024 32
      vertex 8.50105 -26.933 0
      vertex 8.50105 -26.933 32
    endloop
  endfacet
  facet normal -0.173638 0.98481 0
    outer loop
      vertex 7.23728 -30.4052 0
      vertex 3.59837 -31.0468 32
      vertex 7.23728 -30.4052 32
    endloop
  endfacet
  facet normal -0.173638 0.98481 0
    outer loop
      vertex 3.59837 -31.0468 32
      vertex 7.23728 -30.4052 0
      vertex 3.59837 -31.0468 0
    endloop
  endfacet
  facet normal 0.766037 0.642797 1.72754e-18
    outer loop
      vertex 3.59837 -31.0468 32
      vertex 1.22324 -28.2163 0
      vertex 1.22324 -28.2163 32
    endloop
  endfacet
  facet normal 0.766037 0.642797 1.72754e-18
    outer loop
      vertex 1.22324 -28.2163 0
      vertex 3.59837 -31.0468 32
      vertex 3.59837 -31.0468 0
    endloop
  endfacet
  facet normal 0.939696 -0.342012 -1.86684e-18
    outer loop
      vertex 1.22324 -28.2163 32
      vertex 2.48702 -24.744 0
      vertex 2.48702 -24.744 32
    endloop
  endfacet
  facet normal 0.939696 -0.342012 -1.86684e-18
    outer loop
      vertex 2.48702 -24.744 0
      vertex 1.22324 -28.2163 32
      vertex 1.22324 -28.2163 0
    endloop
  endfacet
  facet normal -1 0 0
    outer loop
      vertex 17.2 -26.0962 0
      vertex 17.2 -22.4012 32
      vertex 17.2 -22.4012 0
    endloop
  endfacet
  facet normal -1 -0 0
    outer loop
      vertex 17.2 -22.4012 32
      vertex 17.2 -26.0962 0
      vertex 17.2 -26.0962 32
    endloop
  endfacet
  facet normal 0.499996 -0.866028 0
    outer loop
      vertex 10.8 -22.4012 0
      vertex 14 -20.5537 32
      vertex 10.8 -22.4012 32
    endloop
  endfacet
  facet normal 0.499996 -0.866028 0
    outer loop
      vertex 14 -20.5537 32
      vertex 10.8 -22.4012 0
      vertex 14 -20.5537 0
    endloop
  endfacet
  facet normal -0.499996 -0.866028 0
    outer loop
      vertex 14 -20.5537 0
      vertex 17.2 -22.4012 32
      vertex 14 -20.5537 32
    endloop
  endfacet
  facet normal -0.499996 -0.866028 -0
    outer loop
      vertex 17.2 -22.4012 32
      vertex 14 -20.5537 0
      vertex 17.2 -22.4012 0
    endloop
  endfacet
  facet normal -0.500016 0.866016 0
    outer loop
      vertex 17.2 -26.0962 0
      vertex 14 -27.9438 32
      vertex 17.2 -26.0962 32
    endloop
  endfacet
  facet normal -0.500016 0.866016 0
    outer loop
      vertex 14 -27.9438 32
      vertex 17.2 -26.0962 0
      vertex 14 -27.9438 0
    endloop
  endfacet
  facet normal 0.500016 0.866016 -0
    outer loop
      vertex 14 -27.9438 0
      vertex 10.8 -26.0962 32
      vertex 14 -27.9438 32
    endloop
  endfacet
  facet normal 0.500016 0.866016 0
    outer loop
      vertex 10.8 -26.0962 32
      vertex 14 -27.9438 0
      vertex 10.8 -26.0962 0
    endloop
  endfacet
  facet normal 1 -0 0
    outer loop
      vertex 10.8 -26.0962 32
      vertex 10.8 -22.4012 0
      vertex 10.8 -22.4012 32
    endloop
  endfacet
  facet normal 1 0 0
    outer loop
      vertex 10.8 -22.4012 0
      vertex 10.8 -26.0962 32
      vertex 10.8 -26.0962 0
    endloop
  endfacet
  facet normal -0.939691 -0.342026 -6.41857e-19
    outer loop
      vertex 25.0882 -18.6397 0
      vertex 23.8244 -15.1675 32
      vertex 23.8244 -15.1675 0
    endloop
  endfacet
  facet normal -0.939691 -0.342026 -6.41857e-19
    outer loop
      vertex 23.8244 -15.1675 32
      vertex 25.0882 -18.6397 0
      vertex 25.0882 -18.6397 32
    endloop
  endfacet
  facet normal 0.766039 -0.642795 1.79717e-18
    outer loop
      vertex 17.8103 -17.3564 32
      vertex 20.1855 -14.5258 0
      vertex 20.1855 -14.5258 32
    endloop
  endfacet
  facet normal 0.766039 -0.642795 1.79717e-18
    outer loop
      vertex 20.1855 -14.5258 0
      vertex 17.8103 -17.3564 32
      vertex 17.8103 -17.3564 0
    endloop
  endfacet
  facet normal -0.173665 -0.984805 0
    outer loop
      vertex 20.1855 -14.5258 0
      vertex 23.8244 -15.1675 32
      vertex 20.1855 -14.5258 32
    endloop
  endfacet
  facet normal -0.173665 -0.984805 -0
    outer loop
      vertex 23.8244 -15.1675 32
      vertex 20.1855 -14.5258 0
      vertex 23.8244 -15.1675 0
    endloop
  endfacet
  facet normal -0.766039 0.642795 1.79717e-18
    outer loop
      vertex 22.713 -21.4703 0
      vertex 25.0882 -18.6397 32
      vertex 25.0882 -18.6397 0
    endloop
  endfacet
  facet normal -0.766039 0.642795 1.79717e-18
    outer loop
      vertex 25.0882 -18.6397 32
      vertex 22.713 -21.4703 0
      vertex 22.713 -21.4703 32
    endloop
  endfacet
  facet normal 0.939691 0.342026 -6.41857e-19
    outer loop
      vertex 19.0741 -20.8286 32
      vertex 17.8103 -17.3564 0
      vertex 17.8103 -17.3564 32
    endloop
  endfacet
  facet normal 0.939691 0.342026 -6.41857e-19
    outer loop
      vertex 17.8103 -17.3564 0
      vertex 19.0741 -20.8286 32
      vertex 19.0741 -20.8286 0
    endloop
  endfacet
  facet normal 0.173665 0.984805 -0
    outer loop
      vertex 22.713 -21.4703 0
      vertex 19.0741 -20.8286 32
      vertex 22.713 -21.4703 32
    endloop
  endfacet
  facet normal 0.173665 0.984805 0
    outer loop
      vertex 19.0741 -20.8286 32
      vertex 22.713 -21.4703 0
      vertex 19.0741 -20.8286 0
    endloop
  endfacet
  facet normal -0.766048 -0.642783 -2.55644e-18
    outer loop
      vertex 29.9503 -8.93493 0
      vertex 27.5752 -6.10436 32
      vertex 27.5752 -6.10436 0
    endloop
  endfacet
  facet normal -0.766048 -0.642783 -2.55644e-18
    outer loop
      vertex 27.5752 -6.10436 32
      vertex 29.9503 -8.93493 0
      vertex 29.9503 -8.93493 32
    endloop
  endfacet
  facet normal 0.939691 -0.342026 -2.90853e-18
    outer loop
      vertex 22.6725 -10.2182 32
      vertex 23.9363 -6.746 0
      vertex 23.9363 -6.746 32
    endloop
  endfacet
  facet normal 0.939691 -0.342026 -2.90853e-18
    outer loop
      vertex 23.9363 -6.746 0
      vertex 22.6725 -10.2182 32
      vertex 22.6725 -10.2182 0
    endloop
  endfacet
  facet normal 0.173649 -0.984808 0
    outer loop
      vertex 23.9363 -6.746 0
      vertex 27.5752 -6.10436 32
      vertex 23.9363 -6.746 32
    endloop
  endfacet
  facet normal 0.173649 -0.984808 0
    outer loop
      vertex 27.5752 -6.10436 32
      vertex 23.9363 -6.746 0
      vertex 27.5752 -6.10436 0
    endloop
  endfacet
  facet normal -0.93969 0.342028 2.12731e-19
    outer loop
      vertex 28.6865 -12.4071 0
      vertex 29.9503 -8.93493 32
      vertex 29.9503 -8.93493 0
    endloop
  endfacet
  facet normal -0.93969 0.342028 2.12731e-19
    outer loop
      vertex 29.9503 -8.93493 32
      vertex 28.6865 -12.4071 0
      vertex 28.6865 -12.4071 32
    endloop
  endfacet
  facet normal -0.173665 0.984805 0
    outer loop
      vertex 28.6865 -12.4071 0
      vertex 25.0476 -13.0488 32
      vertex 28.6865 -12.4071 32
    endloop
  endfacet
  facet normal -0.173665 0.984805 0
    outer loop
      vertex 25.0476 -13.0488 32
      vertex 28.6865 -12.4071 0
      vertex 25.0476 -13.0488 0
    endloop
  endfacet
  facet normal 0.766052 0.642779 -2.77649e-18
    outer loop
      vertex 25.0476 -13.0488 32
      vertex 22.6725 -10.2182 0
      vertex 22.6725 -10.2182 32
    endloop
  endfacet
  facet normal 0.766052 0.642779 -2.77649e-18
    outer loop
      vertex 22.6725 -10.2182 0
      vertex 25.0476 -13.0488 32
      vertex 25.0476 -13.0488 0
    endloop
  endfacet
  facet normal -0.342012 -0.939695 0
    outer loop
      vertex 34.4741 10.6515 0
      vertex 38.7059 9.11129 32
      vertex 34.4741 10.6515 32
    endloop
  endfacet
  facet normal -0.342012 -0.939695 -0
    outer loop
      vertex 38.7059 9.11129 32
      vertex 34.4741 10.6515 0
      vertex 38.7059 9.11129 0
    endloop
  endfacet
  facet normal 0.642791 -0.766041 0
    outer loop
      vertex 31.0244 7.75683 0
      vertex 34.4741 10.6515 32
      vertex 31.0244 7.75683 32
    endloop
  endfacet
  facet normal 0.642791 -0.766041 0
    outer loop
      vertex 34.4741 10.6515 32
      vertex 31.0244 7.75683 0
      vertex 34.4741 10.6515 0
    endloop
  endfacet
  facet normal 0.342024 0.939691 -0
    outer loop
      vertex 36.0381 1.78169 0
      vertex 31.8064 3.32192 32
      vertex 36.0381 1.78169 32
    endloop
  endfacet
  facet normal 0.342024 0.939691 0
    outer loop
      vertex 31.8064 3.32192 32
      vertex 36.0381 1.78169 0
      vertex 31.8064 3.32192 0
    endloop
  endfacet
  facet normal 0.984808 0.173649 8.99825e-19
    outer loop
      vertex 31.8064 3.32192 32
      vertex 31.0244 7.75683 0
      vertex 31.0244 7.75683 32
    endloop
  endfacet
  facet normal 0.984808 0.173649 8.99825e-19
    outer loop
      vertex 31.0244 7.75683 0
      vertex 31.8064 3.32192 32
      vertex 31.8064 3.32192 0
    endloop
  endfacet
  facet normal -0.984808 -0.173649 3.7919e-19
    outer loop
      vertex 39.4879 4.67637 0
      vertex 38.7059 9.11129 32
      vertex 38.7059 9.11129 0
    endloop
  endfacet
  facet normal -0.984808 -0.173649 3.7919e-19
    outer loop
      vertex 38.7059 9.11129 32
      vertex 39.4879 4.67637 0
      vertex 39.4879 4.67637 32
    endloop
  endfacet
  facet normal -0.642782 0.766049 0
    outer loop
      vertex 39.4879 4.67637 0
      vertex 36.0381 1.78169 32
      vertex 39.4879 4.67637 32
    endloop
  endfacet
  facet normal -0.642782 0.766049 0
    outer loop
      vertex 36.0381 1.78169 32
      vertex 39.4879 4.67637 0
      vertex 36.0381 1.78169 0
    endloop
  endfacet
  facet normal 0 -1 0
    outer loop
      vertex 28.752 21.8 0
      vertex 33.2554 21.8 32
      vertex 28.752 21.8 32
    endloop
  endfacet
  facet normal 0 -1 -0
    outer loop
      vertex 33.2554 21.8 32
      vertex 28.752 21.8 0
      vertex 33.2554 21.8 0
    endloop
  endfacet
  facet normal 0.866032 -0.499989 -1.25796e-18
    outer loop
      vertex 26.5004 17.9 32
      vertex 28.752 21.8 0
      vertex 28.752 21.8 32
    endloop
  endfacet
  facet normal 0.866032 -0.499989 -1.25796e-18
    outer loop
      vertex 28.752 21.8 0
      vertex 26.5004 17.9 32
      vertex 26.5004 17.9 0
    endloop
  endfacet
  facet normal 0.866032 0.499989 -4.94756e-18
    outer loop
      vertex 28.752 14 32
      vertex 26.5004 17.9 0
      vertex 26.5004 17.9 32
    endloop
  endfacet
  facet normal 0.866032 0.499989 -4.94756e-18
    outer loop
      vertex 26.5004 17.9 0
      vertex 28.752 14 32
      vertex 28.752 14 0
    endloop
  endfacet
  facet normal -0.866032 -0.499989 3.7197e-18
    outer loop
      vertex 35.507 17.9 0
      vertex 33.2554 21.8 32
      vertex 33.2554 21.8 0
    endloop
  endfacet
  facet normal -0.866032 -0.499989 3.7197e-18
    outer loop
      vertex 33.2554 21.8 32
      vertex 35.507 17.9 0
      vertex 35.507 17.9 32
    endloop
  endfacet
  facet normal -0.866032 0.499989 2.4798e-18
    outer loop
      vertex 33.2554 14 0
      vertex 35.507 17.9 32
      vertex 35.507 17.9 0
    endloop
  endfacet
  facet normal -0.866032 0.499989 2.4798e-18
    outer loop
      vertex 35.507 17.9 32
      vertex 33.2554 14 0
      vertex 33.2554 14 32
    endloop
  endfacet
  facet normal 0 1 -0
    outer loop
      vertex 33.2554 14 0
      vertex 28.752 14 32
      vertex 33.2554 14 32
    endloop
  endfacet
  facet normal 0 1 0
    outer loop
      vertex 28.752 14 32
      vertex 33.2554 14 0
      vertex 28.752 14 0
    endloop
  endfacet
  facet normal 0.34201 -0.939696 0
    outer loop
      vertex 19.562 30.3191 0
      vertex 23.7938 31.8593 32
      vertex 19.562 30.3191 32
    endloop
  endfacet
  facet normal 0.34201 -0.939696 0
    outer loop
      vertex 23.7938 31.8593 32
      vertex 19.562 30.3191 0
      vertex 23.7938 31.8593 0
    endloop
  endfacet
  facet normal -0.984807 0.17365 -2.09157e-19
    outer loop
      vertex 26.4615 24.5297 0
      vertex 27.2435 28.9646 32
      vertex 27.2435 28.9646 0
    endloop
  endfacet
  facet normal -0.984807 0.17365 -2.09157e-19
    outer loop
      vertex 27.2435 28.9646 32
      vertex 26.4615 24.5297 0
      vertex 26.4615 24.5297 32
    endloop
  endfacet
  facet normal 0.984807 -0.17365 5.7932e-19
    outer loop
      vertex 18.78 25.8842 32
      vertex 19.562 30.3191 0
      vertex 19.562 30.3191 32
    endloop
  endfacet
  facet normal 0.984807 -0.17365 5.7932e-19
    outer loop
      vertex 19.562 30.3191 0
      vertex 18.78 25.8842 32
      vertex 18.78 25.8842 0
    endloop
  endfacet
  facet normal -0.342018 0.939694 0
    outer loop
      vertex 26.4615 24.5297 0
      vertex 22.2298 22.9895 32
      vertex 26.4615 24.5297 32
    endloop
  endfacet
  facet normal -0.342018 0.939694 0
    outer loop
      vertex 22.2298 22.9895 32
      vertex 26.4615 24.5297 0
      vertex 22.2298 22.9895 0
    endloop
  endfacet
  facet normal 0.642784 0.766047 -0
    outer loop
      vertex 22.2298 22.9895 0
      vertex 18.78 25.8842 32
      vertex 22.2298 22.9895 32
    endloop
  endfacet
  facet normal 0.642784 0.766047 0
    outer loop
      vertex 18.78 25.8842 32
      vertex 22.2298 22.9895 0
      vertex 18.78 25.8842 0
    endloop
  endfacet
  facet normal -0.642795 -0.766038 0
    outer loop
      vertex 23.7938 31.8593 0
      vertex 27.2435 28.9646 32
      vertex 23.7938 31.8593 32
    endloop
  endfacet
  facet normal -0.642795 -0.766038 -0
    outer loop
      vertex 27.2435 28.9646 32
      vertex 23.7938 31.8593 0
      vertex 27.2435 28.9646 0
    endloop
  endfacet
  facet normal 0.642792 -0.766041 0
    outer loop
      vertex 8.01257 35.1812 0
      vertex 11.4623 38.0759 32
      vertex 8.01257 35.1812 32
    endloop
  endfacet
  facet normal 0.642792 -0.766041 0
    outer loop
      vertex 11.4623 38.0759 32
      vertex 8.01257 35.1812 0
      vertex 11.4623 38.0759 0
    endloop
  endfacet
  facet normal 0.984807 0.17365 -1.3693e-18
    outer loop
      vertex 8.79457 30.7463 32
      vertex 8.01257 35.1812 0
      vertex 8.01257 35.1812 32
    endloop
  endfacet
  facet normal 0.984807 0.17365 -1.3693e-18
    outer loop
      vertex 8.01257 35.1812 0
      vertex 8.79457 30.7463 32
      vertex 8.79457 30.7463 0
    endloop
  endfacet
  facet normal 0.342015 0.939694 -0
    outer loop
      vertex 13.0263 29.2061 0
      vertex 8.79457 30.7463 32
      vertex 13.0263 29.2061 32
    endloop
  endfacet
  facet normal 0.342015 0.939694 0
    outer loop
      vertex 8.79457 30.7463 32
      vertex 13.0263 29.2061 0
      vertex 8.79457 30.7463 0
    endloop
  endfacet
  facet normal -0.34201 -0.939696 0
    outer loop
      vertex 11.4623 38.0759 0
      vertex 15.6941 36.5357 32
      vertex 11.4623 38.0759 32
    endloop
  endfacet
  facet normal -0.34201 -0.939696 -0
    outer loop
      vertex 15.6941 36.5357 32
      vertex 11.4623 38.0759 0
      vertex 15.6941 36.5357 0
    endloop
  endfacet
  facet normal -0.984807 -0.17365 2.227e-19
    outer loop
      vertex 16.4761 32.1008 0
      vertex 15.6941 36.5357 32
      vertex 15.6941 36.5357 0
    endloop
  endfacet
  facet normal -0.984807 -0.17365 2.227e-19
    outer loop
      vertex 15.6941 36.5357 32
      vertex 16.4761 32.1008 0
      vertex 16.4761 32.1008 32
    endloop
  endfacet
  facet normal -0.642784 0.766047 0
    outer loop
      vertex 16.4761 32.1008 0
      vertex 13.0263 29.2061 32
      vertex 16.4761 32.1008 32
    endloop
  endfacet
  facet normal -0.642784 0.766047 0
    outer loop
      vertex 13.0263 29.2061 32
      vertex 16.4761 32.1008 0
      vertex 13.0263 29.2061 0
    endloop
  endfacet
  facet normal 0.866026 -0.499999 -6.80135e-19
    outer loop
      vertex -4.50333 35.8 32
      vertex -2.25167 39.7 0
      vertex -2.25167 39.7 32
    endloop
  endfacet
  facet normal 0.866026 -0.499999 -6.80135e-19
    outer loop
      vertex -2.25167 39.7 0
      vertex -4.50333 35.8 32
      vertex -4.50333 35.8 0
    endloop
  endfacet
  facet normal 0.866026 0.499999 6.01889e-19
    outer loop
      vertex -2.25167 31.9 32
      vertex -4.50333 35.8 0
      vertex -4.50333 35.8 32
    endloop
  endfacet
  facet normal 0.866026 0.499999 6.01889e-19
    outer loop
      vertex -4.50333 35.8 0
      vertex -2.25167 31.9 32
      vertex -2.25167 31.9 0
    endloop
  endfacet
  facet normal 0 1 -0
    outer loop
      vertex 2.25167 31.9 0
      vertex -2.25167 31.9 32
      vertex 2.25167 31.9 32
    endloop
  endfacet
  facet normal 0 1 0
    outer loop
      vertex -2.25167 31.9 32
      vertex 2.25167 31.9 0
      vertex -2.25167 31.9 0
    endloop
  endfacet
  facet normal -0.866026 0.499999 -6.01889e-19
    outer loop
      vertex 2.25167 31.9 0
      vertex 4.50333 35.8 32
      vertex 4.50333 35.8 0
    endloop
  endfacet
  facet normal -0.866026 0.499999 -6.01889e-19
    outer loop
      vertex 4.50333 35.8 32
      vertex 2.25167 31.9 0
      vertex 2.25167 31.9 32
    endloop
  endfacet
  facet normal 0 -1 0
    outer loop
      vertex -2.25167 39.7 0
      vertex 2.25167 39.7 32
      vertex -2.25167 39.7 32
    endloop
  endfacet
  facet normal 0 -1 -0
    outer loop
      vertex 2.25167 39.7 32
      vertex -2.25167 39.7 0
      vertex 2.25167 39.7 0
    endloop
  endfacet
  facet normal -0.866026 -0.499999 6.80135e-19
    outer loop
      vertex 4.50333 35.8 0
      vertex 2.25167 39.7 32
      vertex 2.25167 39.7 0
    endloop
  endfacet
  facet normal -0.866026 -0.499999 6.80135e-19
    outer loop
      vertex 2.25167 39.7 32
      vertex 4.50333 35.8 0
      vertex 4.50333 35.8 32
    endloop
  endfacet
  facet normal 0.984807 -0.17365 -2.227e-19
    outer loop
      vertex -16.4761 32.1008 32
      vertex -15.6941 36.5357 0
      vertex -15.6941 36.5357 32
    endloop
  endfacet
  facet normal 0.984807 -0.17365 -2.227e-19
    outer loop
      vertex -15.6941 36.5357 0
      vertex -16.4761 32.1008 32
      vertex -16.4761 32.1008 0
    endloop
  endfacet
  facet normal 0.642784 0.766047 -0
    outer loop
      vertex -13.0263 29.2061 0
      vertex -16.4761 32.1008 32
      vertex -13.0263 29.2061 32
    endloop
  endfacet
  facet normal 0.642784 0.766047 0
    outer loop
      vertex -16.4761 32.1008 32
      vertex -13.0263 29.2061 0
      vertex -16.4761 32.1008 0
    endloop
  endfacet
  facet normal -0.342015 0.939694 0
    outer loop
      vertex -8.79457 30.7463 0
      vertex -13.0263 29.2061 32
      vertex -8.79457 30.7463 32
    endloop
  endfacet
  facet normal -0.342015 0.939694 0
    outer loop
      vertex -13.0263 29.2061 32
      vertex -8.79457 30.7463 0
      vertex -13.0263 29.2061 0
    endloop
  endfacet
  facet normal 0.34201 -0.939696 0
    outer loop
      vertex -15.6941 36.5357 0
      vertex -11.4623 38.0759 32
      vertex -15.6941 36.5357 32
    endloop
  endfacet
  facet normal 0.34201 -0.939696 0
    outer loop
      vertex -11.4623 38.0759 32
      vertex -15.6941 36.5357 0
      vertex -11.4623 38.0759 0
    endloop
  endfacet
  facet normal -0.642792 -0.766041 0
    outer loop
      vertex -11.4623 38.0759 0
      vertex -8.01257 35.1812 32
      vertex -11.4623 38.0759 32
    endloop
  endfacet
  facet normal -0.642792 -0.766041 -0
    outer loop
      vertex -8.01257 35.1812 32
      vertex -11.4623 38.0759 0
      vertex -8.01257 35.1812 0
    endloop
  endfacet
  facet normal -0.984807 0.17365 1.3693e-18
    outer loop
      vertex -8.79457 30.7463 0
      vertex -8.01257 35.1812 32
      vertex -8.01257 35.1812 0
    endloop
  endfacet
  facet normal -0.984807 0.17365 1.3693e-18
    outer loop
      vertex -8.01257 35.1812 32
      vertex -8.79457 30.7463 0
      vertex -8.79457 30.7463 32
    endloop
  endfacet
  facet normal 0.984807 0.17365 2.09157e-19
    outer loop
      vertex -26.4615 24.5297 32
      vertex -27.2435 28.9646 0
      vertex -27.2435 28.9646 32
    endloop
  endfacet
  facet normal 0.984807 0.17365 2.09157e-19
    outer loop
      vertex -27.2435 28.9646 0
      vertex -26.4615 24.5297 32
      vertex -26.4615 24.5297 0
    endloop
  endfacet
  facet normal 0.342018 0.939694 -0
    outer loop
      vertex -22.2298 22.9895 0
      vertex -26.4615 24.5297 32
      vertex -22.2298 22.9895 32
    endloop
  endfacet
  facet normal 0.342018 0.939694 0
    outer loop
      vertex -26.4615 24.5297 32
      vertex -22.2298 22.9895 0
      vertex -26.4615 24.5297 0
    endloop
  endfacet
  facet normal -0.642784 0.766047 0
    outer loop
      vertex -18.78 25.8842 0
      vertex -22.2298 22.9895 32
      vertex -18.78 25.8842 32
    endloop
  endfacet
  facet normal -0.642784 0.766047 0
    outer loop
      vertex -22.2298 22.9895 32
      vertex -18.78 25.8842 0
      vertex -22.2298 22.9895 0
    endloop
  endfacet
  facet normal 0.642795 -0.766038 0
    outer loop
      vertex -27.2435 28.9646 0
      vertex -23.7938 31.8593 32
      vertex -27.2435 28.9646 32
    endloop
  endfacet
  facet normal 0.642795 -0.766038 0
    outer loop
      vertex -23.7938 31.8593 32
      vertex -27.2435 28.9646 0
      vertex -23.7938 31.8593 0
    endloop
  endfacet
  facet normal -0.34201 -0.939696 0
    outer loop
      vertex -23.7938 31.8593 0
      vertex -19.562 30.3191 32
      vertex -23.7938 31.8593 32
    endloop
  endfacet
  facet normal -0.34201 -0.939696 -0
    outer loop
      vertex -19.562 30.3191 32
      vertex -23.7938 31.8593 0
      vertex -19.562 30.3191 0
    endloop
  endfacet
  facet normal -0.984807 -0.17365 -5.7932e-19
    outer loop
      vertex -18.78 25.8842 0
      vertex -19.562 30.3191 32
      vertex -19.562 30.3191 0
    endloop
  endfacet
  facet normal -0.984807 -0.17365 -5.7932e-19
    outer loop
      vertex -19.562 30.3191 32
      vertex -18.78 25.8842 0
      vertex -18.78 25.8842 32
    endloop
  endfacet
  facet normal 0.866032 0.499989 -2.4798e-18
    outer loop
      vertex -33.2554 14 32
      vertex -35.507 17.9 0
      vertex -35.507 17.9 32
    endloop
  endfacet
  facet normal 0.866032 0.499989 -2.4798e-18
    outer loop
      vertex -35.507 17.9 0
      vertex -33.2554 14 32
      vertex -33.2554 14 0
    endloop
  endfacet
  facet normal 0 1 -0
    outer loop
      vertex -28.752 14 0
      vertex -33.2554 14 32
      vertex -28.752 14 32
    endloop
  endfacet
  facet normal 0 1 0
    outer loop
      vertex -33.2554 14 32
      vertex -28.752 14 0
      vertex -33.2554 14 0
    endloop
  endfacet
  facet normal -0.866032 0.499989 4.94756e-18
    outer loop
      vertex -28.752 14 0
      vertex -26.5004 17.9 32
      vertex -26.5004 17.9 0
    endloop
  endfacet
  facet normal -0.866032 0.499989 4.94756e-18
    outer loop
      vertex -26.5004 17.9 32
      vertex -28.752 14 0
      vertex -28.752 14 32
    endloop
  endfacet
  facet normal 0.866032 -0.499989 -3.7197e-18
    outer loop
      vertex -35.507 17.9 32
      vertex -33.2554 21.8 0
      vertex -33.2554 21.8 32
    endloop
  endfacet
  facet normal 0.866032 -0.499989 -3.7197e-18
    outer loop
      vertex -33.2554 21.8 0
      vertex -35.507 17.9 32
      vertex -35.507 17.9 0
    endloop
  endfacet
  facet normal 0 -1 0
    outer loop
      vertex -33.2554 21.8 0
      vertex -28.752 21.8 32
      vertex -33.2554 21.8 32
    endloop
  endfacet
  facet normal 0 -1 -0
    outer loop
      vertex -28.752 21.8 32
      vertex -33.2554 21.8 0
      vertex -28.752 21.8 0
    endloop
  endfacet
  facet normal -0.866032 -0.499989 1.25796e-18
    outer loop
      vertex -26.5004 17.9 0
      vertex -28.752 21.8 32
      vertex -28.752 21.8 0
    endloop
  endfacet
  facet normal -0.866032 -0.499989 1.25796e-18
    outer loop
      vertex -28.752 21.8 32
      vertex -26.5004 17.9 0
      vertex -26.5004 17.9 32
    endloop
  endfacet
  facet normal 0.642782 0.766049 -0
    outer loop
      vertex -36.0381 1.78169 0
      vertex -39.4879 4.67637 32
      vertex -36.0381 1.78169 32
    endloop
  endfacet
  facet normal 0.642782 0.766049 0
    outer loop
      vertex -39.4879 4.67637 32
      vertex -36.0381 1.78169 0
      vertex -39.4879 4.67637 0
    endloop
  endfacet
  facet normal -0.342024 0.939691 0
    outer loop
      vertex -31.8064 3.32192 0
      vertex -36.0381 1.78169 32
      vertex -31.8064 3.32192 32
    endloop
  endfacet
  facet normal -0.342024 0.939691 0
    outer loop
      vertex -36.0381 1.78169 32
      vertex -31.8064 3.32192 0
      vertex -36.0381 1.78169 0
    endloop
  endfacet
  facet normal -0.984808 0.173649 -8.99825e-19
    outer loop
      vertex -31.8064 3.32192 0
      vertex -31.0244 7.75683 32
      vertex -31.0244 7.75683 0
    endloop
  endfacet
  facet normal -0.984808 0.173649 -8.99825e-19
    outer loop
      vertex -31.0244 7.75683 32
      vertex -31.8064 3.32192 0
      vertex -31.8064 3.32192 32
    endloop
  endfacet
  facet normal 0.984808 -0.173649 -3.7919e-19
    outer loop
      vertex -39.4879 4.67637 32
      vertex -38.7059 9.11129 0
      vertex -38.7059 9.11129 32
    endloop
  endfacet
  facet normal 0.984808 -0.173649 -3.7919e-19
    outer loop
      vertex -38.7059 9.11129 0
      vertex -39.4879 4.67637 32
      vertex -39.4879 4.67637 0
    endloop
  endfacet
  facet normal 0.342012 -0.939695 0
    outer loop
      vertex -38.7059 9.11129 0
      vertex -34.4741 10.6515 32
      vertex -38.7059 9.11129 32
    endloop
  endfacet
  facet normal 0.342012 -0.939695 0
    outer loop
      vertex -34.4741 10.6515 32
      vertex -38.7059 9.11129 0
      vertex -34.4741 10.6515 0
    endloop
  endfacet
  facet normal -0.642791 -0.766041 0
    outer loop
      vertex -34.4741 10.6515 0
      vertex -31.0244 7.75683 32
      vertex -34.4741 10.6515 32
    endloop
  endfacet
  facet normal -0.642791 -0.766041 -0
    outer loop
      vertex -31.0244 7.75683 32
      vertex -34.4741 10.6515 0
      vertex -31.0244 7.75683 0
    endloop
  endfacet
  facet normal 0.342012 0.939695 -0
    outer loop
      vertex -34.4741 -10.6515 0
      vertex -38.7059 -9.11129 32
      vertex -34.4741 -10.6515 32
    endloop
  endfacet
  facet normal 0.342012 0.939695 0
    outer loop
      vertex -38.7059 -9.11129 32
      vertex -34.4741 -10.6515 0
      vertex -38.7059 -9.11129 0
    endloop
  endfacet
  facet normal -0.984808 -0.173649 8.99825e-19
    outer loop
      vertex -31.0244 -7.75683 0
      vertex -31.8064 -3.32192 32
      vertex -31.8064 -3.32192 0
    endloop
  endfacet
  facet normal -0.984808 -0.173649 8.99825e-19
    outer loop
      vertex -31.8064 -3.32192 32
      vertex -31.0244 -7.75683 0
      vertex -31.0244 -7.75683 32
    endloop
  endfacet
  facet normal -0.642791 0.766041 0
    outer loop
      vertex -31.0244 -7.75683 0
      vertex -34.4741 -10.6515 32
      vertex -31.0244 -7.75683 32
    endloop
  endfacet
  facet normal -0.642791 0.766041 0
    outer loop
      vertex -34.4741 -10.6515 32
      vertex -31.0244 -7.75683 0
      vertex -34.4741 -10.6515 0
    endloop
  endfacet
  facet normal 0.984808 0.173649 3.7919e-19
    outer loop
      vertex -38.7059 -9.11129 32
      vertex -39.4879 -4.67637 0
      vertex -39.4879 -4.67637 32
    endloop
  endfacet
  facet normal 0.984808 0.173649 3.7919e-19
    outer loop
      vertex -39.4879 -4.67637 0
      vertex -38.7059 -9.11129 32
      vertex -38.7059 -9.11129 0
    endloop
  endfacet
  facet normal 0.642782 -0.766049 0
    outer loop
      vertex -39.4879 -4.67637 0
      vertex -36.0381 -1.78169 32
      vertex -39.4879 -4.67637 32
    endloop
  endfacet
  facet normal 0.642782 -0.766049 0
    outer loop
      vertex -36.0381 -1.78169 32
      vertex -39.4879 -4.67637 0
      vertex -36.0381 -1.78169 0
    endloop
  endfacet
  facet normal -0.342024 -0.939691 0
    outer loop
      vertex -36.0381 -1.78169 0
      vertex -31.8064 -3.32192 32
      vertex -36.0381 -1.78169 32
    endloop
  endfacet
  facet normal -0.342024 -0.939691 -0
    outer loop
      vertex -31.8064 -3.32192 32
      vertex -36.0381 -1.78169 0
      vertex -31.8064 -3.32192 0
    endloop
  endfacet
  facet normal 0 1 -0
    outer loop
      vertex -28.752 -21.8 0
      vertex -33.2554 -21.8 32
      vertex -28.752 -21.8 32
    endloop
  endfacet
  facet normal 0 1 0
    outer loop
      vertex -33.2554 -21.8 32
      vertex -28.752 -21.8 0
      vertex -33.2554 -21.8 0
    endloop
  endfacet
  facet normal -0.866032 -0.499989 -4.94756e-18
    outer loop
      vertex -26.5004 -17.9 0
      vertex -28.752 -14 32
      vertex -28.752 -14 0
    endloop
  endfacet
  facet normal -0.866032 -0.499989 -4.94756e-18
    outer loop
      vertex -28.752 -14 32
      vertex -26.5004 -17.9 0
      vertex -26.5004 -17.9 32
    endloop
  endfacet
  facet normal -0.866032 0.499989 -1.25796e-18
    outer loop
      vertex -28.752 -21.8 0
      vertex -26.5004 -17.9 32
      vertex -26.5004 -17.9 0
    endloop
  endfacet
  facet normal -0.866032 0.499989 -1.25796e-18
    outer loop
      vertex -26.5004 -17.9 32
      vertex -28.752 -21.8 0
      vertex -28.752 -21.8 32
    endloop
  endfacet
  facet normal 0.866032 0.499989 3.7197e-18
    outer loop
      vertex -33.2554 -21.8 32
      vertex -35.507 -17.9 0
      vertex -35.507 -17.9 32
    endloop
  endfacet
  facet normal 0.866032 0.499989 3.7197e-18
    outer loop
      vertex -35.507 -17.9 0
      vertex -33.2554 -21.8 32
      vertex -33.2554 -21.8 0
    endloop
  endfacet
  facet normal 0.866032 -0.499989 2.4798e-18
    outer loop
      vertex -35.507 -17.9 32
      vertex -33.2554 -14 0
      vertex -33.2554 -14 32
    endloop
  endfacet
  facet normal 0.866032 -0.499989 2.4798e-18
    outer loop
      vertex -33.2554 -14 0
      vertex -35.507 -17.9 32
      vertex -35.507 -17.9 0
    endloop
  endfacet
  facet normal 0 -1 0
    outer loop
      vertex -33.2554 -14 0
      vertex -28.752 -14 32
      vertex -33.2554 -14 32
    endloop
  endfacet
  facet normal 0 -1 -0
    outer loop
      vertex -28.752 -14 32
      vertex -33.2554 -14 0
      vertex -28.752 -14 0
    endloop
  endfacet
  facet normal -0.34201 0.939696 0
    outer loop
      vertex -19.562 -30.3191 0
      vertex -23.7938 -31.8593 32
      vertex -19.562 -30.3191 32
    endloop
  endfacet
  facet normal -0.34201 0.939696 0
    outer loop
      vertex -23.7938 -31.8593 32
      vertex -19.562 -30.3191 0
      vertex -23.7938 -31.8593 0
    endloop
  endfacet
  facet normal 0.342018 -0.939694 0
    outer loop
      vertex -26.4615 -24.5297 0
      vertex -22.2298 -22.9895 32
      vertex -26.4615 -24.5297 32
    endloop
  endfacet
  facet normal 0.342018 -0.939694 0
    outer loop
      vertex -22.2298 -22.9895 32
      vertex -26.4615 -24.5297 0
      vertex -22.2298 -22.9895 0
    endloop
  endfacet
  facet normal -0.642784 -0.766047 0
    outer loop
      vertex -22.2298 -22.9895 0
      vertex -18.78 -25.8842 32
      vertex -22.2298 -22.9895 32
    endloop
  endfacet
  facet normal -0.642784 -0.766047 -0
    outer loop
      vertex -18.78 -25.8842 32
      vertex -22.2298 -22.9895 0
      vertex -18.78 -25.8842 0
    endloop
  endfacet
  facet normal -0.984807 0.17365 5.7932e-19
    outer loop
      vertex -19.562 -30.3191 0
      vertex -18.78 -25.8842 32
      vertex -18.78 -25.8842 0
    endloop
  endfacet
  facet normal -0.984807 0.17365 5.7932e-19
    outer loop
      vertex -18.78 -25.8842 32
      vertex -19.562 -30.3191 0
      vertex -19.562 -30.3191 32
    endloop
  endfacet
  facet normal 0.642795 0.766038 -0
    outer loop
      vertex -23.7938 -31.8593 0
      vertex -27.2435 -28.9646 32
      vertex -23.7938 -31.8593 32
    endloop
  endfacet
  facet normal 0.642795 0.766038 0
    outer loop
      vertex -27.2435 -28.9646 32
      vertex -23.7938 -31.8593 0
      vertex -27.2435 -28.9646 0
    endloop
  endfacet
  facet normal 0.984807 -0.17365 -2.09157e-19
    outer loop
      vertex -27.2435 -28.9646 32
      vertex -26.4615 -24.5297 0
      vertex -26.4615 -24.5297 32
    endloop
  endfacet
  facet normal 0.984807 -0.17365 -2.09157e-19
    outer loop
      vertex -26.4615 -24.5297 0
      vertex -27.2435 -28.9646 32
      vertex -27.2435 -28.9646 0
    endloop
  endfacet
  facet normal -0.642792 0.766041 0
    outer loop
      vertex -8.01257 -35.1812 0
      vertex -11.4623 -38.0759 32
      vertex -8.01257 -35.1812 32
    endloop
  endfacet
  facet normal -0.642792 0.766041 0
    outer loop
      vertex -11.4623 -38.0759 32
      vertex -8.01257 -35.1812 0
      vertex -11.4623 -38.0759 0
    endloop
  endfacet
  facet normal -0.342015 -0.939694 0
    outer loop
      vertex -13.0263 -29.2061 0
      vertex -8.79457 -30.7463 32
      vertex -13.0263 -29.2061 32
    endloop
  endfacet
  facet normal -0.342015 -0.939694 -0
    outer loop
      vertex -8.79457 -30.7463 32
      vertex -13.0263 -29.2061 0
      vertex -8.79457 -30.7463 0
    endloop
  endfacet
  facet normal -0.984807 -0.17365 -1.3693e-18
    outer loop
      vertex -8.01257 -35.1812 0
      vertex -8.79457 -30.7463 32
      vertex -8.79457 -30.7463 0
    endloop
  endfacet
  facet normal -0.984807 -0.17365 -1.3693e-18
    outer loop
      vertex -8.79457 -30.7463 32
      vertex -8.01257 -35.1812 0
      vertex -8.01257 -35.1812 32
    endloop
  endfacet
  facet normal 0.984807 0.17365 2.227e-19
    outer loop
      vertex -15.6941 -36.5357 32
      vertex -16.4761 -32.1008 0
      vertex -16.4761 -32.1008 32
    endloop
  endfacet
  facet normal 0.984807 0.17365 2.227e-19
    outer loop
      vertex -16.4761 -32.1008 0
      vertex -15.6941 -36.5357 32
      vertex -15.6941 -36.5357 0
    endloop
  endfacet
  facet normal 0.642784 -0.766047 0
    outer loop
      vertex -16.4761 -32.1008 0
      vertex -13.0263 -29.2061 32
      vertex -16.4761 -32.1008 32
    endloop
  endfacet
  facet normal 0.642784 -0.766047 0
    outer loop
      vertex -13.0263 -29.2061 32
      vertex -16.4761 -32.1008 0
      vertex -13.0263 -29.2061 0
    endloop
  endfacet
  facet normal 0.34201 0.939696 -0
    outer loop
      vertex -11.4623 -38.0759 0
      vertex -15.6941 -36.5357 32
      vertex -11.4623 -38.0759 32
    endloop
  endfacet
  facet normal 0.34201 0.939696 0
    outer loop
      vertex -15.6941 -36.5357 32
      vertex -11.4623 -38.0759 0
      vertex -15.6941 -36.5357 0
    endloop
  endfacet
  facet normal -0.866026 0.499999 -6.80135e-19
    outer loop
      vertex 2.25167 -39.7 0
      vertex 4.50333 -35.8 32
      vertex 4.50333 -35.8 0
    endloop
  endfacet
  facet normal -0.866026 0.499999 -6.80135e-19
    outer loop
      vertex 4.50333 -35.8 32
      vertex 2.25167 -39.7 0
      vertex 2.25167 -39.7 32
    endloop
  endfacet
  facet normal 0.866026 -0.499999 -6.01889e-19
    outer loop
      vertex -4.50333 -35.8 32
      vertex -2.25167 -31.9 0
      vertex -2.25167 -31.9 32
    endloop
  endfacet
  facet normal 0.866026 -0.499999 -6.01889e-19
    outer loop
      vertex -2.25167 -31.9 0
      vertex -4.50333 -35.8 32
      vertex -4.50333 -35.8 0
    endloop
  endfacet
  facet normal -0.866026 -0.499999 6.01889e-19
    outer loop
      vertex 4.50333 -35.8 0
      vertex 2.25167 -31.9 32
      vertex 2.25167 -31.9 0
    endloop
  endfacet
  facet normal -0.866026 -0.499999 6.01889e-19
    outer loop
      vertex 2.25167 -31.9 32
      vertex 4.50333 -35.8 0
      vertex 4.50333 -35.8 32
    endloop
  endfacet
  facet normal 0.866026 0.499999 6.80135e-19
    outer loop
      vertex -2.25167 -39.7 32
      vertex -4.50333 -35.8 0
      vertex -4.50333 -35.8 32
    endloop
  endfacet
  facet normal 0.866026 0.499999 6.80135e-19
    outer loop
      vertex -4.50333 -35.8 0
      vertex -2.25167 -39.7 32
      vertex -2.25167 -39.7 0
    endloop
  endfacet
  facet normal 0 -1 0
    outer loop
      vertex -2.25167 -31.9 0
      vertex 2.25167 -31.9 32
      vertex -2.25167 -31.9 32
    endloop
  endfacet
  facet normal 0 -1 -0
    outer loop
      vertex 2.25167 -31.9 32
      vertex -2.25167 -31.9 0
      vertex 2.25167 -31.9 0
    endloop
  endfacet
  facet normal 0 1 -0
    outer loop
      vertex 2.25167 -39.7 0
      vertex -2.25167 -39.7 32
      vertex 2.25167 -39.7 32
    endloop
  endfacet
  facet normal 0 1 0
    outer loop
      vertex -2.25167 -39.7 32
      vertex 2.25167 -39.7 0
      vertex -2.25167 -39.7 0
    endloop
  endfacet
  facet normal -0.984807 0.17365 -2.227e-19
    outer loop
      vertex 15.6941 -36.5357 0
      vertex 16.4761 -32.1008 32
      vertex 16.4761 -32.1008 0
    endloop
  endfacet
  facet normal -0.984807 0.17365 -2.227e-19
    outer loop
      vertex 16.4761 -32.1008 32
      vertex 15.6941 -36.5357 0
      vertex 15.6941 -36.5357 32
    endloop
  endfacet
  facet normal 0.342015 -0.939694 0
    outer loop
      vertex 8.79457 -30.7463 0
      vertex 13.0263 -29.2061 32
      vertex 8.79457 -30.7463 32
    endloop
  endfacet
  facet normal 0.342015 -0.939694 0
    outer loop
      vertex 13.0263 -29.2061 32
      vertex 8.79457 -30.7463 0
      vertex 13.0263 -29.2061 0
    endloop
  endfacet
  facet normal -0.642784 -0.766047 0
    outer loop
      vertex 13.0263 -29.2061 0
      vertex 16.4761 -32.1008 32
      vertex 13.0263 -29.2061 32
    endloop
  endfacet
  facet normal -0.642784 -0.766047 -0
    outer loop
      vertex 16.4761 -32.1008 32
      vertex 13.0263 -29.2061 0
      vertex 16.4761 -32.1008 0
    endloop
  endfacet
  facet normal -0.34201 0.939696 0
    outer loop
      vertex 15.6941 -36.5357 0
      vertex 11.4623 -38.0759 32
      vertex 15.6941 -36.5357 32
    endloop
  endfacet
  facet normal -0.34201 0.939696 0
    outer loop
      vertex 11.4623 -38.0759 32
      vertex 15.6941 -36.5357 0
      vertex 11.4623 -38.0759 0
    endloop
  endfacet
  facet normal 0.642792 0.766041 -0
    outer loop
      vertex 11.4623 -38.0759 0
      vertex 8.01257 -35.1812 32
      vertex 11.4623 -38.0759 32
    endloop
  endfacet
  facet normal 0.642792 0.766041 0
    outer loop
      vertex 8.01257 -35.1812 32
      vertex 11.4623 -38.0759 0
      vertex 8.01257 -35.1812 0
    endloop
  endfacet
  facet normal 0.984807 -0.17365 1.3693e-18
    outer loop
      vertex 8.01257 -35.1812 32
      vertex 8.79457 -30.7463 0
      vertex 8.79457 -30.7463 32
    endloop
  endfacet
  facet normal 0.984807 -0.17365 1.3693e-18
    outer loop
      vertex 8.79457 -30.7463 0
      vertex 8.01257 -35.1812 32
      vertex 8.01257 -35.1812 0
    endloop
  endfacet
  facet normal -0.984807 -0.17365 2.09157e-19
    outer loop
      vertex 27.2435 -28.9646 0
      vertex 26.4615 -24.5297 32
      vertex 26.4615 -24.5297 0
    endloop
  endfacet
  facet normal -0.984807 -0.17365 2.09157e-19
    outer loop
      vertex 26.4615 -24.5297 32
      vertex 27.2435 -28.9646 0
      vertex 27.2435 -28.9646 32
    endloop
  endfacet
  facet normal 0.642784 -0.766047 0
    outer loop
      vertex 18.78 -25.8842 0
      vertex 22.2298 -22.9895 32
      vertex 18.78 -25.8842 32
    endloop
  endfacet
  facet normal 0.642784 -0.766047 0
    outer loop
      vertex 22.2298 -22.9895 32
      vertex 18.78 -25.8842 0
      vertex 22.2298 -22.9895 0
    endloop
  endfacet
  facet normal -0.342018 -0.939694 0
    outer loop
      vertex 22.2298 -22.9895 0
      vertex 26.4615 -24.5297 32
      vertex 22.2298 -22.9895 32
    endloop
  endfacet
  facet normal -0.342018 -0.939694 -0
    outer loop
      vertex 26.4615 -24.5297 32
      vertex 22.2298 -22.9895 0
      vertex 26.4615 -24.5297 0
    endloop
  endfacet
  facet normal -0.642795 0.766038 0
    outer loop
      vertex 27.2435 -28.9646 0
      vertex 23.7938 -31.8593 32
      vertex 27.2435 -28.9646 32
    endloop
  endfacet
  facet normal -0.642795 0.766038 0
    outer loop
      vertex 23.7938 -31.8593 32
      vertex 27.2435 -28.9646 0
      vertex 23.7938 -31.8593 0
    endloop
  endfacet
  facet normal 0.984807 0.17365 -5.7932e-19
    outer loop
      vertex 19.562 -30.3191 32
      vertex 18.78 -25.8842 0
      vertex 18.78 -25.8842 32
    endloop
  endfacet
  facet normal 0.984807 0.17365 -5.7932e-19
    outer loop
      vertex 18.78 -25.8842 0
      vertex 19.562 -30.3191 32
      vertex 19.562 -30.3191 0
    endloop
  endfacet
  facet normal 0.34201 0.939696 -0
    outer loop
      vertex 23.7938 -31.8593 0
      vertex 19.562 -30.3191 32
      vertex 23.7938 -31.8593 32
    endloop
  endfacet
  facet normal 0.34201 0.939696 0
    outer loop
      vertex 19.562 -30.3191 32
      vertex 23.7938 -31.8593 0
      vertex 19.562 -30.3191 0
    endloop
  endfacet
  facet normal -0.866032 -0.499989 -2.4798e-18
    outer loop
      vertex 35.507 -17.9 0
      vertex 33.2554 -14 32
      vertex 33.2554 -14 0
    endloop
  endfacet
  facet normal -0.866032 -0.499989 -2.4798e-18
    outer loop
      vertex 33.2554 -14 32
      vertex 35.507 -17.9 0
      vertex 35.507 -17.9 32
    endloop
  endfacet
  facet normal 0.866032 -0.499989 4.94756e-18
    outer loop
      vertex 26.5004 -17.9 32
      vertex 28.752 -14 0
      vertex 28.752 -14 32
    endloop
  endfacet
  facet normal 0.866032 -0.499989 4.94756e-18
    outer loop
      vertex 28.752 -14 0
      vertex 26.5004 -17.9 32
      vertex 26.5004 -17.9 0
    endloop
  endfacet
  facet normal 0 -1 0
    outer loop
      vertex 28.752 -14 0
      vertex 33.2554 -14 32
      vertex 28.752 -14 32
    endloop
  endfacet
  facet normal 0 -1 -0
    outer loop
      vertex 33.2554 -14 32
      vertex 28.752 -14 0
      vertex 33.2554 -14 0
    endloop
  endfacet
  facet normal -0.866032 0.499989 -3.7197e-18
    outer loop
      vertex 33.2554 -21.8 0
      vertex 35.507 -17.9 32
      vertex 35.507 -17.9 0
    endloop
  endfacet
  facet normal -0.866032 0.499989 -3.7197e-18
    outer loop
      vertex 35.507 -17.9 32
      vertex 33.2554 -21.8 0
      vertex 33.2554 -21.8 32
    endloop
  endfacet
  facet normal 0 1 -0
    outer loop
      vertex 33.2554 -21.8 0
      vertex 28.752 -21.8 32
      vertex 33.2554 -21.8 32
    endloop
  endfacet
  facet normal 0 1 0
    outer loop
      vertex 28.752 -21.8 32
      vertex 33.2554 -21.8 0
      vertex 28.752 -21.8 0
    endloop
  endfacet
  facet normal 0.866032 0.499989 1.25796e-18
    outer loop
      vertex 28.752 -21.8 32
      vertex 26.5004 -17.9 0
      vertex 26.5004 -17.9 32
    endloop
  endfacet
  facet normal 0.866032 0.499989 1.25796e-18
    outer loop
      vertex 26.5004 -17.9 0
      vertex 28.752 -21.8 32
      vertex 28.752 -21.8 0
    endloop
  endfacet
  facet normal -0.642782 -0.766049 0
    outer loop
      vertex 36.0381 -1.78169 0
      vertex 39.4879 -4.67637 32
      vertex 36.0381 -1.78169 32
    endloop
  endfacet
  facet normal -0.642782 -0.766049 -0
    outer loop
      vertex 39.4879 -4.67637 32
      vertex 36.0381 -1.78169 0
      vertex 39.4879 -4.67637 0
    endloop
  endfacet
  facet normal 0.984808 -0.173649 -8.99825e-19
    outer loop
      vertex 31.0244 -7.75683 32
      vertex 31.8064 -3.32192 0
      vertex 31.8064 -3.32192 32
    endloop
  endfacet
  facet normal 0.984808 -0.173649 -8.99825e-19
    outer loop
      vertex 31.8064 -3.32192 0
      vertex 31.0244 -7.75683 32
      vertex 31.0244 -7.75683 0
    endloop
  endfacet
  facet normal 0.342024 -0.939691 0
    outer loop
      vertex 31.8064 -3.32192 0
      vertex 36.0381 -1.78169 32
      vertex 31.8064 -3.32192 32
    endloop
  endfacet
  facet normal 0.342024 -0.939691 0
    outer loop
      vertex 36.0381 -1.78169 32
      vertex 31.8064 -3.32192 0
      vertex 36.0381 -1.78169 0
    endloop
  endfacet
  facet normal -0.984808 0.173649 -3.7919e-19
    outer loop
      vertex 38.7059 -9.11129 0
      vertex 39.4879 -4.67637 32
      vertex 39.4879 -4.67637 0
    endloop
  endfacet
  facet normal -0.984808 0.173649 -3.7919e-19
    outer loop
      vertex 39.4879 -4.67637 32
      vertex 38.7059 -9.11129 0
      vertex 38.7059 -9.11129 32
    endloop
  endfacet
  facet normal -0.342012 0.939695 0
    outer loop
      vertex 38.7059 -9.11129 0
      vertex 34.4741 -10.6515 32
      vertex 38.7059 -9.11129 32
    endloop
  endfacet
  facet normal -0.342012 0.939695 0
    outer loop
      vertex 34.4741 -10.6515 32
      vertex 38.7059 -9.11129 0
      vertex 34.4741 -10.6515 0
    endloop
  endfacet
  facet normal 0.642791 0.766041 -0
    outer loop
      vertex 34.4741 -10.6515 0
      vertex 31.0244 -7.75683 32
      vertex 34.4741 -10.6515 32
    endloop
  endfacet
  facet normal 0.642791 0.766041 0
    outer loop
      vertex 31.0244 -7.75683 32
      vertex 34.4741 -10.6515 0
      vertex 31.0244 -7.75683 0
    endloop
  endfacet
  facet normal -0.866025 -0.500001 -1.31096e-17
    outer loop
      vertex 7.10141 0 0
      vertex 3.5507 6.15 6
      vertex 3.5507 6.15 0
    endloop
  endfacet
  facet normal -0.866025 -0.500001 -1.31096e-17
    outer loop
      vertex 3.5507 6.15 6
      vertex 7.10141 0 0
      vertex 7.10141 0 6
    endloop
  endfacet
  facet normal 0.866025 -0.500001 1.31096e-17
    outer loop
      vertex -7.10141 0 6
      vertex -3.5507 6.15 0
      vertex -3.5507 6.15 6
    endloop
  endfacet
  facet normal 0.866025 -0.500001 1.31096e-17
    outer loop
      vertex -3.5507 6.15 0
      vertex -7.10141 0 6
      vertex -7.10141 0 0
    endloop
  endfacet
  facet normal 0 -1 0
    outer loop
      vertex -3.5507 6.15 0
      vertex 3.5507 6.15 6
      vertex -3.5507 6.15 6
    endloop
  endfacet
  facet normal 0 -1 -0
    outer loop
      vertex 3.5507 6.15 6
      vertex -3.5507 6.15 0
      vertex 3.5507 6.15 0
    endloop
  endfacet
  facet normal 0 0 -1
    outer loop
      vertex 1.94856 -1.125 6
      vertex 7.10141 0 6
      vertex 3.5507 -6.15 6
    endloop
  endfacet
  facet normal 0 0 -1
    outer loop
      vertex 2.21582 0.390708 6
      vertex 7.10141 0 6
      vertex 2.25 0 6
    endloop
  endfacet
  facet normal -0 0 -1
    outer loop
      vertex 7.10141 0 6
      vertex 2.21582 -0.390708 6
      vertex 2.25 0 6
    endloop
  endfacet
  facet normal 0 0 -1
    outer loop
      vertex 7.10141 0 6
      vertex 2.11431 -0.769545 6
      vertex 2.21582 -0.390708 6
    endloop
  endfacet
  facet normal 0 0 -1
    outer loop
      vertex 7.10141 0 6
      vertex 1.94856 -1.125 6
      vertex 2.11431 -0.769545 6
    endloop
  endfacet
  facet normal 0 0 -1
    outer loop
      vertex 3.5507 -6.15 6
      vertex 1.7236 -1.44627 6
      vertex 1.94856 -1.125 6
    endloop
  endfacet
  facet normal 0 0 -1
    outer loop
      vertex 3.5507 -6.15 6
      vertex 1.44627 -1.7236 6
      vertex 1.7236 -1.44627 6
    endloop
  endfacet
  facet normal 0 0 -1
    outer loop
      vertex 3.5507 -6.15 6
      vertex 1.125 -1.94856 6
      vertex 1.44627 -1.7236 6
    endloop
  endfacet
  facet normal 0 0 -1
    outer loop
      vertex 3.5507 -6.15 6
      vertex 0.769545 -2.11431 6
      vertex 1.125 -1.94856 6
    endloop
  endfacet
  facet normal 0 0 -1
    outer loop
      vertex 3.5507 -6.15 6
      vertex 0.390708 -2.21582 6
      vertex 0.769545 -2.11431 6
    endloop
  endfacet
  facet normal 0 0 -1
    outer loop
      vertex 3.5507 -6.15 6
      vertex 0 -2.25 6
      vertex 0.390708 -2.21582 6
    endloop
  endfacet
  facet normal 0 0 -1
    outer loop
      vertex -3.5507 -6.15 6
      vertex 0 -2.25 6
      vertex 3.5507 -6.15 6
    endloop
  endfacet
  facet normal -0 0 -1
    outer loop
      vertex 0 -2.25 6
      vertex -3.5507 -6.15 6
      vertex -0.390708 -2.21582 6
    endloop
  endfacet
  facet normal -0 0 -1
    outer loop
      vertex -0.390708 -2.21582 6
      vertex -3.5507 -6.15 6
      vertex -0.769545 -2.11431 6
    endloop
  endfacet
  facet normal -0 0 -1
    outer loop
      vertex -0.769545 -2.11431 6
      vertex -3.5507 -6.15 6
      vertex -1.125 -1.94856 6
    endloop
  endfacet
  facet normal 0 0 -1
    outer loop
      vertex -2.11431 -0.769545 6
      vertex -7.10141 0 6
      vertex -2.21582 -0.390708 6
    endloop
  endfacet
  facet normal 0 0 -1
    outer loop
      vertex -1.94856 -1.125 6
      vertex -7.10141 0 6
      vertex -2.11431 -0.769545 6
    endloop
  endfacet
  facet normal 0 0 -1
    outer loop
      vertex -7.10141 0 6
      vertex -1.94856 -1.125 6
      vertex -3.5507 -6.15 6
    endloop
  endfacet
  facet normal -0 0 -1
    outer loop
      vertex -1.7236 -1.44627 6
      vertex -3.5507 -6.15 6
      vertex -1.94856 -1.125 6
    endloop
  endfacet
  facet normal -0 0 -1
    outer loop
      vertex -1.44627 -1.7236 6
      vertex -3.5507 -6.15 6
      vertex -1.7236 -1.44627 6
    endloop
  endfacet
  facet normal -0 0 -1
    outer loop
      vertex -1.125 -1.94856 6
      vertex -3.5507 -6.15 6
      vertex -1.44627 -1.7236 6
    endloop
  endfacet
  facet normal 0 0 -1
    outer loop
      vertex 2.11431 0.769545 6
      vertex 7.10141 0 6
      vertex 2.21582 0.390708 6
    endloop
  endfacet
  facet normal 0 0 -1
    outer loop
      vertex 1.94856 1.125 6
      vertex 7.10141 0 6
      vertex 2.11431 0.769545 6
    endloop
  endfacet
  facet normal 0 0 -1
    outer loop
      vertex 7.10141 0 6
      vertex 1.94856 1.125 6
      vertex 3.5507 6.15 6
    endloop
  endfacet
  facet normal 0 0 -1
    outer loop
      vertex 1.7236 1.44627 6
      vertex 3.5507 6.15 6
      vertex 1.94856 1.125 6
    endloop
  endfacet
  facet normal 0 0 -1
    outer loop
      vertex 1.44627 1.7236 6
      vertex 3.5507 6.15 6
      vertex 1.7236 1.44627 6
    endloop
  endfacet
  facet normal 0 0 -1
    outer loop
      vertex 1.125 1.94856 6
      vertex 3.5507 6.15 6
      vertex 1.44627 1.7236 6
    endloop
  endfacet
  facet normal 0 0 -1
    outer loop
      vertex 0.769545 2.11431 6
      vertex 3.5507 6.15 6
      vertex 1.125 1.94856 6
    endloop
  endfacet
  facet normal 0 0 -1
    outer loop
      vertex 0.390708 2.21582 6
      vertex 3.5507 6.15 6
      vertex 0.769545 2.11431 6
    endloop
  endfacet
  facet normal 0 0 -1
    outer loop
      vertex 0 2.25 6
      vertex 3.5507 6.15 6
      vertex 0.390708 2.21582 6
    endloop
  endfacet
  facet normal 0 0 -1
    outer loop
      vertex -3.5507 6.15 6
      vertex 0 2.25 6
      vertex -0.390708 2.21582 6
    endloop
  endfacet
  facet normal 0 0 -1
    outer loop
      vertex -3.5507 6.15 6
      vertex -0.390708 2.21582 6
      vertex -0.769545 2.11431 6
    endloop
  endfacet
  facet normal 0 0 -1
    outer loop
      vertex -3.5507 6.15 6
      vertex -0.769545 2.11431 6
      vertex -1.125 1.94856 6
    endloop
  endfacet
  facet normal 0 0 -1
    outer loop
      vertex -3.5507 6.15 6
      vertex -1.125 1.94856 6
      vertex -1.44627 1.7236 6
    endloop
  endfacet
  facet normal 0 0 -1
    outer loop
      vertex -2.21582 -0.390708 6
      vertex -7.10141 0 6
      vertex -2.25 0 6
    endloop
  endfacet
  facet normal 0 0 -1
    outer loop
      vertex 0 2.25 6
      vertex -3.5507 6.15 6
      vertex 3.5507 6.15 6
    endloop
  endfacet
  facet normal 0 0 -1
    outer loop
      vertex -1.7236 1.44627 6
      vertex -3.5507 6.15 6
      vertex -1.44627 1.7236 6
    endloop
  endfacet
  facet normal 0 0 -1
    outer loop
      vertex -1.94856 1.125 6
      vertex -3.5507 6.15 6
      vertex -1.7236 1.44627 6
    endloop
  endfacet
  facet normal 0 0 -1
    outer loop
      vertex -7.10141 0 6
      vertex -1.94856 1.125 6
      vertex -2.11431 0.769545 6
    endloop
  endfacet
  facet normal 0 0 -1
    outer loop
      vertex -7.10141 0 6
      vertex -2.11431 0.769545 6
      vertex -2.21582 0.390708 6
    endloop
  endfacet
  facet normal 0 0 -1
    outer loop
      vertex -2.25 0 6
      vertex -7.10141 0 6
      vertex -2.21582 0.390708 6
    endloop
  endfacet
  facet normal -0 0 -1
    outer loop
      vertex -1.94856 1.125 6
      vertex -7.10141 0 6
      vertex -3.5507 6.15 6
    endloop
  endfacet
  facet normal -0.866025 0.500001 1.31096e-17
    outer loop
      vertex 3.5507 -6.15 0
      vertex 7.10141 0 6
      vertex 7.10141 0 0
    endloop
  endfacet
  facet normal -0.866025 0.500001 1.31096e-17
    outer loop
      vertex 7.10141 0 6
      vertex 3.5507 -6.15 0
      vertex 3.5507 -6.15 6
    endloop
  endfacet
  facet normal 0 1 -0
    outer loop
      vertex 3.5507 -6.15 0
      vertex -3.5507 -6.15 6
      vertex 3.5507 -6.15 6
    endloop
  endfacet
  facet normal 0 1 0
    outer loop
      vertex -3.5507 -6.15 6
      vertex 3.5507 -6.15 0
      vertex -3.5507 -6.15 0
    endloop
  endfacet
  facet normal 0.866025 0.500001 -1.31096e-17
    outer loop
      vertex -3.5507 -6.15 6
      vertex -7.10141 0 0
      vertex -7.10141 0 6
    endloop
  endfacet
  facet normal 0.866025 0.500001 -1.31096e-17
    outer loop
      vertex -7.10141 0 0
      vertex -3.5507 -6.15 6
      vertex -3.5507 -6.15 0
    endloop
  endfacet
  facet normal -0.573584 -0.819147 0
    outer loop
      vertex 1.125 1.94856 6
      vertex 1.44627 1.7236 26
      vertex 1.125 1.94856 26
    endloop
  endfacet
  facet normal -0.573584 -0.819147 -0
    outer loop
      vertex 1.44627 1.7236 26
      vertex 1.125 1.94856 6
      vertex 1.44627 1.7236 6
    endloop
  endfacet
  facet normal 0.906309 -0.422615 4.03431e-19
    outer loop
      vertex -2.11431 0.769545 26
      vertex -1.94856 1.125 6
      vertex -1.94856 1.125 26
    endloop
  endfacet
  facet normal 0.906309 -0.422615 4.03431e-19
    outer loop
      vertex -1.94856 1.125 6
      vertex -2.11431 0.769545 26
      vertex -2.11431 0.769545 6
    endloop
  endfacet
  facet normal 0.422615 0.906309 -0
    outer loop
      vertex -0.769545 -2.11431 6
      vertex -1.125 -1.94856 26
      vertex -0.769545 -2.11431 26
    endloop
  endfacet
  facet normal 0.422615 0.906309 0
    outer loop
      vertex -1.125 -1.94856 26
      vertex -0.769545 -2.11431 6
      vertex -1.125 -1.94856 6
    endloop
  endfacet
  facet normal 0.258821 -0.965925 0
    outer loop
      vertex -0.769545 2.11431 6
      vertex -0.390708 2.21582 26
      vertex -0.769545 2.11431 26
    endloop
  endfacet
  facet normal 0.258821 -0.965925 0
    outer loop
      vertex -0.390708 2.21582 26
      vertex -0.769545 2.11431 6
      vertex -0.390708 2.21582 6
    endloop
  endfacet
  facet normal 0.819147 -0.573584 1.31309e-19
    outer loop
      vertex -1.94856 1.125 26
      vertex -1.7236 1.44627 6
      vertex -1.7236 1.44627 26
    endloop
  endfacet
  facet normal 0.819147 -0.573584 1.31309e-19
    outer loop
      vertex -1.7236 1.44627 6
      vertex -1.94856 1.125 26
      vertex -1.94856 1.125 6
    endloop
  endfacet
  facet normal 0.906309 0.422615 -4.03431e-19
    outer loop
      vertex -1.94856 -1.125 26
      vertex -2.11431 -0.769545 6
      vertex -2.11431 -0.769545 26
    endloop
  endfacet
  facet normal 0.906309 0.422615 -4.03431e-19
    outer loop
      vertex -2.11431 -0.769545 6
      vertex -1.94856 -1.125 26
      vertex -1.94856 -1.125 6
    endloop
  endfacet
  facet normal -0.906309 -0.422615 -4.03431e-19
    outer loop
      vertex 2.11431 0.769545 6
      vertex 1.94856 1.125 26
      vertex 1.94856 1.125 6
    endloop
  endfacet
  facet normal -0.906309 -0.422615 -4.03431e-19
    outer loop
      vertex 1.94856 1.125 26
      vertex 2.11431 0.769545 6
      vertex 2.11431 0.769545 26
    endloop
  endfacet
  facet normal -0.819147 -0.573584 -1.31309e-19
    outer loop
      vertex 1.94856 1.125 6
      vertex 1.7236 1.44627 26
      vertex 1.7236 1.44627 6
    endloop
  endfacet
  facet normal -0.819147 -0.573584 -1.31309e-19
    outer loop
      vertex 1.7236 1.44627 26
      vertex 1.94856 1.125 6
      vertex 1.94856 1.125 26
    endloop
  endfacet
  facet normal -0.707107 -0.707107 6.59133e-19
    outer loop
      vertex 1.7236 1.44627 6
      vertex 1.44627 1.7236 26
      vertex 1.44627 1.7236 6
    endloop
  endfacet
  facet normal -0.707107 -0.707107 6.59133e-19
    outer loop
      vertex 1.44627 1.7236 26
      vertex 1.7236 1.44627 6
      vertex 1.7236 1.44627 26
    endloop
  endfacet
  facet normal -0.422615 -0.906309 0
    outer loop
      vertex 0.769545 2.11431 6
      vertex 1.125 1.94856 26
      vertex 0.769545 2.11431 26
    endloop
  endfacet
  facet normal -0.422615 -0.906309 -0
    outer loop
      vertex 1.125 1.94856 26
      vertex 0.769545 2.11431 6
      vertex 1.125 1.94856 6
    endloop
  endfacet
  facet normal -0.0871494 -0.996195 0
    outer loop
      vertex 0 2.25 6
      vertex 0.390708 2.21582 26
      vertex 0 2.25 26
    endloop
  endfacet
  facet normal -0.0871494 -0.996195 -0
    outer loop
      vertex 0.390708 2.21582 26
      vertex 0 2.25 6
      vertex 0.390708 2.21582 6
    endloop
  endfacet
  facet normal 0.707107 -0.707107 -6.59133e-19
    outer loop
      vertex -1.7236 1.44627 26
      vertex -1.44627 1.7236 6
      vertex -1.44627 1.7236 26
    endloop
  endfacet
  facet normal 0.707107 -0.707107 -6.59133e-19
    outer loop
      vertex -1.44627 1.7236 6
      vertex -1.7236 1.44627 26
      vertex -1.7236 1.44627 6
    endloop
  endfacet
  facet normal 0.422615 -0.906309 0
    outer loop
      vertex -1.125 1.94856 6
      vertex -0.769545 2.11431 26
      vertex -1.125 1.94856 26
    endloop
  endfacet
  facet normal 0.422615 -0.906309 0
    outer loop
      vertex -0.769545 2.11431 26
      vertex -1.125 1.94856 6
      vertex -0.769545 2.11431 6
    endloop
  endfacet
  facet normal 0.0871494 -0.996195 0
    outer loop
      vertex -0.390708 2.21582 6
      vertex 0 2.25 26
      vertex -0.390708 2.21582 26
    endloop
  endfacet
  facet normal 0.0871494 -0.996195 0
    outer loop
      vertex 0 2.25 26
      vertex -0.390708 2.21582 6
      vertex 0 2.25 6
    endloop
  endfacet
  facet normal 0.573584 -0.819147 0
    outer loop
      vertex -1.44627 1.7236 6
      vertex -1.125 1.94856 26
      vertex -1.44627 1.7236 26
    endloop
  endfacet
  facet normal 0.573584 -0.819147 0
    outer loop
      vertex -1.125 1.94856 26
      vertex -1.44627 1.7236 6
      vertex -1.125 1.94856 6
    endloop
  endfacet
  facet normal -0.996195 -0.0871494 -7.21338e-20
    outer loop
      vertex 2.25 0 6
      vertex 2.21582 0.390708 26
      vertex 2.21582 0.390708 6
    endloop
  endfacet
  facet normal -0.996195 -0.0871494 -7.21338e-20
    outer loop
      vertex 2.21582 0.390708 26
      vertex 2.25 0 6
      vertex 2.25 0 26
    endloop
  endfacet
  facet normal -0.422615 0.906309 0
    outer loop
      vertex 1.125 -1.94856 6
      vertex 0.769545 -2.11431 26
      vertex 1.125 -1.94856 26
    endloop
  endfacet
  facet normal -0.422615 0.906309 0
    outer loop
      vertex 0.769545 -2.11431 26
      vertex 1.125 -1.94856 6
      vertex 0.769545 -2.11431 6
    endloop
  endfacet
  facet normal -0.573584 0.819147 0
    outer loop
      vertex 1.44627 -1.7236 6
      vertex 1.125 -1.94856 26
      vertex 1.44627 -1.7236 26
    endloop
  endfacet
  facet normal -0.573584 0.819147 0
    outer loop
      vertex 1.125 -1.94856 26
      vertex 1.44627 -1.7236 6
      vertex 1.125 -1.94856 6
    endloop
  endfacet
  facet normal -0.819147 0.573584 1.31309e-19
    outer loop
      vertex 1.7236 -1.44627 6
      vertex 1.94856 -1.125 26
      vertex 1.94856 -1.125 6
    endloop
  endfacet
  facet normal -0.819147 0.573584 1.31309e-19
    outer loop
      vertex 1.94856 -1.125 26
      vertex 1.7236 -1.44627 6
      vertex 1.7236 -1.44627 26
    endloop
  endfacet
  facet normal 0.707107 0.707107 6.59133e-19
    outer loop
      vertex -1.44627 -1.7236 26
      vertex -1.7236 -1.44627 6
      vertex -1.7236 -1.44627 26
    endloop
  endfacet
  facet normal 0.707107 0.707107 6.59133e-19
    outer loop
      vertex -1.7236 -1.44627 6
      vertex -1.44627 -1.7236 26
      vertex -1.44627 -1.7236 6
    endloop
  endfacet
  facet normal 0.573584 0.819147 -0
    outer loop
      vertex -1.125 -1.94856 6
      vertex -1.44627 -1.7236 26
      vertex -1.125 -1.94856 26
    endloop
  endfacet
  facet normal 0.573584 0.819147 0
    outer loop
      vertex -1.44627 -1.7236 26
      vertex -1.125 -1.94856 6
      vertex -1.44627 -1.7236 6
    endloop
  endfacet
  facet normal 0.996195 0.0871494 -7.21338e-20
    outer loop
      vertex -2.21582 -0.390708 26
      vertex -2.25 0 6
      vertex -2.25 0 26
    endloop
  endfacet
  facet normal 0.996195 0.0871494 -7.21338e-20
    outer loop
      vertex -2.25 0 6
      vertex -2.21582 -0.390708 26
      vertex -2.21582 -0.390708 6
    endloop
  endfacet
  facet normal -0.965925 -0.258821 2.98901e-19
    outer loop
      vertex 2.21582 0.390708 6
      vertex 2.11431 0.769545 26
      vertex 2.11431 0.769545 6
    endloop
  endfacet
  facet normal -0.965925 -0.258821 2.98901e-19
    outer loop
      vertex 2.11431 0.769545 26
      vertex 2.21582 0.390708 6
      vertex 2.21582 0.390708 26
    endloop
  endfacet
  facet normal -0.258821 -0.965925 0
    outer loop
      vertex 0.390708 2.21582 6
      vertex 0.769545 2.11431 26
      vertex 0.390708 2.21582 26
    endloop
  endfacet
  facet normal -0.258821 -0.965925 -0
    outer loop
      vertex 0.769545 2.11431 26
      vertex 0.390708 2.21582 6
      vertex 0.769545 2.11431 6
    endloop
  endfacet
  facet normal 0.996195 -0.0871494 7.21338e-20
    outer loop
      vertex -2.25 0 26
      vertex -2.21582 0.390708 6
      vertex -2.21582 0.390708 26
    endloop
  endfacet
  facet normal 0.996195 -0.0871494 7.21338e-20
    outer loop
      vertex -2.21582 0.390708 6
      vertex -2.25 0 26
      vertex -2.25 0 6
    endloop
  endfacet
  facet normal -0.996195 0.0871494 7.21338e-20
    outer loop
      vertex 2.21582 -0.390708 6
      vertex 2.25 0 26
      vertex 2.25 0 6
    endloop
  endfacet
  facet normal -0.996195 0.0871494 7.21338e-20
    outer loop
      vertex 2.25 0 26
      vertex 2.21582 -0.390708 6
      vertex 2.21582 -0.390708 26
    endloop
  endfacet
  facet normal -0.965925 0.258821 -2.98901e-19
    outer loop
      vertex 2.11431 -0.769545 6
      vertex 2.21582 -0.390708 26
      vertex 2.21582 -0.390708 6
    endloop
  endfacet
  facet normal -0.965925 0.258821 -2.98901e-19
    outer loop
      vertex 2.21582 -0.390708 26
      vertex 2.11431 -0.769545 6
      vertex 2.11431 -0.769545 26
    endloop
  endfacet
  facet normal -0.0871494 0.996195 0
    outer loop
      vertex 0.390708 -2.21582 6
      vertex 0 -2.25 26
      vertex 0.390708 -2.21582 26
    endloop
  endfacet
  facet normal -0.0871494 0.996195 0
    outer loop
      vertex 0 -2.25 26
      vertex 0.390708 -2.21582 6
      vertex 0 -2.25 6
    endloop
  endfacet
  facet normal -0.258821 0.965925 0
    outer loop
      vertex 0.769545 -2.11431 6
      vertex 0.390708 -2.21582 26
      vertex 0.769545 -2.11431 26
    endloop
  endfacet
  facet normal -0.258821 0.965925 0
    outer loop
      vertex 0.390708 -2.21582 26
      vertex 0.769545 -2.11431 6
      vertex 0.390708 -2.21582 6
    endloop
  endfacet
  facet normal -0.707107 0.707107 -6.59133e-19
    outer loop
      vertex 1.44627 -1.7236 6
      vertex 1.7236 -1.44627 26
      vertex 1.7236 -1.44627 6
    endloop
  endfacet
  facet normal -0.707107 0.707107 -6.59133e-19
    outer loop
      vertex 1.7236 -1.44627 26
      vertex 1.44627 -1.7236 6
      vertex 1.44627 -1.7236 26
    endloop
  endfacet
  facet normal -0.906309 0.422615 4.03431e-19
    outer loop
      vertex 1.94856 -1.125 6
      vertex 2.11431 -0.769545 26
      vertex 2.11431 -0.769545 6
    endloop
  endfacet
  facet normal -0.906309 0.422615 4.03431e-19
    outer loop
      vertex 2.11431 -0.769545 26
      vertex 1.94856 -1.125 6
      vertex 1.94856 -1.125 26
    endloop
  endfacet
  facet normal 0.258821 0.965925 -0
    outer loop
      vertex -0.390708 -2.21582 6
      vertex -0.769545 -2.11431 26
      vertex -0.390708 -2.21582 26
    endloop
  endfacet
  facet normal 0.258821 0.965925 0
    outer loop
      vertex -0.769545 -2.11431 26
      vertex -0.390708 -2.21582 6
      vertex -0.769545 -2.11431 6
    endloop
  endfacet
  facet normal 0.0871494 0.996195 -0
    outer loop
      vertex 0 -2.25 6
      vertex -0.390708 -2.21582 26
      vertex 0 -2.25 26
    endloop
  endfacet
  facet normal 0.0871494 0.996195 0
    outer loop
      vertex -0.390708 -2.21582 26
      vertex 0 -2.25 6
      vertex -0.390708 -2.21582 6
    endloop
  endfacet
  facet normal 0.965925 0.258821 2.98901e-19
    outer loop
      vertex -2.11431 -0.769545 26
      vertex -2.21582 -0.390708 6
      vertex -2.21582 -0.390708 26
    endloop
  endfacet
  facet normal 0.965925 0.258821 2.98901e-19
    outer loop
      vertex -2.21582 -0.390708 6
      vertex -2.11431 -0.769545 26
      vertex -2.11431 -0.769545 6
    endloop
  endfacet
  facet normal 0.819147 0.573584 -1.31309e-19
    outer loop
      vertex -1.7236 -1.44627 26
      vertex -1.94856 -1.125 6
      vertex -1.94856 -1.125 26
    endloop
  endfacet
  facet normal 0.819147 0.573584 -1.31309e-19
    outer loop
      vertex -1.94856 -1.125 6
      vertex -1.7236 -1.44627 26
      vertex -1.7236 -1.44627 6
    endloop
  endfacet
  facet normal 0.965925 -0.258821 -2.98901e-19
    outer loop
      vertex -2.21582 0.390708 26
      vertex -2.11431 0.769545 6
      vertex -2.11431 0.769545 26
    endloop
  endfacet
  facet normal 0.965925 -0.258821 -2.98901e-19
    outer loop
      vertex -2.11431 0.769545 6
      vertex -2.21582 0.390708 26
      vertex -2.21582 0.390708 6
    endloop
  endfacet
  facet normal -0.996194 -0.0871585 7.75133e-19
    outer loop
      vertex 5.5 0 26
      vertex 5.41644 0.955065 32
      vertex 5.41644 0.955065 26
    endloop
  endfacet
  facet normal -0.996194 -0.0871585 7.75133e-19
    outer loop
      vertex 5.41644 0.955065 32
      vertex 5.5 0 26
      vertex 5.5 0 32
    endloop
  endfacet
  facet normal 0.996194 -0.0871585 -7.75133e-19
    outer loop
      vertex -5.5 0 32
      vertex -5.41644 0.955065 26
      vertex -5.41644 0.955065 32
    endloop
  endfacet
  facet normal 0.996194 -0.0871585 -7.75133e-19
    outer loop
      vertex -5.41644 0.955065 26
      vertex -5.5 0 32
      vertex -5.5 0 26
    endloop
  endfacet
  facet normal -0.0871585 -0.996194 0
    outer loop
      vertex 0 5.5 26
      vertex 0.955065 5.41644 32
      vertex 0 5.5 32
    endloop
  endfacet
  facet normal -0.0871585 -0.996194 -0
    outer loop
      vertex 0.955065 5.41644 32
      vertex 0 5.5 26
      vertex 0.955065 5.41644 26
    endloop
  endfacet
  facet normal -0.707107 -0.707107 -3.6283e-19
    outer loop
      vertex 4.21324 3.53533 26
      vertex 3.53533 4.21324 32
      vertex 3.53533 4.21324 26
    endloop
  endfacet
  facet normal -0.707107 -0.707107 -3.6283e-19
    outer loop
      vertex 3.53533 4.21324 32
      vertex 4.21324 3.53533 26
      vertex 4.21324 3.53533 32
    endloop
  endfacet
  facet normal 0.573581 -0.819149 0
    outer loop
      vertex -3.53533 4.21324 26
      vertex -2.75 4.76314 32
      vertex -3.53533 4.21324 32
    endloop
  endfacet
  facet normal 0.573581 -0.819149 0
    outer loop
      vertex -2.75 4.76314 32
      vertex -3.53533 4.21324 26
      vertex -2.75 4.76314 26
    endloop
  endfacet
  facet normal 0.258816 -0.965927 0
    outer loop
      vertex -1.88111 5.16831 26
      vertex -0.955065 5.41644 32
      vertex -1.88111 5.16831 32
    endloop
  endfacet
  facet normal 0.258816 -0.965927 0
    outer loop
      vertex -0.955065 5.41644 32
      vertex -1.88111 5.16831 26
      vertex -0.955065 5.41644 26
    endloop
  endfacet
  facet normal -0.707107 0.707107 3.6283e-19
    outer loop
      vertex 3.53533 -4.21324 26
      vertex 4.21324 -3.53533 32
      vertex 4.21324 -3.53533 26
    endloop
  endfacet
  facet normal -0.707107 0.707107 3.6283e-19
    outer loop
      vertex 4.21324 -3.53533 32
      vertex 3.53533 -4.21324 26
      vertex 3.53533 -4.21324 32
    endloop
  endfacet
  facet normal -0.819149 0.573581 -3.39268e-19
    outer loop
      vertex 4.21324 -3.53533 26
      vertex 4.76314 -2.75 32
      vertex 4.76314 -2.75 26
    endloop
  endfacet
  facet normal -0.819149 0.573581 -3.39268e-19
    outer loop
      vertex 4.76314 -2.75 32
      vertex 4.21324 -3.53533 26
      vertex 4.21324 -3.53533 32
    endloop
  endfacet
  facet normal 0 0 1
    outer loop
      vertex 2.25 0 26
      vertex 5.5 0 26
      vertex 5.41644 0.955065 26
    endloop
  endfacet
  facet normal 0 0 1
    outer loop
      vertex 2.21582 0.390708 26
      vertex 5.41644 0.955065 26
      vertex 5.16831 1.88111 26
    endloop
  endfacet
  facet normal 0 0 1
    outer loop
      vertex 5.5 0 26
      vertex 2.25 0 26
      vertex 5.41644 -0.955065 26
    endloop
  endfacet
  facet normal 0 0 1
    outer loop
      vertex 2.11431 0.769545 26
      vertex 5.16831 1.88111 26
      vertex 4.76314 2.75 26
    endloop
  endfacet
  facet normal -0 0 1
    outer loop
      vertex 2.21582 -0.390708 26
      vertex 5.41644 -0.955065 26
      vertex 2.25 0 26
    endloop
  endfacet
  facet normal 0 0 1
    outer loop
      vertex 1.94856 1.125 26
      vertex 4.76314 2.75 26
      vertex 4.21324 3.53533 26
    endloop
  endfacet
  facet normal 0 0 1
    outer loop
      vertex 5.41644 -0.955065 26
      vertex 2.21582 -0.390708 26
      vertex 5.16831 -1.88111 26
    endloop
  endfacet
  facet normal 0 0 1
    outer loop
      vertex 1.7236 1.44627 26
      vertex 4.21324 3.53533 26
      vertex 3.53533 4.21324 26
    endloop
  endfacet
  facet normal -0 0 1
    outer loop
      vertex 2.11431 -0.769545 26
      vertex 5.16831 -1.88111 26
      vertex 2.21582 -0.390708 26
    endloop
  endfacet
  facet normal 0 0 1
    outer loop
      vertex 1.44627 1.7236 26
      vertex 3.53533 4.21324 26
      vertex 2.75 4.76314 26
    endloop
  endfacet
  facet normal 0 0 1
    outer loop
      vertex 5.16831 -1.88111 26
      vertex 2.11431 -0.769545 26
      vertex 4.76314 -2.75 26
    endloop
  endfacet
  facet normal -0 0 1
    outer loop
      vertex 1.94856 -1.125 26
      vertex 4.76314 -2.75 26
      vertex 2.11431 -0.769545 26
    endloop
  endfacet
  facet normal 0 0 1
    outer loop
      vertex 5.41644 0.955065 26
      vertex 2.21582 0.390708 26
      vertex 2.25 0 26
    endloop
  endfacet
  facet normal 0 0 1
    outer loop
      vertex 5.16831 1.88111 26
      vertex 2.11431 0.769545 26
      vertex 2.21582 0.390708 26
    endloop
  endfacet
  facet normal 0 0 1
    outer loop
      vertex 4.76314 2.75 26
      vertex 1.94856 1.125 26
      vertex 2.11431 0.769545 26
    endloop
  endfacet
  facet normal 0 0 1
    outer loop
      vertex 1.125 1.94856 26
      vertex 2.75 4.76314 26
      vertex 1.88111 5.16831 26
    endloop
  endfacet
  facet normal 0 0 1
    outer loop
      vertex 4.21324 3.53533 26
      vertex 1.7236 1.44627 26
      vertex 1.94856 1.125 26
    endloop
  endfacet
  facet normal 0 0 1
    outer loop
      vertex 3.53533 4.21324 26
      vertex 1.44627 1.7236 26
      vertex 1.7236 1.44627 26
    endloop
  endfacet
  facet normal 0 0 1
    outer loop
      vertex 2.75 4.76314 26
      vertex 1.125 1.94856 26
      vertex 1.44627 1.7236 26
    endloop
  endfacet
  facet normal 0 0 1
    outer loop
      vertex 0.769545 2.11431 26
      vertex 1.88111 5.16831 26
      vertex 0.955065 5.41644 26
    endloop
  endfacet
  facet normal 0 0 1
    outer loop
      vertex 1.88111 5.16831 26
      vertex 0.769545 2.11431 26
      vertex 1.125 1.94856 26
    endloop
  endfacet
  facet normal 0 0 1
    outer loop
      vertex 0.955065 5.41644 26
      vertex 0.390708 2.21582 26
      vertex 0.769545 2.11431 26
    endloop
  endfacet
  facet normal 0 0 1
    outer loop
      vertex 0 5.5 26
      vertex 0.390708 2.21582 26
      vertex 0.955065 5.41644 26
    endloop
  endfacet
  facet normal 0 0 1
    outer loop
      vertex 0 5.5 26
      vertex 0 2.25 26
      vertex 0.390708 2.21582 26
    endloop
  endfacet
  facet normal 0 0 1
    outer loop
      vertex 0 5.5 26
      vertex -0.390708 2.21582 26
      vertex 0 2.25 26
    endloop
  endfacet
  facet normal -0 0 1
    outer loop
      vertex -0.955065 5.41644 26
      vertex -0.390708 2.21582 26
      vertex 0 5.5 26
    endloop
  endfacet
  facet normal 0 0 1
    outer loop
      vertex -0.390708 2.21582 26
      vertex -0.955065 5.41644 26
      vertex -0.769545 2.11431 26
    endloop
  endfacet
  facet normal -0 0 1
    outer loop
      vertex -1.88111 5.16831 26
      vertex -0.769545 2.11431 26
      vertex -0.955065 5.41644 26
    endloop
  endfacet
  facet normal 0 0 1
    outer loop
      vertex -0.769545 2.11431 26
      vertex -1.88111 5.16831 26
      vertex -1.125 1.94856 26
    endloop
  endfacet
  facet normal -0 0 1
    outer loop
      vertex -2.75 4.76314 26
      vertex -1.125 1.94856 26
      vertex -1.88111 5.16831 26
    endloop
  endfacet
  facet normal 0 0 1
    outer loop
      vertex -1.125 1.94856 26
      vertex -2.75 4.76314 26
      vertex -1.44627 1.7236 26
    endloop
  endfacet
  facet normal -0 0 1
    outer loop
      vertex -3.53533 4.21324 26
      vertex -1.44627 1.7236 26
      vertex -2.75 4.76314 26
    endloop
  endfacet
  facet normal 0 0 1
    outer loop
      vertex -1.44627 1.7236 26
      vertex -3.53533 4.21324 26
      vertex -1.7236 1.44627 26
    endloop
  endfacet
  facet normal -0 0 1
    outer loop
      vertex -4.21324 3.53533 26
      vertex -1.7236 1.44627 26
      vertex -3.53533 4.21324 26
    endloop
  endfacet
  facet normal 0 0 1
    outer loop
      vertex -1.7236 1.44627 26
      vertex -4.21324 3.53533 26
      vertex -1.94856 1.125 26
    endloop
  endfacet
  facet normal -0 0 1
    outer loop
      vertex -4.76314 2.75 26
      vertex -1.94856 1.125 26
      vertex -4.21324 3.53533 26
    endloop
  endfacet
  facet normal 0 0 1
    outer loop
      vertex 4.76314 -2.75 26
      vertex 1.94856 -1.125 26
      vertex 4.21324 -3.53533 26
    endloop
  endfacet
  facet normal -0 0 1
    outer loop
      vertex 1.7236 -1.44627 26
      vertex 4.21324 -3.53533 26
      vertex 1.94856 -1.125 26
    endloop
  endfacet
  facet normal 0 0 1
    outer loop
      vertex 4.21324 -3.53533 26
      vertex 1.7236 -1.44627 26
      vertex 3.53533 -4.21324 26
    endloop
  endfacet
  facet normal -0 0 1
    outer loop
      vertex 1.44627 -1.7236 26
      vertex 3.53533 -4.21324 26
      vertex 1.7236 -1.44627 26
    endloop
  endfacet
  facet normal 0 0 1
    outer loop
      vertex 3.53533 -4.21324 26
      vertex 1.44627 -1.7236 26
      vertex 2.75 -4.76314 26
    endloop
  endfacet
  facet normal -0 0 1
    outer loop
      vertex 1.125 -1.94856 26
      vertex 2.75 -4.76314 26
      vertex 1.44627 -1.7236 26
    endloop
  endfacet
  facet normal 0 0 1
    outer loop
      vertex 2.75 -4.76314 26
      vertex 1.125 -1.94856 26
      vertex 1.88111 -5.16831 26
    endloop
  endfacet
  facet normal -0 0 1
    outer loop
      vertex 0.769545 -2.11431 26
      vertex 1.88111 -5.16831 26
      vertex 1.125 -1.94856 26
    endloop
  endfacet
  facet normal 0 0 1
    outer loop
      vertex 1.88111 -5.16831 26
      vertex 0.769545 -2.11431 26
      vertex 0.955065 -5.41644 26
    endloop
  endfacet
  facet normal -0 0 1
    outer loop
      vertex 0.390708 -2.21582 26
      vertex 0.955065 -5.41644 26
      vertex 0.769545 -2.11431 26
    endloop
  endfacet
  facet normal -0 0 1
    outer loop
      vertex 0 -2.25 26
      vertex 0.955065 -5.41644 26
      vertex 0.390708 -2.21582 26
    endloop
  endfacet
  facet normal 0 0 1
    outer loop
      vertex 0 -2.25 26
      vertex 0 -5.5 26
      vertex 0.955065 -5.41644 26
    endloop
  endfacet
  facet normal 0 0 1
    outer loop
      vertex -0.390708 -2.21582 26
      vertex 0 -5.5 26
      vertex 0 -2.25 26
    endloop
  endfacet
  facet normal 0 0 1
    outer loop
      vertex -0.955065 -5.41644 26
      vertex -0.390708 -2.21582 26
      vertex -0.769545 -2.11431 26
    endloop
  endfacet
  facet normal 0 0 1
    outer loop
      vertex -0.390708 -2.21582 26
      vertex -0.955065 -5.41644 26
      vertex 0 -5.5 26
    endloop
  endfacet
  facet normal 0 0 1
    outer loop
      vertex -1.88111 -5.16831 26
      vertex -0.769545 -2.11431 26
      vertex -1.125 -1.94856 26
    endloop
  endfacet
  facet normal 0 0 1
    outer loop
      vertex -2.75 -4.76314 26
      vertex -1.125 -1.94856 26
      vertex -1.44627 -1.7236 26
    endloop
  endfacet
  facet normal 0 0 1
    outer loop
      vertex -3.53533 -4.21324 26
      vertex -1.44627 -1.7236 26
      vertex -1.7236 -1.44627 26
    endloop
  endfacet
  facet normal 0 0 1
    outer loop
      vertex -0.769545 -2.11431 26
      vertex -1.88111 -5.16831 26
      vertex -0.955065 -5.41644 26
    endloop
  endfacet
  facet normal 0 0 1
    outer loop
      vertex -4.21324 -3.53533 26
      vertex -1.7236 -1.44627 26
      vertex -1.94856 -1.125 26
    endloop
  endfacet
  facet normal 0 0 1
    outer loop
      vertex -4.76314 -2.75 26
      vertex -1.94856 -1.125 26
      vertex -2.11431 -0.769545 26
    endloop
  endfacet
  facet normal 0 0 1
    outer loop
      vertex -5.16831 -1.88111 26
      vertex -2.11431 -0.769545 26
      vertex -2.21582 -0.390708 26
    endloop
  endfacet
  facet normal 0 0 1
    outer loop
      vertex -5.41644 -0.955065 26
      vertex -2.21582 -0.390708 26
      vertex -2.25 0 26
    endloop
  endfacet
  facet normal 0 0 1
    outer loop
      vertex -1.94856 1.125 26
      vertex -4.76314 2.75 26
      vertex -2.11431 0.769545 26
    endloop
  endfacet
  facet normal 0 0 1
    outer loop
      vertex -1.125 -1.94856 26
      vertex -2.75 -4.76314 26
      vertex -1.88111 -5.16831 26
    endloop
  endfacet
  facet normal -0 0 1
    outer loop
      vertex -5.16831 1.88111 26
      vertex -2.11431 0.769545 26
      vertex -4.76314 2.75 26
    endloop
  endfacet
  facet normal 0 0 1
    outer loop
      vertex -1.44627 -1.7236 26
      vertex -3.53533 -4.21324 26
      vertex -2.75 -4.76314 26
    endloop
  endfacet
  facet normal 0 0 1
    outer loop
      vertex -2.11431 0.769545 26
      vertex -5.16831 1.88111 26
      vertex -2.21582 0.390708 26
    endloop
  endfacet
  facet normal 0 0 1
    outer loop
      vertex -1.7236 -1.44627 26
      vertex -4.21324 -3.53533 26
      vertex -3.53533 -4.21324 26
    endloop
  endfacet
  facet normal -0 0 1
    outer loop
      vertex -5.41644 0.955065 26
      vertex -2.21582 0.390708 26
      vertex -5.16831 1.88111 26
    endloop
  endfacet
  facet normal 0 0 1
    outer loop
      vertex -1.94856 -1.125 26
      vertex -4.76314 -2.75 26
      vertex -4.21324 -3.53533 26
    endloop
  endfacet
  facet normal 0 0 1
    outer loop
      vertex -2.21582 0.390708 26
      vertex -5.41644 0.955065 26
      vertex -2.25 0 26
    endloop
  endfacet
  facet normal 0 0 1
    outer loop
      vertex -2.11431 -0.769545 26
      vertex -5.16831 -1.88111 26
      vertex -4.76314 -2.75 26
    endloop
  endfacet
  facet normal 0 0 1
    outer loop
      vertex -5.5 0 26
      vertex -2.25 0 26
      vertex -5.41644 0.955065 26
    endloop
  endfacet
  facet normal 0 0 1
    outer loop
      vertex -2.21582 -0.390708 26
      vertex -5.41644 -0.955065 26
      vertex -5.16831 -1.88111 26
    endloop
  endfacet
  facet normal 0 0 1
    outer loop
      vertex -2.25 0 26
      vertex -5.5 0 26
      vertex -5.41644 -0.955065 26
    endloop
  endfacet
  facet normal -0.906308 -0.422618 1.1356e-18
    outer loop
      vertex 5.16831 1.88111 26
      vertex 4.76314 2.75 32
      vertex 4.76314 2.75 26
    endloop
  endfacet
  facet normal -0.906308 -0.422618 1.1356e-18
    outer loop
      vertex 4.76314 2.75 32
      vertex 5.16831 1.88111 26
      vertex 5.16831 1.88111 32
    endloop
  endfacet
  facet normal -0.965927 -0.258816 -1.0555e-18
    outer loop
      vertex 5.41644 0.955065 26
      vertex 5.16831 1.88111 32
      vertex 5.16831 1.88111 26
    endloop
  endfacet
  facet normal -0.965927 -0.258816 -1.0555e-18
    outer loop
      vertex 5.16831 1.88111 32
      vertex 5.41644 0.955065 26
      vertex 5.41644 0.955065 32
    endloop
  endfacet
  facet normal -0.819149 -0.573581 3.39268e-19
    outer loop
      vertex 4.76314 2.75 26
      vertex 4.21324 3.53533 32
      vertex 4.21324 3.53533 26
    endloop
  endfacet
  facet normal -0.819149 -0.573581 3.39268e-19
    outer loop
      vertex 4.21324 3.53533 32
      vertex 4.76314 2.75 26
      vertex 4.76314 2.75 32
    endloop
  endfacet
  facet normal -0.422618 -0.906308 0
    outer loop
      vertex 1.88111 5.16831 26
      vertex 2.75 4.76314 32
      vertex 1.88111 5.16831 32
    endloop
  endfacet
  facet normal -0.422618 -0.906308 -0
    outer loop
      vertex 2.75 4.76314 32
      vertex 1.88111 5.16831 26
      vertex 2.75 4.76314 26
    endloop
  endfacet
  facet normal -0.258816 -0.965927 0
    outer loop
      vertex 0.955065 5.41644 26
      vertex 1.88111 5.16831 32
      vertex 0.955065 5.41644 32
    endloop
  endfacet
  facet normal -0.258816 -0.965927 -0
    outer loop
      vertex 1.88111 5.16831 32
      vertex 0.955065 5.41644 26
      vertex 1.88111 5.16831 26
    endloop
  endfacet
  facet normal -0.573581 -0.819149 0
    outer loop
      vertex 2.75 4.76314 26
      vertex 3.53533 4.21324 32
      vertex 2.75 4.76314 32
    endloop
  endfacet
  facet normal -0.573581 -0.819149 -0
    outer loop
      vertex 3.53533 4.21324 32
      vertex 2.75 4.76314 26
      vertex 3.53533 4.21324 26
    endloop
  endfacet
  facet normal 0.906308 -0.422618 -1.1356e-18
    outer loop
      vertex -5.16831 1.88111 32
      vertex -4.76314 2.75 26
      vertex -4.76314 2.75 32
    endloop
  endfacet
  facet normal 0.906308 -0.422618 -1.1356e-18
    outer loop
      vertex -4.76314 2.75 26
      vertex -5.16831 1.88111 32
      vertex -5.16831 1.88111 26
    endloop
  endfacet
  facet normal 0.965927 -0.258816 1.0555e-18
    outer loop
      vertex -5.41644 0.955065 32
      vertex -5.16831 1.88111 26
      vertex -5.16831 1.88111 32
    endloop
  endfacet
  facet normal 0.965927 -0.258816 1.0555e-18
    outer loop
      vertex -5.16831 1.88111 26
      vertex -5.41644 0.955065 32
      vertex -5.41644 0.955065 26
    endloop
  endfacet
  facet normal 0.422618 -0.906308 0
    outer loop
      vertex -2.75 4.76314 26
      vertex -1.88111 5.16831 32
      vertex -2.75 4.76314 32
    endloop
  endfacet
  facet normal 0.422618 -0.906308 0
    outer loop
      vertex -1.88111 5.16831 32
      vertex -2.75 4.76314 26
      vertex -1.88111 5.16831 26
    endloop
  endfacet
  facet normal 0.0871585 -0.996194 0
    outer loop
      vertex -0.955065 5.41644 26
      vertex 0 5.5 32
      vertex -0.955065 5.41644 32
    endloop
  endfacet
  facet normal 0.0871585 -0.996194 0
    outer loop
      vertex 0 5.5 32
      vertex -0.955065 5.41644 26
      vertex 0 5.5 26
    endloop
  endfacet
  facet normal -0.0871585 0.996194 0
    outer loop
      vertex 0.955065 -5.41644 26
      vertex 0 -5.5 32
      vertex 0.955065 -5.41644 32
    endloop
  endfacet
  facet normal -0.0871585 0.996194 0
    outer loop
      vertex 0 -5.5 32
      vertex 0.955065 -5.41644 26
      vertex 0 -5.5 26
    endloop
  endfacet
  facet normal -0.422618 0.906308 0
    outer loop
      vertex 2.75 -4.76314 26
      vertex 1.88111 -5.16831 32
      vertex 2.75 -4.76314 32
    endloop
  endfacet
  facet normal -0.422618 0.906308 0
    outer loop
      vertex 1.88111 -5.16831 32
      vertex 2.75 -4.76314 26
      vertex 1.88111 -5.16831 26
    endloop
  endfacet
  facet normal 0.258816 0.965927 -0
    outer loop
      vertex -0.955065 -5.41644 26
      vertex -1.88111 -5.16831 32
      vertex -0.955065 -5.41644 32
    endloop
  endfacet
  facet normal 0.258816 0.965927 0
    outer loop
      vertex -1.88111 -5.16831 32
      vertex -0.955065 -5.41644 26
      vertex -1.88111 -5.16831 26
    endloop
  endfacet
  facet normal 0.906308 0.422618 1.1356e-18
    outer loop
      vertex -4.76314 -2.75 32
      vertex -5.16831 -1.88111 26
      vertex -5.16831 -1.88111 32
    endloop
  endfacet
  facet normal 0.906308 0.422618 1.1356e-18
    outer loop
      vertex -5.16831 -1.88111 26
      vertex -4.76314 -2.75 32
      vertex -4.76314 -2.75 26
    endloop
  endfacet
  facet normal 0.996194 0.0871585 7.75133e-19
    outer loop
      vertex -5.41644 -0.955065 32
      vertex -5.5 0 26
      vertex -5.5 0 32
    endloop
  endfacet
  facet normal 0.996194 0.0871585 7.75133e-19
    outer loop
      vertex -5.5 0 26
      vertex -5.41644 -0.955065 32
      vertex -5.41644 -0.955065 26
    endloop
  endfacet
  facet normal 0.819149 -0.573581 -3.39268e-19
    outer loop
      vertex -4.76314 2.75 32
      vertex -4.21324 3.53533 26
      vertex -4.21324 3.53533 32
    endloop
  endfacet
  facet normal 0.819149 -0.573581 -3.39268e-19
    outer loop
      vertex -4.21324 3.53533 26
      vertex -4.76314 2.75 32
      vertex -4.76314 2.75 26
    endloop
  endfacet
  facet normal 0.707107 -0.707107 3.6283e-19
    outer loop
      vertex -4.21324 3.53533 32
      vertex -3.53533 4.21324 26
      vertex -3.53533 4.21324 32
    endloop
  endfacet
  facet normal 0.707107 -0.707107 3.6283e-19
    outer loop
      vertex -3.53533 4.21324 26
      vertex -4.21324 3.53533 32
      vertex -4.21324 3.53533 26
    endloop
  endfacet
  facet normal -0.996194 0.0871585 -7.75133e-19
    outer loop
      vertex 5.41644 -0.955065 26
      vertex 5.5 0 32
      vertex 5.5 0 26
    endloop
  endfacet
  facet normal -0.996194 0.0871585 -7.75133e-19
    outer loop
      vertex 5.5 0 32
      vertex 5.41644 -0.955065 26
      vertex 5.41644 -0.955065 32
    endloop
  endfacet
  facet normal -0.258816 0.965927 0
    outer loop
      vertex 1.88111 -5.16831 26
      vertex 0.955065 -5.41644 32
      vertex 1.88111 -5.16831 32
    endloop
  endfacet
  facet normal -0.258816 0.965927 0
    outer loop
      vertex 0.955065 -5.41644 32
      vertex 1.88111 -5.16831 26
      vertex 0.955065 -5.41644 26
    endloop
  endfacet
  facet normal -0.573581 0.819149 0
    outer loop
      vertex 3.53533 -4.21324 26
      vertex 2.75 -4.76314 32
      vertex 3.53533 -4.21324 32
    endloop
  endfacet
  facet normal -0.573581 0.819149 0
    outer loop
      vertex 2.75 -4.76314 32
      vertex 3.53533 -4.21324 26
      vertex 2.75 -4.76314 26
    endloop
  endfacet
  facet normal -0.906308 0.422618 -1.1356e-18
    outer loop
      vertex 4.76314 -2.75 26
      vertex 5.16831 -1.88111 32
      vertex 5.16831 -1.88111 26
    endloop
  endfacet
  facet normal -0.906308 0.422618 -1.1356e-18
    outer loop
      vertex 5.16831 -1.88111 32
      vertex 4.76314 -2.75 26
      vertex 4.76314 -2.75 32
    endloop
  endfacet
  facet normal -0.965927 0.258816 1.0555e-18
    outer loop
      vertex 5.16831 -1.88111 26
      vertex 5.41644 -0.955065 32
      vertex 5.41644 -0.955065 26
    endloop
  endfacet
  facet normal -0.965927 0.258816 1.0555e-18
    outer loop
      vertex 5.41644 -0.955065 32
      vertex 5.16831 -1.88111 26
      vertex 5.16831 -1.88111 32
    endloop
  endfacet
  facet normal 0.707107 0.707107 -3.6283e-19
    outer loop
      vertex -3.53533 -4.21324 32
      vertex -4.21324 -3.53533 26
      vertex -4.21324 -3.53533 32
    endloop
  endfacet
  facet normal 0.707107 0.707107 -3.6283e-19
    outer loop
      vertex -4.21324 -3.53533 26
      vertex -3.53533 -4.21324 32
      vertex -3.53533 -4.21324 26
    endloop
  endfacet
  facet normal 0.422618 0.906308 -0
    outer loop
      vertex -1.88111 -5.16831 26
      vertex -2.75 -4.76314 32
      vertex -1.88111 -5.16831 32
    endloop
  endfacet
  facet normal 0.422618 0.906308 0
    outer loop
      vertex -2.75 -4.76314 32
      vertex -1.88111 -5.16831 26
      vertex -2.75 -4.76314 26
    endloop
  endfacet
  facet normal 0.0871585 0.996194 -0
    outer loop
      vertex 0 -5.5 26
      vertex -0.955065 -5.41644 32
      vertex 0 -5.5 32
    endloop
  endfacet
  facet normal 0.0871585 0.996194 0
    outer loop
      vertex -0.955065 -5.41644 32
      vertex 0 -5.5 26
      vertex -0.955065 -5.41644 26
    endloop
  endfacet
  facet normal 0.819149 0.573581 3.39268e-19
    outer loop
      vertex -4.21324 -3.53533 32
      vertex -4.76314 -2.75 26
      vertex -4.76314 -2.75 32
    endloop
  endfacet
  facet normal 0.819149 0.573581 3.39268e-19
    outer loop
      vertex -4.76314 -2.75 26
      vertex -4.21324 -3.53533 32
      vertex -4.21324 -3.53533 26
    endloop
  endfacet
  facet normal 0.965927 0.258816 -1.0555e-18
    outer loop
      vertex -5.16831 -1.88111 32
      vertex -5.41644 -0.955065 26
      vertex -5.41644 -0.955065 32
    endloop
  endfacet
  facet normal 0.965927 0.258816 -1.0555e-18
    outer loop
      vertex -5.41644 -0.955065 26
      vertex -5.16831 -1.88111 32
      vertex -5.16831 -1.88111 26
    endloop
  endfacet
  facet normal 0.573581 0.819149 -0
    outer loop
      vertex -2.75 -4.76314 26
      vertex -3.53533 -4.21324 32
      vertex -2.75 -4.76314 32
    endloop
  endfacet
  facet normal 0.573581 0.819149 0
    outer loop
      vertex -3.53533 -4.21324 32
      vertex -2.75 -4.76314 26
      vertex -3.53533 -4.21324 26
    endloop
  endfacet
endsolid OpenSCAD_Model
