solid OpenSCAD_Model
  facet normal 0.573563 1.64888e-18 0.819161
    outer loop
      vertex 48.8245 2 11.0553
      vertex 50.7905 -2 9.67874
      vertex 50.7905 2 9.67874
    endloop
  endfacet
  facet normal 0.573563 1.64888e-18 0.819161
    outer loop
      vertex 50.7905 -2 9.67874
      vertex 48.8245 2 11.0553
      vertex 48.8245 -2 11.0553
    endloop
  endfacet
  facet normal 0.81915 9.73905e-06 -0.573579
    outer loop
      vertex 50.7905 2 9.67874
      vertex 48 0 5.69349
      vertex 47.825 2 5.4436
    endloop
  endfacet
  facet normal 0.819152 0 -0.573576
    outer loop
      vertex 50.7905 -2 9.67874
      vertex 48 0 5.69349
      vertex 50.7905 2 9.67874
    endloop
  endfacet
  facet normal 0.81915 -9.73905e-06 -0.573579
    outer loop
      vertex 48 0 5.69349
      vertex 50.7905 -2 9.67874
      vertex 47.825 -2 5.4436
    endloop
  endfacet
  facet normal 0 -1 0
    outer loop
      vertex 47.825 -2 9.62787
      vertex 50.7905 -2 9.67874
      vertex 48.8245 -2 11.0553
    endloop
  endfacet
  facet normal 0 -1 0
    outer loop
      vertex 50.7905 -2 9.67874
      vertex 47.825 -2 9.62787
      vertex 47.825 -2 5.4436
    endloop
  endfacet
  facet normal -0.819151 -7.23069e-06 0.573577
    outer loop
      vertex 48 0 9.87777
      vertex 48.8245 2 11.0553
      vertex 47.825 2 9.62787
    endloop
  endfacet
  facet normal -0.819151 7.23069e-06 0.573577
    outer loop
      vertex 48.8245 -2 11.0553
      vertex 48 0 9.87777
      vertex 47.825 -2 9.62787
    endloop
  endfacet
  facet normal -0.819157 3.10178e-18 0.573569
    outer loop
      vertex 48 0 9.87777
      vertex 48.8245 -2 11.0553
      vertex 48.8245 2 11.0553
    endloop
  endfacet
  facet normal 0 1 0
    outer loop
      vertex 50.7905 2 9.67874
      vertex 47.825 2 9.62787
      vertex 48.8245 2 11.0553
    endloop
  endfacet
  facet normal -0 1 0
    outer loop
      vertex 47.825 2 9.62787
      vertex 50.7905 2 9.67874
      vertex 47.825 2 5.4436
    endloop
  endfacet
  facet normal 0.0871544 -0.996195 0
    outer loop
      vertex 47.8097 2.17517 24.3831
      vertex 50.7715 2.43429 24.3213
      vertex 47.8097 2.17517 28.5674
    endloop
  endfacet
  facet normal 0.0871545 -0.996195 3.37045e-06
    outer loop
      vertex 50.7715 2.43429 24.3213
      vertex 47.8097 2.17517 24.3831
      vertex 48.8131 2.26295 22.9447
    endloop
  endfacet
  facet normal 0.816037 0.0714059 0.573572
    outer loop
      vertex 50.7715 2.43429 24.3213
      vertex 47.5515 5.12592 28.5674
      vertex 47.8097 2.17517 28.5674
    endloop
  endfacet
  facet normal -0.816046 -0.0714105 -0.573559
    outer loop
      vertex 48.8131 2.26295 22.9447
      vertex 47.4611 6.15995 24.3831
      vertex 48.4644 6.24773 22.9447
    endloop
  endfacet
  facet normal -0.816021 -0.0713879 -0.573597
    outer loop
      vertex 47.4611 6.15995 24.3831
      vertex 48.8131 2.26295 22.9447
      vertex 47.8097 2.17517 24.3831
    endloop
  endfacet
  facet normal 0.816043 0.0713425 0.573572
    outer loop
      vertex 47.5515 5.12592 28.5674
      vertex 50.4229 6.41907 24.3213
      vertex 47.4611 6.15995 28.5674
    endloop
  endfacet
  facet normal 0.816033 0.0713889 0.573579
    outer loop
      vertex 50.4229 6.41907 24.3213
      vertex 47.5515 5.12592 28.5674
      vertex 50.7715 2.43429 24.3213
    endloop
  endfacet
  facet normal 0.571394 0.0500016 -0.819151
    outer loop
      vertex 48.8131 2.26295 22.9447
      vertex 48.4644 6.24773 22.9447
      vertex 50.4229 6.41907 24.3213
    endloop
  endfacet
  facet normal -0.0871544 0.996195 -4.67036e-18
    outer loop
      vertex 50.4229 6.41907 24.3213
      vertex 47.4611 6.15995 24.3831
      vertex 47.4611 6.15995 26.4874
    endloop
  endfacet
  facet normal -0.0871544 0.996195 2.77817e-06
    outer loop
      vertex 47.4611 6.15995 24.3831
      vertex 50.4229 6.41907 24.3213
      vertex 48.4644 6.24773 22.9447
    endloop
  endfacet
  facet normal -0.0871544 0.996195 0
    outer loop
      vertex 47.4611 6.15995 26.4874
      vertex 47.4611 6.15995 28.5674
      vertex 50.4229 6.41907 24.3213
    endloop
  endfacet
  facet normal 0.571415 0.049989 -0.819137
    outer loop
      vertex 50.7715 2.43429 24.3213
      vertex 48.8131 2.26295 22.9447
      vertex 50.4229 6.41907 24.3213
    endloop
  endfacet
  facet normal -0.80671 -0.14224 0.573574
    outer loop
      vertex 47.2708 8.33511 9.87777
      vertex 47.7355 10.4479 11.0553
      vertex 46.7512 10.2743 9.62787
    endloop
  endfacet
  facet normal -0.806703 -0.142245 0.573582
    outer loop
      vertex 47.2708 8.33511 9.87777
      vertex 48.4301 6.50868 11.0553
      vertex 47.7355 10.4479 11.0553
    endloop
  endfacet
  facet normal -0.806708 -0.142255 0.573572
    outer loop
      vertex 48.4301 6.50868 11.0553
      vertex 47.2708 8.33511 9.87777
      vertex 47.4458 6.33511 9.62787
    endloop
  endfacet
  facet normal 0.17365 -0.984807 0
    outer loop
      vertex 47.4458 6.33511 7.51823
      vertex 47.4458 6.33511 5.4436
      vertex 50.3662 6.85006 9.67874
    endloop
  endfacet
  facet normal 0.564856 0.0996001 0.819157
    outer loop
      vertex 49.6716 10.7893 9.67874
      vertex 48.4301 6.50868 11.0553
      vertex 50.3662 6.85006 9.67874
    endloop
  endfacet
  facet normal 0.564855 0.0996005 0.819157
    outer loop
      vertex 48.4301 6.50868 11.0553
      vertex 49.6716 10.7893 9.67874
      vertex 47.7355 10.4479 11.0553
    endloop
  endfacet
  facet normal 0.17365 -0.984808 6.82499e-06
    outer loop
      vertex 47.4458 6.33511 9.62787
      vertex 50.3662 6.85006 9.67874
      vertex 48.4301 6.50868 11.0553
    endloop
  endfacet
  facet normal 0.17365 -0.984807 1.11088e-17
    outer loop
      vertex 50.3662 6.85006 9.67874
      vertex 47.4458 6.33511 9.62787
      vertex 47.4458 6.33511 7.51823
    endloop
  endfacet
  facet normal -0.17366 0.984806 -8.16863e-06
    outer loop
      vertex 49.6716 10.7893 9.67874
      vertex 46.7512 10.2743 7.58683
      vertex 47.7355 10.4479 11.0553
    endloop
  endfacet
  facet normal -0.173666 0.984805 0
    outer loop
      vertex 46.7512 10.2743 7.58683
      vertex 49.6716 10.7893 9.67874
      vertex 46.7512 10.2743 5.4436
    endloop
  endfacet
  facet normal -0.173688 0.984801 5.84618e-19
    outer loop
      vertex 47.7355 10.4479 11.0553
      vertex 46.7512 10.2743 7.58683
      vertex 46.7512 10.2743 9.62787
    endloop
  endfacet
  facet normal 0.806709 0.142243 -0.573574
    outer loop
      vertex 49.6716 10.7893 9.67874
      vertex 47.2708 8.33511 5.69349
      vertex 46.7512 10.2743 5.4436
    endloop
  endfacet
  facet normal 0.806708 0.142246 -0.573575
    outer loop
      vertex 50.3662 6.85006 9.67874
      vertex 47.2708 8.33511 5.69349
      vertex 49.6716 10.7893 9.67874
    endloop
  endfacet
  facet normal 0.806708 0.142252 -0.573573
    outer loop
      vertex 47.2708 8.33511 5.69349
      vertex 50.3662 6.85006 9.67874
      vertex 47.4458 6.33511 5.4436
    endloop
  endfacet
  facet normal -0.791228 -0.212012 -0.573594
    outer loop
      vertex 46.7056 10.4442 24.3831
      vertex 46.4459 11.4134 24.3831
      vertex 47.6785 10.7049 22.9447
    endloop
  endfacet
  facet normal 0.791243 0.212018 0.573571
    outer loop
      vertex 45.6704 14.3079 28.5674
      vertex 49.5775 11.2137 24.3213
      vertex 48.5422 15.0774 24.3213
    endloop
  endfacet
  facet normal 0.791239 0.211997 0.573583
    outer loop
      vertex 49.5775 11.2137 24.3213
      vertex 45.6704 14.3079 28.5674
      vertex 46.7056 10.4442 28.5674
    endloop
  endfacet
  facet normal -0.258855 0.965916 0
    outer loop
      vertex 45.6704 14.3079 24.3831
      vertex 45.6704 14.3079 26.4398
      vertex 46.6432 14.5686 22.9447
    endloop
  endfacet
  facet normal -0.791259 -0.211996 -0.573557
    outer loop
      vertex 46.6432 14.5686 22.9447
      vertex 46.4459 11.4134 24.3831
      vertex 45.6704 14.3079 24.3831
    endloop
  endfacet
  facet normal -0.791228 -0.212014 -0.573593
    outer loop
      vertex 46.4459 11.4134 24.3831
      vertex 46.6432 14.5686 22.9447
      vertex 47.6785 10.7049 22.9447
    endloop
  endfacet
  facet normal 0.554033 0.148456 -0.819151
    outer loop
      vertex 47.6785 10.7049 22.9447
      vertex 48.5422 15.0774 24.3213
      vertex 49.5775 11.2137 24.3213
    endloop
  endfacet
  facet normal 0.554033 0.148456 -0.819151
    outer loop
      vertex 48.5422 15.0774 24.3213
      vertex 47.6785 10.7049 22.9447
      vertex 46.6432 14.5686 22.9447
    endloop
  endfacet
  facet normal 0.258812 -0.965928 0
    outer loop
      vertex 46.7056 10.4442 24.3831
      vertex 49.5775 11.2137 24.3213
      vertex 46.7056 10.4442 28.5674
    endloop
  endfacet
  facet normal 0.258811 -0.965928 -1.37101e-05
    outer loop
      vertex 49.5775 11.2137 24.3213
      vertex 46.7056 10.4442 24.3831
      vertex 47.6785 10.7049 22.9447
    endloop
  endfacet
  facet normal -0.25882 0.965926 -3.56511e-18
    outer loop
      vertex 48.5422 15.0774 24.3213
      vertex 45.6704 14.3079 26.4398
      vertex 45.6704 14.3079 28.5674
    endloop
  endfacet
  facet normal -0.258811 0.965928 1.31586e-05
    outer loop
      vertex 45.6704 14.3079 26.4398
      vertex 48.5422 15.0774 24.3213
      vertex 46.6432 14.5686 22.9447
    endloop
  endfacet
  facet normal 0.342072 -0.939674 0
    outer loop
      vertex 45.6249 14.4777 9.62787
      vertex 45.6249 14.4777 7.58683
      vertex 46.5641 14.8196 11.0553
    endloop
  endfacet
  facet normal 0.769759 0.28015 -0.573574
    outer loop
      vertex 47.0434 19.2508 9.67874
      vertex 45.1052 16.417 5.69349
      vertex 44.2568 18.2365 5.4436
    endloop
  endfacet
  facet normal 0.769709 0.280227 -0.573604
    outer loop
      vertex 45.1052 16.417 5.69349
      vertex 47.0434 19.2508 9.67874
      vertex 45.3273 15.5884 5.58672
    endloop
  endfacet
  facet normal 0.538979 0.196174 0.819156
    outer loop
      vertex 47.0434 19.2508 9.67874
      vertex 46.5641 14.8196 11.0553
      vertex 48.4115 15.492 9.67874
    endloop
  endfacet
  facet normal 0.538979 0.196174 0.819156
    outer loop
      vertex 46.5641 14.8196 11.0553
      vertex 47.0434 19.2508 9.67874
      vertex 45.196 18.5784 11.0553
    endloop
  endfacet
  facet normal 0.769754 0.280169 -0.573572
    outer loop
      vertex 48.4115 15.492 9.67874
      vertex 45.3273 15.5884 5.58672
      vertex 47.0434 19.2508 9.67874
    endloop
  endfacet
  facet normal 0.769757 0.280156 -0.573574
    outer loop
      vertex 45.3273 15.5884 5.58672
      vertex 48.4115 15.492 9.67874
      vertex 45.6249 14.4777 5.4436
    endloop
  endfacet
  facet normal 0.342029 -0.939689 1.31767e-05
    outer loop
      vertex 45.6249 14.4777 7.58683
      vertex 48.4115 15.492 9.67874
      vertex 46.5641 14.8196 11.0553
    endloop
  endfacet
  facet normal 0.342038 -0.939686 2.66118e-17
    outer loop
      vertex 48.4115 15.492 9.67874
      vertex 45.6249 14.4777 7.58683
      vertex 45.6249 14.4777 5.4436
    endloop
  endfacet
  facet normal -0.769789 -0.280128 0.573544
    outer loop
      vertex 45.1052 16.417 9.87777
      vertex 45.196 18.5784 11.0553
      vertex 44.6454 17.4032 9.74232
    endloop
  endfacet
  facet normal -0.769734 -0.280162 0.573602
    outer loop
      vertex 45.1052 16.417 9.87777
      vertex 46.5641 14.8196 11.0553
      vertex 45.196 18.5784 11.0553
    endloop
  endfacet
  facet normal -0.769743 -0.28019 0.573576
    outer loop
      vertex 46.5641 14.8196 11.0553
      vertex 45.1052 16.417 9.87777
      vertex 45.6249 14.4777 9.62787
    endloop
  endfacet
  facet normal -0.769745 -0.280184 0.573576
    outer loop
      vertex 45.196 18.5784 11.0553
      vertex 44.2568 18.2365 9.62787
      vertex 44.6454 17.4032 9.74232
    endloop
  endfacet
  facet normal -0.342038 0.939686 -2.58193e-05
    outer loop
      vertex 47.0434 19.2508 9.67874
      vertex 44.2568 18.2365 9.62787
      vertex 45.196 18.5784 11.0553
    endloop
  endfacet
  facet normal -0.342038 0.939686 0
    outer loop
      vertex 44.2568 18.2365 9.62787
      vertex 47.0434 19.2508 9.67874
      vertex 44.2568 18.2365 5.4436
    endloop
  endfacet
  facet normal -0.7424 -0.346219 -0.573563
    outer loop
      vertex 44.1825 18.3959 24.3831
      vertex 43.7584 19.3053 24.3831
      vertex 45.0953 18.8215 22.9447
    endloop
  endfacet
  facet normal 0.742404 0.346188 0.573577
    outer loop
      vertex 46.8771 19.6524 24.3213
      vertex 42.9307 21.0804 28.5674
      vertex 44.1825 18.3959 28.5674
    endloop
  endfacet
  facet normal 0.74239 0.346217 0.573577
    outer loop
      vertex 42.9307 21.0804 28.5674
      vertex 45.1866 23.2776 24.3213
      vertex 42.492 22.0211 28.5674
    endloop
  endfacet
  facet normal 0.742403 0.346197 0.573573
    outer loop
      vertex 45.1866 23.2776 24.3213
      vertex 42.9307 21.0804 28.5674
      vertex 46.8771 19.6524 24.3213
    endloop
  endfacet
  facet normal 0.519833 0.242401 -0.819155
    outer loop
      vertex 45.0953 18.8215 22.9447
      vertex 43.4048 22.4468 22.9447
      vertex 46.8771 19.6524 24.3213
    endloop
  endfacet
  facet normal 0.422615 -0.906309 0
    outer loop
      vertex 44.1825 18.3959 26.4398
      vertex 46.8771 19.6524 24.3213
      vertex 44.1825 18.3959 28.5674
    endloop
  endfacet
  facet normal 0.422623 -0.906305 1.3495e-05
    outer loop
      vertex 46.8771 19.6524 24.3213
      vertex 44.1825 18.3959 26.4398
      vertex 45.0953 18.8215 22.9447
    endloop
  endfacet
  facet normal 0.422581 -0.906325 -1.15021e-17
    outer loop
      vertex 45.0953 18.8215 22.9447
      vertex 44.1825 18.3959 26.4398
      vertex 44.1825 18.3959 24.3831
    endloop
  endfacet
  facet normal -0.742402 -0.346188 -0.573579
    outer loop
      vertex 43.4048 22.4468 22.9447
      vertex 43.7584 19.3053 24.3831
      vertex 42.492 22.0211 24.3831
    endloop
  endfacet
  facet normal -0.742404 -0.346187 -0.573578
    outer loop
      vertex 43.7584 19.3053 24.3831
      vertex 43.4048 22.4468 22.9447
      vertex 45.0953 18.8215 22.9447
    endloop
  endfacet
  facet normal -0.422615 0.906309 -5.54008e-18
    outer loop
      vertex 45.1866 23.2776 24.3213
      vertex 42.492 22.0211 26.4874
      vertex 42.492 22.0211 28.5674
    endloop
  endfacet
  facet normal -0.422615 0.906309 -5.47611e-18
    outer loop
      vertex 45.1866 23.2776 24.3213
      vertex 42.492 22.0211 24.3831
      vertex 42.492 22.0211 26.4874
    endloop
  endfacet
  facet normal -0.422614 0.90631 3.74957e-05
    outer loop
      vertex 42.492 22.0211 24.3831
      vertex 45.1866 23.2776 24.3213
      vertex 43.4048 22.4468 22.9447
    endloop
  endfacet
  facet normal 0.519838 0.24241 -0.81915
    outer loop
      vertex 46.8771 19.6524 24.3213
      vertex 43.4048 22.4468 22.9447
      vertex 45.1866 23.2776 24.3213
    endloop
  endfacet
  facet normal -0.499987 0.866033 0
    outer loop
      vertex 40.4177 25.6446 5.4436
      vertex 40.4177 25.6446 7.51823
      vertex 42.9859 27.1273 9.67874
    endloop
  endfacet
  facet normal 0.709416 0.40956 -0.573576
    outer loop
      vertex 42.9859 27.1273 9.67874
      vertex 41.5692 24 5.69349
      vertex 40.4177 25.6446 5.4436
    endloop
  endfacet
  facet normal 0.709405 0.409571 -0.573582
    outer loop
      vertex 41.5692 24 5.69349
      vertex 42.9859 27.1273 9.67874
      vertex 41.9317 23.2226 5.58672
    endloop
  endfacet
  facet normal 0.496721 0.286782 0.819161
    outer loop
      vertex 42.9859 27.1273 9.67874
      vertex 43.2833 22.6802 11.0553
      vertex 44.9859 23.6632 9.67874
    endloop
  endfacet
  facet normal 0.496721 0.286782 0.819161
    outer loop
      vertex 43.2833 22.6802 11.0553
      vertex 42.9859 27.1273 9.67874
      vertex 41.2833 26.1443 11.0553
    endloop
  endfacet
  facet normal 0.709402 0.409574 -0.573583
    outer loop
      vertex 44.9859 23.6632 9.67874
      vertex 41.9317 23.2226 5.58672
      vertex 42.9859 27.1273 9.67874
    endloop
  endfacet
  facet normal 0.709388 0.409608 -0.573576
    outer loop
      vertex 41.9317 23.2226 5.58672
      vertex 44.9859 23.6632 9.67874
      vertex 42.4177 22.1805 5.4436
    endloop
  endfacet
  facet normal -0.499987 0.866033 2.28542e-05
    outer loop
      vertex 42.9859 27.1273 9.67874
      vertex 40.4177 25.6446 9.62787
      vertex 41.2833 26.1443 11.0553
    endloop
  endfacet
  facet normal -0.499987 0.866033 0
    outer loop
      vertex 40.4177 25.6446 9.62787
      vertex 42.9859 27.1273 9.67874
      vertex 40.4177 25.6446 7.51823
    endloop
  endfacet
  facet normal -0.709421 -0.40956 0.57357
    outer loop
      vertex 41.5692 24 9.87777
      vertex 41.2833 26.1443 11.0553
      vertex 40.4177 25.6446 9.62787
    endloop
  endfacet
  facet normal -0.709396 -0.40957 0.573594
    outer loop
      vertex 41.5692 24 9.87777
      vertex 43.2833 22.6802 11.0553
      vertex 41.2833 26.1443 11.0553
    endloop
  endfacet
  facet normal -0.7094 -0.409596 0.57357
    outer loop
      vertex 43.2833 22.6802 11.0553
      vertex 41.5692 24 9.87777
      vertex 42.4177 22.1805 9.62787
    endloop
  endfacet
  facet normal 0.499987 -0.866033 -2.28542e-05
    outer loop
      vertex 42.4177 22.1805 9.62787
      vertex 44.9859 23.6632 9.67874
      vertex 43.2833 22.6802 11.0553
    endloop
  endfacet
  facet normal 0.499987 -0.866033 1.37531e-17
    outer loop
      vertex 44.9859 23.6632 9.67874
      vertex 42.4177 22.1805 9.62787
      vertex 42.4177 22.1805 5.4436
    endloop
  endfacet
  facet normal 0.573564 -0.819161 0
    outer loop
      vertex 40.3168 25.7886 24.3831
      vertex 42.7523 27.4939 24.3213
      vertex 40.3168 25.7886 28.5674
    endloop
  endfacet
  facet normal 0.573564 -0.819161 1.29747e-05
    outer loop
      vertex 42.7523 27.4939 24.3213
      vertex 40.3168 25.7886 24.3831
      vertex 41.1419 26.3663 22.9447
    endloop
  endfacet
  facet normal 0.671011 0.469843 0.573578
    outer loop
      vertex 42.7523 27.4939 24.3213
      vertex 38.6179 28.2149 28.5674
      vertex 40.3168 25.7886 28.5674
    endloop
  endfacet
  facet normal 0.671007 0.469855 0.573573
    outer loop
      vertex 42.7523 27.4939 24.3213
      vertex 38.0225 29.0652 28.5674
      vertex 38.6179 28.2149 28.5674
    endloop
  endfacet
  facet normal 0.671009 0.469846 0.573578
    outer loop
      vertex 38.0225 29.0652 28.5674
      vertex 42.7523 27.4939 24.3213
      vertex 40.458 30.7705 24.3213
    endloop
  endfacet
  facet normal -0.671015 -0.46985 -0.573568
    outer loop
      vertex 41.1419 26.3663 22.9447
      vertex 38.5981 28.2433 24.3831
      vertex 38.8476 29.6429 22.9447
    endloop
  endfacet
  facet normal -0.67101 -0.469819 -0.573599
    outer loop
      vertex 38.5981 28.2433 24.3831
      vertex 41.1419 26.3663 22.9447
      vertex 40.3168 25.7886 24.3831
    endloop
  endfacet
  facet normal -0.573564 0.819161 2.79229e-17
    outer loop
      vertex 40.458 30.7705 24.3213
      vertex 38.0225 29.0652 24.3831
      vertex 38.0225 29.0652 28.5674
    endloop
  endfacet
  facet normal -0.573564 0.819161 -1.29747e-05
    outer loop
      vertex 38.0225 29.0652 24.3831
      vertex 40.458 30.7705 24.3213
      vertex 38.8476 29.6429 22.9447
    endloop
  endfacet
  facet normal -0.670959 -0.469892 -0.573599
    outer loop
      vertex 38.5981 28.2433 24.3831
      vertex 38.0225 29.0652 24.3831
      vertex 38.8476 29.6429 22.9447
    endloop
  endfacet
  facet normal 0.469856 0.328997 -0.819144
    outer loop
      vertex 41.1419 26.3663 22.9447
      vertex 40.458 30.7705 24.3213
      vertex 42.7523 27.4939 24.3213
    endloop
  endfacet
  facet normal 0.469856 0.328997 -0.819144
    outer loop
      vertex 40.458 30.7705 24.3213
      vertex 41.1419 26.3663 22.9447
      vertex 38.8476 29.6429 22.9447
    endloop
  endfacet
  facet normal 0.439368 0.368678 0.819166
    outer loop
      vertex 40.1934 31.1154 9.67874
      vertex 37.6222 34.1796 9.67874
      vertex 38.6873 29.8517 11.0553
    endloop
  endfacet
  facet normal 0.64279 -0.766042 4.31662e-05
    outer loop
      vertex 37.9217 29.2092 9.62787
      vertex 40.1934 31.1154 9.67874
      vertex 38.6873 29.8517 11.0553
    endloop
  endfacet
  facet normal 0.642791 -0.766042 5.36543e-17
    outer loop
      vertex 40.1934 31.1154 9.67874
      vertex 37.9217 29.2092 9.62787
      vertex 37.9217 29.2092 7.51823
    endloop
  endfacet
  facet normal 0.642791 -0.766042 0
    outer loop
      vertex 37.9217 29.2092 7.51823
      vertex 37.9217 29.2092 5.4436
      vertex 40.1934 31.1154 9.67874
    endloop
  endfacet
  facet normal 0.439387 0.368679 0.819155
    outer loop
      vertex 37.6222 34.1796 9.67874
      vertex 36.1162 32.9159 11.0553
      vertex 38.6873 29.8517 11.0553
    endloop
  endfacet
  facet normal 0.627502 0.526543 -0.57358
    outer loop
      vertex 40.1934 31.1154 9.67874
      vertex 35.3505 32.2734 5.4436
      vertex 37.6222 34.1796 9.67874
    endloop
  endfacet
  facet normal 0.627504 0.526537 -0.573584
    outer loop
      vertex 40.1934 31.1154 9.67874
      vertex 36.7701 30.8538 5.69349
      vertex 35.3505 32.2734 5.4436
    endloop
  endfacet
  facet normal 0.627498 0.526547 -0.57358
    outer loop
      vertex 36.7701 30.8538 5.69349
      vertex 40.1934 31.1154 9.67874
      vertex 37.9217 29.2092 5.4436
    endloop
  endfacet
  facet normal -0.62746 -0.526574 0.573597
    outer loop
      vertex 36.1162 32.9159 11.0553
      vertex 35.3505 32.2734 9.62787
      vertex 36.0007 31.6233 9.74232
    endloop
  endfacet
  facet normal -0.627555 -0.526515 0.573547
    outer loop
      vertex 36.7701 30.8538 9.87777
      vertex 36.1162 32.9159 11.0553
      vertex 36.0007 31.6233 9.74232
    endloop
  endfacet
  facet normal -0.627505 -0.526525 0.573592
    outer loop
      vertex 36.7701 30.8538 9.87777
      vertex 38.6873 29.8517 11.0553
      vertex 36.1162 32.9159 11.0553
    endloop
  endfacet
  facet normal -0.627505 -0.526553 0.573568
    outer loop
      vertex 38.6873 29.8517 11.0553
      vertex 36.7701 30.8538 9.87777
      vertex 37.9217 29.2092 9.62787
    endloop
  endfacet
  facet normal -0.642791 0.766042 2.4126e-06
    outer loop
      vertex 37.6222 34.1796 9.67874
      vertex 35.3505 32.2734 9.62787
      vertex 36.1162 32.9159 11.0553
    endloop
  endfacet
  facet normal -0.642791 0.766042 0
    outer loop
      vertex 35.3505 32.2734 9.62787
      vertex 37.6222 34.1796 9.67874
      vertex 35.3505 32.2734 5.4436
    endloop
  endfacet
  facet normal 0.579231 0.579231 0.57357
    outer loop
      vertex 32.3978 35.2262 28.5674
      vertex 37.3285 34.5001 24.3213
      vertex 34.5001 37.3285 24.3213
    endloop
  endfacet
  facet normal 0.579231 0.579231 0.57357
    outer loop
      vertex 37.3285 34.5001 24.3213
      vertex 32.3978 35.2262 28.5674
      vertex 35.2262 32.3978 28.5674
    endloop
  endfacet
  facet normal 0.707107 -0.707107 0
    outer loop
      vertex 35.2262 32.3978 28.5674
      vertex 35.2262 32.3978 26.4874
      vertex 37.3285 34.5001 24.3213
    endloop
  endfacet
  facet normal -0.579237 -0.579237 -0.573559
    outer loop
      vertex 35.9384 33.1099 22.9447
      vertex 32.3978 35.2262 24.3831
      vertex 33.1099 35.9384 22.9447
    endloop
  endfacet
  facet normal -0.579237 -0.579237 -0.573559
    outer loop
      vertex 32.3978 35.2262 24.3831
      vertex 35.9384 33.1099 22.9447
      vertex 35.2262 32.3978 24.3831
    endloop
  endfacet
  facet normal 0.405582 0.405582 -0.819149
    outer loop
      vertex 35.9384 33.1099 22.9447
      vertex 34.5001 37.3285 24.3213
      vertex 37.3285 34.5001 24.3213
    endloop
  endfacet
  facet normal 0.405582 0.405582 -0.819149
    outer loop
      vertex 34.5001 37.3285 24.3213
      vertex 35.9384 33.1099 22.9447
      vertex 33.1099 35.9384 22.9447
    endloop
  endfacet
  facet normal 0.707107 -0.707107 0
    outer loop
      vertex 35.2262 32.3978 24.3831
      vertex 37.3285 34.5001 24.3213
      vertex 35.2262 32.3978 26.4874
    endloop
  endfacet
  facet normal 0.707108 -0.707106 4.98853e-05
    outer loop
      vertex 37.3285 34.5001 24.3213
      vertex 35.2262 32.3978 24.3831
      vertex 35.9384 33.1099 22.9447
    endloop
  endfacet
  facet normal -0.707106 0.707108 4.98853e-05
    outer loop
      vertex 32.3978 35.2262 24.3831
      vertex 34.5001 37.3285 24.3213
      vertex 33.1099 35.9384 22.9447
    endloop
  endfacet
  facet normal -0.707107 0.707107 3.20947e-17
    outer loop
      vertex 34.5001 37.3285 24.3213
      vertex 32.3978 35.2262 24.3831
      vertex 32.3978 35.2262 26.4874
    endloop
  endfacet
  facet normal -0.707107 0.707107 3.24697e-17
    outer loop
      vertex 34.5001 37.3285 24.3213
      vertex 32.3978 35.2262 26.4874
      vertex 32.3978 35.2262 28.5674
    endloop
  endfacet
  facet normal 0.368679 0.439387 0.819155
    outer loop
      vertex 34.1796 37.6222 9.67874
      vertex 29.8517 38.6873 11.0553
      vertex 32.9159 36.1162 11.0553
    endloop
  endfacet
  facet normal -0.526574 -0.62746 0.573597
    outer loop
      vertex 32.9159 36.1162 11.0553
      vertex 31.6233 36.0007 9.74232
      vertex 32.2734 35.3505 9.62787
    endloop
  endfacet
  facet normal 0.526543 0.627502 -0.57358
    outer loop
      vertex 32.2734 35.3505 5.4436
      vertex 31.1154 40.1934 9.67874
      vertex 34.1796 37.6222 9.67874
    endloop
  endfacet
  facet normal 0.526537 0.627504 -0.573584
    outer loop
      vertex 31.1154 40.1934 9.67874
      vertex 32.2734 35.3505 5.4436
      vertex 30.8538 36.7701 5.69349
    endloop
  endfacet
  facet normal 0.526547 0.627498 -0.57358
    outer loop
      vertex 31.1154 40.1934 9.67874
      vertex 30.8538 36.7701 5.69349
      vertex 29.2092 37.9217 5.4436
    endloop
  endfacet
  facet normal 0.368678 0.439368 0.819166
    outer loop
      vertex 31.1154 40.1934 9.67874
      vertex 29.8517 38.6873 11.0553
      vertex 34.1796 37.6222 9.67874
    endloop
  endfacet
  facet normal -0.766042 0.642791 0
    outer loop
      vertex 29.2092 37.9217 9.62787
      vertex 31.1154 40.1934 9.67874
      vertex 29.2092 37.9217 7.51823
    endloop
  endfacet
  facet normal -0.766042 0.64279 4.31662e-05
    outer loop
      vertex 31.1154 40.1934 9.67874
      vertex 29.2092 37.9217 9.62787
      vertex 29.8517 38.6873 11.0553
    endloop
  endfacet
  facet normal -0.526525 -0.627505 0.573592
    outer loop
      vertex 29.8517 38.6873 11.0553
      vertex 30.8538 36.7701 9.87777
      vertex 32.9159 36.1162 11.0553
    endloop
  endfacet
  facet normal -0.526553 -0.627505 0.573568
    outer loop
      vertex 30.8538 36.7701 9.87777
      vertex 29.8517 38.6873 11.0553
      vertex 29.2092 37.9217 9.62787
    endloop
  endfacet
  facet normal -0.526515 -0.627555 0.573547
    outer loop
      vertex 32.9159 36.1162 11.0553
      vertex 30.8538 36.7701 9.87777
      vertex 31.6233 36.0007 9.74232
    endloop
  endfacet
  facet normal 0.766042 -0.642791 2.4126e-06
    outer loop
      vertex 32.2734 35.3505 9.62787
      vertex 34.1796 37.6222 9.67874
      vertex 32.9159 36.1162 11.0553
    endloop
  endfacet
  facet normal 0.766042 -0.642791 1.53782e-17
    outer loop
      vertex 34.1796 37.6222 9.67874
      vertex 32.2734 35.3505 9.62787
      vertex 32.2734 35.3505 5.4436
    endloop
  endfacet
  facet normal -0.766042 0.642791 0
    outer loop
      vertex 29.2092 37.9217 5.4436
      vertex 29.2092 37.9217 7.51823
      vertex 31.1154 40.1934 9.67874
    endloop
  endfacet
  facet normal -0.469892 -0.670959 -0.573599
    outer loop
      vertex 29.0652 38.0225 24.3831
      vertex 28.2433 38.5981 24.3831
      vertex 29.6429 38.8476 22.9447
    endloop
  endfacet
  facet normal 0.469846 0.671009 0.573578
    outer loop
      vertex 27.4939 42.7523 24.3213
      vertex 29.0652 38.0225 28.5674
      vertex 30.7705 40.458 24.3213
    endloop
  endfacet
  facet normal 0.469855 0.671007 0.573573
    outer loop
      vertex 29.0652 38.0225 28.5674
      vertex 27.4939 42.7523 24.3213
      vertex 28.2149 38.6179 28.5674
    endloop
  endfacet
  facet normal -0.819161 0.573564 1.29747e-05
    outer loop
      vertex 25.7886 40.3168 24.3831
      vertex 27.4939 42.7523 24.3213
      vertex 26.3663 41.1419 22.9447
    endloop
  endfacet
  facet normal -0.819161 0.573564 -2.50644e-17
    outer loop
      vertex 27.4939 42.7523 24.3213
      vertex 25.7886 40.3168 24.3831
      vertex 25.7886 40.3168 28.5674
    endloop
  endfacet
  facet normal -0.469819 -0.67101 -0.573599
    outer loop
      vertex 26.3663 41.1419 22.9447
      vertex 28.2433 38.5981 24.3831
      vertex 25.7886 40.3168 24.3831
    endloop
  endfacet
  facet normal -0.46985 -0.671015 -0.573568
    outer loop
      vertex 28.2433 38.5981 24.3831
      vertex 26.3663 41.1419 22.9447
      vertex 29.6429 38.8476 22.9447
    endloop
  endfacet
  facet normal 0.328997 0.469856 -0.819144
    outer loop
      vertex 29.6429 38.8476 22.9447
      vertex 27.4939 42.7523 24.3213
      vertex 30.7705 40.458 24.3213
    endloop
  endfacet
  facet normal 0.328997 0.469856 -0.819144
    outer loop
      vertex 27.4939 42.7523 24.3213
      vertex 29.6429 38.8476 22.9447
      vertex 26.3663 41.1419 22.9447
    endloop
  endfacet
  facet normal 0.819161 -0.573564 0
    outer loop
      vertex 29.0652 38.0225 24.3831
      vertex 30.7705 40.458 24.3213
      vertex 29.0652 38.0225 28.5674
    endloop
  endfacet
  facet normal 0.819161 -0.573564 -1.29747e-05
    outer loop
      vertex 30.7705 40.458 24.3213
      vertex 29.0652 38.0225 24.3831
      vertex 29.6429 38.8476 22.9447
    endloop
  endfacet
  facet normal 0.469843 0.671011 0.573578
    outer loop
      vertex 27.4939 42.7523 24.3213
      vertex 25.7886 40.3168 28.5674
      vertex 28.2149 38.6179 28.5674
    endloop
  endfacet
  facet normal 0.286782 0.496721 0.819161
    outer loop
      vertex 23.6632 44.9859 9.67874
      vertex 26.1443 41.2833 11.0553
      vertex 27.1273 42.9859 9.67874
    endloop
  endfacet
  facet normal 0.286782 0.496721 0.819161
    outer loop
      vertex 26.1443 41.2833 11.0553
      vertex 23.6632 44.9859 9.67874
      vertex 22.6802 43.2833 11.0553
    endloop
  endfacet
  facet normal 0.40956 0.709416 -0.573576
    outer loop
      vertex 27.1273 42.9859 9.67874
      vertex 25.6446 40.4177 5.4436
      vertex 24 41.5692 5.69349
    endloop
  endfacet
  facet normal 0.409571 0.709405 -0.573582
    outer loop
      vertex 27.1273 42.9859 9.67874
      vertex 24 41.5692 5.69349
      vertex 23.2226 41.9317 5.58672
    endloop
  endfacet
  facet normal -0.40957 -0.709396 0.573594
    outer loop
      vertex 22.6802 43.2833 11.0553
      vertex 24 41.5692 9.87777
      vertex 26.1443 41.2833 11.0553
    endloop
  endfacet
  facet normal -0.409596 -0.7094 0.57357
    outer loop
      vertex 24 41.5692 9.87777
      vertex 22.6802 43.2833 11.0553
      vertex 22.1805 42.4177 9.62787
    endloop
  endfacet
  facet normal -0.40956 -0.709421 0.57357
    outer loop
      vertex 26.1443 41.2833 11.0553
      vertex 24 41.5692 9.87777
      vertex 25.6446 40.4177 9.62787
    endloop
  endfacet
  facet normal 0.866033 -0.499987 0
    outer loop
      vertex 25.6446 40.4177 7.51823
      vertex 25.6446 40.4177 5.4436
      vertex 27.1273 42.9859 9.67874
    endloop
  endfacet
  facet normal 0.866033 -0.499987 2.28542e-05
    outer loop
      vertex 25.6446 40.4177 9.62787
      vertex 27.1273 42.9859 9.67874
      vertex 26.1443 41.2833 11.0553
    endloop
  endfacet
  facet normal 0.866033 -0.499987 2.7278e-17
    outer loop
      vertex 27.1273 42.9859 9.67874
      vertex 25.6446 40.4177 9.62787
      vertex 25.6446 40.4177 7.51823
    endloop
  endfacet
  facet normal 0.409574 0.709402 -0.573583
    outer loop
      vertex 23.2226 41.9317 5.58672
      vertex 23.6632 44.9859 9.67874
      vertex 27.1273 42.9859 9.67874
    endloop
  endfacet
  facet normal 0.409608 0.709388 -0.573576
    outer loop
      vertex 23.6632 44.9859 9.67874
      vertex 23.2226 41.9317 5.58672
      vertex 22.1805 42.4177 5.4436
    endloop
  endfacet
  facet normal -0.866033 0.499987 0
    outer loop
      vertex 22.1805 42.4177 9.62787
      vertex 23.6632 44.9859 9.67874
      vertex 22.1805 42.4177 5.4436
    endloop
  endfacet
  facet normal -0.866033 0.499987 -2.28542e-05
    outer loop
      vertex 23.6632 44.9859 9.67874
      vertex 22.1805 42.4177 9.62787
      vertex 22.6802 43.2833 11.0553
    endloop
  endfacet
  facet normal -0.906305 0.422623 1.3495e-05
    outer loop
      vertex 18.3959 44.1825 26.4398
      vertex 19.6524 46.8771 24.3213
      vertex 18.8215 45.0953 22.9447
    endloop
  endfacet
  facet normal -0.906309 0.422615 -5.41614e-18
    outer loop
      vertex 19.6524 46.8771 24.3213
      vertex 18.3959 44.1825 26.4398
      vertex 18.3959 44.1825 28.5674
    endloop
  endfacet
  facet normal 0.346188 0.742404 0.573577
    outer loop
      vertex 19.6524 46.8771 24.3213
      vertex 18.3959 44.1825 28.5674
      vertex 21.0804 42.9307 28.5674
    endloop
  endfacet
  facet normal 0.346217 0.74239 0.573577
    outer loop
      vertex 23.2776 45.1866 24.3213
      vertex 21.0804 42.9307 28.5674
      vertex 22.0211 42.492 28.5674
    endloop
  endfacet
  facet normal 0.346197 0.742403 0.573573
    outer loop
      vertex 21.0804 42.9307 28.5674
      vertex 23.2776 45.1866 24.3213
      vertex 19.6524 46.8771 24.3213
    endloop
  endfacet
  facet normal 0.906309 -0.422615 -5.54008e-18
    outer loop
      vertex 23.2776 45.1866 24.3213
      vertex 22.0211 42.492 28.5674
      vertex 22.0211 42.492 26.4874
    endloop
  endfacet
  facet normal -0.346187 -0.742404 -0.573578
    outer loop
      vertex 22.4468 43.4048 22.9447
      vertex 19.3053 43.7584 24.3831
      vertex 18.8215 45.0953 22.9447
    endloop
  endfacet
  facet normal -0.346188 -0.742402 -0.573579
    outer loop
      vertex 19.3053 43.7584 24.3831
      vertex 22.4468 43.4048 22.9447
      vertex 22.0211 42.492 24.3831
    endloop
  endfacet
  facet normal 0.242401 0.519833 -0.819155
    outer loop
      vertex 22.4468 43.4048 22.9447
      vertex 18.8215 45.0953 22.9447
      vertex 19.6524 46.8771 24.3213
    endloop
  endfacet
  facet normal -0.906325 0.422581 -1.15021e-17
    outer loop
      vertex 18.8215 45.0953 22.9447
      vertex 18.3959 44.1825 24.3831
      vertex 18.3959 44.1825 26.4398
    endloop
  endfacet
  facet normal -0.346219 -0.7424 -0.573563
    outer loop
      vertex 19.3053 43.7584 24.3831
      vertex 18.3959 44.1825 24.3831
      vertex 18.8215 45.0953 22.9447
    endloop
  endfacet
  facet normal 0.24241 0.519838 -0.81915
    outer loop
      vertex 22.4468 43.4048 22.9447
      vertex 19.6524 46.8771 24.3213
      vertex 23.2776 45.1866 24.3213
    endloop
  endfacet
  facet normal 0.906309 -0.422615 0
    outer loop
      vertex 22.0211 42.492 24.3831
      vertex 23.2776 45.1866 24.3213
      vertex 22.0211 42.492 26.4874
    endloop
  endfacet
  facet normal 0.90631 -0.422614 3.74957e-05
    outer loop
      vertex 23.2776 45.1866 24.3213
      vertex 22.0211 42.492 24.3831
      vertex 22.4468 43.4048 22.9447
    endloop
  endfacet
  facet normal -0.280184 -0.769745 0.573576
    outer loop
      vertex 18.5784 45.196 11.0553
      vertex 17.4032 44.6454 9.74232
      vertex 18.2365 44.2568 9.62787
    endloop
  endfacet
  facet normal 0.28015 0.769759 -0.573574
    outer loop
      vertex 19.2508 47.0434 9.67874
      vertex 18.2365 44.2568 5.4436
      vertex 16.417 45.1052 5.69349
    endloop
  endfacet
  facet normal 0.280227 0.769709 -0.573604
    outer loop
      vertex 19.2508 47.0434 9.67874
      vertex 16.417 45.1052 5.69349
      vertex 15.5884 45.3273 5.58672
    endloop
  endfacet
  facet normal 0.196174 0.538979 0.819156
    outer loop
      vertex 15.492 48.4115 9.67874
      vertex 18.5784 45.196 11.0553
      vertex 19.2508 47.0434 9.67874
    endloop
  endfacet
  facet normal 0.196174 0.538979 0.819156
    outer loop
      vertex 18.5784 45.196 11.0553
      vertex 15.492 48.4115 9.67874
      vertex 14.8196 46.5641 11.0553
    endloop
  endfacet
  facet normal -0.939674 0.342072 0
    outer loop
      vertex 14.4777 45.6249 7.58683
      vertex 14.4777 45.6249 9.62787
      vertex 14.8196 46.5641 11.0553
    endloop
  endfacet
  facet normal -0.280162 -0.769734 0.573602
    outer loop
      vertex 14.8196 46.5641 11.0553
      vertex 16.417 45.1052 9.87777
      vertex 18.5784 45.196 11.0553
    endloop
  endfacet
  facet normal -0.28019 -0.769743 0.573576
    outer loop
      vertex 16.417 45.1052 9.87777
      vertex 14.8196 46.5641 11.0553
      vertex 14.4777 45.6249 9.62787
    endloop
  endfacet
  facet normal -0.280128 -0.769789 0.573544
    outer loop
      vertex 18.5784 45.196 11.0553
      vertex 16.417 45.1052 9.87777
      vertex 17.4032 44.6454 9.74232
    endloop
  endfacet
  facet normal 0.939686 -0.342038 -2.58193e-05
    outer loop
      vertex 18.2365 44.2568 9.62787
      vertex 19.2508 47.0434 9.67874
      vertex 18.5784 45.196 11.0553
    endloop
  endfacet
  facet normal 0.939686 -0.342038 8.4057e-18
    outer loop
      vertex 19.2508 47.0434 9.67874
      vertex 18.2365 44.2568 9.62787
      vertex 18.2365 44.2568 5.4436
    endloop
  endfacet
  facet normal -0.939686 0.342038 0
    outer loop
      vertex 14.4777 45.6249 7.58683
      vertex 15.492 48.4115 9.67874
      vertex 14.4777 45.6249 5.4436
    endloop
  endfacet
  facet normal -0.939689 0.342029 1.31767e-05
    outer loop
      vertex 15.492 48.4115 9.67874
      vertex 14.4777 45.6249 7.58683
      vertex 14.8196 46.5641 11.0553
    endloop
  endfacet
  facet normal 0.280169 0.769754 -0.573572
    outer loop
      vertex 15.5884 45.3273 5.58672
      vertex 15.492 48.4115 9.67874
      vertex 19.2508 47.0434 9.67874
    endloop
  endfacet
  facet normal 0.280156 0.769757 -0.573574
    outer loop
      vertex 15.492 48.4115 9.67874
      vertex 15.5884 45.3273 5.58672
      vertex 14.4777 45.6249 5.4436
    endloop
  endfacet
  facet normal -0.212014 -0.791228 -0.573593
    outer loop
      vertex 14.5686 46.6432 22.9447
      vertex 11.4134 46.4459 24.3831
      vertex 10.7049 47.6785 22.9447
    endloop
  endfacet
  facet normal -0.211996 -0.791259 -0.573557
    outer loop
      vertex 11.4134 46.4459 24.3831
      vertex 14.5686 46.6432 22.9447
      vertex 14.3079 45.6704 24.3831
    endloop
  endfacet
  facet normal 0.965926 -0.25882 0
    outer loop
      vertex 14.3079 45.6704 26.4398
      vertex 15.0774 48.5422 24.3213
      vertex 14.3079 45.6704 28.5674
    endloop
  endfacet
  facet normal 0.965928 -0.258811 1.31586e-05
    outer loop
      vertex 15.0774 48.5422 24.3213
      vertex 14.3079 45.6704 26.4398
      vertex 14.5686 46.6432 22.9447
    endloop
  endfacet
  facet normal 0.148456 0.554033 -0.819151
    outer loop
      vertex 14.5686 46.6432 22.9447
      vertex 11.2137 49.5775 24.3213
      vertex 15.0774 48.5422 24.3213
    endloop
  endfacet
  facet normal 0.148456 0.554033 -0.819151
    outer loop
      vertex 11.2137 49.5775 24.3213
      vertex 14.5686 46.6432 22.9447
      vertex 10.7049 47.6785 22.9447
    endloop
  endfacet
  facet normal 0.965916 -0.258855 0
    outer loop
      vertex 14.3079 45.6704 26.4398
      vertex 14.3079 45.6704 24.3831
      vertex 14.5686 46.6432 22.9447
    endloop
  endfacet
  facet normal 0.212018 0.791243 0.573571
    outer loop
      vertex 11.2137 49.5775 24.3213
      vertex 14.3079 45.6704 28.5674
      vertex 15.0774 48.5422 24.3213
    endloop
  endfacet
  facet normal 0.211997 0.791239 0.573583
    outer loop
      vertex 14.3079 45.6704 28.5674
      vertex 11.2137 49.5775 24.3213
      vertex 10.4442 46.7056 28.5674
    endloop
  endfacet
  facet normal -0.965928 0.258811 -1.37101e-05
    outer loop
      vertex 10.4442 46.7056 24.3831
      vertex 11.2137 49.5775 24.3213
      vertex 10.7049 47.6785 22.9447
    endloop
  endfacet
  facet normal -0.965928 0.258812 -1.41007e-17
    outer loop
      vertex 11.2137 49.5775 24.3213
      vertex 10.4442 46.7056 24.3831
      vertex 10.4442 46.7056 28.5674
    endloop
  endfacet
  facet normal -0.212012 -0.791228 -0.573594
    outer loop
      vertex 11.4134 46.4459 24.3831
      vertex 10.4442 46.7056 24.3831
      vertex 10.7049 47.6785 22.9447
    endloop
  endfacet
  facet normal 0.142246 0.806708 -0.573575
    outer loop
      vertex 10.7893 49.6716 9.67874
      vertex 8.33511 47.2708 5.69349
      vertex 6.85006 50.3662 9.67874
    endloop
  endfacet
  facet normal 0.142243 0.806709 -0.573574
    outer loop
      vertex 8.33511 47.2708 5.69349
      vertex 10.7893 49.6716 9.67874
      vertex 10.2743 46.7512 5.4436
    endloop
  endfacet
  facet normal 0.142252 0.806708 -0.573573
    outer loop
      vertex 6.85006 50.3662 9.67874
      vertex 8.33511 47.2708 5.69349
      vertex 6.33511 47.4458 5.4436
    endloop
  endfacet
  facet normal 0.0996 0.564855 0.819157
    outer loop
      vertex 6.85006 50.3662 9.67874
      vertex 10.4479 47.7355 11.0553
      vertex 10.7893 49.6716 9.67874
    endloop
  endfacet
  facet normal 0.0996006 0.564856 0.819157
    outer loop
      vertex 10.4479 47.7355 11.0553
      vertex 6.85006 50.3662 9.67874
      vertex 6.50868 48.4301 11.0553
    endloop
  endfacet
  facet normal 0.984806 -0.17366 -8.16863e-06
    outer loop
      vertex 10.2743 46.7512 7.58683
      vertex 10.7893 49.6716 9.67874
      vertex 10.4479 47.7355 11.0553
    endloop
  endfacet
  facet normal 0.984805 -0.173666 -1.66324e-17
    outer loop
      vertex 10.7893 49.6716 9.67874
      vertex 10.2743 46.7512 7.58683
      vertex 10.2743 46.7512 5.4436
    endloop
  endfacet
  facet normal -0.984807 0.17365 0
    outer loop
      vertex 6.33511 47.4458 9.62787
      vertex 6.85006 50.3662 9.67874
      vertex 6.33511 47.4458 7.51823
    endloop
  endfacet
  facet normal -0.984808 0.17365 6.82499e-06
    outer loop
      vertex 6.85006 50.3662 9.67874
      vertex 6.33511 47.4458 9.62787
      vertex 6.50868 48.4301 11.0553
    endloop
  endfacet
  facet normal -0.142245 -0.806703 0.573582
    outer loop
      vertex 6.50868 48.4301 11.0553
      vertex 8.33511 47.2708 9.87777
      vertex 10.4479 47.7355 11.0553
    endloop
  endfacet
  facet normal -0.142255 -0.806708 0.573572
    outer loop
      vertex 8.33511 47.2708 9.87777
      vertex 6.50868 48.4301 11.0553
      vertex 6.33511 47.4458 9.62787
    endloop
  endfacet
  facet normal -0.14224 -0.80671 0.573574
    outer loop
      vertex 10.4479 47.7355 11.0553
      vertex 8.33511 47.2708 9.87777
      vertex 10.2743 46.7512 9.62787
    endloop
  endfacet
  facet normal 0.984801 -0.173688 5.84618e-19
    outer loop
      vertex 10.4479 47.7355 11.0553
      vertex 10.2743 46.7512 9.62787
      vertex 10.2743 46.7512 7.58683
    endloop
  endfacet
  facet normal -0.984807 0.17365 0
    outer loop
      vertex 6.33511 47.4458 5.4436
      vertex 6.33511 47.4458 7.51823
      vertex 6.85006 50.3662 9.67874
    endloop
  endfacet
  facet normal 0.996195 -0.0871544 0
    outer loop
      vertex 6.15995 47.4611 24.3831
      vertex 6.41907 50.4229 24.3213
      vertex 6.15995 47.4611 26.4874
    endloop
  endfacet
  facet normal 0.996195 -0.0871544 2.77817e-06
    outer loop
      vertex 6.41907 50.4229 24.3213
      vertex 6.15995 47.4611 24.3831
      vertex 6.24773 48.4644 22.9447
    endloop
  endfacet
  facet normal 0.0500016 0.571394 -0.819151
    outer loop
      vertex 6.24773 48.4644 22.9447
      vertex 2.26295 48.8131 22.9447
      vertex 6.41907 50.4229 24.3213
    endloop
  endfacet
  facet normal 0.049989 0.571415 -0.819137
    outer loop
      vertex 6.41907 50.4229 24.3213
      vertex 2.26295 48.8131 22.9447
      vertex 2.43429 50.7715 24.3213
    endloop
  endfacet
  facet normal 0.0714059 0.816037 0.573572
    outer loop
      vertex 2.43429 50.7715 24.3213
      vertex 2.17517 47.8097 28.5674
      vertex 5.12592 47.5515 28.5674
    endloop
  endfacet
  facet normal -0.996195 0.0871545 3.37045e-06
    outer loop
      vertex 2.17517 47.8097 24.3831
      vertex 2.43429 50.7715 24.3213
      vertex 2.26295 48.8131 22.9447
    endloop
  endfacet
  facet normal -0.996195 0.0871544 2.73221e-18
    outer loop
      vertex 2.43429 50.7715 24.3213
      vertex 2.17517 47.8097 24.3831
      vertex 2.17517 47.8097 28.5674
    endloop
  endfacet
  facet normal -0.0713879 -0.816021 -0.573597
    outer loop
      vertex 2.26295 48.8131 22.9447
      vertex 6.15995 47.4611 24.3831
      vertex 2.17517 47.8097 24.3831
    endloop
  endfacet
  facet normal -0.0714105 -0.816046 -0.573559
    outer loop
      vertex 6.15995 47.4611 24.3831
      vertex 2.26295 48.8131 22.9447
      vertex 6.24773 48.4644 22.9447
    endloop
  endfacet
  facet normal 0.0713425 0.816043 0.573572
    outer loop
      vertex 6.41907 50.4229 24.3213
      vertex 5.12592 47.5515 28.5674
      vertex 6.15995 47.4611 28.5674
    endloop
  endfacet
  facet normal 0.0713889 0.816033 0.573579
    outer loop
      vertex 5.12592 47.5515 28.5674
      vertex 6.41907 50.4229 24.3213
      vertex 2.43429 50.7715 24.3213
    endloop
  endfacet
  facet normal 0.996195 -0.0871544 0
    outer loop
      vertex 6.15995 47.4611 28.5674
      vertex 6.15995 47.4611 26.4874
      vertex 6.41907 50.4229 24.3213
    endloop
  endfacet
  facet normal -0 0.573563 0.819161
    outer loop
      vertex -2 50.7905 9.67874
      vertex 2 48.8245 11.0553
      vertex 2 50.7905 9.67874
    endloop
  endfacet
  facet normal 0 0.573563 0.819161
    outer loop
      vertex 2 48.8245 11.0553
      vertex -2 50.7905 9.67874
      vertex -2 48.8245 11.0553
    endloop
  endfacet
  facet normal 0 0.819152 -0.573576
    outer loop
      vertex 2 50.7905 9.67874
      vertex 0 48 5.69349
      vertex -2 50.7905 9.67874
    endloop
  endfacet
  facet normal 9.73905e-06 0.81915 -0.573579
    outer loop
      vertex 0 48 5.69349
      vertex 2 50.7905 9.67874
      vertex 2 47.825 5.4436
    endloop
  endfacet
  facet normal -9.73905e-06 0.81915 -0.573579
    outer loop
      vertex -2 50.7905 9.67874
      vertex 0 48 5.69349
      vertex -2 47.825 5.4436
    endloop
  endfacet
  facet normal 1 0 0
    outer loop
      vertex 2 47.825 9.62787
      vertex 2 50.7905 9.67874
      vertex 2 48.8245 11.0553
    endloop
  endfacet
  facet normal 1 0 0
    outer loop
      vertex 2 50.7905 9.67874
      vertex 2 47.825 9.62787
      vertex 2 47.825 5.4436
    endloop
  endfacet
  facet normal 0 -0.819157 0.573569
    outer loop
      vertex -2 48.8245 11.0553
      vertex 0 48 9.87777
      vertex 2 48.8245 11.0553
    endloop
  endfacet
  facet normal 7.23069e-06 -0.819151 0.573577
    outer loop
      vertex 0 48 9.87777
      vertex -2 48.8245 11.0553
      vertex -2 47.825 9.62787
    endloop
  endfacet
  facet normal -7.23069e-06 -0.819151 0.573577
    outer loop
      vertex 2 48.8245 11.0553
      vertex 0 48 9.87777
      vertex 2 47.825 9.62787
    endloop
  endfacet
  facet normal -1 0 0
    outer loop
      vertex -2 47.825 9.62787
      vertex -2 50.7905 9.67874
      vertex -2 47.825 5.4436
    endloop
  endfacet
  facet normal -1 -0 0
    outer loop
      vertex -2 50.7905 9.67874
      vertex -2 47.825 9.62787
      vertex -2 48.8245 11.0553
    endloop
  endfacet
  facet normal -0.0714059 0.816037 0.573572
    outer loop
      vertex -2.43429 50.7715 24.3213
      vertex -5.12592 47.5515 28.5674
      vertex -2.17517 47.8097 28.5674
    endloop
  endfacet
  facet normal 0.0714105 -0.816046 -0.573559
    outer loop
      vertex -2.26295 48.8131 22.9447
      vertex -6.15995 47.4611 24.3831
      vertex -6.24773 48.4644 22.9447
    endloop
  endfacet
  facet normal 0.0713879 -0.816021 -0.573597
    outer loop
      vertex -6.15995 47.4611 24.3831
      vertex -2.26295 48.8131 22.9447
      vertex -2.17517 47.8097 24.3831
    endloop
  endfacet
  facet normal -0.0713889 0.816033 0.573579
    outer loop
      vertex -6.41907 50.4229 24.3213
      vertex -5.12592 47.5515 28.5674
      vertex -2.43429 50.7715 24.3213
    endloop
  endfacet
  facet normal -0.0713425 0.816043 0.573572
    outer loop
      vertex -5.12592 47.5515 28.5674
      vertex -6.41907 50.4229 24.3213
      vertex -6.15995 47.4611 28.5674
    endloop
  endfacet
  facet normal -0.0500016 0.571394 -0.819151
    outer loop
      vertex -6.24773 48.4644 22.9447
      vertex -6.41907 50.4229 24.3213
      vertex -2.26295 48.8131 22.9447
    endloop
  endfacet
  facet normal -0.996195 -0.0871544 2.77817e-06
    outer loop
      vertex -6.15995 47.4611 24.3831
      vertex -6.41907 50.4229 24.3213
      vertex -6.24773 48.4644 22.9447
    endloop
  endfacet
  facet normal -0.996195 -0.0871544 4.67036e-18
    outer loop
      vertex -6.41907 50.4229 24.3213
      vertex -6.15995 47.4611 24.3831
      vertex -6.15995 47.4611 26.4874
    endloop
  endfacet
  facet normal -0.996195 -0.0871544 -0
    outer loop
      vertex -6.15995 47.4611 28.5674
      vertex -6.41907 50.4229 24.3213
      vertex -6.15995 47.4611 26.4874
    endloop
  endfacet
  facet normal -0.049989 0.571415 -0.819137
    outer loop
      vertex -2.26295 48.8131 22.9447
      vertex -6.41907 50.4229 24.3213
      vertex -2.43429 50.7715 24.3213
    endloop
  endfacet
  facet normal 0.996195 0.0871544 -0
    outer loop
      vertex -2.17517 47.8097 24.3831
      vertex -2.43429 50.7715 24.3213
      vertex -2.17517 47.8097 28.5674
    endloop
  endfacet
  facet normal 0.996195 0.0871545 3.37045e-06
    outer loop
      vertex -2.43429 50.7715 24.3213
      vertex -2.17517 47.8097 24.3831
      vertex -2.26295 48.8131 22.9447
    endloop
  endfacet
  facet normal -0.0996006 0.564856 0.819157
    outer loop
      vertex -6.85006 50.3662 9.67874
      vertex -10.4479 47.7355 11.0553
      vertex -6.50868 48.4301 11.0553
    endloop
  endfacet
  facet normal -0.0996 0.564855 0.819157
    outer loop
      vertex -10.4479 47.7355 11.0553
      vertex -6.85006 50.3662 9.67874
      vertex -10.7893 49.6716 9.67874
    endloop
  endfacet
  facet normal 0.984807 0.17365 -0
    outer loop
      vertex -6.33511 47.4458 5.4436
      vertex -6.85006 50.3662 9.67874
      vertex -6.33511 47.4458 7.51823
    endloop
  endfacet
  facet normal 0.984808 0.17365 6.82499e-06
    outer loop
      vertex -6.33511 47.4458 9.62787
      vertex -6.85006 50.3662 9.67874
      vertex -6.50868 48.4301 11.0553
    endloop
  endfacet
  facet normal 0.984807 0.17365 -1.11088e-17
    outer loop
      vertex -6.85006 50.3662 9.67874
      vertex -6.33511 47.4458 9.62787
      vertex -6.33511 47.4458 7.51823
    endloop
  endfacet
  facet normal -0.984805 -0.173666 -0
    outer loop
      vertex -10.2743 46.7512 7.58683
      vertex -10.7893 49.6716 9.67874
      vertex -10.2743 46.7512 5.4436
    endloop
  endfacet
  facet normal -0.984806 -0.17366 -8.16863e-06
    outer loop
      vertex -10.7893 49.6716 9.67874
      vertex -10.2743 46.7512 7.58683
      vertex -10.4479 47.7355 11.0553
    endloop
  endfacet
  facet normal -0.142246 0.806708 -0.573575
    outer loop
      vertex -6.85006 50.3662 9.67874
      vertex -8.33511 47.2708 5.69349
      vertex -10.7893 49.6716 9.67874
    endloop
  endfacet
  facet normal -0.142252 0.806708 -0.573573
    outer loop
      vertex -8.33511 47.2708 5.69349
      vertex -6.85006 50.3662 9.67874
      vertex -6.33511 47.4458 5.4436
    endloop
  endfacet
  facet normal -0.142243 0.806709 -0.573574
    outer loop
      vertex -10.7893 49.6716 9.67874
      vertex -8.33511 47.2708 5.69349
      vertex -10.2743 46.7512 5.4436
    endloop
  endfacet
  facet normal -0.984801 -0.173688 -0
    outer loop
      vertex -10.2743 46.7512 9.62787
      vertex -10.4479 47.7355 11.0553
      vertex -10.2743 46.7512 7.58683
    endloop
  endfacet
  facet normal 0.142245 -0.806703 0.573582
    outer loop
      vertex -10.4479 47.7355 11.0553
      vertex -8.33511 47.2708 9.87777
      vertex -6.50868 48.4301 11.0553
    endloop
  endfacet
  facet normal 0.14224 -0.80671 0.573574
    outer loop
      vertex -8.33511 47.2708 9.87777
      vertex -10.4479 47.7355 11.0553
      vertex -10.2743 46.7512 9.62787
    endloop
  endfacet
  facet normal 0.142255 -0.806708 0.573572
    outer loop
      vertex -6.50868 48.4301 11.0553
      vertex -8.33511 47.2708 9.87777
      vertex -6.33511 47.4458 9.62787
    endloop
  endfacet
  facet normal 0.212012 -0.791228 -0.573594
    outer loop
      vertex -10.4442 46.7056 24.3831
      vertex -11.4134 46.4459 24.3831
      vertex -10.7049 47.6785 22.9447
    endloop
  endfacet
  facet normal -0.211997 0.791239 0.573583
    outer loop
      vertex -11.2137 49.5775 24.3213
      vertex -14.3079 45.6704 28.5674
      vertex -10.4442 46.7056 28.5674
    endloop
  endfacet
  facet normal -0.212018 0.791243 0.573571
    outer loop
      vertex -14.3079 45.6704 28.5674
      vertex -11.2137 49.5775 24.3213
      vertex -15.0774 48.5422 24.3213
    endloop
  endfacet
  facet normal -0.965916 -0.258855 -0
    outer loop
      vertex -14.3079 45.6704 26.4398
      vertex -14.5686 46.6432 22.9447
      vertex -14.3079 45.6704 24.3831
    endloop
  endfacet
  facet normal 0.211996 -0.791259 -0.573557
    outer loop
      vertex -14.5686 46.6432 22.9447
      vertex -11.4134 46.4459 24.3831
      vertex -14.3079 45.6704 24.3831
    endloop
  endfacet
  facet normal 0.212014 -0.791228 -0.573593
    outer loop
      vertex -11.4134 46.4459 24.3831
      vertex -14.5686 46.6432 22.9447
      vertex -10.7049 47.6785 22.9447
    endloop
  endfacet
  facet normal 0.965928 0.258812 -0
    outer loop
      vertex -10.4442 46.7056 24.3831
      vertex -11.2137 49.5775 24.3213
      vertex -10.4442 46.7056 28.5674
    endloop
  endfacet
  facet normal 0.965928 0.258811 -1.37101e-05
    outer loop
      vertex -11.2137 49.5775 24.3213
      vertex -10.4442 46.7056 24.3831
      vertex -10.7049 47.6785 22.9447
    endloop
  endfacet
  facet normal -0.148456 0.554033 -0.819151
    outer loop
      vertex -14.5686 46.6432 22.9447
      vertex -11.2137 49.5775 24.3213
      vertex -10.7049 47.6785 22.9447
    endloop
  endfacet
  facet normal -0.148456 0.554033 -0.819151
    outer loop
      vertex -11.2137 49.5775 24.3213
      vertex -14.5686 46.6432 22.9447
      vertex -15.0774 48.5422 24.3213
    endloop
  endfacet
  facet normal -0.965928 -0.258811 1.31586e-05
    outer loop
      vertex -14.3079 45.6704 26.4398
      vertex -15.0774 48.5422 24.3213
      vertex -14.5686 46.6432 22.9447
    endloop
  endfacet
  facet normal -0.965926 -0.25882 3.56511e-18
    outer loop
      vertex -15.0774 48.5422 24.3213
      vertex -14.3079 45.6704 26.4398
      vertex -14.3079 45.6704 28.5674
    endloop
  endfacet
  facet normal -0.196174 0.538979 0.819156
    outer loop
      vertex -15.492 48.4115 9.67874
      vertex -18.5784 45.196 11.0553
      vertex -14.8196 46.5641 11.0553
    endloop
  endfacet
  facet normal -0.196174 0.538979 0.819156
    outer loop
      vertex -18.5784 45.196 11.0553
      vertex -15.492 48.4115 9.67874
      vertex -19.2508 47.0434 9.67874
    endloop
  endfacet
  facet normal 0.939674 0.342072 -0
    outer loop
      vertex -14.4777 45.6249 7.58683
      vertex -14.8196 46.5641 11.0553
      vertex -14.4777 45.6249 9.62787
    endloop
  endfacet
  facet normal -0.280227 0.769709 -0.573604
    outer loop
      vertex -19.2508 47.0434 9.67874
      vertex -15.5884 45.3273 5.58672
      vertex -16.417 45.1052 5.69349
    endloop
  endfacet
  facet normal -0.28015 0.769759 -0.573574
    outer loop
      vertex -19.2508 47.0434 9.67874
      vertex -16.417 45.1052 5.69349
      vertex -18.2365 44.2568 5.4436
    endloop
  endfacet
  facet normal -0.280169 0.769754 -0.573572
    outer loop
      vertex -15.492 48.4115 9.67874
      vertex -15.5884 45.3273 5.58672
      vertex -19.2508 47.0434 9.67874
    endloop
  endfacet
  facet normal -0.280156 0.769757 -0.573574
    outer loop
      vertex -15.5884 45.3273 5.58672
      vertex -15.492 48.4115 9.67874
      vertex -14.4777 45.6249 5.4436
    endloop
  endfacet
  facet normal 0.939689 0.342029 1.31767e-05
    outer loop
      vertex -14.4777 45.6249 7.58683
      vertex -15.492 48.4115 9.67874
      vertex -14.8196 46.5641 11.0553
    endloop
  endfacet
  facet normal 0.939686 0.342038 -2.66118e-17
    outer loop
      vertex -15.492 48.4115 9.67874
      vertex -14.4777 45.6249 7.58683
      vertex -14.4777 45.6249 5.4436
    endloop
  endfacet
  facet normal 0.280162 -0.769734 0.573602
    outer loop
      vertex -18.5784 45.196 11.0553
      vertex -16.417 45.1052 9.87777
      vertex -14.8196 46.5641 11.0553
    endloop
  endfacet
  facet normal 0.280128 -0.769789 0.573544
    outer loop
      vertex -16.417 45.1052 9.87777
      vertex -18.5784 45.196 11.0553
      vertex -17.4032 44.6454 9.74232
    endloop
  endfacet
  facet normal 0.28019 -0.769743 0.573576
    outer loop
      vertex -14.8196 46.5641 11.0553
      vertex -16.417 45.1052 9.87777
      vertex -14.4777 45.6249 9.62787
    endloop
  endfacet
  facet normal 0.280184 -0.769745 0.573576
    outer loop
      vertex -17.4032 44.6454 9.74232
      vertex -18.5784 45.196 11.0553
      vertex -18.2365 44.2568 9.62787
    endloop
  endfacet
  facet normal -0.939686 -0.342038 -0
    outer loop
      vertex -18.2365 44.2568 9.62787
      vertex -19.2508 47.0434 9.67874
      vertex -18.2365 44.2568 5.4436
    endloop
  endfacet
  facet normal -0.939686 -0.342038 -2.58193e-05
    outer loop
      vertex -19.2508 47.0434 9.67874
      vertex -18.2365 44.2568 9.62787
      vertex -18.5784 45.196 11.0553
    endloop
  endfacet
  facet normal 0.346219 -0.7424 -0.573563
    outer loop
      vertex -18.3959 44.1825 24.3831
      vertex -19.3053 43.7584 24.3831
      vertex -18.8215 45.0953 22.9447
    endloop
  endfacet
  facet normal -0.346188 0.742404 0.573577
    outer loop
      vertex -19.6524 46.8771 24.3213
      vertex -21.0804 42.9307 28.5674
      vertex -18.3959 44.1825 28.5674
    endloop
  endfacet
  facet normal -0.346197 0.742403 0.573573
    outer loop
      vertex -23.2776 45.1866 24.3213
      vertex -21.0804 42.9307 28.5674
      vertex -19.6524 46.8771 24.3213
    endloop
  endfacet
  facet normal -0.346217 0.74239 0.573577
    outer loop
      vertex -21.0804 42.9307 28.5674
      vertex -23.2776 45.1866 24.3213
      vertex -22.0211 42.492 28.5674
    endloop
  endfacet
  facet normal -0.242401 0.519833 -0.819155
    outer loop
      vertex -18.8215 45.0953 22.9447
      vertex -22.4468 43.4048 22.9447
      vertex -19.6524 46.8771 24.3213
    endloop
  endfacet
  facet normal 0.906309 0.422615 -0
    outer loop
      vertex -18.3959 44.1825 26.4398
      vertex -19.6524 46.8771 24.3213
      vertex -18.3959 44.1825 28.5674
    endloop
  endfacet
  facet normal 0.906305 0.422623 1.3495e-05
    outer loop
      vertex -19.6524 46.8771 24.3213
      vertex -18.3959 44.1825 26.4398
      vertex -18.8215 45.0953 22.9447
    endloop
  endfacet
  facet normal 0.906325 0.422581 -0
    outer loop
      vertex -18.3959 44.1825 24.3831
      vertex -18.8215 45.0953 22.9447
      vertex -18.3959 44.1825 26.4398
    endloop
  endfacet
  facet normal 0.346188 -0.742402 -0.573579
    outer loop
      vertex -22.4468 43.4048 22.9447
      vertex -19.3053 43.7584 24.3831
      vertex -22.0211 42.492 24.3831
    endloop
  endfacet
  facet normal 0.346187 -0.742404 -0.573578
    outer loop
      vertex -19.3053 43.7584 24.3831
      vertex -22.4468 43.4048 22.9447
      vertex -18.8215 45.0953 22.9447
    endloop
  endfacet
  facet normal -0.906309 -0.422615 -0
    outer loop
      vertex -22.0211 42.492 28.5674
      vertex -23.2776 45.1866 24.3213
      vertex -22.0211 42.492 26.4874
    endloop
  endfacet
  facet normal -0.90631 -0.422614 3.74957e-05
    outer loop
      vertex -22.0211 42.492 24.3831
      vertex -23.2776 45.1866 24.3213
      vertex -22.4468 43.4048 22.9447
    endloop
  endfacet
  facet normal -0.906309 -0.422615 5.47611e-18
    outer loop
      vertex -23.2776 45.1866 24.3213
      vertex -22.0211 42.492 24.3831
      vertex -22.0211 42.492 26.4874
    endloop
  endfacet
  facet normal -0.24241 0.519838 -0.81915
    outer loop
      vertex -22.4468 43.4048 22.9447
      vertex -23.2776 45.1866 24.3213
      vertex -19.6524 46.8771 24.3213
    endloop
  endfacet
  facet normal -0.286782 0.496721 0.819161
    outer loop
      vertex -23.6632 44.9859 9.67874
      vertex -26.1443 41.2833 11.0553
      vertex -22.6802 43.2833 11.0553
    endloop
  endfacet
  facet normal -0.286782 0.496721 0.819161
    outer loop
      vertex -26.1443 41.2833 11.0553
      vertex -23.6632 44.9859 9.67874
      vertex -27.1273 42.9859 9.67874
    endloop
  endfacet
  facet normal -0.866033 -0.499987 -0
    outer loop
      vertex -25.6446 40.4177 7.51823
      vertex -27.1273 42.9859 9.67874
      vertex -25.6446 40.4177 5.4436
    endloop
  endfacet
  facet normal -0.409571 0.709405 -0.573582
    outer loop
      vertex -27.1273 42.9859 9.67874
      vertex -23.2226 41.9317 5.58672
      vertex -24 41.5692 5.69349
    endloop
  endfacet
  facet normal -0.40956 0.709416 -0.573576
    outer loop
      vertex -27.1273 42.9859 9.67874
      vertex -24 41.5692 5.69349
      vertex -25.6446 40.4177 5.4436
    endloop
  endfacet
  facet normal -0.409574 0.709402 -0.573583
    outer loop
      vertex -23.6632 44.9859 9.67874
      vertex -23.2226 41.9317 5.58672
      vertex -27.1273 42.9859 9.67874
    endloop
  endfacet
  facet normal -0.409608 0.709388 -0.573576
    outer loop
      vertex -23.2226 41.9317 5.58672
      vertex -23.6632 44.9859 9.67874
      vertex -22.1805 42.4177 5.4436
    endloop
  endfacet
  facet normal 0.866033 0.499987 -2.28542e-05
    outer loop
      vertex -22.1805 42.4177 9.62787
      vertex -23.6632 44.9859 9.67874
      vertex -22.6802 43.2833 11.0553
    endloop
  endfacet
  facet normal 0.866033 0.499987 -1.37531e-17
    outer loop
      vertex -23.6632 44.9859 9.67874
      vertex -22.1805 42.4177 9.62787
      vertex -22.1805 42.4177 5.4436
    endloop
  endfacet
  facet normal -0.866033 -0.499987 -0
    outer loop
      vertex -25.6446 40.4177 9.62787
      vertex -27.1273 42.9859 9.67874
      vertex -25.6446 40.4177 7.51823
    endloop
  endfacet
  facet normal -0.866033 -0.499987 2.28542e-05
    outer loop
      vertex -27.1273 42.9859 9.67874
      vertex -25.6446 40.4177 9.62787
      vertex -26.1443 41.2833 11.0553
    endloop
  endfacet
  facet normal 0.40957 -0.709396 0.573594
    outer loop
      vertex -26.1443 41.2833 11.0553
      vertex -24 41.5692 9.87777
      vertex -22.6802 43.2833 11.0553
    endloop
  endfacet
  facet normal 0.40956 -0.709421 0.57357
    outer loop
      vertex -24 41.5692 9.87777
      vertex -26.1443 41.2833 11.0553
      vertex -25.6446 40.4177 9.62787
    endloop
  endfacet
  facet normal 0.409596 -0.7094 0.57357
    outer loop
      vertex -22.6802 43.2833 11.0553
      vertex -24 41.5692 9.87777
      vertex -22.1805 42.4177 9.62787
    endloop
  endfacet
  facet normal -0.469843 0.671011 0.573578
    outer loop
      vertex -27.4939 42.7523 24.3213
      vertex -28.2149 38.6179 28.5674
      vertex -25.7886 40.3168 28.5674
    endloop
  endfacet
  facet normal -0.469855 0.671007 0.573573
    outer loop
      vertex -27.4939 42.7523 24.3213
      vertex -29.0652 38.0225 28.5674
      vertex -28.2149 38.6179 28.5674
    endloop
  endfacet
  facet normal -0.469846 0.671009 0.573578
    outer loop
      vertex -29.0652 38.0225 28.5674
      vertex -27.4939 42.7523 24.3213
      vertex -30.7705 40.458 24.3213
    endloop
  endfacet
  facet normal 0.46985 -0.671015 -0.573568
    outer loop
      vertex -26.3663 41.1419 22.9447
      vertex -28.2433 38.5981 24.3831
      vertex -29.6429 38.8476 22.9447
    endloop
  endfacet
  facet normal 0.469819 -0.67101 -0.573599
    outer loop
      vertex -28.2433 38.5981 24.3831
      vertex -26.3663 41.1419 22.9447
      vertex -25.7886 40.3168 24.3831
    endloop
  endfacet
  facet normal 0.469892 -0.670959 -0.573599
    outer loop
      vertex -29.0652 38.0225 24.3831
      vertex -29.6429 38.8476 22.9447
      vertex -28.2433 38.5981 24.3831
    endloop
  endfacet
  facet normal -0.328997 0.469856 -0.819144
    outer loop
      vertex -29.6429 38.8476 22.9447
      vertex -27.4939 42.7523 24.3213
      vertex -26.3663 41.1419 22.9447
    endloop
  endfacet
  facet normal -0.328997 0.469856 -0.819144
    outer loop
      vertex -27.4939 42.7523 24.3213
      vertex -29.6429 38.8476 22.9447
      vertex -30.7705 40.458 24.3213
    endloop
  endfacet
  facet normal -0.819161 -0.573564 -1.29747e-05
    outer loop
      vertex -29.0652 38.0225 24.3831
      vertex -30.7705 40.458 24.3213
      vertex -29.6429 38.8476 22.9447
    endloop
  endfacet
  facet normal -0.819161 -0.573564 -2.79229e-17
    outer loop
      vertex -30.7705 40.458 24.3213
      vertex -29.0652 38.0225 24.3831
      vertex -29.0652 38.0225 28.5674
    endloop
  endfacet
  facet normal 0.819161 0.573564 -0
    outer loop
      vertex -25.7886 40.3168 24.3831
      vertex -27.4939 42.7523 24.3213
      vertex -25.7886 40.3168 28.5674
    endloop
  endfacet
  facet normal 0.819161 0.573564 1.29747e-05
    outer loop
      vertex -27.4939 42.7523 24.3213
      vertex -25.7886 40.3168 24.3831
      vertex -26.3663 41.1419 22.9447
    endloop
  endfacet
  facet normal -0.368678 0.439368 0.819166
    outer loop
      vertex -31.1154 40.1934 9.67874
      vertex -34.1796 37.6222 9.67874
      vertex -29.8517 38.6873 11.0553
    endloop
  endfacet
  facet normal 0.766042 0.64279 4.31662e-05
    outer loop
      vertex -29.2092 37.9217 9.62787
      vertex -31.1154 40.1934 9.67874
      vertex -29.8517 38.6873 11.0553
    endloop
  endfacet
  facet normal 0.766042 0.642791 -5.36543e-17
    outer loop
      vertex -31.1154 40.1934 9.67874
      vertex -29.2092 37.9217 9.62787
      vertex -29.2092 37.9217 7.51823
    endloop
  endfacet
  facet normal 0.766042 0.642791 -0
    outer loop
      vertex -29.2092 37.9217 5.4436
      vertex -31.1154 40.1934 9.67874
      vertex -29.2092 37.9217 7.51823
    endloop
  endfacet
  facet normal -0.368679 0.439387 0.819155
    outer loop
      vertex -29.8517 38.6873 11.0553
      vertex -34.1796 37.6222 9.67874
      vertex -32.9159 36.1162 11.0553
    endloop
  endfacet
  facet normal -0.766042 -0.642791 -0
    outer loop
      vertex -32.2734 35.3505 9.62787
      vertex -34.1796 37.6222 9.67874
      vertex -32.2734 35.3505 5.4436
    endloop
  endfacet
  facet normal -0.766042 -0.642791 2.4126e-06
    outer loop
      vertex -34.1796 37.6222 9.67874
      vertex -32.2734 35.3505 9.62787
      vertex -32.9159 36.1162 11.0553
    endloop
  endfacet
  facet normal -0.526537 0.627504 -0.573584
    outer loop
      vertex -32.2734 35.3505 5.4436
      vertex -31.1154 40.1934 9.67874
      vertex -30.8538 36.7701 5.69349
    endloop
  endfacet
  facet normal -0.526547 0.627498 -0.57358
    outer loop
      vertex -30.8538 36.7701 5.69349
      vertex -31.1154 40.1934 9.67874
      vertex -29.2092 37.9217 5.4436
    endloop
  endfacet
  facet normal -0.526543 0.627502 -0.57358
    outer loop
      vertex -31.1154 40.1934 9.67874
      vertex -32.2734 35.3505 5.4436
      vertex -34.1796 37.6222 9.67874
    endloop
  endfacet
  facet normal 0.526574 -0.62746 0.573597
    outer loop
      vertex -31.6233 36.0007 9.74232
      vertex -32.9159 36.1162 11.0553
      vertex -32.2734 35.3505 9.62787
    endloop
  endfacet
  facet normal 0.526525 -0.627505 0.573592
    outer loop
      vertex -32.9159 36.1162 11.0553
      vertex -30.8538 36.7701 9.87777
      vertex -29.8517 38.6873 11.0553
    endloop
  endfacet
  facet normal 0.526515 -0.627555 0.573547
    outer loop
      vertex -30.8538 36.7701 9.87777
      vertex -32.9159 36.1162 11.0553
      vertex -31.6233 36.0007 9.74232
    endloop
  endfacet
  facet normal 0.526553 -0.627505 0.573568
    outer loop
      vertex -29.8517 38.6873 11.0553
      vertex -30.8538 36.7701 9.87777
      vertex -29.2092 37.9217 9.62787
    endloop
  endfacet
  facet normal -0.579231 0.579231 0.57357
    outer loop
      vertex -37.3285 34.5001 24.3213
      vertex -32.3978 35.2262 28.5674
      vertex -34.5001 37.3285 24.3213
    endloop
  endfacet
  facet normal -0.579231 0.579231 0.57357
    outer loop
      vertex -32.3978 35.2262 28.5674
      vertex -37.3285 34.5001 24.3213
      vertex -35.2262 32.3978 28.5674
    endloop
  endfacet
  facet normal 0.707107 0.707107 -0
    outer loop
      vertex -32.3978 35.2262 26.4874
      vertex -34.5001 37.3285 24.3213
      vertex -32.3978 35.2262 28.5674
    endloop
  endfacet
  facet normal -0.405582 0.405582 -0.819149
    outer loop
      vertex -35.9384 33.1099 22.9447
      vertex -34.5001 37.3285 24.3213
      vertex -33.1099 35.9384 22.9447
    endloop
  endfacet
  facet normal -0.405582 0.405582 -0.819149
    outer loop
      vertex -34.5001 37.3285 24.3213
      vertex -35.9384 33.1099 22.9447
      vertex -37.3285 34.5001 24.3213
    endloop
  endfacet
  facet normal 0.579237 -0.579237 -0.573559
    outer loop
      vertex -32.3978 35.2262 24.3831
      vertex -35.9384 33.1099 22.9447
      vertex -33.1099 35.9384 22.9447
    endloop
  endfacet
  facet normal 0.579237 -0.579237 -0.573559
    outer loop
      vertex -35.9384 33.1099 22.9447
      vertex -32.3978 35.2262 24.3831
      vertex -35.2262 32.3978 24.3831
    endloop
  endfacet
  facet normal 0.707107 0.707107 -0
    outer loop
      vertex -32.3978 35.2262 24.3831
      vertex -34.5001 37.3285 24.3213
      vertex -32.3978 35.2262 26.4874
    endloop
  endfacet
  facet normal 0.707106 0.707108 4.98853e-05
    outer loop
      vertex -34.5001 37.3285 24.3213
      vertex -32.3978 35.2262 24.3831
      vertex -33.1099 35.9384 22.9447
    endloop
  endfacet
  facet normal -0.707107 -0.707107 -3.20947e-17
    outer loop
      vertex -37.3285 34.5001 24.3213
      vertex -35.2262 32.3978 24.3831
      vertex -35.2262 32.3978 26.4874
    endloop
  endfacet
  facet normal -0.707108 -0.707106 4.98853e-05
    outer loop
      vertex -35.2262 32.3978 24.3831
      vertex -37.3285 34.5001 24.3213
      vertex -35.9384 33.1099 22.9447
    endloop
  endfacet
  facet normal -0.707107 -0.707107 -0
    outer loop
      vertex -35.2262 32.3978 28.5674
      vertex -37.3285 34.5001 24.3213
      vertex -35.2262 32.3978 26.4874
    endloop
  endfacet
  facet normal -0.439387 0.368679 0.819155
    outer loop
      vertex -37.6222 34.1796 9.67874
      vertex -38.6873 29.8517 11.0553
      vertex -36.1162 32.9159 11.0553
    endloop
  endfacet
  facet normal 0.62746 -0.526574 0.573597
    outer loop
      vertex -35.3505 32.2734 9.62787
      vertex -36.1162 32.9159 11.0553
      vertex -36.0007 31.6233 9.74232
    endloop
  endfacet
  facet normal -0.627502 0.526543 -0.57358
    outer loop
      vertex -35.3505 32.2734 5.4436
      vertex -40.1934 31.1154 9.67874
      vertex -37.6222 34.1796 9.67874
    endloop
  endfacet
  facet normal -0.627504 0.526537 -0.573584
    outer loop
      vertex -36.7701 30.8538 5.69349
      vertex -40.1934 31.1154 9.67874
      vertex -35.3505 32.2734 5.4436
    endloop
  endfacet
  facet normal -0.627498 0.526547 -0.57358
    outer loop
      vertex -40.1934 31.1154 9.67874
      vertex -36.7701 30.8538 5.69349
      vertex -37.9217 29.2092 5.4436
    endloop
  endfacet
  facet normal -0.439368 0.368678 0.819166
    outer loop
      vertex -37.6222 34.1796 9.67874
      vertex -40.1934 31.1154 9.67874
      vertex -38.6873 29.8517 11.0553
    endloop
  endfacet
  facet normal -0.64279 -0.766042 4.31662e-05
    outer loop
      vertex -40.1934 31.1154 9.67874
      vertex -37.9217 29.2092 9.62787
      vertex -38.6873 29.8517 11.0553
    endloop
  endfacet
  facet normal -0.642791 -0.766042 -0
    outer loop
      vertex -37.9217 29.2092 9.62787
      vertex -40.1934 31.1154 9.67874
      vertex -37.9217 29.2092 7.51823
    endloop
  endfacet
  facet normal 0.627555 -0.526515 0.573547
    outer loop
      vertex -36.1162 32.9159 11.0553
      vertex -36.7701 30.8538 9.87777
      vertex -36.0007 31.6233 9.74232
    endloop
  endfacet
  facet normal 0.627505 -0.526525 0.573592
    outer loop
      vertex -38.6873 29.8517 11.0553
      vertex -36.7701 30.8538 9.87777
      vertex -36.1162 32.9159 11.0553
    endloop
  endfacet
  facet normal 0.627505 -0.526553 0.573568
    outer loop
      vertex -36.7701 30.8538 9.87777
      vertex -38.6873 29.8517 11.0553
      vertex -37.9217 29.2092 9.62787
    endloop
  endfacet
  facet normal 0.642791 0.766042 2.4126e-06
    outer loop
      vertex -35.3505 32.2734 9.62787
      vertex -37.6222 34.1796 9.67874
      vertex -36.1162 32.9159 11.0553
    endloop
  endfacet
  facet normal 0.642791 0.766042 -1.53782e-17
    outer loop
      vertex -37.6222 34.1796 9.67874
      vertex -35.3505 32.2734 9.62787
      vertex -35.3505 32.2734 5.4436
    endloop
  endfacet
  facet normal -0.642791 -0.766042 -0
    outer loop
      vertex -37.9217 29.2092 7.51823
      vertex -40.1934 31.1154 9.67874
      vertex -37.9217 29.2092 5.4436
    endloop
  endfacet
  facet normal 0.670959 -0.469892 -0.573599
    outer loop
      vertex -38.5981 28.2433 24.3831
      vertex -38.8476 29.6429 22.9447
      vertex -38.0225 29.0652 24.3831
    endloop
  endfacet
  facet normal -0.671009 0.469846 0.573578
    outer loop
      vertex -42.7523 27.4939 24.3213
      vertex -38.0225 29.0652 28.5674
      vertex -40.458 30.7705 24.3213
    endloop
  endfacet
  facet normal -0.671007 0.469855 0.573573
    outer loop
      vertex -38.0225 29.0652 28.5674
      vertex -42.7523 27.4939 24.3213
      vertex -38.6179 28.2149 28.5674
    endloop
  endfacet
  facet normal -0.469856 0.328997 -0.819144
    outer loop
      vertex -41.1419 26.3663 22.9447
      vertex -40.458 30.7705 24.3213
      vertex -38.8476 29.6429 22.9447
    endloop
  endfacet
  facet normal -0.469856 0.328997 -0.819144
    outer loop
      vertex -40.458 30.7705 24.3213
      vertex -41.1419 26.3663 22.9447
      vertex -42.7523 27.4939 24.3213
    endloop
  endfacet
  facet normal 0.573564 0.819161 -0
    outer loop
      vertex -38.0225 29.0652 24.3831
      vertex -40.458 30.7705 24.3213
      vertex -38.0225 29.0652 28.5674
    endloop
  endfacet
  facet normal 0.573564 0.819161 -1.29747e-05
    outer loop
      vertex -40.458 30.7705 24.3213
      vertex -38.0225 29.0652 24.3831
      vertex -38.8476 29.6429 22.9447
    endloop
  endfacet
  facet normal 0.671015 -0.46985 -0.573568
    outer loop
      vertex -38.5981 28.2433 24.3831
      vertex -41.1419 26.3663 22.9447
      vertex -38.8476 29.6429 22.9447
    endloop
  endfacet
  facet normal 0.67101 -0.469819 -0.573599
    outer loop
      vertex -41.1419 26.3663 22.9447
      vertex -38.5981 28.2433 24.3831
      vertex -40.3168 25.7886 24.3831
    endloop
  endfacet
  facet normal -0.573564 -0.819161 2.50644e-17
    outer loop
      vertex -42.7523 27.4939 24.3213
      vertex -40.3168 25.7886 24.3831
      vertex -40.3168 25.7886 28.5674
    endloop
  endfacet
  facet normal -0.573564 -0.819161 1.29747e-05
    outer loop
      vertex -40.3168 25.7886 24.3831
      vertex -42.7523 27.4939 24.3213
      vertex -41.1419 26.3663 22.9447
    endloop
  endfacet
  facet normal -0.671011 0.469843 0.573578
    outer loop
      vertex -38.6179 28.2149 28.5674
      vertex -42.7523 27.4939 24.3213
      vertex -40.3168 25.7886 28.5674
    endloop
  endfacet
  facet normal -0.496721 0.286782 0.819161
    outer loop
      vertex -42.9859 27.1273 9.67874
      vertex -43.2833 22.6802 11.0553
      vertex -41.2833 26.1443 11.0553
    endloop
  endfacet
  facet normal -0.496721 0.286782 0.819161
    outer loop
      vertex -43.2833 22.6802 11.0553
      vertex -42.9859 27.1273 9.67874
      vertex -44.9859 23.6632 9.67874
    endloop
  endfacet
  facet normal -0.709416 0.40956 -0.573576
    outer loop
      vertex -41.5692 24 5.69349
      vertex -42.9859 27.1273 9.67874
      vertex -40.4177 25.6446 5.4436
    endloop
  endfacet
  facet normal -0.709405 0.409571 -0.573582
    outer loop
      vertex -42.9859 27.1273 9.67874
      vertex -41.5692 24 5.69349
      vertex -41.9317 23.2226 5.58672
    endloop
  endfacet
  facet normal 0.499987 0.866033 -0
    outer loop
      vertex -40.4177 25.6446 5.4436
      vertex -42.9859 27.1273 9.67874
      vertex -40.4177 25.6446 7.51823
    endloop
  endfacet
  facet normal 0.499987 0.866033 2.28542e-05
    outer loop
      vertex -40.4177 25.6446 9.62787
      vertex -42.9859 27.1273 9.67874
      vertex -41.2833 26.1443 11.0553
    endloop
  endfacet
  facet normal 0.499987 0.866033 -2.7278e-17
    outer loop
      vertex -42.9859 27.1273 9.67874
      vertex -40.4177 25.6446 9.62787
      vertex -40.4177 25.6446 7.51823
    endloop
  endfacet
  facet normal -0.499987 -0.866033 -2.28542e-05
    outer loop
      vertex -44.9859 23.6632 9.67874
      vertex -42.4177 22.1805 9.62787
      vertex -43.2833 22.6802 11.0553
    endloop
  endfacet
  facet normal -0.499987 -0.866033 -0
    outer loop
      vertex -42.4177 22.1805 9.62787
      vertex -44.9859 23.6632 9.67874
      vertex -42.4177 22.1805 5.4436
    endloop
  endfacet
  facet normal -0.709402 0.409574 -0.573583
    outer loop
      vertex -41.9317 23.2226 5.58672
      vertex -44.9859 23.6632 9.67874
      vertex -42.9859 27.1273 9.67874
    endloop
  endfacet
  facet normal -0.709388 0.409608 -0.573576
    outer loop
      vertex -44.9859 23.6632 9.67874
      vertex -41.9317 23.2226 5.58672
      vertex -42.4177 22.1805 5.4436
    endloop
  endfacet
  facet normal 0.709421 -0.40956 0.57357
    outer loop
      vertex -41.2833 26.1443 11.0553
      vertex -41.5692 24 9.87777
      vertex -40.4177 25.6446 9.62787
    endloop
  endfacet
  facet normal 0.709396 -0.40957 0.573594
    outer loop
      vertex -43.2833 22.6802 11.0553
      vertex -41.5692 24 9.87777
      vertex -41.2833 26.1443 11.0553
    endloop
  endfacet
  facet normal 0.7094 -0.409596 0.57357
    outer loop
      vertex -41.5692 24 9.87777
      vertex -43.2833 22.6802 11.0553
      vertex -42.4177 22.1805 9.62787
    endloop
  endfacet
  facet normal -0.422615 -0.906309 5.41614e-18
    outer loop
      vertex -46.8771 19.6524 24.3213
      vertex -44.1825 18.3959 26.4398
      vertex -44.1825 18.3959 28.5674
    endloop
  endfacet
  facet normal -0.422623 -0.906305 1.3495e-05
    outer loop
      vertex -44.1825 18.3959 26.4398
      vertex -46.8771 19.6524 24.3213
      vertex -45.0953 18.8215 22.9447
    endloop
  endfacet
  facet normal -0.742404 0.346188 0.573577
    outer loop
      vertex -42.9307 21.0804 28.5674
      vertex -46.8771 19.6524 24.3213
      vertex -44.1825 18.3959 28.5674
    endloop
  endfacet
  facet normal -0.74239 0.346217 0.573577
    outer loop
      vertex -45.1866 23.2776 24.3213
      vertex -42.9307 21.0804 28.5674
      vertex -42.492 22.0211 28.5674
    endloop
  endfacet
  facet normal -0.742403 0.346197 0.573573
    outer loop
      vertex -42.9307 21.0804 28.5674
      vertex -45.1866 23.2776 24.3213
      vertex -46.8771 19.6524 24.3213
    endloop
  endfacet
  facet normal 0.422615 0.906309 -0
    outer loop
      vertex -42.492 22.0211 26.4874
      vertex -45.1866 23.2776 24.3213
      vertex -42.492 22.0211 28.5674
    endloop
  endfacet
  facet normal 0.742402 -0.346188 -0.573579
    outer loop
      vertex -43.7584 19.3053 24.3831
      vertex -43.4048 22.4468 22.9447
      vertex -42.492 22.0211 24.3831
    endloop
  endfacet
  facet normal 0.742404 -0.346187 -0.573578
    outer loop
      vertex -43.4048 22.4468 22.9447
      vertex -43.7584 19.3053 24.3831
      vertex -45.0953 18.8215 22.9447
    endloop
  endfacet
  facet normal -0.519833 0.242401 -0.819155
    outer loop
      vertex -45.0953 18.8215 22.9447
      vertex -46.8771 19.6524 24.3213
      vertex -43.4048 22.4468 22.9447
    endloop
  endfacet
  facet normal -0.422581 -0.906325 -0
    outer loop
      vertex -44.1825 18.3959 26.4398
      vertex -45.0953 18.8215 22.9447
      vertex -44.1825 18.3959 24.3831
    endloop
  endfacet
  facet normal 0.7424 -0.346219 -0.573563
    outer loop
      vertex -44.1825 18.3959 24.3831
      vertex -45.0953 18.8215 22.9447
      vertex -43.7584 19.3053 24.3831
    endloop
  endfacet
  facet normal -0.519838 0.24241 -0.81915
    outer loop
      vertex -43.4048 22.4468 22.9447
      vertex -46.8771 19.6524 24.3213
      vertex -45.1866 23.2776 24.3213
    endloop
  endfacet
  facet normal 0.422615 0.906309 -0
    outer loop
      vertex -42.492 22.0211 24.3831
      vertex -45.1866 23.2776 24.3213
      vertex -42.492 22.0211 26.4874
    endloop
  endfacet
  facet normal 0.422614 0.90631 3.74957e-05
    outer loop
      vertex -45.1866 23.2776 24.3213
      vertex -42.492 22.0211 24.3831
      vertex -43.4048 22.4468 22.9447
    endloop
  endfacet
  facet normal -0.538979 0.196174 0.819156
    outer loop
      vertex -47.0434 19.2508 9.67874
      vertex -46.5641 14.8196 11.0553
      vertex -45.196 18.5784 11.0553
    endloop
  endfacet
  facet normal -0.538979 0.196174 0.819156
    outer loop
      vertex -46.5641 14.8196 11.0553
      vertex -47.0434 19.2508 9.67874
      vertex -48.4115 15.492 9.67874
    endloop
  endfacet
  facet normal 0.769745 -0.280184 0.573576
    outer loop
      vertex -44.2568 18.2365 9.62787
      vertex -45.196 18.5784 11.0553
      vertex -44.6454 17.4032 9.74232
    endloop
  endfacet
  facet normal -0.769759 0.28015 -0.573574
    outer loop
      vertex -45.1052 16.417 5.69349
      vertex -47.0434 19.2508 9.67874
      vertex -44.2568 18.2365 5.4436
    endloop
  endfacet
  facet normal -0.769709 0.280227 -0.573604
    outer loop
      vertex -47.0434 19.2508 9.67874
      vertex -45.1052 16.417 5.69349
      vertex -45.3273 15.5884 5.58672
    endloop
  endfacet
  facet normal 0.342038 0.939686 -2.58193e-05
    outer loop
      vertex -44.2568 18.2365 9.62787
      vertex -47.0434 19.2508 9.67874
      vertex -45.196 18.5784 11.0553
    endloop
  endfacet
  facet normal 0.342038 0.939686 -8.4057e-18
    outer loop
      vertex -47.0434 19.2508 9.67874
      vertex -44.2568 18.2365 9.62787
      vertex -44.2568 18.2365 5.4436
    endloop
  endfacet
  facet normal -0.342072 -0.939674 -0
    outer loop
      vertex -45.6249 14.4777 9.62787
      vertex -46.5641 14.8196 11.0553
      vertex -45.6249 14.4777 7.58683
    endloop
  endfacet
  facet normal 0.769789 -0.280128 0.573544
    outer loop
      vertex -45.196 18.5784 11.0553
      vertex -45.1052 16.417 9.87777
      vertex -44.6454 17.4032 9.74232
    endloop
  endfacet
  facet normal 0.769734 -0.280162 0.573602
    outer loop
      vertex -46.5641 14.8196 11.0553
      vertex -45.1052 16.417 9.87777
      vertex -45.196 18.5784 11.0553
    endloop
  endfacet
  facet normal 0.769743 -0.28019 0.573576
    outer loop
      vertex -45.1052 16.417 9.87777
      vertex -46.5641 14.8196 11.0553
      vertex -45.6249 14.4777 9.62787
    endloop
  endfacet
  facet normal -0.342029 -0.939689 1.31767e-05
    outer loop
      vertex -48.4115 15.492 9.67874
      vertex -45.6249 14.4777 7.58683
      vertex -46.5641 14.8196 11.0553
    endloop
  endfacet
  facet normal -0.342038 -0.939686 -0
    outer loop
      vertex -45.6249 14.4777 7.58683
      vertex -48.4115 15.492 9.67874
      vertex -45.6249 14.4777 5.4436
    endloop
  endfacet
  facet normal -0.769754 0.280169 -0.573572
    outer loop
      vertex -45.3273 15.5884 5.58672
      vertex -48.4115 15.492 9.67874
      vertex -47.0434 19.2508 9.67874
    endloop
  endfacet
  facet normal -0.769757 0.280156 -0.573574
    outer loop
      vertex -48.4115 15.492 9.67874
      vertex -45.3273 15.5884 5.58672
      vertex -45.6249 14.4777 5.4436
    endloop
  endfacet
  facet normal 0.791259 -0.211996 -0.573557
    outer loop
      vertex -46.4459 11.4134 24.3831
      vertex -46.6432 14.5686 22.9447
      vertex -45.6704 14.3079 24.3831
    endloop
  endfacet
  facet normal 0.791228 -0.212014 -0.573593
    outer loop
      vertex -46.6432 14.5686 22.9447
      vertex -46.4459 11.4134 24.3831
      vertex -47.6785 10.7049 22.9447
    endloop
  endfacet
  facet normal 0.25882 0.965926 -0
    outer loop
      vertex -45.6704 14.3079 26.4398
      vertex -48.5422 15.0774 24.3213
      vertex -45.6704 14.3079 28.5674
    endloop
  endfacet
  facet normal 0.258811 0.965928 1.31586e-05
    outer loop
      vertex -48.5422 15.0774 24.3213
      vertex -45.6704 14.3079 26.4398
      vertex -46.6432 14.5686 22.9447
    endloop
  endfacet
  facet normal -0.554033 0.148456 -0.819151
    outer loop
      vertex -47.6785 10.7049 22.9447
      vertex -48.5422 15.0774 24.3213
      vertex -46.6432 14.5686 22.9447
    endloop
  endfacet
  facet normal -0.554033 0.148456 -0.819151
    outer loop
      vertex -48.5422 15.0774 24.3213
      vertex -47.6785 10.7049 22.9447
      vertex -49.5775 11.2137 24.3213
    endloop
  endfacet
  facet normal 0.258855 0.965916 -0
    outer loop
      vertex -45.6704 14.3079 24.3831
      vertex -46.6432 14.5686 22.9447
      vertex -45.6704 14.3079 26.4398
    endloop
  endfacet
  facet normal -0.258812 -0.965928 1.41007e-17
    outer loop
      vertex -49.5775 11.2137 24.3213
      vertex -46.7056 10.4442 24.3831
      vertex -46.7056 10.4442 28.5674
    endloop
  endfacet
  facet normal -0.258811 -0.965928 -1.37101e-05
    outer loop
      vertex -46.7056 10.4442 24.3831
      vertex -49.5775 11.2137 24.3213
      vertex -47.6785 10.7049 22.9447
    endloop
  endfacet
  facet normal -0.791243 0.212018 0.573571
    outer loop
      vertex -49.5775 11.2137 24.3213
      vertex -45.6704 14.3079 28.5674
      vertex -48.5422 15.0774 24.3213
    endloop
  endfacet
  facet normal -0.791239 0.211997 0.573583
    outer loop
      vertex -45.6704 14.3079 28.5674
      vertex -49.5775 11.2137 24.3213
      vertex -46.7056 10.4442 28.5674
    endloop
  endfacet
  facet normal 0.791228 -0.212012 -0.573594
    outer loop
      vertex -46.7056 10.4442 24.3831
      vertex -47.6785 10.7049 22.9447
      vertex -46.4459 11.4134 24.3831
    endloop
  endfacet
  facet normal -0.564855 0.0996005 0.819157
    outer loop
      vertex -49.6716 10.7893 9.67874
      vertex -48.4301 6.50868 11.0553
      vertex -47.7355 10.4479 11.0553
    endloop
  endfacet
  facet normal -0.564856 0.0996001 0.819157
    outer loop
      vertex -48.4301 6.50868 11.0553
      vertex -49.6716 10.7893 9.67874
      vertex -50.3662 6.85006 9.67874
    endloop
  endfacet
  facet normal -0.806709 0.142243 -0.573574
    outer loop
      vertex -47.2708 8.33511 5.69349
      vertex -49.6716 10.7893 9.67874
      vertex -46.7512 10.2743 5.4436
    endloop
  endfacet
  facet normal -0.806708 0.142246 -0.573575
    outer loop
      vertex -47.2708 8.33511 5.69349
      vertex -50.3662 6.85006 9.67874
      vertex -49.6716 10.7893 9.67874
    endloop
  endfacet
  facet normal -0.806708 0.142252 -0.573573
    outer loop
      vertex -50.3662 6.85006 9.67874
      vertex -47.2708 8.33511 5.69349
      vertex -47.4458 6.33511 5.4436
    endloop
  endfacet
  facet normal 0.17366 0.984806 -8.16863e-06
    outer loop
      vertex -46.7512 10.2743 7.58683
      vertex -49.6716 10.7893 9.67874
      vertex -47.7355 10.4479 11.0553
    endloop
  endfacet
  facet normal 0.173666 0.984805 1.66324e-17
    outer loop
      vertex -49.6716 10.7893 9.67874
      vertex -46.7512 10.2743 7.58683
      vertex -46.7512 10.2743 5.4436
    endloop
  endfacet
  facet normal -0.17365 -0.984808 6.82499e-06
    outer loop
      vertex -50.3662 6.85006 9.67874
      vertex -47.4458 6.33511 9.62787
      vertex -48.4301 6.50868 11.0553
    endloop
  endfacet
  facet normal -0.17365 -0.984807 -0
    outer loop
      vertex -47.4458 6.33511 9.62787
      vertex -50.3662 6.85006 9.67874
      vertex -47.4458 6.33511 7.51823
    endloop
  endfacet
  facet normal 0.80671 -0.14224 0.573574
    outer loop
      vertex -47.7355 10.4479 11.0553
      vertex -47.2708 8.33511 9.87777
      vertex -46.7512 10.2743 9.62787
    endloop
  endfacet
  facet normal 0.806703 -0.142245 0.573582
    outer loop
      vertex -48.4301 6.50868 11.0553
      vertex -47.2708 8.33511 9.87777
      vertex -47.7355 10.4479 11.0553
    endloop
  endfacet
  facet normal 0.806708 -0.142255 0.573572
    outer loop
      vertex -47.2708 8.33511 9.87777
      vertex -48.4301 6.50868 11.0553
      vertex -47.4458 6.33511 9.62787
    endloop
  endfacet
  facet normal 0.173688 0.984801 -0
    outer loop
      vertex -46.7512 10.2743 7.58683
      vertex -47.7355 10.4479 11.0553
      vertex -46.7512 10.2743 9.62787
    endloop
  endfacet
  facet normal -0.17365 -0.984807 -0
    outer loop
      vertex -47.4458 6.33511 7.51823
      vertex -50.3662 6.85006 9.67874
      vertex -47.4458 6.33511 5.4436
    endloop
  endfacet
  facet normal 0.0871544 0.996195 -0
    outer loop
      vertex -47.4611 6.15995 24.3831
      vertex -50.4229 6.41907 24.3213
      vertex -47.4611 6.15995 26.4874
    endloop
  endfacet
  facet normal 0.0871544 0.996195 2.77817e-06
    outer loop
      vertex -50.4229 6.41907 24.3213
      vertex -47.4611 6.15995 24.3831
      vertex -48.4644 6.24773 22.9447
    endloop
  endfacet
  facet normal -0.571394 0.0500016 -0.819151
    outer loop
      vertex -48.8131 2.26295 22.9447
      vertex -50.4229 6.41907 24.3213
      vertex -48.4644 6.24773 22.9447
    endloop
  endfacet
  facet normal -0.571415 0.049989 -0.819137
    outer loop
      vertex -48.8131 2.26295 22.9447
      vertex -50.7715 2.43429 24.3213
      vertex -50.4229 6.41907 24.3213
    endloop
  endfacet
  facet normal -0.0871544 -0.996195 -2.73221e-18
    outer loop
      vertex -50.7715 2.43429 24.3213
      vertex -47.8097 2.17517 24.3831
      vertex -47.8097 2.17517 28.5674
    endloop
  endfacet
  facet normal -0.0871545 -0.996195 3.37045e-06
    outer loop
      vertex -47.8097 2.17517 24.3831
      vertex -50.7715 2.43429 24.3213
      vertex -48.8131 2.26295 22.9447
    endloop
  endfacet
  facet normal -0.816037 0.0714059 0.573572
    outer loop
      vertex -47.5515 5.12592 28.5674
      vertex -50.7715 2.43429 24.3213
      vertex -47.8097 2.17517 28.5674
    endloop
  endfacet
  facet normal 0.816046 -0.0714105 -0.573559
    outer loop
      vertex -47.4611 6.15995 24.3831
      vertex -48.8131 2.26295 22.9447
      vertex -48.4644 6.24773 22.9447
    endloop
  endfacet
  facet normal 0.816021 -0.0713879 -0.573597
    outer loop
      vertex -48.8131 2.26295 22.9447
      vertex -47.4611 6.15995 24.3831
      vertex -47.8097 2.17517 24.3831
    endloop
  endfacet
  facet normal -0.816043 0.0713425 0.573572
    outer loop
      vertex -50.4229 6.41907 24.3213
      vertex -47.5515 5.12592 28.5674
      vertex -47.4611 6.15995 28.5674
    endloop
  endfacet
  facet normal -0.816033 0.0713889 0.573579
    outer loop
      vertex -47.5515 5.12592 28.5674
      vertex -50.4229 6.41907 24.3213
      vertex -50.7715 2.43429 24.3213
    endloop
  endfacet
  facet normal 0.0871544 0.996195 -0
    outer loop
      vertex -47.4611 6.15995 26.4874
      vertex -50.4229 6.41907 24.3213
      vertex -47.4611 6.15995 28.5674
    endloop
  endfacet
  facet normal -0.573563 -1.64888e-18 0.819161
    outer loop
      vertex -50.7905 2 9.67874
      vertex -48.8245 -2 11.0553
      vertex -48.8245 2 11.0553
    endloop
  endfacet
  facet normal -0.573563 -1.64888e-18 0.819161
    outer loop
      vertex -48.8245 -2 11.0553
      vertex -50.7905 2 9.67874
      vertex -50.7905 -2 9.67874
    endloop
  endfacet
  facet normal 0.819151 -7.23069e-06 0.573577
    outer loop
      vertex -48.8245 2 11.0553
      vertex -48 0 9.87777
      vertex -47.825 2 9.62787
    endloop
  endfacet
  facet normal 0.819157 -0 0.573569
    outer loop
      vertex -48.8245 -2 11.0553
      vertex -48 0 9.87777
      vertex -48.8245 2 11.0553
    endloop
  endfacet
  facet normal 0.819151 7.23069e-06 0.573577
    outer loop
      vertex -48 0 9.87777
      vertex -48.8245 -2 11.0553
      vertex -47.825 -2 9.62787
    endloop
  endfacet
  facet normal -0.81915 9.73905e-06 -0.573579
    outer loop
      vertex -48 0 5.69349
      vertex -50.7905 2 9.67874
      vertex -47.825 2 5.4436
    endloop
  endfacet
  facet normal -0.81915 -9.73905e-06 -0.573579
    outer loop
      vertex -50.7905 -2 9.67874
      vertex -48 0 5.69349
      vertex -47.825 -2 5.4436
    endloop
  endfacet
  facet normal -0.819152 -4.10942e-17 -0.573576
    outer loop
      vertex -48 0 5.69349
      vertex -50.7905 -2 9.67874
      vertex -50.7905 2 9.67874
    endloop
  endfacet
  facet normal 0 1 0
    outer loop
      vertex -47.825 2 9.62787
      vertex -50.7905 2 9.67874
      vertex -48.8245 2 11.0553
    endloop
  endfacet
  facet normal 0 1 0
    outer loop
      vertex -50.7905 2 9.67874
      vertex -47.825 2 9.62787
      vertex -47.825 2 5.4436
    endloop
  endfacet
  facet normal 0 -1 0
    outer loop
      vertex -50.7905 -2 9.67874
      vertex -47.825 -2 9.62787
      vertex -48.8245 -2 11.0553
    endloop
  endfacet
  facet normal -0 -1 -0
    outer loop
      vertex -47.825 -2 9.62787
      vertex -50.7905 -2 9.67874
      vertex -47.825 -2 5.4436
    endloop
  endfacet
  facet normal -0.816037 -0.0714059 0.573572
    outer loop
      vertex -47.8097 -2.17517 28.5674
      vertex -50.7715 -2.43429 24.3213
      vertex -47.5515 -5.12592 28.5674
    endloop
  endfacet
  facet normal -0.816033 -0.0713889 0.573579
    outer loop
      vertex -50.4229 -6.41907 24.3213
      vertex -47.5515 -5.12592 28.5674
      vertex -50.7715 -2.43429 24.3213
    endloop
  endfacet
  facet normal -0.816043 -0.0713425 0.573572
    outer loop
      vertex -47.5515 -5.12592 28.5674
      vertex -50.4229 -6.41907 24.3213
      vertex -47.4611 -6.15995 28.5674
    endloop
  endfacet
  facet normal -0.571394 -0.0500016 -0.819151
    outer loop
      vertex -48.4644 -6.24773 22.9447
      vertex -50.4229 -6.41907 24.3213
      vertex -48.8131 -2.26295 22.9447
    endloop
  endfacet
  facet normal 0.816021 0.0713879 -0.573597
    outer loop
      vertex -47.4611 -6.15995 24.3831
      vertex -48.8131 -2.26295 22.9447
      vertex -47.8097 -2.17517 24.3831
    endloop
  endfacet
  facet normal 0.816046 0.0714105 -0.573559
    outer loop
      vertex -48.8131 -2.26295 22.9447
      vertex -47.4611 -6.15995 24.3831
      vertex -48.4644 -6.24773 22.9447
    endloop
  endfacet
  facet normal 0.0871544 -0.996195 -4.67036e-18
    outer loop
      vertex -50.4229 -6.41907 24.3213
      vertex -47.4611 -6.15995 24.3831
      vertex -47.4611 -6.15995 26.4874
    endloop
  endfacet
  facet normal 0.0871544 -0.996195 2.77817e-06
    outer loop
      vertex -47.4611 -6.15995 24.3831
      vertex -50.4229 -6.41907 24.3213
      vertex -48.4644 -6.24773 22.9447
    endloop
  endfacet
  facet normal 0.0871544 -0.996195 0
    outer loop
      vertex -47.4611 -6.15995 28.5674
      vertex -50.4229 -6.41907 24.3213
      vertex -47.4611 -6.15995 26.4874
    endloop
  endfacet
  facet normal -0.571415 -0.049989 -0.819137
    outer loop
      vertex -50.4229 -6.41907 24.3213
      vertex -50.7715 -2.43429 24.3213
      vertex -48.8131 -2.26295 22.9447
    endloop
  endfacet
  facet normal -0.0871544 0.996195 0
    outer loop
      vertex -47.8097 -2.17517 24.3831
      vertex -50.7715 -2.43429 24.3213
      vertex -47.8097 -2.17517 28.5674
    endloop
  endfacet
  facet normal -0.0871545 0.996195 3.37045e-06
    outer loop
      vertex -50.7715 -2.43429 24.3213
      vertex -47.8097 -2.17517 24.3831
      vertex -48.8131 -2.26295 22.9447
    endloop
  endfacet
  facet normal -0.564855 -0.0996005 0.819157
    outer loop
      vertex -48.4301 -6.50868 11.0553
      vertex -49.6716 -10.7893 9.67874
      vertex -47.7355 -10.4479 11.0553
    endloop
  endfacet
  facet normal -0.564856 -0.0996001 0.819157
    outer loop
      vertex -49.6716 -10.7893 9.67874
      vertex -48.4301 -6.50868 11.0553
      vertex -50.3662 -6.85006 9.67874
    endloop
  endfacet
  facet normal -0.17365 0.984807 0
    outer loop
      vertex -47.4458 -6.33511 5.4436
      vertex -50.3662 -6.85006 9.67874
      vertex -47.4458 -6.33511 7.51823
    endloop
  endfacet
  facet normal -0.17365 0.984808 6.82499e-06
    outer loop
      vertex -47.4458 -6.33511 9.62787
      vertex -50.3662 -6.85006 9.67874
      vertex -48.4301 -6.50868 11.0553
    endloop
  endfacet
  facet normal -0.17365 0.984807 1.11088e-17
    outer loop
      vertex -50.3662 -6.85006 9.67874
      vertex -47.4458 -6.33511 9.62787
      vertex -47.4458 -6.33511 7.51823
    endloop
  endfacet
  facet normal 0.17366 -0.984806 -8.16863e-06
    outer loop
      vertex -49.6716 -10.7893 9.67874
      vertex -46.7512 -10.2743 7.58683
      vertex -47.7355 -10.4479 11.0553
    endloop
  endfacet
  facet normal 0.173666 -0.984805 0
    outer loop
      vertex -46.7512 -10.2743 7.58683
      vertex -49.6716 -10.7893 9.67874
      vertex -46.7512 -10.2743 5.4436
    endloop
  endfacet
  facet normal 0.173688 -0.984801 0
    outer loop
      vertex -46.7512 -10.2743 9.62787
      vertex -47.7355 -10.4479 11.0553
      vertex -46.7512 -10.2743 7.58683
    endloop
  endfacet
  facet normal 0.806708 0.142255 0.573572
    outer loop
      vertex -48.4301 -6.50868 11.0553
      vertex -47.2708 -8.33511 9.87777
      vertex -47.4458 -6.33511 9.62787
    endloop
  endfacet
  facet normal 0.806703 0.142245 0.573582
    outer loop
      vertex -47.7355 -10.4479 11.0553
      vertex -47.2708 -8.33511 9.87777
      vertex -48.4301 -6.50868 11.0553
    endloop
  endfacet
  facet normal 0.80671 0.14224 0.573574
    outer loop
      vertex -47.2708 -8.33511 9.87777
      vertex -47.7355 -10.4479 11.0553
      vertex -46.7512 -10.2743 9.62787
    endloop
  endfacet
  facet normal -0.806708 -0.142252 -0.573573
    outer loop
      vertex -47.2708 -8.33511 5.69349
      vertex -50.3662 -6.85006 9.67874
      vertex -47.4458 -6.33511 5.4436
    endloop
  endfacet
  facet normal -0.806709 -0.142243 -0.573574
    outer loop
      vertex -49.6716 -10.7893 9.67874
      vertex -47.2708 -8.33511 5.69349
      vertex -46.7512 -10.2743 5.4436
    endloop
  endfacet
  facet normal -0.806708 -0.142246 -0.573575
    outer loop
      vertex -47.2708 -8.33511 5.69349
      vertex -49.6716 -10.7893 9.67874
      vertex -50.3662 -6.85006 9.67874
    endloop
  endfacet
  facet normal 0.791228 0.212012 -0.573594
    outer loop
      vertex -46.4459 -11.4134 24.3831
      vertex -47.6785 -10.7049 22.9447
      vertex -46.7056 -10.4442 24.3831
    endloop
  endfacet
  facet normal 0.258855 -0.965916 0
    outer loop
      vertex -45.6704 -14.3079 26.4398
      vertex -46.6432 -14.5686 22.9447
      vertex -45.6704 -14.3079 24.3831
    endloop
  endfacet
  facet normal 0.791259 0.211996 -0.573557
    outer loop
      vertex -46.6432 -14.5686 22.9447
      vertex -46.4459 -11.4134 24.3831
      vertex -45.6704 -14.3079 24.3831
    endloop
  endfacet
  facet normal 0.791228 0.212014 -0.573593
    outer loop
      vertex -46.4459 -11.4134 24.3831
      vertex -46.6432 -14.5686 22.9447
      vertex -47.6785 -10.7049 22.9447
    endloop
  endfacet
  facet normal -0.791239 -0.211997 0.573583
    outer loop
      vertex -49.5775 -11.2137 24.3213
      vertex -45.6704 -14.3079 28.5674
      vertex -46.7056 -10.4442 28.5674
    endloop
  endfacet
  facet normal -0.791243 -0.212018 0.573571
    outer loop
      vertex -45.6704 -14.3079 28.5674
      vertex -49.5775 -11.2137 24.3213
      vertex -48.5422 -15.0774 24.3213
    endloop
  endfacet
  facet normal -0.258812 0.965928 0
    outer loop
      vertex -46.7056 -10.4442 24.3831
      vertex -49.5775 -11.2137 24.3213
      vertex -46.7056 -10.4442 28.5674
    endloop
  endfacet
  facet normal -0.258811 0.965928 -1.37101e-05
    outer loop
      vertex -49.5775 -11.2137 24.3213
      vertex -46.7056 -10.4442 24.3831
      vertex -47.6785 -10.7049 22.9447
    endloop
  endfacet
  facet normal -0.554033 -0.148456 -0.819151
    outer loop
      vertex -48.5422 -15.0774 24.3213
      vertex -47.6785 -10.7049 22.9447
      vertex -46.6432 -14.5686 22.9447
    endloop
  endfacet
  facet normal -0.554033 -0.148456 -0.819151
    outer loop
      vertex -47.6785 -10.7049 22.9447
      vertex -48.5422 -15.0774 24.3213
      vertex -49.5775 -11.2137 24.3213
    endloop
  endfacet
  facet normal 0.25882 -0.965926 -3.56511e-18
    outer loop
      vertex -48.5422 -15.0774 24.3213
      vertex -45.6704 -14.3079 26.4398
      vertex -45.6704 -14.3079 28.5674
    endloop
  endfacet
  facet normal 0.258811 -0.965928 1.31586e-05
    outer loop
      vertex -45.6704 -14.3079 26.4398
      vertex -48.5422 -15.0774 24.3213
      vertex -46.6432 -14.5686 22.9447
    endloop
  endfacet
  facet normal -0.538979 -0.196174 0.819156
    outer loop
      vertex -46.5641 -14.8196 11.0553
      vertex -47.0434 -19.2508 9.67874
      vertex -45.196 -18.5784 11.0553
    endloop
  endfacet
  facet normal -0.538979 -0.196174 0.819156
    outer loop
      vertex -47.0434 -19.2508 9.67874
      vertex -46.5641 -14.8196 11.0553
      vertex -48.4115 -15.492 9.67874
    endloop
  endfacet
  facet normal -0.342072 0.939674 0
    outer loop
      vertex -45.6249 -14.4777 7.58683
      vertex -46.5641 -14.8196 11.0553
      vertex -45.6249 -14.4777 9.62787
    endloop
  endfacet
  facet normal -0.769709 -0.280227 -0.573604
    outer loop
      vertex -45.1052 -16.417 5.69349
      vertex -47.0434 -19.2508 9.67874
      vertex -45.3273 -15.5884 5.58672
    endloop
  endfacet
  facet normal -0.769759 -0.28015 -0.573574
    outer loop
      vertex -47.0434 -19.2508 9.67874
      vertex -45.1052 -16.417 5.69349
      vertex -44.2568 -18.2365 5.4436
    endloop
  endfacet
  facet normal -0.769757 -0.280156 -0.573574
    outer loop
      vertex -45.3273 -15.5884 5.58672
      vertex -48.4115 -15.492 9.67874
      vertex -45.6249 -14.4777 5.4436
    endloop
  endfacet
  facet normal -0.769754 -0.280169 -0.573572
    outer loop
      vertex -48.4115 -15.492 9.67874
      vertex -45.3273 -15.5884 5.58672
      vertex -47.0434 -19.2508 9.67874
    endloop
  endfacet
  facet normal -0.342029 0.939689 1.31767e-05
    outer loop
      vertex -45.6249 -14.4777 7.58683
      vertex -48.4115 -15.492 9.67874
      vertex -46.5641 -14.8196 11.0553
    endloop
  endfacet
  facet normal -0.342038 0.939686 2.66118e-17
    outer loop
      vertex -48.4115 -15.492 9.67874
      vertex -45.6249 -14.4777 7.58683
      vertex -45.6249 -14.4777 5.4436
    endloop
  endfacet
  facet normal 0.769743 0.28019 0.573576
    outer loop
      vertex -46.5641 -14.8196 11.0553
      vertex -45.1052 -16.417 9.87777
      vertex -45.6249 -14.4777 9.62787
    endloop
  endfacet
  facet normal 0.769734 0.280162 0.573602
    outer loop
      vertex -45.196 -18.5784 11.0553
      vertex -45.1052 -16.417 9.87777
      vertex -46.5641 -14.8196 11.0553
    endloop
  endfacet
  facet normal 0.769789 0.280128 0.573544
    outer loop
      vertex -45.1052 -16.417 9.87777
      vertex -45.196 -18.5784 11.0553
      vertex -44.6454 -17.4032 9.74232
    endloop
  endfacet
  facet normal 0.769745 0.280184 0.573576
    outer loop
      vertex -44.6454 -17.4032 9.74232
      vertex -45.196 -18.5784 11.0553
      vertex -44.2568 -18.2365 9.62787
    endloop
  endfacet
  facet normal 0.342038 -0.939686 -2.58193e-05
    outer loop
      vertex -47.0434 -19.2508 9.67874
      vertex -44.2568 -18.2365 9.62787
      vertex -45.196 -18.5784 11.0553
    endloop
  endfacet
  facet normal 0.342038 -0.939686 0
    outer loop
      vertex -44.2568 -18.2365 9.62787
      vertex -47.0434 -19.2508 9.67874
      vertex -44.2568 -18.2365 5.4436
    endloop
  endfacet
  facet normal 0.7424 0.346219 -0.573563
    outer loop
      vertex -43.7584 -19.3053 24.3831
      vertex -45.0953 -18.8215 22.9447
      vertex -44.1825 -18.3959 24.3831
    endloop
  endfacet
  facet normal -0.742404 -0.346188 0.573577
    outer loop
      vertex -44.1825 -18.3959 28.5674
      vertex -46.8771 -19.6524 24.3213
      vertex -42.9307 -21.0804 28.5674
    endloop
  endfacet
  facet normal -0.742403 -0.346197 0.573573
    outer loop
      vertex -45.1866 -23.2776 24.3213
      vertex -42.9307 -21.0804 28.5674
      vertex -46.8771 -19.6524 24.3213
    endloop
  endfacet
  facet normal -0.74239 -0.346217 0.573577
    outer loop
      vertex -42.9307 -21.0804 28.5674
      vertex -45.1866 -23.2776 24.3213
      vertex -42.492 -22.0211 28.5674
    endloop
  endfacet
  facet normal -0.519833 -0.242401 -0.819155
    outer loop
      vertex -43.4048 -22.4468 22.9447
      vertex -46.8771 -19.6524 24.3213
      vertex -45.0953 -18.8215 22.9447
    endloop
  endfacet
  facet normal -0.422615 0.906309 0
    outer loop
      vertex -44.1825 -18.3959 26.4398
      vertex -46.8771 -19.6524 24.3213
      vertex -44.1825 -18.3959 28.5674
    endloop
  endfacet
  facet normal -0.422623 0.906305 1.3495e-05
    outer loop
      vertex -46.8771 -19.6524 24.3213
      vertex -44.1825 -18.3959 26.4398
      vertex -45.0953 -18.8215 22.9447
    endloop
  endfacet
  facet normal -0.422581 0.906325 0
    outer loop
      vertex -44.1825 -18.3959 24.3831
      vertex -45.0953 -18.8215 22.9447
      vertex -44.1825 -18.3959 26.4398
    endloop
  endfacet
  facet normal 0.742402 0.346188 -0.573579
    outer loop
      vertex -43.4048 -22.4468 22.9447
      vertex -43.7584 -19.3053 24.3831
      vertex -42.492 -22.0211 24.3831
    endloop
  endfacet
  facet normal 0.742404 0.346187 -0.573578
    outer loop
      vertex -43.7584 -19.3053 24.3831
      vertex -43.4048 -22.4468 22.9447
      vertex -45.0953 -18.8215 22.9447
    endloop
  endfacet
  facet normal 0.422615 -0.906309 0
    outer loop
      vertex -42.492 -22.0211 28.5674
      vertex -45.1866 -23.2776 24.3213
      vertex -42.492 -22.0211 26.4874
    endloop
  endfacet
  facet normal 0.422615 -0.906309 -5.47611e-18
    outer loop
      vertex -45.1866 -23.2776 24.3213
      vertex -42.492 -22.0211 24.3831
      vertex -42.492 -22.0211 26.4874
    endloop
  endfacet
  facet normal 0.422614 -0.90631 3.74957e-05
    outer loop
      vertex -42.492 -22.0211 24.3831
      vertex -45.1866 -23.2776 24.3213
      vertex -43.4048 -22.4468 22.9447
    endloop
  endfacet
  facet normal -0.519838 -0.24241 -0.81915
    outer loop
      vertex -45.1866 -23.2776 24.3213
      vertex -46.8771 -19.6524 24.3213
      vertex -43.4048 -22.4468 22.9447
    endloop
  endfacet
  facet normal -0.496721 -0.286782 0.819161
    outer loop
      vertex -43.2833 -22.6802 11.0553
      vertex -42.9859 -27.1273 9.67874
      vertex -41.2833 -26.1443 11.0553
    endloop
  endfacet
  facet normal -0.496721 -0.286782 0.819161
    outer loop
      vertex -42.9859 -27.1273 9.67874
      vertex -43.2833 -22.6802 11.0553
      vertex -44.9859 -23.6632 9.67874
    endloop
  endfacet
  facet normal 0.499987 -0.866033 0
    outer loop
      vertex -40.4177 -25.6446 7.51823
      vertex -42.9859 -27.1273 9.67874
      vertex -40.4177 -25.6446 5.4436
    endloop
  endfacet
  facet normal -0.709405 -0.409571 -0.573582
    outer loop
      vertex -41.5692 -24 5.69349
      vertex -42.9859 -27.1273 9.67874
      vertex -41.9317 -23.2226 5.58672
    endloop
  endfacet
  facet normal -0.709416 -0.40956 -0.573576
    outer loop
      vertex -42.9859 -27.1273 9.67874
      vertex -41.5692 -24 5.69349
      vertex -40.4177 -25.6446 5.4436
    endloop
  endfacet
  facet normal -0.709388 -0.409608 -0.573576
    outer loop
      vertex -41.9317 -23.2226 5.58672
      vertex -44.9859 -23.6632 9.67874
      vertex -42.4177 -22.1805 5.4436
    endloop
  endfacet
  facet normal -0.709402 -0.409574 -0.573583
    outer loop
      vertex -44.9859 -23.6632 9.67874
      vertex -41.9317 -23.2226 5.58672
      vertex -42.9859 -27.1273 9.67874
    endloop
  endfacet
  facet normal -0.499987 0.866033 -2.28542e-05
    outer loop
      vertex -42.4177 -22.1805 9.62787
      vertex -44.9859 -23.6632 9.67874
      vertex -43.2833 -22.6802 11.0553
    endloop
  endfacet
  facet normal -0.499987 0.866033 1.37531e-17
    outer loop
      vertex -44.9859 -23.6632 9.67874
      vertex -42.4177 -22.1805 9.62787
      vertex -42.4177 -22.1805 5.4436
    endloop
  endfacet
  facet normal 0.7094 0.409596 0.57357
    outer loop
      vertex -43.2833 -22.6802 11.0553
      vertex -41.5692 -24 9.87777
      vertex -42.4177 -22.1805 9.62787
    endloop
  endfacet
  facet normal 0.709396 0.40957 0.573594
    outer loop
      vertex -41.2833 -26.1443 11.0553
      vertex -41.5692 -24 9.87777
      vertex -43.2833 -22.6802 11.0553
    endloop
  endfacet
  facet normal 0.709421 0.40956 0.57357
    outer loop
      vertex -41.5692 -24 9.87777
      vertex -41.2833 -26.1443 11.0553
      vertex -40.4177 -25.6446 9.62787
    endloop
  endfacet
  facet normal 0.499987 -0.866033 2.28542e-05
    outer loop
      vertex -42.9859 -27.1273 9.67874
      vertex -40.4177 -25.6446 9.62787
      vertex -41.2833 -26.1443 11.0553
    endloop
  endfacet
  facet normal 0.499987 -0.866033 0
    outer loop
      vertex -40.4177 -25.6446 9.62787
      vertex -42.9859 -27.1273 9.67874
      vertex -40.4177 -25.6446 7.51823
    endloop
  endfacet
  facet normal -0.671011 -0.469843 0.573578
    outer loop
      vertex -40.3168 -25.7886 28.5674
      vertex -42.7523 -27.4939 24.3213
      vertex -38.6179 -28.2149 28.5674
    endloop
  endfacet
  facet normal -0.671007 -0.469855 0.573573
    outer loop
      vertex -42.7523 -27.4939 24.3213
      vertex -38.0225 -29.0652 28.5674
      vertex -38.6179 -28.2149 28.5674
    endloop
  endfacet
  facet normal -0.671009 -0.469846 0.573578
    outer loop
      vertex -38.0225 -29.0652 28.5674
      vertex -42.7523 -27.4939 24.3213
      vertex -40.458 -30.7705 24.3213
    endloop
  endfacet
  facet normal 0.67101 0.469819 -0.573599
    outer loop
      vertex -38.5981 -28.2433 24.3831
      vertex -41.1419 -26.3663 22.9447
      vertex -40.3168 -25.7886 24.3831
    endloop
  endfacet
  facet normal 0.671015 0.46985 -0.573568
    outer loop
      vertex -41.1419 -26.3663 22.9447
      vertex -38.5981 -28.2433 24.3831
      vertex -38.8476 -29.6429 22.9447
    endloop
  endfacet
  facet normal 0.670959 0.469892 -0.573599
    outer loop
      vertex -38.0225 -29.0652 24.3831
      vertex -38.8476 -29.6429 22.9447
      vertex -38.5981 -28.2433 24.3831
    endloop
  endfacet
  facet normal -0.469856 -0.328997 -0.819144
    outer loop
      vertex -40.458 -30.7705 24.3213
      vertex -41.1419 -26.3663 22.9447
      vertex -38.8476 -29.6429 22.9447
    endloop
  endfacet
  facet normal -0.469856 -0.328997 -0.819144
    outer loop
      vertex -41.1419 -26.3663 22.9447
      vertex -40.458 -30.7705 24.3213
      vertex -42.7523 -27.4939 24.3213
    endloop
  endfacet
  facet normal 0.573564 -0.819161 2.79229e-17
    outer loop
      vertex -40.458 -30.7705 24.3213
      vertex -38.0225 -29.0652 24.3831
      vertex -38.0225 -29.0652 28.5674
    endloop
  endfacet
  facet normal 0.573564 -0.819161 -1.29747e-05
    outer loop
      vertex -38.0225 -29.0652 24.3831
      vertex -40.458 -30.7705 24.3213
      vertex -38.8476 -29.6429 22.9447
    endloop
  endfacet
  facet normal -0.573564 0.819161 0
    outer loop
      vertex -40.3168 -25.7886 24.3831
      vertex -42.7523 -27.4939 24.3213
      vertex -40.3168 -25.7886 28.5674
    endloop
  endfacet
  facet normal -0.573564 0.819161 1.29747e-05
    outer loop
      vertex -42.7523 -27.4939 24.3213
      vertex -40.3168 -25.7886 24.3831
      vertex -41.1419 -26.3663 22.9447
    endloop
  endfacet
  facet normal -0.439368 -0.368678 0.819166
    outer loop
      vertex -38.6873 -29.8517 11.0553
      vertex -40.1934 -31.1154 9.67874
      vertex -37.6222 -34.1796 9.67874
    endloop
  endfacet
  facet normal -0.64279 0.766042 4.31662e-05
    outer loop
      vertex -37.9217 -29.2092 9.62787
      vertex -40.1934 -31.1154 9.67874
      vertex -38.6873 -29.8517 11.0553
    endloop
  endfacet
  facet normal -0.642791 0.766042 5.36543e-17
    outer loop
      vertex -40.1934 -31.1154 9.67874
      vertex -37.9217 -29.2092 9.62787
      vertex -37.9217 -29.2092 7.51823
    endloop
  endfacet
  facet normal -0.642791 0.766042 0
    outer loop
      vertex -37.9217 -29.2092 5.4436
      vertex -40.1934 -31.1154 9.67874
      vertex -37.9217 -29.2092 7.51823
    endloop
  endfacet
  facet normal -0.439387 -0.368679 0.819155
    outer loop
      vertex -36.1162 -32.9159 11.0553
      vertex -38.6873 -29.8517 11.0553
      vertex -37.6222 -34.1796 9.67874
    endloop
  endfacet
  facet normal 0.642791 -0.766042 2.4126e-06
    outer loop
      vertex -37.6222 -34.1796 9.67874
      vertex -35.3505 -32.2734 9.62787
      vertex -36.1162 -32.9159 11.0553
    endloop
  endfacet
  facet normal 0.642791 -0.766042 0
    outer loop
      vertex -35.3505 -32.2734 9.62787
      vertex -37.6222 -34.1796 9.67874
      vertex -35.3505 -32.2734 5.4436
    endloop
  endfacet
  facet normal 0.62746 0.526574 0.573597
    outer loop
      vertex -36.0007 -31.6233 9.74232
      vertex -36.1162 -32.9159 11.0553
      vertex -35.3505 -32.2734 9.62787
    endloop
  endfacet
  facet normal 0.627505 0.526553 0.573568
    outer loop
      vertex -38.6873 -29.8517 11.0553
      vertex -36.7701 -30.8538 9.87777
      vertex -37.9217 -29.2092 9.62787
    endloop
  endfacet
  facet normal 0.627505 0.526525 0.573592
    outer loop
      vertex -36.1162 -32.9159 11.0553
      vertex -36.7701 -30.8538 9.87777
      vertex -38.6873 -29.8517 11.0553
    endloop
  endfacet
  facet normal 0.627555 0.526515 0.573547
    outer loop
      vertex -36.7701 -30.8538 9.87777
      vertex -36.1162 -32.9159 11.0553
      vertex -36.0007 -31.6233 9.74232
    endloop
  endfacet
  facet normal -0.627498 -0.526547 -0.57358
    outer loop
      vertex -36.7701 -30.8538 5.69349
      vertex -40.1934 -31.1154 9.67874
      vertex -37.9217 -29.2092 5.4436
    endloop
  endfacet
  facet normal -0.627504 -0.526537 -0.573584
    outer loop
      vertex -35.3505 -32.2734 5.4436
      vertex -40.1934 -31.1154 9.67874
      vertex -36.7701 -30.8538 5.69349
    endloop
  endfacet
  facet normal -0.627502 -0.526543 -0.57358
    outer loop
      vertex -40.1934 -31.1154 9.67874
      vertex -35.3505 -32.2734 5.4436
      vertex -37.6222 -34.1796 9.67874
    endloop
  endfacet
  facet normal 0.579237 0.579237 -0.573559
    outer loop
      vertex -32.3978 -35.2262 24.3831
      vertex -35.9384 -33.1099 22.9447
      vertex -35.2262 -32.3978 24.3831
    endloop
  endfacet
  facet normal 0.579237 0.579237 -0.573559
    outer loop
      vertex -35.9384 -33.1099 22.9447
      vertex -32.3978 -35.2262 24.3831
      vertex -33.1099 -35.9384 22.9447
    endloop
  endfacet
  facet normal -0.579231 -0.579231 0.57357
    outer loop
      vertex -37.3285 -34.5001 24.3213
      vertex -32.3978 -35.2262 28.5674
      vertex -35.2262 -32.3978 28.5674
    endloop
  endfacet
  facet normal -0.579231 -0.579231 0.57357
    outer loop
      vertex -32.3978 -35.2262 28.5674
      vertex -37.3285 -34.5001 24.3213
      vertex -34.5001 -37.3285 24.3213
    endloop
  endfacet
  facet normal -0.707107 0.707107 0
    outer loop
      vertex -35.2262 -32.3978 26.4874
      vertex -37.3285 -34.5001 24.3213
      vertex -35.2262 -32.3978 28.5674
    endloop
  endfacet
  facet normal -0.405582 -0.405582 -0.819149
    outer loop
      vertex -34.5001 -37.3285 24.3213
      vertex -35.9384 -33.1099 22.9447
      vertex -33.1099 -35.9384 22.9447
    endloop
  endfacet
  facet normal -0.405582 -0.405582 -0.819149
    outer loop
      vertex -35.9384 -33.1099 22.9447
      vertex -34.5001 -37.3285 24.3213
      vertex -37.3285 -34.5001 24.3213
    endloop
  endfacet
  facet normal -0.707107 0.707107 0
    outer loop
      vertex -35.2262 -32.3978 24.3831
      vertex -37.3285 -34.5001 24.3213
      vertex -35.2262 -32.3978 26.4874
    endloop
  endfacet
  facet normal -0.707108 0.707106 4.98853e-05
    outer loop
      vertex -37.3285 -34.5001 24.3213
      vertex -35.2262 -32.3978 24.3831
      vertex -35.9384 -33.1099 22.9447
    endloop
  endfacet
  facet normal 0.707107 -0.707107 3.20947e-17
    outer loop
      vertex -34.5001 -37.3285 24.3213
      vertex -32.3978 -35.2262 24.3831
      vertex -32.3978 -35.2262 26.4874
    endloop
  endfacet
  facet normal 0.707106 -0.707108 4.98853e-05
    outer loop
      vertex -32.3978 -35.2262 24.3831
      vertex -34.5001 -37.3285 24.3213
      vertex -33.1099 -35.9384 22.9447
    endloop
  endfacet
  facet normal 0.707107 -0.707107 0
    outer loop
      vertex -32.3978 -35.2262 28.5674
      vertex -34.5001 -37.3285 24.3213
      vertex -32.3978 -35.2262 26.4874
    endloop
  endfacet
  facet normal -0.368679 -0.439387 0.819155
    outer loop
      vertex -32.9159 -36.1162 11.0553
      vertex -34.1796 -37.6222 9.67874
      vertex -29.8517 -38.6873 11.0553
    endloop
  endfacet
  facet normal 0.526574 0.62746 0.573597
    outer loop
      vertex -32.2734 -35.3505 9.62787
      vertex -32.9159 -36.1162 11.0553
      vertex -31.6233 -36.0007 9.74232
    endloop
  endfacet
  facet normal -0.368678 -0.439368 0.819166
    outer loop
      vertex -29.8517 -38.6873 11.0553
      vertex -34.1796 -37.6222 9.67874
      vertex -31.1154 -40.1934 9.67874
    endloop
  endfacet
  facet normal 0.766042 -0.64279 4.31662e-05
    outer loop
      vertex -31.1154 -40.1934 9.67874
      vertex -29.2092 -37.9217 9.62787
      vertex -29.8517 -38.6873 11.0553
    endloop
  endfacet
  facet normal 0.766042 -0.642791 0
    outer loop
      vertex -29.2092 -37.9217 9.62787
      vertex -31.1154 -40.1934 9.67874
      vertex -29.2092 -37.9217 7.51823
    endloop
  endfacet
  facet normal 0.526525 0.627505 0.573592
    outer loop
      vertex -29.8517 -38.6873 11.0553
      vertex -30.8538 -36.7701 9.87777
      vertex -32.9159 -36.1162 11.0553
    endloop
  endfacet
  facet normal 0.526553 0.627505 0.573568
    outer loop
      vertex -30.8538 -36.7701 9.87777
      vertex -29.8517 -38.6873 11.0553
      vertex -29.2092 -37.9217 9.62787
    endloop
  endfacet
  facet normal 0.526515 0.627555 0.573547
    outer loop
      vertex -32.9159 -36.1162 11.0553
      vertex -30.8538 -36.7701 9.87777
      vertex -31.6233 -36.0007 9.74232
    endloop
  endfacet
  facet normal -0.526543 -0.627502 -0.57358
    outer loop
      vertex -32.2734 -35.3505 5.4436
      vertex -31.1154 -40.1934 9.67874
      vertex -34.1796 -37.6222 9.67874
    endloop
  endfacet
  facet normal -0.526537 -0.627504 -0.573584
    outer loop
      vertex -31.1154 -40.1934 9.67874
      vertex -32.2734 -35.3505 5.4436
      vertex -30.8538 -36.7701 5.69349
    endloop
  endfacet
  facet normal -0.526547 -0.627498 -0.57358
    outer loop
      vertex -31.1154 -40.1934 9.67874
      vertex -30.8538 -36.7701 5.69349
      vertex -29.2092 -37.9217 5.4436
    endloop
  endfacet
  facet normal -0.766042 0.642791 1.53782e-17
    outer loop
      vertex -34.1796 -37.6222 9.67874
      vertex -32.2734 -35.3505 9.62787
      vertex -32.2734 -35.3505 5.4436
    endloop
  endfacet
  facet normal -0.766042 0.642791 2.4126e-06
    outer loop
      vertex -32.2734 -35.3505 9.62787
      vertex -34.1796 -37.6222 9.67874
      vertex -32.9159 -36.1162 11.0553
    endloop
  endfacet
  facet normal 0.766042 -0.642791 0
    outer loop
      vertex -29.2092 -37.9217 7.51823
      vertex -31.1154 -40.1934 9.67874
      vertex -29.2092 -37.9217 5.4436
    endloop
  endfacet
  facet normal 0.469892 0.670959 -0.573599
    outer loop
      vertex -28.2433 -38.5981 24.3831
      vertex -29.6429 -38.8476 22.9447
      vertex -29.0652 -38.0225 24.3831
    endloop
  endfacet
  facet normal -0.469846 -0.671009 0.573578
    outer loop
      vertex -27.4939 -42.7523 24.3213
      vertex -29.0652 -38.0225 28.5674
      vertex -30.7705 -40.458 24.3213
    endloop
  endfacet
  facet normal -0.469855 -0.671007 0.573573
    outer loop
      vertex -29.0652 -38.0225 28.5674
      vertex -27.4939 -42.7523 24.3213
      vertex -28.2149 -38.6179 28.5674
    endloop
  endfacet
  facet normal -0.328997 -0.469856 -0.819144
    outer loop
      vertex -27.4939 -42.7523 24.3213
      vertex -29.6429 -38.8476 22.9447
      vertex -26.3663 -41.1419 22.9447
    endloop
  endfacet
  facet normal -0.328997 -0.469856 -0.819144
    outer loop
      vertex -29.6429 -38.8476 22.9447
      vertex -27.4939 -42.7523 24.3213
      vertex -30.7705 -40.458 24.3213
    endloop
  endfacet
  facet normal -0.819161 0.573564 -1.29747e-05
    outer loop
      vertex -30.7705 -40.458 24.3213
      vertex -29.0652 -38.0225 24.3831
      vertex -29.6429 -38.8476 22.9447
    endloop
  endfacet
  facet normal -0.819161 0.573564 0
    outer loop
      vertex -29.0652 -38.0225 24.3831
      vertex -30.7705 -40.458 24.3213
      vertex -29.0652 -38.0225 28.5674
    endloop
  endfacet
  facet normal 0.469819 0.67101 -0.573599
    outer loop
      vertex -26.3663 -41.1419 22.9447
      vertex -28.2433 -38.5981 24.3831
      vertex -25.7886 -40.3168 24.3831
    endloop
  endfacet
  facet normal 0.46985 0.671015 -0.573568
    outer loop
      vertex -28.2433 -38.5981 24.3831
      vertex -26.3663 -41.1419 22.9447
      vertex -29.6429 -38.8476 22.9447
    endloop
  endfacet
  facet normal 0.819161 -0.573564 -2.50644e-17
    outer loop
      vertex -27.4939 -42.7523 24.3213
      vertex -25.7886 -40.3168 24.3831
      vertex -25.7886 -40.3168 28.5674
    endloop
  endfacet
  facet normal 0.819161 -0.573564 1.29747e-05
    outer loop
      vertex -25.7886 -40.3168 24.3831
      vertex -27.4939 -42.7523 24.3213
      vertex -26.3663 -41.1419 22.9447
    endloop
  endfacet
  facet normal -0.469843 -0.671011 0.573578
    outer loop
      vertex -25.7886 -40.3168 28.5674
      vertex -28.2149 -38.6179 28.5674
      vertex -27.4939 -42.7523 24.3213
    endloop
  endfacet
  facet normal -0.286782 -0.496721 0.819161
    outer loop
      vertex -26.1443 -41.2833 11.0553
      vertex -23.6632 -44.9859 9.67874
      vertex -22.6802 -43.2833 11.0553
    endloop
  endfacet
  facet normal -0.286782 -0.496721 0.819161
    outer loop
      vertex -23.6632 -44.9859 9.67874
      vertex -26.1443 -41.2833 11.0553
      vertex -27.1273 -42.9859 9.67874
    endloop
  endfacet
  facet normal -0.40956 -0.709416 -0.573576
    outer loop
      vertex -27.1273 -42.9859 9.67874
      vertex -25.6446 -40.4177 5.4436
      vertex -24 -41.5692 5.69349
    endloop
  endfacet
  facet normal -0.409571 -0.709405 -0.573582
    outer loop
      vertex -27.1273 -42.9859 9.67874
      vertex -24 -41.5692 5.69349
      vertex -23.2226 -41.9317 5.58672
    endloop
  endfacet
  facet normal -0.866033 0.499987 0
    outer loop
      vertex -25.6446 -40.4177 5.4436
      vertex -27.1273 -42.9859 9.67874
      vertex -25.6446 -40.4177 7.51823
    endloop
  endfacet
  facet normal -0.866033 0.499987 2.7278e-17
    outer loop
      vertex -27.1273 -42.9859 9.67874
      vertex -25.6446 -40.4177 9.62787
      vertex -25.6446 -40.4177 7.51823
    endloop
  endfacet
  facet normal -0.866033 0.499987 2.28542e-05
    outer loop
      vertex -25.6446 -40.4177 9.62787
      vertex -27.1273 -42.9859 9.67874
      vertex -26.1443 -41.2833 11.0553
    endloop
  endfacet
  facet normal 0.866033 -0.499987 -2.28542e-05
    outer loop
      vertex -23.6632 -44.9859 9.67874
      vertex -22.1805 -42.4177 9.62787
      vertex -22.6802 -43.2833 11.0553
    endloop
  endfacet
  facet normal 0.866033 -0.499987 0
    outer loop
      vertex -22.1805 -42.4177 9.62787
      vertex -23.6632 -44.9859 9.67874
      vertex -22.1805 -42.4177 5.4436
    endloop
  endfacet
  facet normal -0.409574 -0.709402 -0.573583
    outer loop
      vertex -23.2226 -41.9317 5.58672
      vertex -23.6632 -44.9859 9.67874
      vertex -27.1273 -42.9859 9.67874
    endloop
  endfacet
  facet normal -0.409608 -0.709388 -0.573576
    outer loop
      vertex -23.6632 -44.9859 9.67874
      vertex -23.2226 -41.9317 5.58672
      vertex -22.1805 -42.4177 5.4436
    endloop
  endfacet
  facet normal 0.40957 0.709396 0.573594
    outer loop
      vertex -22.6802 -43.2833 11.0553
      vertex -24 -41.5692 9.87777
      vertex -26.1443 -41.2833 11.0553
    endloop
  endfacet
  facet normal 0.409596 0.7094 0.57357
    outer loop
      vertex -24 -41.5692 9.87777
      vertex -22.6802 -43.2833 11.0553
      vertex -22.1805 -42.4177 9.62787
    endloop
  endfacet
  facet normal 0.40956 0.709421 0.57357
    outer loop
      vertex -26.1443 -41.2833 11.0553
      vertex -24 -41.5692 9.87777
      vertex -25.6446 -40.4177 9.62787
    endloop
  endfacet
  facet normal 0.906309 -0.422615 -5.41614e-18
    outer loop
      vertex -19.6524 -46.8771 24.3213
      vertex -18.3959 -44.1825 26.4398
      vertex -18.3959 -44.1825 28.5674
    endloop
  endfacet
  facet normal 0.906305 -0.422623 1.3495e-05
    outer loop
      vertex -18.3959 -44.1825 26.4398
      vertex -19.6524 -46.8771 24.3213
      vertex -18.8215 -45.0953 22.9447
    endloop
  endfacet
  facet normal -0.346188 -0.742404 0.573577
    outer loop
      vertex -18.3959 -44.1825 28.5674
      vertex -21.0804 -42.9307 28.5674
      vertex -19.6524 -46.8771 24.3213
    endloop
  endfacet
  facet normal -0.346217 -0.74239 0.573577
    outer loop
      vertex -23.2776 -45.1866 24.3213
      vertex -21.0804 -42.9307 28.5674
      vertex -22.0211 -42.492 28.5674
    endloop
  endfacet
  facet normal -0.346197 -0.742403 0.573573
    outer loop
      vertex -21.0804 -42.9307 28.5674
      vertex -23.2776 -45.1866 24.3213
      vertex -19.6524 -46.8771 24.3213
    endloop
  endfacet
  facet normal -0.906309 0.422615 0
    outer loop
      vertex -22.0211 -42.492 26.4874
      vertex -23.2776 -45.1866 24.3213
      vertex -22.0211 -42.492 28.5674
    endloop
  endfacet
  facet normal 0.346187 0.742404 -0.573578
    outer loop
      vertex -22.4468 -43.4048 22.9447
      vertex -19.3053 -43.7584 24.3831
      vertex -18.8215 -45.0953 22.9447
    endloop
  endfacet
  facet normal 0.346188 0.742402 -0.573579
    outer loop
      vertex -19.3053 -43.7584 24.3831
      vertex -22.4468 -43.4048 22.9447
      vertex -22.0211 -42.492 24.3831
    endloop
  endfacet
  facet normal -0.242401 -0.519833 -0.819155
    outer loop
      vertex -19.6524 -46.8771 24.3213
      vertex -22.4468 -43.4048 22.9447
      vertex -18.8215 -45.0953 22.9447
    endloop
  endfacet
  facet normal 0.906325 -0.422581 0
    outer loop
      vertex -18.3959 -44.1825 26.4398
      vertex -18.8215 -45.0953 22.9447
      vertex -18.3959 -44.1825 24.3831
    endloop
  endfacet
  facet normal 0.346219 0.7424 -0.573563
    outer loop
      vertex -18.8215 -45.0953 22.9447
      vertex -19.3053 -43.7584 24.3831
      vertex -18.3959 -44.1825 24.3831
    endloop
  endfacet
  facet normal -0.24241 -0.519838 -0.81915
    outer loop
      vertex -19.6524 -46.8771 24.3213
      vertex -23.2776 -45.1866 24.3213
      vertex -22.4468 -43.4048 22.9447
    endloop
  endfacet
  facet normal -0.90631 0.422614 3.74957e-05
    outer loop
      vertex -23.2776 -45.1866 24.3213
      vertex -22.0211 -42.492 24.3831
      vertex -22.4468 -43.4048 22.9447
    endloop
  endfacet
  facet normal -0.906309 0.422615 0
    outer loop
      vertex -22.0211 -42.492 24.3831
      vertex -23.2776 -45.1866 24.3213
      vertex -22.0211 -42.492 26.4874
    endloop
  endfacet
  facet normal -0.196174 -0.538979 0.819156
    outer loop
      vertex -18.5784 -45.196 11.0553
      vertex -15.492 -48.4115 9.67874
      vertex -14.8196 -46.5641 11.0553
    endloop
  endfacet
  facet normal -0.196174 -0.538979 0.819156
    outer loop
      vertex -15.492 -48.4115 9.67874
      vertex -18.5784 -45.196 11.0553
      vertex -19.2508 -47.0434 9.67874
    endloop
  endfacet
  facet normal 0.280184 0.769745 0.573576
    outer loop
      vertex -18.2365 -44.2568 9.62787
      vertex -18.5784 -45.196 11.0553
      vertex -17.4032 -44.6454 9.74232
    endloop
  endfacet
  facet normal -0.28015 -0.769759 -0.573574
    outer loop
      vertex -19.2508 -47.0434 9.67874
      vertex -18.2365 -44.2568 5.4436
      vertex -16.417 -45.1052 5.69349
    endloop
  endfacet
  facet normal -0.280227 -0.769709 -0.573604
    outer loop
      vertex -19.2508 -47.0434 9.67874
      vertex -16.417 -45.1052 5.69349
      vertex -15.5884 -45.3273 5.58672
    endloop
  endfacet
  facet normal -0.939686 0.342038 8.4057e-18
    outer loop
      vertex -19.2508 -47.0434 9.67874
      vertex -18.2365 -44.2568 9.62787
      vertex -18.2365 -44.2568 5.4436
    endloop
  endfacet
  facet normal -0.939686 0.342038 -2.58193e-05
    outer loop
      vertex -18.2365 -44.2568 9.62787
      vertex -19.2508 -47.0434 9.67874
      vertex -18.5784 -45.196 11.0553
    endloop
  endfacet
  facet normal 0.939674 -0.342072 0
    outer loop
      vertex -14.4777 -45.6249 9.62787
      vertex -14.8196 -46.5641 11.0553
      vertex -14.4777 -45.6249 7.58683
    endloop
  endfacet
  facet normal 0.280162 0.769734 0.573602
    outer loop
      vertex -14.8196 -46.5641 11.0553
      vertex -16.417 -45.1052 9.87777
      vertex -18.5784 -45.196 11.0553
    endloop
  endfacet
  facet normal 0.28019 0.769743 0.573576
    outer loop
      vertex -16.417 -45.1052 9.87777
      vertex -14.8196 -46.5641 11.0553
      vertex -14.4777 -45.6249 9.62787
    endloop
  endfacet
  facet normal 0.280128 0.769789 0.573544
    outer loop
      vertex -18.5784 -45.196 11.0553
      vertex -16.417 -45.1052 9.87777
      vertex -17.4032 -44.6454 9.74232
    endloop
  endfacet
  facet normal 0.939689 -0.342029 1.31767e-05
    outer loop
      vertex -15.492 -48.4115 9.67874
      vertex -14.4777 -45.6249 7.58683
      vertex -14.8196 -46.5641 11.0553
    endloop
  endfacet
  facet normal 0.939686 -0.342038 0
    outer loop
      vertex -14.4777 -45.6249 7.58683
      vertex -15.492 -48.4115 9.67874
      vertex -14.4777 -45.6249 5.4436
    endloop
  endfacet
  facet normal -0.280169 -0.769754 -0.573572
    outer loop
      vertex -15.5884 -45.3273 5.58672
      vertex -15.492 -48.4115 9.67874
      vertex -19.2508 -47.0434 9.67874
    endloop
  endfacet
  facet normal -0.280156 -0.769757 -0.573574
    outer loop
      vertex -15.492 -48.4115 9.67874
      vertex -15.5884 -45.3273 5.58672
      vertex -14.4777 -45.6249 5.4436
    endloop
  endfacet
  facet normal 0.212014 0.791228 -0.573593
    outer loop
      vertex -14.5686 -46.6432 22.9447
      vertex -11.4134 -46.4459 24.3831
      vertex -10.7049 -47.6785 22.9447
    endloop
  endfacet
  facet normal 0.211996 0.791259 -0.573557
    outer loop
      vertex -11.4134 -46.4459 24.3831
      vertex -14.5686 -46.6432 22.9447
      vertex -14.3079 -45.6704 24.3831
    endloop
  endfacet
  facet normal -0.965928 0.258811 1.31586e-05
    outer loop
      vertex -15.0774 -48.5422 24.3213
      vertex -14.3079 -45.6704 26.4398
      vertex -14.5686 -46.6432 22.9447
    endloop
  endfacet
  facet normal -0.965926 0.25882 0
    outer loop
      vertex -14.3079 -45.6704 26.4398
      vertex -15.0774 -48.5422 24.3213
      vertex -14.3079 -45.6704 28.5674
    endloop
  endfacet
  facet normal -0.965916 0.258855 0
    outer loop
      vertex -14.3079 -45.6704 24.3831
      vertex -14.5686 -46.6432 22.9447
      vertex -14.3079 -45.6704 26.4398
    endloop
  endfacet
  facet normal 0.965928 -0.258812 -1.41007e-17
    outer loop
      vertex -11.2137 -49.5775 24.3213
      vertex -10.4442 -46.7056 24.3831
      vertex -10.4442 -46.7056 28.5674
    endloop
  endfacet
  facet normal 0.965928 -0.258811 -1.37101e-05
    outer loop
      vertex -10.4442 -46.7056 24.3831
      vertex -11.2137 -49.5775 24.3213
      vertex -10.7049 -47.6785 22.9447
    endloop
  endfacet
  facet normal 0.212012 0.791228 -0.573594
    outer loop
      vertex -10.7049 -47.6785 22.9447
      vertex -11.4134 -46.4459 24.3831
      vertex -10.4442 -46.7056 24.3831
    endloop
  endfacet
  facet normal -0.148456 -0.554033 -0.819151
    outer loop
      vertex -11.2137 -49.5775 24.3213
      vertex -14.5686 -46.6432 22.9447
      vertex -10.7049 -47.6785 22.9447
    endloop
  endfacet
  facet normal -0.148456 -0.554033 -0.819151
    outer loop
      vertex -14.5686 -46.6432 22.9447
      vertex -11.2137 -49.5775 24.3213
      vertex -15.0774 -48.5422 24.3213
    endloop
  endfacet
  facet normal -0.212018 -0.791243 0.573571
    outer loop
      vertex -11.2137 -49.5775 24.3213
      vertex -14.3079 -45.6704 28.5674
      vertex -15.0774 -48.5422 24.3213
    endloop
  endfacet
  facet normal -0.211997 -0.791239 0.573583
    outer loop
      vertex -14.3079 -45.6704 28.5674
      vertex -11.2137 -49.5775 24.3213
      vertex -10.4442 -46.7056 28.5674
    endloop
  endfacet
  facet normal -0.0996006 -0.564856 0.819157
    outer loop
      vertex -10.4479 -47.7355 11.0553
      vertex -6.85006 -50.3662 9.67874
      vertex -6.50868 -48.4301 11.0553
    endloop
  endfacet
  facet normal -0.0996 -0.564855 0.819157
    outer loop
      vertex -6.85006 -50.3662 9.67874
      vertex -10.4479 -47.7355 11.0553
      vertex -10.7893 -49.6716 9.67874
    endloop
  endfacet
  facet normal 0.142245 0.806703 0.573582
    outer loop
      vertex -6.50868 -48.4301 11.0553
      vertex -8.33511 -47.2708 9.87777
      vertex -10.4479 -47.7355 11.0553
    endloop
  endfacet
  facet normal 0.142255 0.806708 0.573572
    outer loop
      vertex -8.33511 -47.2708 9.87777
      vertex -6.50868 -48.4301 11.0553
      vertex -6.33511 -47.4458 9.62787
    endloop
  endfacet
  facet normal 0.14224 0.80671 0.573574
    outer loop
      vertex -10.4479 -47.7355 11.0553
      vertex -8.33511 -47.2708 9.87777
      vertex -10.2743 -46.7512 9.62787
    endloop
  endfacet
  facet normal -0.142246 -0.806708 -0.573575
    outer loop
      vertex -10.7893 -49.6716 9.67874
      vertex -8.33511 -47.2708 5.69349
      vertex -6.85006 -50.3662 9.67874
    endloop
  endfacet
  facet normal -0.142243 -0.806709 -0.573574
    outer loop
      vertex -8.33511 -47.2708 5.69349
      vertex -10.7893 -49.6716 9.67874
      vertex -10.2743 -46.7512 5.4436
    endloop
  endfacet
  facet normal -0.142252 -0.806708 -0.573573
    outer loop
      vertex -6.85006 -50.3662 9.67874
      vertex -8.33511 -47.2708 5.69349
      vertex -6.33511 -47.4458 5.4436
    endloop
  endfacet
  facet normal -0.984805 0.173666 -1.66324e-17
    outer loop
      vertex -10.7893 -49.6716 9.67874
      vertex -10.2743 -46.7512 7.58683
      vertex -10.2743 -46.7512 5.4436
    endloop
  endfacet
  facet normal -0.984806 0.17366 -8.16863e-06
    outer loop
      vertex -10.2743 -46.7512 7.58683
      vertex -10.7893 -49.6716 9.67874
      vertex -10.4479 -47.7355 11.0553
    endloop
  endfacet
  facet normal 0.984808 -0.17365 6.82499e-06
    outer loop
      vertex -6.85006 -50.3662 9.67874
      vertex -6.33511 -47.4458 9.62787
      vertex -6.50868 -48.4301 11.0553
    endloop
  endfacet
  facet normal 0.984807 -0.17365 0
    outer loop
      vertex -6.33511 -47.4458 9.62787
      vertex -6.85006 -50.3662 9.67874
      vertex -6.33511 -47.4458 7.51823
    endloop
  endfacet
  facet normal -0.984801 0.173688 0
    outer loop
      vertex -10.2743 -46.7512 7.58683
      vertex -10.4479 -47.7355 11.0553
      vertex -10.2743 -46.7512 9.62787
    endloop
  endfacet
  facet normal 0.984807 -0.17365 0
    outer loop
      vertex -6.33511 -47.4458 7.51823
      vertex -6.85006 -50.3662 9.67874
      vertex -6.33511 -47.4458 5.4436
    endloop
  endfacet
  facet normal 0.0713879 0.816021 -0.573597
    outer loop
      vertex -2.26295 -48.8131 22.9447
      vertex -6.15995 -47.4611 24.3831
      vertex -2.17517 -47.8097 24.3831
    endloop
  endfacet
  facet normal 0.0714105 0.816046 -0.573559
    outer loop
      vertex -6.15995 -47.4611 24.3831
      vertex -2.26295 -48.8131 22.9447
      vertex -6.24773 -48.4644 22.9447
    endloop
  endfacet
  facet normal -0.996195 0.0871544 2.77817e-06
    outer loop
      vertex -6.41907 -50.4229 24.3213
      vertex -6.15995 -47.4611 24.3831
      vertex -6.24773 -48.4644 22.9447
    endloop
  endfacet
  facet normal -0.996195 0.0871544 0
    outer loop
      vertex -6.15995 -47.4611 24.3831
      vertex -6.41907 -50.4229 24.3213
      vertex -6.15995 -47.4611 26.4874
    endloop
  endfacet
  facet normal -0.0500016 -0.571394 -0.819151
    outer loop
      vertex -2.26295 -48.8131 22.9447
      vertex -6.41907 -50.4229 24.3213
      vertex -6.24773 -48.4644 22.9447
    endloop
  endfacet
  facet normal -0.049989 -0.571415 -0.819137
    outer loop
      vertex -2.43429 -50.7715 24.3213
      vertex -6.41907 -50.4229 24.3213
      vertex -2.26295 -48.8131 22.9447
    endloop
  endfacet
  facet normal 0.996195 -0.0871544 2.73221e-18
    outer loop
      vertex -2.43429 -50.7715 24.3213
      vertex -2.17517 -47.8097 24.3831
      vertex -2.17517 -47.8097 28.5674
    endloop
  endfacet
  facet normal 0.996195 -0.0871545 3.37045e-06
    outer loop
      vertex -2.17517 -47.8097 24.3831
      vertex -2.43429 -50.7715 24.3213
      vertex -2.26295 -48.8131 22.9447
    endloop
  endfacet
  facet normal -0.0714059 -0.816037 0.573572
    outer loop
      vertex -2.17517 -47.8097 28.5674
      vertex -5.12592 -47.5515 28.5674
      vertex -2.43429 -50.7715 24.3213
    endloop
  endfacet
  facet normal -0.0713425 -0.816043 0.573572
    outer loop
      vertex -6.41907 -50.4229 24.3213
      vertex -5.12592 -47.5515 28.5674
      vertex -6.15995 -47.4611 28.5674
    endloop
  endfacet
  facet normal -0.0713889 -0.816033 0.573579
    outer loop
      vertex -5.12592 -47.5515 28.5674
      vertex -6.41907 -50.4229 24.3213
      vertex -2.43429 -50.7715 24.3213
    endloop
  endfacet
  facet normal -0.996195 0.0871544 0
    outer loop
      vertex -6.15995 -47.4611 26.4874
      vertex -6.41907 -50.4229 24.3213
      vertex -6.15995 -47.4611 28.5674
    endloop
  endfacet
  facet normal 0 -0.573563 0.819161
    outer loop
      vertex -2 -48.8245 11.0553
      vertex 2 -50.7905 9.67874
      vertex 2 -48.8245 11.0553
    endloop
  endfacet
  facet normal 0 -0.573563 0.819161
    outer loop
      vertex 2 -50.7905 9.67874
      vertex -2 -48.8245 11.0553
      vertex -2 -50.7905 9.67874
    endloop
  endfacet
  facet normal 0 0.819157 0.573569
    outer loop
      vertex 2 -48.8245 11.0553
      vertex 0 -48 9.87777
      vertex -2 -48.8245 11.0553
    endloop
  endfacet
  facet normal -7.23069e-06 0.819151 0.573577
    outer loop
      vertex 0 -48 9.87777
      vertex 2 -48.8245 11.0553
      vertex 2 -47.825 9.62787
    endloop
  endfacet
  facet normal 7.23069e-06 0.819151 0.573577
    outer loop
      vertex -2 -48.8245 11.0553
      vertex 0 -48 9.87777
      vertex -2 -47.825 9.62787
    endloop
  endfacet
  facet normal 0 -0.819152 -0.573576
    outer loop
      vertex -2 -50.7905 9.67874
      vertex 0 -48 5.69349
      vertex 2 -50.7905 9.67874
    endloop
  endfacet
  facet normal -9.73905e-06 -0.81915 -0.573579
    outer loop
      vertex 0 -48 5.69349
      vertex -2 -50.7905 9.67874
      vertex -2 -47.825 5.4436
    endloop
  endfacet
  facet normal 9.73905e-06 -0.81915 -0.573579
    outer loop
      vertex 2 -50.7905 9.67874
      vertex 0 -48 5.69349
      vertex 2 -47.825 5.4436
    endloop
  endfacet
  facet normal -1 0 0
    outer loop
      vertex -2 -50.7905 9.67874
      vertex -2 -47.825 9.62787
      vertex -2 -47.825 5.4436
    endloop
  endfacet
  facet normal -1 0 0
    outer loop
      vertex -2 -47.825 9.62787
      vertex -2 -50.7905 9.67874
      vertex -2 -48.8245 11.0553
    endloop
  endfacet
  facet normal 1 -0 0
    outer loop
      vertex 2 -50.7905 9.67874
      vertex 2 -47.825 9.62787
      vertex 2 -48.8245 11.0553
    endloop
  endfacet
  facet normal 1 0 0
    outer loop
      vertex 2 -47.825 9.62787
      vertex 2 -50.7905 9.67874
      vertex 2 -47.825 5.4436
    endloop
  endfacet
  facet normal 0.0714059 -0.816037 0.573572
    outer loop
      vertex 5.12592 -47.5515 28.5674
      vertex 2.17517 -47.8097 28.5674
      vertex 2.43429 -50.7715 24.3213
    endloop
  endfacet
  facet normal 0.0713889 -0.816033 0.573579
    outer loop
      vertex 6.41907 -50.4229 24.3213
      vertex 5.12592 -47.5515 28.5674
      vertex 2.43429 -50.7715 24.3213
    endloop
  endfacet
  facet normal 0.0713425 -0.816043 0.573572
    outer loop
      vertex 5.12592 -47.5515 28.5674
      vertex 6.41907 -50.4229 24.3213
      vertex 6.15995 -47.4611 28.5674
    endloop
  endfacet
  facet normal 0.0500016 -0.571394 -0.819151
    outer loop
      vertex 6.41907 -50.4229 24.3213
      vertex 2.26295 -48.8131 22.9447
      vertex 6.24773 -48.4644 22.9447
    endloop
  endfacet
  facet normal -0.0714105 0.816046 -0.573559
    outer loop
      vertex 2.26295 -48.8131 22.9447
      vertex 6.15995 -47.4611 24.3831
      vertex 6.24773 -48.4644 22.9447
    endloop
  endfacet
  facet normal -0.0713879 0.816021 -0.573597
    outer loop
      vertex 6.15995 -47.4611 24.3831
      vertex 2.26295 -48.8131 22.9447
      vertex 2.17517 -47.8097 24.3831
    endloop
  endfacet
  facet normal 0.996195 0.0871544 4.67036e-18
    outer loop
      vertex 6.41907 -50.4229 24.3213
      vertex 6.15995 -47.4611 24.3831
      vertex 6.15995 -47.4611 26.4874
    endloop
  endfacet
  facet normal 0.996195 0.0871544 2.77817e-06
    outer loop
      vertex 6.15995 -47.4611 24.3831
      vertex 6.41907 -50.4229 24.3213
      vertex 6.24773 -48.4644 22.9447
    endloop
  endfacet
  facet normal 0.996195 0.0871544 4.72492e-18
    outer loop
      vertex 6.41907 -50.4229 24.3213
      vertex 6.15995 -47.4611 26.4874
      vertex 6.15995 -47.4611 28.5674
    endloop
  endfacet
  facet normal 0.049989 -0.571415 -0.819137
    outer loop
      vertex 2.43429 -50.7715 24.3213
      vertex 2.26295 -48.8131 22.9447
      vertex 6.41907 -50.4229 24.3213
    endloop
  endfacet
  facet normal -0.996195 -0.0871545 3.37045e-06
    outer loop
      vertex 2.43429 -50.7715 24.3213
      vertex 2.17517 -47.8097 24.3831
      vertex 2.26295 -48.8131 22.9447
    endloop
  endfacet
  facet normal -0.996195 -0.0871544 0
    outer loop
      vertex 2.17517 -47.8097 24.3831
      vertex 2.43429 -50.7715 24.3213
      vertex 2.17517 -47.8097 28.5674
    endloop
  endfacet
  facet normal -0.142245 0.806703 0.573582
    outer loop
      vertex 10.4479 -47.7355 11.0553
      vertex 8.33511 -47.2708 9.87777
      vertex 6.50868 -48.4301 11.0553
    endloop
  endfacet
  facet normal -0.14224 0.80671 0.573574
    outer loop
      vertex 8.33511 -47.2708 9.87777
      vertex 10.4479 -47.7355 11.0553
      vertex 10.2743 -46.7512 9.62787
    endloop
  endfacet
  facet normal -0.142255 0.806708 0.573572
    outer loop
      vertex 6.50868 -48.4301 11.0553
      vertex 8.33511 -47.2708 9.87777
      vertex 6.33511 -47.4458 9.62787
    endloop
  endfacet
  facet normal -0.984807 -0.17365 -1.12963e-17
    outer loop
      vertex 6.85006 -50.3662 9.67874
      vertex 6.33511 -47.4458 7.51823
      vertex 6.33511 -47.4458 5.4436
    endloop
  endfacet
  facet normal 0.0996 -0.564855 0.819157
    outer loop
      vertex 10.4479 -47.7355 11.0553
      vertex 6.85006 -50.3662 9.67874
      vertex 10.7893 -49.6716 9.67874
    endloop
  endfacet
  facet normal 0.0996006 -0.564856 0.819157
    outer loop
      vertex 6.85006 -50.3662 9.67874
      vertex 10.4479 -47.7355 11.0553
      vertex 6.50868 -48.4301 11.0553
    endloop
  endfacet
  facet normal -0.984807 -0.17365 -1.11088e-17
    outer loop
      vertex 6.85006 -50.3662 9.67874
      vertex 6.33511 -47.4458 9.62787
      vertex 6.33511 -47.4458 7.51823
    endloop
  endfacet
  facet normal -0.984808 -0.17365 6.82499e-06
    outer loop
      vertex 6.33511 -47.4458 9.62787
      vertex 6.85006 -50.3662 9.67874
      vertex 6.50868 -48.4301 11.0553
    endloop
  endfacet
  facet normal 0.984806 0.17366 -8.16863e-06
    outer loop
      vertex 10.7893 -49.6716 9.67874
      vertex 10.2743 -46.7512 7.58683
      vertex 10.4479 -47.7355 11.0553
    endloop
  endfacet
  facet normal 0.984805 0.173666 0
    outer loop
      vertex 10.2743 -46.7512 7.58683
      vertex 10.7893 -49.6716 9.67874
      vertex 10.2743 -46.7512 5.4436
    endloop
  endfacet
  facet normal 0.984801 0.173688 -0
    outer loop
      vertex 10.2743 -46.7512 7.58683
      vertex 10.2743 -46.7512 9.62787
      vertex 10.4479 -47.7355 11.0553
    endloop
  endfacet
  facet normal 0.142246 -0.806708 -0.573575
    outer loop
      vertex 6.85006 -50.3662 9.67874
      vertex 8.33511 -47.2708 5.69349
      vertex 10.7893 -49.6716 9.67874
    endloop
  endfacet
  facet normal 0.142252 -0.806708 -0.573573
    outer loop
      vertex 8.33511 -47.2708 5.69349
      vertex 6.85006 -50.3662 9.67874
      vertex 6.33511 -47.4458 5.4436
    endloop
  endfacet
  facet normal 0.142243 -0.806709 -0.573574
    outer loop
      vertex 10.7893 -49.6716 9.67874
      vertex 8.33511 -47.2708 5.69349
      vertex 10.2743 -46.7512 5.4436
    endloop
  endfacet
  facet normal -0.212012 0.791228 -0.573594
    outer loop
      vertex 10.7049 -47.6785 22.9447
      vertex 10.4442 -46.7056 24.3831
      vertex 11.4134 -46.4459 24.3831
    endloop
  endfacet
  facet normal 0.965916 0.258855 7.75979e-18
    outer loop
      vertex 14.5686 -46.6432 22.9447
      vertex 14.3079 -45.6704 24.3831
      vertex 14.3079 -45.6704 26.4398
    endloop
  endfacet
  facet normal -0.211996 0.791259 -0.573557
    outer loop
      vertex 14.5686 -46.6432 22.9447
      vertex 11.4134 -46.4459 24.3831
      vertex 14.3079 -45.6704 24.3831
    endloop
  endfacet
  facet normal -0.212014 0.791228 -0.573593
    outer loop
      vertex 11.4134 -46.4459 24.3831
      vertex 14.5686 -46.6432 22.9447
      vertex 10.7049 -47.6785 22.9447
    endloop
  endfacet
  facet normal 0.211997 -0.791239 0.573583
    outer loop
      vertex 11.2137 -49.5775 24.3213
      vertex 14.3079 -45.6704 28.5674
      vertex 10.4442 -46.7056 28.5674
    endloop
  endfacet
  facet normal 0.212018 -0.791243 0.573571
    outer loop
      vertex 14.3079 -45.6704 28.5674
      vertex 11.2137 -49.5775 24.3213
      vertex 15.0774 -48.5422 24.3213
    endloop
  endfacet
  facet normal 0.148456 -0.554033 -0.819151
    outer loop
      vertex 11.2137 -49.5775 24.3213
      vertex 14.5686 -46.6432 22.9447
      vertex 15.0774 -48.5422 24.3213
    endloop
  endfacet
  facet normal 0.148456 -0.554033 -0.819151
    outer loop
      vertex 14.5686 -46.6432 22.9447
      vertex 11.2137 -49.5775 24.3213
      vertex 10.7049 -47.6785 22.9447
    endloop
  endfacet
  facet normal -0.965928 -0.258811 -1.37101e-05
    outer loop
      vertex 11.2137 -49.5775 24.3213
      vertex 10.4442 -46.7056 24.3831
      vertex 10.7049 -47.6785 22.9447
    endloop
  endfacet
  facet normal -0.965928 -0.258812 0
    outer loop
      vertex 10.4442 -46.7056 24.3831
      vertex 11.2137 -49.5775 24.3213
      vertex 10.4442 -46.7056 28.5674
    endloop
  endfacet
  facet normal 0.965926 0.25882 3.56511e-18
    outer loop
      vertex 15.0774 -48.5422 24.3213
      vertex 14.3079 -45.6704 26.4398
      vertex 14.3079 -45.6704 28.5674
    endloop
  endfacet
  facet normal 0.965928 0.258811 1.31586e-05
    outer loop
      vertex 14.3079 -45.6704 26.4398
      vertex 15.0774 -48.5422 24.3213
      vertex 14.5686 -46.6432 22.9447
    endloop
  endfacet
  facet normal -0.939674 -0.342072 1.15594e-17
    outer loop
      vertex 14.8196 -46.5641 11.0553
      vertex 14.4777 -45.6249 9.62787
      vertex 14.4777 -45.6249 7.58683
    endloop
  endfacet
  facet normal 0.280227 -0.769709 -0.573604
    outer loop
      vertex 19.2508 -47.0434 9.67874
      vertex 15.5884 -45.3273 5.58672
      vertex 16.417 -45.1052 5.69349
    endloop
  endfacet
  facet normal 0.28015 -0.769759 -0.573574
    outer loop
      vertex 19.2508 -47.0434 9.67874
      vertex 16.417 -45.1052 5.69349
      vertex 18.2365 -44.2568 5.4436
    endloop
  endfacet
  facet normal 0.196174 -0.538979 0.819156
    outer loop
      vertex 18.5784 -45.196 11.0553
      vertex 15.492 -48.4115 9.67874
      vertex 19.2508 -47.0434 9.67874
    endloop
  endfacet
  facet normal 0.196174 -0.538979 0.819156
    outer loop
      vertex 15.492 -48.4115 9.67874
      vertex 18.5784 -45.196 11.0553
      vertex 14.8196 -46.5641 11.0553
    endloop
  endfacet
  facet normal 0.280169 -0.769754 -0.573572
    outer loop
      vertex 15.492 -48.4115 9.67874
      vertex 15.5884 -45.3273 5.58672
      vertex 19.2508 -47.0434 9.67874
    endloop
  endfacet
  facet normal 0.280156 -0.769757 -0.573574
    outer loop
      vertex 15.5884 -45.3273 5.58672
      vertex 15.492 -48.4115 9.67874
      vertex 14.4777 -45.6249 5.4436
    endloop
  endfacet
  facet normal -0.939686 -0.342038 -2.66118e-17
    outer loop
      vertex 15.492 -48.4115 9.67874
      vertex 14.4777 -45.6249 7.58683
      vertex 14.4777 -45.6249 5.4436
    endloop
  endfacet
  facet normal -0.939689 -0.342029 1.31767e-05
    outer loop
      vertex 14.4777 -45.6249 7.58683
      vertex 15.492 -48.4115 9.67874
      vertex 14.8196 -46.5641 11.0553
    endloop
  endfacet
  facet normal -0.280162 0.769734 0.573602
    outer loop
      vertex 18.5784 -45.196 11.0553
      vertex 16.417 -45.1052 9.87777
      vertex 14.8196 -46.5641 11.0553
    endloop
  endfacet
  facet normal -0.280128 0.769789 0.573544
    outer loop
      vertex 16.417 -45.1052 9.87777
      vertex 18.5784 -45.196 11.0553
      vertex 17.4032 -44.6454 9.74232
    endloop
  endfacet
  facet normal -0.28019 0.769743 0.573576
    outer loop
      vertex 14.8196 -46.5641 11.0553
      vertex 16.417 -45.1052 9.87777
      vertex 14.4777 -45.6249 9.62787
    endloop
  endfacet
  facet normal -0.280184 0.769745 0.573576
    outer loop
      vertex 18.2365 -44.2568 9.62787
      vertex 17.4032 -44.6454 9.74232
      vertex 18.5784 -45.196 11.0553
    endloop
  endfacet
  facet normal 0.939686 0.342038 -2.58193e-05
    outer loop
      vertex 19.2508 -47.0434 9.67874
      vertex 18.2365 -44.2568 9.62787
      vertex 18.5784 -45.196 11.0553
    endloop
  endfacet
  facet normal 0.939686 0.342038 0
    outer loop
      vertex 18.2365 -44.2568 9.62787
      vertex 19.2508 -47.0434 9.67874
      vertex 18.2365 -44.2568 5.4436
    endloop
  endfacet
  facet normal -0.346219 0.7424 -0.573563
    outer loop
      vertex 18.8215 -45.0953 22.9447
      vertex 18.3959 -44.1825 24.3831
      vertex 19.3053 -43.7584 24.3831
    endloop
  endfacet
  facet normal 0.346188 -0.742404 0.573577
    outer loop
      vertex 21.0804 -42.9307 28.5674
      vertex 18.3959 -44.1825 28.5674
      vertex 19.6524 -46.8771 24.3213
    endloop
  endfacet
  facet normal 0.346197 -0.742403 0.573573
    outer loop
      vertex 23.2776 -45.1866 24.3213
      vertex 21.0804 -42.9307 28.5674
      vertex 19.6524 -46.8771 24.3213
    endloop
  endfacet
  facet normal 0.346217 -0.74239 0.573577
    outer loop
      vertex 21.0804 -42.9307 28.5674
      vertex 23.2776 -45.1866 24.3213
      vertex 22.0211 -42.492 28.5674
    endloop
  endfacet
  facet normal 0.242401 -0.519833 -0.819155
    outer loop
      vertex 19.6524 -46.8771 24.3213
      vertex 18.8215 -45.0953 22.9447
      vertex 22.4468 -43.4048 22.9447
    endloop
  endfacet
  facet normal -0.906305 -0.422623 1.3495e-05
    outer loop
      vertex 19.6524 -46.8771 24.3213
      vertex 18.3959 -44.1825 26.4398
      vertex 18.8215 -45.0953 22.9447
    endloop
  endfacet
  facet normal -0.906309 -0.422615 0
    outer loop
      vertex 18.3959 -44.1825 26.4398
      vertex 19.6524 -46.8771 24.3213
      vertex 18.3959 -44.1825 28.5674
    endloop
  endfacet
  facet normal -0.906325 -0.422581 -0
    outer loop
      vertex 18.3959 -44.1825 26.4398
      vertex 18.3959 -44.1825 24.3831
      vertex 18.8215 -45.0953 22.9447
    endloop
  endfacet
  facet normal -0.346188 0.742402 -0.573579
    outer loop
      vertex 22.4468 -43.4048 22.9447
      vertex 19.3053 -43.7584 24.3831
      vertex 22.0211 -42.492 24.3831
    endloop
  endfacet
  facet normal -0.346187 0.742404 -0.573578
    outer loop
      vertex 19.3053 -43.7584 24.3831
      vertex 22.4468 -43.4048 22.9447
      vertex 18.8215 -45.0953 22.9447
    endloop
  endfacet
  facet normal 0.906309 0.422615 -0
    outer loop
      vertex 22.0211 -42.492 26.4874
      vertex 22.0211 -42.492 28.5674
      vertex 23.2776 -45.1866 24.3213
    endloop
  endfacet
  facet normal 0.906309 0.422615 5.47611e-18
    outer loop
      vertex 23.2776 -45.1866 24.3213
      vertex 22.0211 -42.492 24.3831
      vertex 22.0211 -42.492 26.4874
    endloop
  endfacet
  facet normal 0.90631 0.422614 3.74957e-05
    outer loop
      vertex 22.0211 -42.492 24.3831
      vertex 23.2776 -45.1866 24.3213
      vertex 22.4468 -43.4048 22.9447
    endloop
  endfacet
  facet normal 0.24241 -0.519838 -0.81915
    outer loop
      vertex 23.2776 -45.1866 24.3213
      vertex 19.6524 -46.8771 24.3213
      vertex 22.4468 -43.4048 22.9447
    endloop
  endfacet
  facet normal 0.866033 0.499987 -2.77383e-17
    outer loop
      vertex 27.1273 -42.9859 9.67874
      vertex 25.6446 -40.4177 5.4436
      vertex 25.6446 -40.4177 7.51823
    endloop
  endfacet
  facet normal 0.409571 -0.709405 -0.573582
    outer loop
      vertex 27.1273 -42.9859 9.67874
      vertex 23.2226 -41.9317 5.58672
      vertex 24 -41.5692 5.69349
    endloop
  endfacet
  facet normal 0.40956 -0.709416 -0.573576
    outer loop
      vertex 27.1273 -42.9859 9.67874
      vertex 24 -41.5692 5.69349
      vertex 25.6446 -40.4177 5.4436
    endloop
  endfacet
  facet normal 0.286782 -0.496721 0.819161
    outer loop
      vertex 26.1443 -41.2833 11.0553
      vertex 23.6632 -44.9859 9.67874
      vertex 27.1273 -42.9859 9.67874
    endloop
  endfacet
  facet normal 0.286782 -0.496721 0.819161
    outer loop
      vertex 23.6632 -44.9859 9.67874
      vertex 26.1443 -41.2833 11.0553
      vertex 22.6802 -43.2833 11.0553
    endloop
  endfacet
  facet normal 0.409574 -0.709402 -0.573583
    outer loop
      vertex 23.6632 -44.9859 9.67874
      vertex 23.2226 -41.9317 5.58672
      vertex 27.1273 -42.9859 9.67874
    endloop
  endfacet
  facet normal 0.409608 -0.709388 -0.573576
    outer loop
      vertex 23.2226 -41.9317 5.58672
      vertex 23.6632 -44.9859 9.67874
      vertex 22.1805 -42.4177 5.4436
    endloop
  endfacet
  facet normal -0.40957 0.709396 0.573594
    outer loop
      vertex 26.1443 -41.2833 11.0553
      vertex 24 -41.5692 9.87777
      vertex 22.6802 -43.2833 11.0553
    endloop
  endfacet
  facet normal -0.40956 0.709421 0.57357
    outer loop
      vertex 24 -41.5692 9.87777
      vertex 26.1443 -41.2833 11.0553
      vertex 25.6446 -40.4177 9.62787
    endloop
  endfacet
  facet normal -0.409596 0.7094 0.57357
    outer loop
      vertex 22.6802 -43.2833 11.0553
      vertex 24 -41.5692 9.87777
      vertex 22.1805 -42.4177 9.62787
    endloop
  endfacet
  facet normal 0.866033 0.499987 2.28542e-05
    outer loop
      vertex 27.1273 -42.9859 9.67874
      vertex 25.6446 -40.4177 9.62787
      vertex 26.1443 -41.2833 11.0553
    endloop
  endfacet
  facet normal 0.866033 0.499987 0
    outer loop
      vertex 25.6446 -40.4177 9.62787
      vertex 27.1273 -42.9859 9.67874
      vertex 25.6446 -40.4177 7.51823
    endloop
  endfacet
  facet normal -0.866033 -0.499987 -1.37531e-17
    outer loop
      vertex 23.6632 -44.9859 9.67874
      vertex 22.1805 -42.4177 9.62787
      vertex 22.1805 -42.4177 5.4436
    endloop
  endfacet
  facet normal -0.866033 -0.499987 -2.28542e-05
    outer loop
      vertex 22.1805 -42.4177 9.62787
      vertex 23.6632 -44.9859 9.67874
      vertex 22.6802 -43.2833 11.0553
    endloop
  endfacet
  facet normal -0.819161 -0.573564 1.29747e-05
    outer loop
      vertex 27.4939 -42.7523 24.3213
      vertex 25.7886 -40.3168 24.3831
      vertex 26.3663 -41.1419 22.9447
    endloop
  endfacet
  facet normal -0.819161 -0.573564 0
    outer loop
      vertex 25.7886 -40.3168 24.3831
      vertex 27.4939 -42.7523 24.3213
      vertex 25.7886 -40.3168 28.5674
    endloop
  endfacet
  facet normal 0.469843 -0.671011 0.573578
    outer loop
      vertex 28.2149 -38.6179 28.5674
      vertex 25.7886 -40.3168 28.5674
      vertex 27.4939 -42.7523 24.3213
    endloop
  endfacet
  facet normal 0.469855 -0.671007 0.573573
    outer loop
      vertex 27.4939 -42.7523 24.3213
      vertex 29.0652 -38.0225 28.5674
      vertex 28.2149 -38.6179 28.5674
    endloop
  endfacet
  facet normal 0.469846 -0.671009 0.573578
    outer loop
      vertex 29.0652 -38.0225 28.5674
      vertex 27.4939 -42.7523 24.3213
      vertex 30.7705 -40.458 24.3213
    endloop
  endfacet
  facet normal -0.46985 0.671015 -0.573568
    outer loop
      vertex 26.3663 -41.1419 22.9447
      vertex 28.2433 -38.5981 24.3831
      vertex 29.6429 -38.8476 22.9447
    endloop
  endfacet
  facet normal -0.469819 0.67101 -0.573599
    outer loop
      vertex 28.2433 -38.5981 24.3831
      vertex 26.3663 -41.1419 22.9447
      vertex 25.7886 -40.3168 24.3831
    endloop
  endfacet
  facet normal 0.819161 0.573564 -2.79229e-17
    outer loop
      vertex 30.7705 -40.458 24.3213
      vertex 29.0652 -38.0225 24.3831
      vertex 29.0652 -38.0225 28.5674
    endloop
  endfacet
  facet normal 0.819161 0.573564 -1.29747e-05
    outer loop
      vertex 29.0652 -38.0225 24.3831
      vertex 30.7705 -40.458 24.3213
      vertex 29.6429 -38.8476 22.9447
    endloop
  endfacet
  facet normal -0.469892 0.670959 -0.573599
    outer loop
      vertex 29.6429 -38.8476 22.9447
      vertex 28.2433 -38.5981 24.3831
      vertex 29.0652 -38.0225 24.3831
    endloop
  endfacet
  facet normal 0.328997 -0.469856 -0.819144
    outer loop
      vertex 27.4939 -42.7523 24.3213
      vertex 29.6429 -38.8476 22.9447
      vertex 30.7705 -40.458 24.3213
    endloop
  endfacet
  facet normal 0.328997 -0.469856 -0.819144
    outer loop
      vertex 29.6429 -38.8476 22.9447
      vertex 27.4939 -42.7523 24.3213
      vertex 26.3663 -41.1419 22.9447
    endloop
  endfacet
  facet normal 0.368678 -0.439368 0.819166
    outer loop
      vertex 34.1796 -37.6222 9.67874
      vertex 29.8517 -38.6873 11.0553
      vertex 31.1154 -40.1934 9.67874
    endloop
  endfacet
  facet normal -0.766042 -0.642791 -5.36543e-17
    outer loop
      vertex 31.1154 -40.1934 9.67874
      vertex 29.2092 -37.9217 9.62787
      vertex 29.2092 -37.9217 7.51823
    endloop
  endfacet
  facet normal -0.766042 -0.64279 4.31662e-05
    outer loop
      vertex 29.2092 -37.9217 9.62787
      vertex 31.1154 -40.1934 9.67874
      vertex 29.8517 -38.6873 11.0553
    endloop
  endfacet
  facet normal -0.766042 -0.642791 -5.45597e-17
    outer loop
      vertex 31.1154 -40.1934 9.67874
      vertex 29.2092 -37.9217 7.51823
      vertex 29.2092 -37.9217 5.4436
    endloop
  endfacet
  facet normal 0.368679 -0.439387 0.819155
    outer loop
      vertex 32.9159 -36.1162 11.0553
      vertex 29.8517 -38.6873 11.0553
      vertex 34.1796 -37.6222 9.67874
    endloop
  endfacet
  facet normal -0.526574 0.62746 0.573597
    outer loop
      vertex 32.2734 -35.3505 9.62787
      vertex 31.6233 -36.0007 9.74232
      vertex 32.9159 -36.1162 11.0553
    endloop
  endfacet
  facet normal -0.526525 0.627505 0.573592
    outer loop
      vertex 32.9159 -36.1162 11.0553
      vertex 30.8538 -36.7701 9.87777
      vertex 29.8517 -38.6873 11.0553
    endloop
  endfacet
  facet normal -0.526515 0.627555 0.573547
    outer loop
      vertex 30.8538 -36.7701 9.87777
      vertex 32.9159 -36.1162 11.0553
      vertex 31.6233 -36.0007 9.74232
    endloop
  endfacet
  facet normal -0.526553 0.627505 0.573568
    outer loop
      vertex 29.8517 -38.6873 11.0553
      vertex 30.8538 -36.7701 9.87777
      vertex 29.2092 -37.9217 9.62787
    endloop
  endfacet
  facet normal 0.526537 -0.627504 -0.573584
    outer loop
      vertex 32.2734 -35.3505 5.4436
      vertex 31.1154 -40.1934 9.67874
      vertex 30.8538 -36.7701 5.69349
    endloop
  endfacet
  facet normal 0.526547 -0.627498 -0.57358
    outer loop
      vertex 30.8538 -36.7701 5.69349
      vertex 31.1154 -40.1934 9.67874
      vertex 29.2092 -37.9217 5.4436
    endloop
  endfacet
  facet normal 0.526543 -0.627502 -0.57358
    outer loop
      vertex 31.1154 -40.1934 9.67874
      vertex 32.2734 -35.3505 5.4436
      vertex 34.1796 -37.6222 9.67874
    endloop
  endfacet
  facet normal 0.766042 0.642791 2.4126e-06
    outer loop
      vertex 34.1796 -37.6222 9.67874
      vertex 32.2734 -35.3505 9.62787
      vertex 32.9159 -36.1162 11.0553
    endloop
  endfacet
  facet normal 0.766042 0.642791 0
    outer loop
      vertex 32.2734 -35.3505 9.62787
      vertex 34.1796 -37.6222 9.67874
      vertex 32.2734 -35.3505 5.4436
    endloop
  endfacet
  facet normal -0.579237 0.579237 -0.573559
    outer loop
      vertex 35.9384 -33.1099 22.9447
      vertex 32.3978 -35.2262 24.3831
      vertex 35.2262 -32.3978 24.3831
    endloop
  endfacet
  facet normal -0.579237 0.579237 -0.573559
    outer loop
      vertex 32.3978 -35.2262 24.3831
      vertex 35.9384 -33.1099 22.9447
      vertex 33.1099 -35.9384 22.9447
    endloop
  endfacet
  facet normal 0.579231 -0.579231 0.57357
    outer loop
      vertex 32.3978 -35.2262 28.5674
      vertex 37.3285 -34.5001 24.3213
      vertex 35.2262 -32.3978 28.5674
    endloop
  endfacet
  facet normal 0.579231 -0.579231 0.57357
    outer loop
      vertex 37.3285 -34.5001 24.3213
      vertex 32.3978 -35.2262 28.5674
      vertex 34.5001 -37.3285 24.3213
    endloop
  endfacet
  facet normal -0.707107 -0.707107 -0
    outer loop
      vertex 32.3978 -35.2262 28.5674
      vertex 32.3978 -35.2262 26.4874
      vertex 34.5001 -37.3285 24.3213
    endloop
  endfacet
  facet normal 0.405582 -0.405582 -0.819149
    outer loop
      vertex 34.5001 -37.3285 24.3213
      vertex 35.9384 -33.1099 22.9447
      vertex 37.3285 -34.5001 24.3213
    endloop
  endfacet
  facet normal 0.405582 -0.405582 -0.819149
    outer loop
      vertex 35.9384 -33.1099 22.9447
      vertex 34.5001 -37.3285 24.3213
      vertex 33.1099 -35.9384 22.9447
    endloop
  endfacet
  facet normal -0.707106 -0.707108 4.98853e-05
    outer loop
      vertex 34.5001 -37.3285 24.3213
      vertex 32.3978 -35.2262 24.3831
      vertex 33.1099 -35.9384 22.9447
    endloop
  endfacet
  facet normal -0.707107 -0.707107 0
    outer loop
      vertex 32.3978 -35.2262 24.3831
      vertex 34.5001 -37.3285 24.3213
      vertex 32.3978 -35.2262 26.4874
    endloop
  endfacet
  facet normal 0.707107 0.707107 -3.20947e-17
    outer loop
      vertex 37.3285 -34.5001 24.3213
      vertex 35.2262 -32.3978 24.3831
      vertex 35.2262 -32.3978 26.4874
    endloop
  endfacet
  facet normal 0.707108 0.707106 4.98853e-05
    outer loop
      vertex 35.2262 -32.3978 24.3831
      vertex 37.3285 -34.5001 24.3213
      vertex 35.9384 -33.1099 22.9447
    endloop
  endfacet
  facet normal 0.707107 0.707107 -3.24697e-17
    outer loop
      vertex 37.3285 -34.5001 24.3213
      vertex 35.2262 -32.3978 26.4874
      vertex 35.2262 -32.3978 28.5674
    endloop
  endfacet
  facet normal 0.439387 -0.368679 0.819155
    outer loop
      vertex 38.6873 -29.8517 11.0553
      vertex 36.1162 -32.9159 11.0553
      vertex 37.6222 -34.1796 9.67874
    endloop
  endfacet
  facet normal -0.62746 0.526574 0.573597
    outer loop
      vertex 36.0007 -31.6233 9.74232
      vertex 35.3505 -32.2734 9.62787
      vertex 36.1162 -32.9159 11.0553
    endloop
  endfacet
  facet normal 0.439368 -0.368678 0.819166
    outer loop
      vertex 38.6873 -29.8517 11.0553
      vertex 37.6222 -34.1796 9.67874
      vertex 40.1934 -31.1154 9.67874
    endloop
  endfacet
  facet normal 0.64279 0.766042 4.31662e-05
    outer loop
      vertex 40.1934 -31.1154 9.67874
      vertex 37.9217 -29.2092 9.62787
      vertex 38.6873 -29.8517 11.0553
    endloop
  endfacet
  facet normal 0.642791 0.766042 0
    outer loop
      vertex 37.9217 -29.2092 9.62787
      vertex 40.1934 -31.1154 9.67874
      vertex 37.9217 -29.2092 7.51823
    endloop
  endfacet
  facet normal -0.627505 0.526553 0.573568
    outer loop
      vertex 36.7701 -30.8538 9.87777
      vertex 38.6873 -29.8517 11.0553
      vertex 37.9217 -29.2092 9.62787
    endloop
  endfacet
  facet normal -0.627555 0.526515 0.573547
    outer loop
      vertex 36.1162 -32.9159 11.0553
      vertex 36.7701 -30.8538 9.87777
      vertex 36.0007 -31.6233 9.74232
    endloop
  endfacet
  facet normal -0.627505 0.526525 0.573592
    outer loop
      vertex 36.7701 -30.8538 9.87777
      vertex 36.1162 -32.9159 11.0553
      vertex 38.6873 -29.8517 11.0553
    endloop
  endfacet
  facet normal 0.627498 -0.526547 -0.57358
    outer loop
      vertex 40.1934 -31.1154 9.67874
      vertex 36.7701 -30.8538 5.69349
      vertex 37.9217 -29.2092 5.4436
    endloop
  endfacet
  facet normal 0.627504 -0.526537 -0.573584
    outer loop
      vertex 40.1934 -31.1154 9.67874
      vertex 35.3505 -32.2734 5.4436
      vertex 36.7701 -30.8538 5.69349
    endloop
  endfacet
  facet normal 0.627502 -0.526543 -0.57358
    outer loop
      vertex 35.3505 -32.2734 5.4436
      vertex 40.1934 -31.1154 9.67874
      vertex 37.6222 -34.1796 9.67874
    endloop
  endfacet
  facet normal -0.642791 -0.766042 2.4126e-06
    outer loop
      vertex 35.3505 -32.2734 9.62787
      vertex 37.6222 -34.1796 9.67874
      vertex 36.1162 -32.9159 11.0553
    endloop
  endfacet
  facet normal -0.642791 -0.766042 -1.53782e-17
    outer loop
      vertex 37.6222 -34.1796 9.67874
      vertex 35.3505 -32.2734 9.62787
      vertex 35.3505 -32.2734 5.4436
    endloop
  endfacet
  facet normal 0.642791 0.766042 -5.45597e-17
    outer loop
      vertex 40.1934 -31.1154 9.67874
      vertex 37.9217 -29.2092 5.4436
      vertex 37.9217 -29.2092 7.51823
    endloop
  endfacet
  facet normal -0.670959 0.469892 -0.573599
    outer loop
      vertex 38.8476 -29.6429 22.9447
      vertex 38.0225 -29.0652 24.3831
      vertex 38.5981 -28.2433 24.3831
    endloop
  endfacet
  facet normal 0.671007 -0.469855 0.573573
    outer loop
      vertex 38.0225 -29.0652 28.5674
      vertex 42.7523 -27.4939 24.3213
      vertex 38.6179 -28.2149 28.5674
    endloop
  endfacet
  facet normal 0.671009 -0.469846 0.573578
    outer loop
      vertex 42.7523 -27.4939 24.3213
      vertex 38.0225 -29.0652 28.5674
      vertex 40.458 -30.7705 24.3213
    endloop
  endfacet
  facet normal -0.573564 -0.819161 0
    outer loop
      vertex 38.0225 -29.0652 24.3831
      vertex 40.458 -30.7705 24.3213
      vertex 38.0225 -29.0652 28.5674
    endloop
  endfacet
  facet normal -0.573564 -0.819161 -1.29747e-05
    outer loop
      vertex 40.458 -30.7705 24.3213
      vertex 38.0225 -29.0652 24.3831
      vertex 38.8476 -29.6429 22.9447
    endloop
  endfacet
  facet normal 0.573564 0.819161 2.50644e-17
    outer loop
      vertex 42.7523 -27.4939 24.3213
      vertex 40.3168 -25.7886 24.3831
      vertex 40.3168 -25.7886 28.5674
    endloop
  endfacet
  facet normal 0.573564 0.819161 1.29747e-05
    outer loop
      vertex 40.3168 -25.7886 24.3831
      vertex 42.7523 -27.4939 24.3213
      vertex 41.1419 -26.3663 22.9447
    endloop
  endfacet
  facet normal -0.67101 0.469819 -0.573599
    outer loop
      vertex 41.1419 -26.3663 22.9447
      vertex 38.5981 -28.2433 24.3831
      vertex 40.3168 -25.7886 24.3831
    endloop
  endfacet
  facet normal -0.671015 0.46985 -0.573568
    outer loop
      vertex 38.5981 -28.2433 24.3831
      vertex 41.1419 -26.3663 22.9447
      vertex 38.8476 -29.6429 22.9447
    endloop
  endfacet
  facet normal 0.469856 -0.328997 -0.819144
    outer loop
      vertex 40.458 -30.7705 24.3213
      vertex 41.1419 -26.3663 22.9447
      vertex 42.7523 -27.4939 24.3213
    endloop
  endfacet
  facet normal 0.469856 -0.328997 -0.819144
    outer loop
      vertex 41.1419 -26.3663 22.9447
      vertex 40.458 -30.7705 24.3213
      vertex 38.8476 -29.6429 22.9447
    endloop
  endfacet
  facet normal 0.671011 -0.469843 0.573578
    outer loop
      vertex 40.3168 -25.7886 28.5674
      vertex 38.6179 -28.2149 28.5674
      vertex 42.7523 -27.4939 24.3213
    endloop
  endfacet
  facet normal 0.496721 -0.286782 0.819161
    outer loop
      vertex 43.2833 -22.6802 11.0553
      vertex 42.9859 -27.1273 9.67874
      vertex 44.9859 -23.6632 9.67874
    endloop
  endfacet
  facet normal 0.496721 -0.286782 0.819161
    outer loop
      vertex 42.9859 -27.1273 9.67874
      vertex 43.2833 -22.6802 11.0553
      vertex 41.2833 -26.1443 11.0553
    endloop
  endfacet
  facet normal 0.709416 -0.40956 -0.573576
    outer loop
      vertex 41.5692 -24 5.69349
      vertex 42.9859 -27.1273 9.67874
      vertex 40.4177 -25.6446 5.4436
    endloop
  endfacet
  facet normal 0.709405 -0.409571 -0.573582
    outer loop
      vertex 42.9859 -27.1273 9.67874
      vertex 41.5692 -24 5.69349
      vertex 41.9317 -23.2226 5.58672
    endloop
  endfacet
  facet normal -0.499987 -0.866033 -2.77383e-17
    outer loop
      vertex 42.9859 -27.1273 9.67874
      vertex 40.4177 -25.6446 7.51823
      vertex 40.4177 -25.6446 5.4436
    endloop
  endfacet
  facet normal -0.499987 -0.866033 2.28542e-05
    outer loop
      vertex 40.4177 -25.6446 9.62787
      vertex 42.9859 -27.1273 9.67874
      vertex 41.2833 -26.1443 11.0553
    endloop
  endfacet
  facet normal -0.499987 -0.866033 -2.7278e-17
    outer loop
      vertex 42.9859 -27.1273 9.67874
      vertex 40.4177 -25.6446 9.62787
      vertex 40.4177 -25.6446 7.51823
    endloop
  endfacet
  facet normal 0.709388 -0.409608 -0.573576
    outer loop
      vertex 44.9859 -23.6632 9.67874
      vertex 41.9317 -23.2226 5.58672
      vertex 42.4177 -22.1805 5.4436
    endloop
  endfacet
  facet normal 0.709402 -0.409574 -0.573583
    outer loop
      vertex 41.9317 -23.2226 5.58672
      vertex 44.9859 -23.6632 9.67874
      vertex 42.9859 -27.1273 9.67874
    endloop
  endfacet
  facet normal -0.7094 0.409596 0.57357
    outer loop
      vertex 41.5692 -24 9.87777
      vertex 43.2833 -22.6802 11.0553
      vertex 42.4177 -22.1805 9.62787
    endloop
  endfacet
  facet normal -0.709421 0.40956 0.57357
    outer loop
      vertex 41.2833 -26.1443 11.0553
      vertex 41.5692 -24 9.87777
      vertex 40.4177 -25.6446 9.62787
    endloop
  endfacet
  facet normal -0.709396 0.40957 0.573594
    outer loop
      vertex 41.5692 -24 9.87777
      vertex 41.2833 -26.1443 11.0553
      vertex 43.2833 -22.6802 11.0553
    endloop
  endfacet
  facet normal 0.499987 0.866033 -2.28542e-05
    outer loop
      vertex 44.9859 -23.6632 9.67874
      vertex 42.4177 -22.1805 9.62787
      vertex 43.2833 -22.6802 11.0553
    endloop
  endfacet
  facet normal 0.499987 0.866033 0
    outer loop
      vertex 42.4177 -22.1805 9.62787
      vertex 44.9859 -23.6632 9.67874
      vertex 42.4177 -22.1805 5.4436
    endloop
  endfacet
  facet normal 0.422615 0.906309 5.41614e-18
    outer loop
      vertex 46.8771 -19.6524 24.3213
      vertex 44.1825 -18.3959 26.4398
      vertex 44.1825 -18.3959 28.5674
    endloop
  endfacet
  facet normal 0.422623 0.906305 1.3495e-05
    outer loop
      vertex 44.1825 -18.3959 26.4398
      vertex 46.8771 -19.6524 24.3213
      vertex 45.0953 -18.8215 22.9447
    endloop
  endfacet
  facet normal 0.742404 -0.346188 0.573577
    outer loop
      vertex 44.1825 -18.3959 28.5674
      vertex 42.9307 -21.0804 28.5674
      vertex 46.8771 -19.6524 24.3213
    endloop
  endfacet
  facet normal 0.74239 -0.346217 0.573577
    outer loop
      vertex 45.1866 -23.2776 24.3213
      vertex 42.9307 -21.0804 28.5674
      vertex 42.492 -22.0211 28.5674
    endloop
  endfacet
  facet normal 0.742403 -0.346197 0.573573
    outer loop
      vertex 42.9307 -21.0804 28.5674
      vertex 45.1866 -23.2776 24.3213
      vertex 46.8771 -19.6524 24.3213
    endloop
  endfacet
  facet normal -0.422615 -0.906309 -0
    outer loop
      vertex 42.492 -22.0211 28.5674
      vertex 42.492 -22.0211 26.4874
      vertex 45.1866 -23.2776 24.3213
    endloop
  endfacet
  facet normal -0.742404 0.346187 -0.573578
    outer loop
      vertex 43.4048 -22.4468 22.9447
      vertex 43.7584 -19.3053 24.3831
      vertex 45.0953 -18.8215 22.9447
    endloop
  endfacet
  facet normal -0.742402 0.346188 -0.573579
    outer loop
      vertex 43.7584 -19.3053 24.3831
      vertex 43.4048 -22.4468 22.9447
      vertex 42.492 -22.0211 24.3831
    endloop
  endfacet
  facet normal 0.519833 -0.242401 -0.819155
    outer loop
      vertex 46.8771 -19.6524 24.3213
      vertex 43.4048 -22.4468 22.9447
      vertex 45.0953 -18.8215 22.9447
    endloop
  endfacet
  facet normal 0.422581 0.906325 -0
    outer loop
      vertex 44.1825 -18.3959 24.3831
      vertex 44.1825 -18.3959 26.4398
      vertex 45.0953 -18.8215 22.9447
    endloop
  endfacet
  facet normal -0.7424 0.346219 -0.573563
    outer loop
      vertex 45.0953 -18.8215 22.9447
      vertex 43.7584 -19.3053 24.3831
      vertex 44.1825 -18.3959 24.3831
    endloop
  endfacet
  facet normal 0.519838 -0.24241 -0.81915
    outer loop
      vertex 45.1866 -23.2776 24.3213
      vertex 43.4048 -22.4468 22.9447
      vertex 46.8771 -19.6524 24.3213
    endloop
  endfacet
  facet normal -0.422615 -0.906309 0
    outer loop
      vertex 42.492 -22.0211 24.3831
      vertex 45.1866 -23.2776 24.3213
      vertex 42.492 -22.0211 26.4874
    endloop
  endfacet
  facet normal -0.422614 -0.90631 3.74957e-05
    outer loop
      vertex 45.1866 -23.2776 24.3213
      vertex 42.492 -22.0211 24.3831
      vertex 43.4048 -22.4468 22.9447
    endloop
  endfacet
  facet normal -0.769745 0.280184 0.573576
    outer loop
      vertex 44.6454 -17.4032 9.74232
      vertex 44.2568 -18.2365 9.62787
      vertex 45.196 -18.5784 11.0553
    endloop
  endfacet
  facet normal 0.769759 -0.28015 -0.573574
    outer loop
      vertex 45.1052 -16.417 5.69349
      vertex 47.0434 -19.2508 9.67874
      vertex 44.2568 -18.2365 5.4436
    endloop
  endfacet
  facet normal 0.769709 -0.280227 -0.573604
    outer loop
      vertex 47.0434 -19.2508 9.67874
      vertex 45.1052 -16.417 5.69349
      vertex 45.3273 -15.5884 5.58672
    endloop
  endfacet
  facet normal 0.538979 -0.196174 0.819156
    outer loop
      vertex 46.5641 -14.8196 11.0553
      vertex 47.0434 -19.2508 9.67874
      vertex 48.4115 -15.492 9.67874
    endloop
  endfacet
  facet normal 0.538979 -0.196174 0.819156
    outer loop
      vertex 47.0434 -19.2508 9.67874
      vertex 46.5641 -14.8196 11.0553
      vertex 45.196 -18.5784 11.0553
    endloop
  endfacet
  facet normal 0.342072 0.939674 1.15594e-17
    outer loop
      vertex 46.5641 -14.8196 11.0553
      vertex 45.6249 -14.4777 7.58683
      vertex 45.6249 -14.4777 9.62787
    endloop
  endfacet
  facet normal -0.769743 0.28019 0.573576
    outer loop
      vertex 45.1052 -16.417 9.87777
      vertex 46.5641 -14.8196 11.0553
      vertex 45.6249 -14.4777 9.62787
    endloop
  endfacet
  facet normal -0.769789 0.280128 0.573544
    outer loop
      vertex 45.196 -18.5784 11.0553
      vertex 45.1052 -16.417 9.87777
      vertex 44.6454 -17.4032 9.74232
    endloop
  endfacet
  facet normal -0.769734 0.280162 0.573602
    outer loop
      vertex 45.1052 -16.417 9.87777
      vertex 45.196 -18.5784 11.0553
      vertex 46.5641 -14.8196 11.0553
    endloop
  endfacet
  facet normal -0.342038 -0.939686 -2.58193e-05
    outer loop
      vertex 44.2568 -18.2365 9.62787
      vertex 47.0434 -19.2508 9.67874
      vertex 45.196 -18.5784 11.0553
    endloop
  endfacet
  facet normal -0.342038 -0.939686 -8.4057e-18
    outer loop
      vertex 47.0434 -19.2508 9.67874
      vertex 44.2568 -18.2365 9.62787
      vertex 44.2568 -18.2365 5.4436
    endloop
  endfacet
  facet normal 0.342029 0.939689 1.31767e-05
    outer loop
      vertex 48.4115 -15.492 9.67874
      vertex 45.6249 -14.4777 7.58683
      vertex 46.5641 -14.8196 11.0553
    endloop
  endfacet
  facet normal 0.342038 0.939686 0
    outer loop
      vertex 45.6249 -14.4777 7.58683
      vertex 48.4115 -15.492 9.67874
      vertex 45.6249 -14.4777 5.4436
    endloop
  endfacet
  facet normal 0.769757 -0.280156 -0.573574
    outer loop
      vertex 48.4115 -15.492 9.67874
      vertex 45.3273 -15.5884 5.58672
      vertex 45.6249 -14.4777 5.4436
    endloop
  endfacet
  facet normal 0.769754 -0.280169 -0.573572
    outer loop
      vertex 45.3273 -15.5884 5.58672
      vertex 48.4115 -15.492 9.67874
      vertex 47.0434 -19.2508 9.67874
    endloop
  endfacet
  facet normal -0.791228 0.212014 -0.573593
    outer loop
      vertex 46.6432 -14.5686 22.9447
      vertex 46.4459 -11.4134 24.3831
      vertex 47.6785 -10.7049 22.9447
    endloop
  endfacet
  facet normal -0.791259 0.211996 -0.573557
    outer loop
      vertex 46.4459 -11.4134 24.3831
      vertex 46.6432 -14.5686 22.9447
      vertex 45.6704 -14.3079 24.3831
    endloop
  endfacet
  facet normal -0.25882 -0.965926 0
    outer loop
      vertex 45.6704 -14.3079 26.4398
      vertex 48.5422 -15.0774 24.3213
      vertex 45.6704 -14.3079 28.5674
    endloop
  endfacet
  facet normal -0.258811 -0.965928 1.31586e-05
    outer loop
      vertex 48.5422 -15.0774 24.3213
      vertex 45.6704 -14.3079 26.4398
      vertex 46.6432 -14.5686 22.9447
    endloop
  endfacet
  facet normal -0.258855 -0.965916 7.75979e-18
    outer loop
      vertex 46.6432 -14.5686 22.9447
      vertex 45.6704 -14.3079 26.4398
      vertex 45.6704 -14.3079 24.3831
    endloop
  endfacet
  facet normal 0.258812 0.965928 1.41007e-17
    outer loop
      vertex 49.5775 -11.2137 24.3213
      vertex 46.7056 -10.4442 24.3831
      vertex 46.7056 -10.4442 28.5674
    endloop
  endfacet
  facet normal 0.258811 0.965928 -1.37101e-05
    outer loop
      vertex 46.7056 -10.4442 24.3831
      vertex 49.5775 -11.2137 24.3213
      vertex 47.6785 -10.7049 22.9447
    endloop
  endfacet
  facet normal -0.791228 0.212012 -0.573594
    outer loop
      vertex 47.6785 -10.7049 22.9447
      vertex 46.4459 -11.4134 24.3831
      vertex 46.7056 -10.4442 24.3831
    endloop
  endfacet
  facet normal 0.554033 -0.148456 -0.819151
    outer loop
      vertex 48.5422 -15.0774 24.3213
      vertex 47.6785 -10.7049 22.9447
      vertex 49.5775 -11.2137 24.3213
    endloop
  endfacet
  facet normal 0.554033 -0.148456 -0.819151
    outer loop
      vertex 47.6785 -10.7049 22.9447
      vertex 48.5422 -15.0774 24.3213
      vertex 46.6432 -14.5686 22.9447
    endloop
  endfacet
  facet normal 0.791239 -0.211997 0.573583
    outer loop
      vertex 45.6704 -14.3079 28.5674
      vertex 49.5775 -11.2137 24.3213
      vertex 46.7056 -10.4442 28.5674
    endloop
  endfacet
  facet normal 0.791243 -0.212018 0.573571
    outer loop
      vertex 49.5775 -11.2137 24.3213
      vertex 45.6704 -14.3079 28.5674
      vertex 48.5422 -15.0774 24.3213
    endloop
  endfacet
  facet normal -0.806708 0.142255 0.573572
    outer loop
      vertex 47.2708 -8.33511 9.87777
      vertex 48.4301 -6.50868 11.0553
      vertex 47.4458 -6.33511 9.62787
    endloop
  endfacet
  facet normal -0.80671 0.14224 0.573574
    outer loop
      vertex 47.7355 -10.4479 11.0553
      vertex 47.2708 -8.33511 9.87777
      vertex 46.7512 -10.2743 9.62787
    endloop
  endfacet
  facet normal -0.806703 0.142245 0.573582
    outer loop
      vertex 47.2708 -8.33511 9.87777
      vertex 47.7355 -10.4479 11.0553
      vertex 48.4301 -6.50868 11.0553
    endloop
  endfacet
  facet normal 0.564856 -0.0996001 0.819157
    outer loop
      vertex 48.4301 -6.50868 11.0553
      vertex 49.6716 -10.7893 9.67874
      vertex 50.3662 -6.85006 9.67874
    endloop
  endfacet
  facet normal 0.564855 -0.0996005 0.819157
    outer loop
      vertex 49.6716 -10.7893 9.67874
      vertex 48.4301 -6.50868 11.0553
      vertex 47.7355 -10.4479 11.0553
    endloop
  endfacet
  facet normal 0.806708 -0.142252 -0.573573
    outer loop
      vertex 50.3662 -6.85006 9.67874
      vertex 47.2708 -8.33511 5.69349
      vertex 47.4458 -6.33511 5.4436
    endloop
  endfacet
  facet normal 0.806708 -0.142246 -0.573575
    outer loop
      vertex 49.6716 -10.7893 9.67874
      vertex 47.2708 -8.33511 5.69349
      vertex 50.3662 -6.85006 9.67874
    endloop
  endfacet
  facet normal 0.806709 -0.142243 -0.573574
    outer loop
      vertex 47.2708 -8.33511 5.69349
      vertex 49.6716 -10.7893 9.67874
      vertex 46.7512 -10.2743 5.4436
    endloop
  endfacet
  facet normal -0.17366 -0.984806 -8.16863e-06
    outer loop
      vertex 46.7512 -10.2743 7.58683
      vertex 49.6716 -10.7893 9.67874
      vertex 47.7355 -10.4479 11.0553
    endloop
  endfacet
  facet normal -0.173666 -0.984805 1.66324e-17
    outer loop
      vertex 49.6716 -10.7893 9.67874
      vertex 46.7512 -10.2743 7.58683
      vertex 46.7512 -10.2743 5.4436
    endloop
  endfacet
  facet normal 0.17365 0.984808 6.82499e-06
    outer loop
      vertex 50.3662 -6.85006 9.67874
      vertex 47.4458 -6.33511 9.62787
      vertex 48.4301 -6.50868 11.0553
    endloop
  endfacet
  facet normal 0.17365 0.984807 0
    outer loop
      vertex 47.4458 -6.33511 9.62787
      vertex 50.3662 -6.85006 9.67874
      vertex 47.4458 -6.33511 7.51823
    endloop
  endfacet
  facet normal -0.173688 -0.984801 -0
    outer loop
      vertex 46.7512 -10.2743 9.62787
      vertex 46.7512 -10.2743 7.58683
      vertex 47.7355 -10.4479 11.0553
    endloop
  endfacet
  facet normal 0.17365 0.984807 -1.12963e-17
    outer loop
      vertex 50.3662 -6.85006 9.67874
      vertex 47.4458 -6.33511 5.4436
      vertex 47.4458 -6.33511 7.51823
    endloop
  endfacet
  facet normal -0.816021 0.0713879 -0.573597
    outer loop
      vertex 48.8131 -2.26295 22.9447
      vertex 47.4611 -6.15995 24.3831
      vertex 47.8097 -2.17517 24.3831
    endloop
  endfacet
  facet normal -0.816046 0.0714105 -0.573559
    outer loop
      vertex 47.4611 -6.15995 24.3831
      vertex 48.8131 -2.26295 22.9447
      vertex 48.4644 -6.24773 22.9447
    endloop
  endfacet
  facet normal -0.0871544 -0.996195 0
    outer loop
      vertex 47.4611 -6.15995 24.3831
      vertex 50.4229 -6.41907 24.3213
      vertex 47.4611 -6.15995 26.4874
    endloop
  endfacet
  facet normal -0.0871544 -0.996195 2.77817e-06
    outer loop
      vertex 50.4229 -6.41907 24.3213
      vertex 47.4611 -6.15995 24.3831
      vertex 48.4644 -6.24773 22.9447
    endloop
  endfacet
  facet normal 0.571394 -0.0500016 -0.819151
    outer loop
      vertex 50.4229 -6.41907 24.3213
      vertex 48.4644 -6.24773 22.9447
      vertex 48.8131 -2.26295 22.9447
    endloop
  endfacet
  facet normal 0.571415 -0.049989 -0.819137
    outer loop
      vertex 50.4229 -6.41907 24.3213
      vertex 48.8131 -2.26295 22.9447
      vertex 50.7715 -2.43429 24.3213
    endloop
  endfacet
  facet normal 0.816037 -0.0714059 0.573572
    outer loop
      vertex 47.8097 -2.17517 28.5674
      vertex 47.5515 -5.12592 28.5674
      vertex 50.7715 -2.43429 24.3213
    endloop
  endfacet
  facet normal 0.0871544 0.996195 -2.73221e-18
    outer loop
      vertex 50.7715 -2.43429 24.3213
      vertex 47.8097 -2.17517 24.3831
      vertex 47.8097 -2.17517 28.5674
    endloop
  endfacet
  facet normal 0.0871545 0.996195 3.37045e-06
    outer loop
      vertex 47.8097 -2.17517 24.3831
      vertex 50.7715 -2.43429 24.3213
      vertex 48.8131 -2.26295 22.9447
    endloop
  endfacet
  facet normal 0.816043 -0.0713425 0.573572
    outer loop
      vertex 50.4229 -6.41907 24.3213
      vertex 47.5515 -5.12592 28.5674
      vertex 47.4611 -6.15995 28.5674
    endloop
  endfacet
  facet normal 0.816033 -0.0713889 0.573579
    outer loop
      vertex 47.5515 -5.12592 28.5674
      vertex 50.4229 -6.41907 24.3213
      vertex 50.7715 -2.43429 24.3213
    endloop
  endfacet
  facet normal -0.0871544 -0.996195 4.72492e-18
    outer loop
      vertex 50.4229 -6.41907 24.3213
      vertex 47.4611 -6.15995 28.5674
      vertex 47.4611 -6.15995 26.4874
    endloop
  endfacet
  facet normal 0.573589 0.819143 -0
    outer loop
      vertex 30.8538 36.7701 19
      vertex 30.0315 37.3459 21.5
      vertex 30.8538 36.7701 21.5
    endloop
  endfacet
  facet normal 0.573585 0.819146 -2.25685e-06
    outer loop
      vertex 30.0315 37.3459 21.5
      vertex 30.8538 36.7701 19
      vertex 24.8223 40.9935 21.5
    endloop
  endfacet
  facet normal 0.573578 0.819151 -2.71195e-05
    outer loop
      vertex 24 41.5692 19
      vertex 24.8223 40.9935 21.5
      vertex 30.8538 36.7701 19
    endloop
  endfacet
  facet normal 0.573523 0.81919 1.51214e-18
    outer loop
      vertex 24.8223 40.9935 21.5
      vertex 24 41.5692 19
      vertex 24 41.5692 21.5
    endloop
  endfacet
  facet normal 0.573585 0.819146 -7.24015e-06
    outer loop
      vertex 28.2149 38.6179 28.5674
      vertex 30.0315 37.3459 31.5
      vertex 29.0652 38.0225 28.5674
    endloop
  endfacet
  facet normal 0.57357 0.819156 -4.29427e-18
    outer loop
      vertex 30.0315 37.3459 31.5
      vertex 29.0652 38.0225 24.3831
      vertex 29.0652 38.0225 28.5674
    endloop
  endfacet
  facet normal 0.573643 0.819105 3.62054e-05
    outer loop
      vertex 30.0315 37.3459 21.5
      vertex 28.2433 38.5981 24.3831
      vertex 29.0652 38.0225 24.3831
    endloop
  endfacet
  facet normal 0.573585 0.819146 -1.75581e-05
    outer loop
      vertex 24.8223 40.9935 21.5
      vertex 28.2433 38.5981 24.3831
      vertex 30.0315 37.3459 21.5
    endloop
  endfacet
  facet normal 0.57357 0.819156 -0
    outer loop
      vertex 30.0315 37.3459 21.5
      vertex 29.0652 38.0225 24.3831
      vertex 30.0315 37.3459 31.5
    endloop
  endfacet
  facet normal 0.573589 0.819143 -6.86905e-18
    outer loop
      vertex 30.0315 37.3459 31.5
      vertex 30.8538 36.7701 34
      vertex 30.8538 36.7701 31.5
    endloop
  endfacet
  facet normal 0.573578 0.819151 5.6465e-06
    outer loop
      vertex 30.8538 36.7701 34
      vertex 30.0315 37.3459 31.5
      vertex 24 41.5692 34
    endloop
  endfacet
  facet normal 0.573585 0.819146 3.0509e-05
    outer loop
      vertex 24.8223 40.9935 31.5
      vertex 24 41.5692 34
      vertex 30.0315 37.3459 31.5
    endloop
  endfacet
  facet normal 0.573523 0.81919 0
    outer loop
      vertex 24 41.5692 34
      vertex 24.8223 40.9935 31.5
      vertex 24 41.5692 31.5
    endloop
  endfacet
  facet normal 0.573585 0.819146 -6.85066e-06
    outer loop
      vertex 30.0315 37.3459 31.5
      vertex 28.2149 38.6179 28.5674
      vertex 24.8223 40.9935 31.5
    endloop
  endfacet
  facet normal 0.573573 0.819154 -2.64948e-05
    outer loop
      vertex 25.7886 40.3168 28.5674
      vertex 24.8223 40.9935 31.5
      vertex 28.2149 38.6179 28.5674
    endloop
  endfacet
  facet normal 0.573627 0.819116 -0
    outer loop
      vertex 25.7886 40.3168 24.3831
      vertex 24.8223 40.9935 31.5
      vertex 25.7886 40.3168 28.5674
    endloop
  endfacet
  facet normal 0.573627 0.819116 4.53097e-18
    outer loop
      vertex 25.7886 40.3168 24.3831
      vertex 24.8223 40.9935 21.5
      vertex 24.8223 40.9935 31.5
    endloop
  endfacet
  facet normal 0.573554 0.819168 3.65394e-05
    outer loop
      vertex 28.2433 38.5981 24.3831
      vertex 24.8223 40.9935 21.5
      vertex 25.7886 40.3168 24.3831
    endloop
  endfacet
  facet normal 0.573578 0.819151 2.03529e-05
    outer loop
      vertex 30.8538 36.7701 15
      vertex 28.2461 38.5961 12.5
      vertex 24 41.5692 15
    endloop
  endfacet
  facet normal 0.573591 0.819142 -0
    outer loop
      vertex 30.8538 36.7701 9.87777
      vertex 28.2461 38.5961 12.5
      vertex 30.8538 36.7701 15
    endloop
  endfacet
  facet normal 0.57359 0.819143 -2.02633e-06
    outer loop
      vertex 29.2092 37.9217 9.62787
      vertex 28.2461 38.5961 12.5
      vertex 30.8538 36.7701 9.87777
    endloop
  endfacet
  facet normal 0.573594 0.81914 -0
    outer loop
      vertex 29.2092 37.9217 7.51823
      vertex 28.2461 38.5961 12.5
      vertex 29.2092 37.9217 9.62787
    endloop
  endfacet
  facet normal 0.573594 0.81914 -1.63126e-17
    outer loop
      vertex 28.2461 38.5961 2.5
      vertex 29.2092 37.9217 7.51823
      vertex 29.2092 37.9217 5.4436
    endloop
  endfacet
  facet normal 0.573594 0.81914 -3.38426e-18
    outer loop
      vertex 29.2092 37.9217 7.51823
      vertex 28.2461 38.5961 2.5
      vertex 28.2461 38.5961 12.5
    endloop
  endfacet
  facet normal 0.57357 0.819157 -2.23988e-07
    outer loop
      vertex 26.6077 39.7433 12.5
      vertex 24 41.5692 15
      vertex 28.2461 38.5961 12.5
    endloop
  endfacet
  facet normal 0.57357 0.819157 9.68104e-18
    outer loop
      vertex 26.6077 39.7433 12.5
      vertex 24 41.5692 9.87777
      vertex 24 41.5692 15
    endloop
  endfacet
  facet normal 0.573558 0.819165 1.7919e-05
    outer loop
      vertex 26.6077 39.7433 12.5
      vertex 25.6446 40.4177 9.62787
      vertex 24 41.5692 9.87777
    endloop
  endfacet
  facet normal 0.573594 0.81914 1.25231e-17
    outer loop
      vertex 26.6077 39.7433 12.5
      vertex 25.6446 40.4177 7.51823
      vertex 25.6446 40.4177 9.62787
    endloop
  endfacet
  facet normal 0.573594 0.81914 -0
    outer loop
      vertex 26.6077 39.7433 2.5
      vertex 25.6446 40.4177 7.51823
      vertex 26.6077 39.7433 12.5
    endloop
  endfacet
  facet normal 0.573594 0.81914 0
    outer loop
      vertex 25.6446 40.4177 7.51823
      vertex 26.6077 39.7433 2.5
      vertex 25.6446 40.4177 5.4436
    endloop
  endfacet
  facet normal 0.573554 0.819168 -1.93361e-05
    outer loop
      vertex 26.6077 39.7433 2.5
      vertex 24 41.5692 5.69349
      vertex 25.6446 40.4177 5.4436
    endloop
  endfacet
  facet normal 0.57357 0.819157 8.70968e-18
    outer loop
      vertex 26.6077 39.7433 2.5
      vertex 24 41.5692 0
      vertex 24 41.5692 5.69349
    endloop
  endfacet
  facet normal 0.573578 0.819151 -1.24131e-05
    outer loop
      vertex 24 41.5692 0
      vertex 26.6077 39.7433 2.5
      vertex 30.8538 36.7701 0
    endloop
  endfacet
  facet normal 0.573589 0.819143 2.18658e-06
    outer loop
      vertex 30.8538 36.7701 5.69349
      vertex 28.2461 38.5961 2.5
      vertex 29.2092 37.9217 5.4436
    endloop
  endfacet
  facet normal 0.57357 0.819157 -3.29903e-05
    outer loop
      vertex 28.2461 38.5961 2.5
      vertex 30.8538 36.7701 0
      vertex 26.6077 39.7433 2.5
    endloop
  endfacet
  facet normal 0.573591 0.819142 -0
    outer loop
      vertex 30.8538 36.7701 0
      vertex 28.2461 38.5961 2.5
      vertex 30.8538 36.7701 5.69349
    endloop
  endfacet
  facet normal -0.258826 -0.965924 1.23036e-05
    outer loop
      vertex -16.417 -45.1052 15
      vertex -13.342 -45.9292 12.5
      vertex -8.33511 -47.2708 15
    endloop
  endfacet
  facet normal -0.258836 -0.965921 0
    outer loop
      vertex -16.417 -45.1052 9.87777
      vertex -13.342 -45.9292 12.5
      vertex -16.417 -45.1052 15
    endloop
  endfacet
  facet normal -0.258848 -0.965918 1.55603e-05
    outer loop
      vertex -14.4777 -45.6249 9.62787
      vertex -13.342 -45.9292 12.5
      vertex -16.417 -45.1052 9.87777
    endloop
  endfacet
  facet normal -0.258811 -0.965928 0
    outer loop
      vertex -14.4777 -45.6249 7.58683
      vertex -13.342 -45.9292 12.5
      vertex -14.4777 -45.6249 9.62787
    endloop
  endfacet
  facet normal -0.258811 -0.965928 1.18319e-19
    outer loop
      vertex -13.342 -45.9292 2.5
      vertex -14.4777 -45.6249 7.58683
      vertex -14.4777 -45.6249 5.4436
    endloop
  endfacet
  facet normal -0.258811 -0.965928 2.53585e-20
    outer loop
      vertex -14.4777 -45.6249 7.58683
      vertex -13.342 -45.9292 2.5
      vertex -13.342 -45.9292 12.5
    endloop
  endfacet
  facet normal -0.258795 -0.965932 -5.41542e-05
    outer loop
      vertex -11.4101 -46.4468 12.5
      vertex -8.33511 -47.2708 15
      vertex -13.342 -45.9292 12.5
    endloop
  endfacet
  facet normal -0.258836 -0.965921 -1.04122e-17
    outer loop
      vertex -11.4101 -46.4468 12.5
      vertex -8.33511 -47.2708 9.87777
      vertex -8.33511 -47.2708 15
    endloop
  endfacet
  facet normal -0.25882 -0.965926 2.10821e-05
    outer loop
      vertex -11.4101 -46.4468 12.5
      vertex -10.2743 -46.7512 9.62787
      vertex -8.33511 -47.2708 9.87777
    endloop
  endfacet
  facet normal -0.258869 -0.965912 9.12528e-18
    outer loop
      vertex -11.4101 -46.4468 12.5
      vertex -10.2743 -46.7512 7.58683
      vertex -10.2743 -46.7512 9.62787
    endloop
  endfacet
  facet normal -0.258869 -0.965912 0
    outer loop
      vertex -11.4101 -46.4468 2.5
      vertex -10.2743 -46.7512 7.58683
      vertex -11.4101 -46.4468 12.5
    endloop
  endfacet
  facet normal -0.258869 -0.965912 -0
    outer loop
      vertex -10.2743 -46.7512 7.58683
      vertex -11.4101 -46.4468 2.5
      vertex -10.2743 -46.7512 5.4436
    endloop
  endfacet
  facet normal -0.258814 -0.965927 -2.27497e-05
    outer loop
      vertex -11.4101 -46.4468 2.5
      vertex -8.33511 -47.2708 5.69349
      vertex -10.2743 -46.7512 5.4436
    endloop
  endfacet
  facet normal -0.258836 -0.965921 -9.36745e-18
    outer loop
      vertex -11.4101 -46.4468 2.5
      vertex -8.33511 -47.2708 0
      vertex -8.33511 -47.2708 5.69349
    endloop
  endfacet
  facet normal -0.258826 -0.965924 1.33389e-05
    outer loop
      vertex -8.33511 -47.2708 0
      vertex -11.4101 -46.4468 2.5
      vertex -16.417 -45.1052 0
    endloop
  endfacet
  facet normal -0.258903 -0.965903 0
    outer loop
      vertex -16.417 -45.1052 0
      vertex -15.5884 -45.3273 5.58672
      vertex -16.417 -45.1052 5.69349
    endloop
  endfacet
  facet normal -0.25881 -0.965928 5.25415e-07
    outer loop
      vertex -15.5884 -45.3273 5.58672
      vertex -13.342 -45.9292 2.5
      vertex -14.4777 -45.6249 5.4436
    endloop
  endfacet
  facet normal -0.258795 -0.965932 -5.3119e-05
    outer loop
      vertex -13.342 -45.9292 2.5
      vertex -16.417 -45.1052 0
      vertex -11.4101 -46.4468 2.5
    endloop
  endfacet
  facet normal -0.258826 -0.965924 -1.22182e-05
    outer loop
      vertex -15.5884 -45.3273 5.58672
      vertex -16.417 -45.1052 0
      vertex -13.342 -45.9292 2.5
    endloop
  endfacet
  facet normal -0.258909 -0.965902 0
    outer loop
      vertex -16.417 -45.1052 19
      vertex -15.4474 -45.3651 21.5
      vertex -16.417 -45.1052 21.5
    endloop
  endfacet
  facet normal -0.258816 -0.965927 -3.87016e-05
    outer loop
      vertex -15.4474 -45.3651 21.5
      vertex -16.417 -45.1052 19
      vertex -9.30473 -47.011 21.5
    endloop
  endfacet
  facet normal -0.258826 -0.965924 -6.40851e-06
    outer loop
      vertex -8.33511 -47.2708 19
      vertex -9.30473 -47.011 21.5
      vertex -16.417 -45.1052 19
    endloop
  endfacet
  facet normal -0.258811 -0.965928 -7.74413e-18
    outer loop
      vertex -9.30473 -47.011 21.5
      vertex -8.33511 -47.2708 19
      vertex -8.33511 -47.2708 21.5
    endloop
  endfacet
  facet normal -0.258816 -0.965927 -7.82324e-06
    outer loop
      vertex -15.4474 -45.3651 31.5
      vertex -14.3079 -45.6704 28.5674
      vertex -9.30473 -47.011 31.5
    endloop
  endfacet
  facet normal -0.258797 -0.965932 -5.36721e-18
    outer loop
      vertex -15.4474 -45.3651 31.5
      vertex -14.3079 -45.6704 26.4398
      vertex -14.3079 -45.6704 28.5674
    endloop
  endfacet
  facet normal -0.258797 -0.965932 0
    outer loop
      vertex -15.4474 -45.3651 21.5
      vertex -14.3079 -45.6704 26.4398
      vertex -15.4474 -45.3651 31.5
    endloop
  endfacet
  facet normal -0.258794 -0.965932 -9.95433e-07
    outer loop
      vertex -15.4474 -45.3651 21.5
      vertex -11.4134 -46.4459 24.3831
      vertex -14.3079 -45.6704 24.3831
    endloop
  endfacet
  facet normal -0.258816 -0.965927 3.06995e-05
    outer loop
      vertex -9.30473 -47.011 21.5
      vertex -11.4134 -46.4459 24.3831
      vertex -15.4474 -45.3651 21.5
    endloop
  endfacet
  facet normal -0.258797 -0.965932 -0
    outer loop
      vertex -14.3079 -45.6704 26.4398
      vertex -15.4474 -45.3651 21.5
      vertex -14.3079 -45.6704 24.3831
    endloop
  endfacet
  facet normal -0.258909 -0.965902 1.08331e-17
    outer loop
      vertex -15.4474 -45.3651 31.5
      vertex -16.417 -45.1052 34
      vertex -16.417 -45.1052 31.5
    endloop
  endfacet
  facet normal -0.258826 -0.965924 3.42991e-05
    outer loop
      vertex -16.417 -45.1052 34
      vertex -15.4474 -45.3651 31.5
      vertex -8.33511 -47.2708 34
    endloop
  endfacet
  facet normal -0.258816 -0.965927 2.00599e-06
    outer loop
      vertex -9.30473 -47.011 31.5
      vertex -8.33511 -47.2708 34
      vertex -15.4474 -45.3651 31.5
    endloop
  endfacet
  facet normal -0.258811 -0.965928 -0
    outer loop
      vertex -8.33511 -47.2708 34
      vertex -9.30473 -47.011 31.5
      vertex -8.33511 -47.2708 31.5
    endloop
  endfacet
  facet normal -0.258801 -0.965931 -3.36424e-05
    outer loop
      vertex -10.4442 -46.7056 28.5674
      vertex -9.30473 -47.011 31.5
      vertex -14.3079 -45.6704 28.5674
    endloop
  endfacet
  facet normal -0.258882 -0.965909 0
    outer loop
      vertex -10.4442 -46.7056 24.3831
      vertex -9.30473 -47.011 31.5
      vertex -10.4442 -46.7056 28.5674
    endloop
  endfacet
  facet normal -0.258882 -0.965909 -1.20167e-18
    outer loop
      vertex -10.4442 -46.7056 24.3831
      vertex -9.30473 -47.011 21.5
      vertex -9.30473 -47.011 31.5
    endloop
  endfacet
  facet normal -0.258822 -0.965925 2.53454e-05
    outer loop
      vertex -11.4134 -46.4459 24.3831
      vertex -9.30473 -47.011 21.5
      vertex -10.4442 -46.7056 24.3831
    endloop
  endfacet
  facet normal -0.258814 0.965927 -2.27497e-05
    outer loop
      vertex -8.33511 47.2708 5.69349
      vertex -11.4101 46.4468 2.5
      vertex -10.2743 46.7512 5.4436
    endloop
  endfacet
  facet normal -0.258795 0.965932 5.41542e-05
    outer loop
      vertex -11.4101 46.4468 2.5
      vertex -8.33511 47.2708 0
      vertex -13.342 45.9292 2.5
    endloop
  endfacet
  facet normal -0.258836 0.965921 0
    outer loop
      vertex -8.33511 47.2708 0
      vertex -11.4101 46.4468 2.5
      vertex -8.33511 47.2708 5.69349
    endloop
  endfacet
  facet normal -0.258826 0.965924 -1.33389e-05
    outer loop
      vertex -8.33511 47.2708 15
      vertex -11.4101 46.4468 12.5
      vertex -16.417 45.1052 15
    endloop
  endfacet
  facet normal -0.258836 0.965921 0
    outer loop
      vertex -8.33511 47.2708 9.87777
      vertex -11.4101 46.4468 12.5
      vertex -8.33511 47.2708 15
    endloop
  endfacet
  facet normal -0.25882 0.965926 2.10821e-05
    outer loop
      vertex -10.2743 46.7512 9.62787
      vertex -11.4101 46.4468 12.5
      vertex -8.33511 47.2708 9.87777
    endloop
  endfacet
  facet normal -0.258869 0.965912 0
    outer loop
      vertex -10.2743 46.7512 7.58683
      vertex -11.4101 46.4468 12.5
      vertex -10.2743 46.7512 9.62787
    endloop
  endfacet
  facet normal -0.258869 0.965912 -8.69018e-18
    outer loop
      vertex -11.4101 46.4468 2.5
      vertex -10.2743 46.7512 7.58683
      vertex -10.2743 46.7512 5.4436
    endloop
  endfacet
  facet normal -0.258869 0.965912 -1.86251e-18
    outer loop
      vertex -10.2743 46.7512 7.58683
      vertex -11.4101 46.4468 2.5
      vertex -11.4101 46.4468 12.5
    endloop
  endfacet
  facet normal -0.258795 0.965932 5.3119e-05
    outer loop
      vertex -13.342 45.9292 12.5
      vertex -16.417 45.1052 15
      vertex -11.4101 46.4468 12.5
    endloop
  endfacet
  facet normal -0.258836 0.965921 6.11696e-19
    outer loop
      vertex -13.342 45.9292 12.5
      vertex -16.417 45.1052 9.87777
      vertex -16.417 45.1052 15
    endloop
  endfacet
  facet normal -0.258848 0.965918 1.55603e-05
    outer loop
      vertex -13.342 45.9292 12.5
      vertex -14.4777 45.6249 9.62787
      vertex -16.417 45.1052 9.87777
    endloop
  endfacet
  facet normal -0.258811 0.965928 -1.24243e-19
    outer loop
      vertex -13.342 45.9292 12.5
      vertex -14.4777 45.6249 7.58683
      vertex -14.4777 45.6249 9.62787
    endloop
  endfacet
  facet normal -0.258811 0.965928 0
    outer loop
      vertex -13.342 45.9292 2.5
      vertex -14.4777 45.6249 7.58683
      vertex -13.342 45.9292 12.5
    endloop
  endfacet
  facet normal -0.258811 0.965928 0
    outer loop
      vertex -14.4777 45.6249 7.58683
      vertex -13.342 45.9292 2.5
      vertex -14.4777 45.6249 5.4436
    endloop
  endfacet
  facet normal -0.25881 0.965928 5.25415e-07
    outer loop
      vertex -13.342 45.9292 2.5
      vertex -15.5884 45.3273 5.58672
      vertex -14.4777 45.6249 5.4436
    endloop
  endfacet
  facet normal -0.258826 0.965924 -1.22182e-05
    outer loop
      vertex -16.417 45.1052 0
      vertex -15.5884 45.3273 5.58672
      vertex -13.342 45.9292 2.5
    endloop
  endfacet
  facet normal -0.258903 0.965903 2.43349e-18
    outer loop
      vertex -15.5884 45.3273 5.58672
      vertex -16.417 45.1052 0
      vertex -16.417 45.1052 5.69349
    endloop
  endfacet
  facet normal -0.258826 0.965924 -1.23036e-05
    outer loop
      vertex -16.417 45.1052 0
      vertex -13.342 45.9292 2.5
      vertex -8.33511 47.2708 0
    endloop
  endfacet
  facet normal -0.258811 0.965928 0
    outer loop
      vertex -8.33511 47.2708 19
      vertex -9.30473 47.011 21.5
      vertex -8.33511 47.2708 21.5
    endloop
  endfacet
  facet normal -0.258816 0.965927 -2.00599e-06
    outer loop
      vertex -9.30473 47.011 21.5
      vertex -8.33511 47.2708 19
      vertex -15.4474 45.3651 21.5
    endloop
  endfacet
  facet normal -0.258826 0.965924 -3.42991e-05
    outer loop
      vertex -16.417 45.1052 19
      vertex -15.4474 45.3651 21.5
      vertex -8.33511 47.2708 19
    endloop
  endfacet
  facet normal -0.258909 0.965902 -1.08331e-17
    outer loop
      vertex -15.4474 45.3651 21.5
      vertex -16.417 45.1052 19
      vertex -16.417 45.1052 21.5
    endloop
  endfacet
  facet normal -0.258816 0.965927 -2.7762e-05
    outer loop
      vertex -9.30473 47.011 31.5
      vertex -10.4442 46.7056 28.5674
      vertex -15.4474 45.3651 31.5
    endloop
  endfacet
  facet normal -0.258882 0.965909 2.87185e-18
    outer loop
      vertex -9.30473 47.011 31.5
      vertex -10.4442 46.7056 24.3831
      vertex -10.4442 46.7056 28.5674
    endloop
  endfacet
  facet normal -0.258822 0.965925 2.53454e-05
    outer loop
      vertex -9.30473 47.011 21.5
      vertex -11.4134 46.4459 24.3831
      vertex -10.4442 46.7056 24.3831
    endloop
  endfacet
  facet normal -0.258816 0.965927 3.06995e-05
    outer loop
      vertex -15.4474 45.3651 21.5
      vertex -11.4134 46.4459 24.3831
      vertex -9.30473 47.011 21.5
    endloop
  endfacet
  facet normal -0.258882 0.965909 0
    outer loop
      vertex -9.30473 47.011 21.5
      vertex -10.4442 46.7056 24.3831
      vertex -9.30473 47.011 31.5
    endloop
  endfacet
  facet normal -0.258811 0.965928 7.74413e-18
    outer loop
      vertex -9.30473 47.011 31.5
      vertex -8.33511 47.2708 34
      vertex -8.33511 47.2708 31.5
    endloop
  endfacet
  facet normal -0.258826 0.965924 6.40851e-06
    outer loop
      vertex -8.33511 47.2708 34
      vertex -9.30473 47.011 31.5
      vertex -16.417 45.1052 34
    endloop
  endfacet
  facet normal -0.258816 0.965927 3.87016e-05
    outer loop
      vertex -15.4474 45.3651 31.5
      vertex -16.417 45.1052 34
      vertex -9.30473 47.011 31.5
    endloop
  endfacet
  facet normal -0.258909 0.965902 0
    outer loop
      vertex -16.417 45.1052 34
      vertex -15.4474 45.3651 31.5
      vertex -16.417 45.1052 31.5
    endloop
  endfacet
  facet normal -0.258801 0.965931 -1.94283e-06
    outer loop
      vertex -14.3079 45.6704 28.5674
      vertex -15.4474 45.3651 31.5
      vertex -10.4442 46.7056 28.5674
    endloop
  endfacet
  facet normal -0.258797 0.965932 0
    outer loop
      vertex -14.3079 45.6704 26.4398
      vertex -15.4474 45.3651 31.5
      vertex -14.3079 45.6704 28.5674
    endloop
  endfacet
  facet normal -0.258797 0.965932 5.55224e-18
    outer loop
      vertex -15.4474 45.3651 21.5
      vertex -14.3079 45.6704 26.4398
      vertex -14.3079 45.6704 24.3831
    endloop
  endfacet
  facet normal -0.258797 0.965932 1.14193e-18
    outer loop
      vertex -14.3079 45.6704 26.4398
      vertex -15.4474 45.3651 21.5
      vertex -15.4474 45.3651 31.5
    endloop
  endfacet
  facet normal -0.258794 0.965932 -9.95433e-07
    outer loop
      vertex -11.4134 46.4459 24.3831
      vertex -15.4474 45.3651 21.5
      vertex -14.3079 45.6704 24.3831
    endloop
  endfacet
  facet normal -0.906311 0.422611 0
    outer loop
      vertex -41.5692 24 0
      vertex -41.9317 23.2226 5.58672
      vertex -41.5692 24 5.69349
    endloop
  endfacet
  facet normal -0.906306 0.422622 1.85157e-06
    outer loop
      vertex -42.9146 21.1148 2.5
      vertex -41.9317 23.2226 5.58672
      vertex -41.5692 24 0
    endloop
  endfacet
  facet normal -0.906322 0.422587 0
    outer loop
      vertex -42.4177 22.1805 5.4436
      vertex -42.9146 21.1148 2.5
      vertex -42.4177 22.1805 9.62787
    endloop
  endfacet
  facet normal -0.906286 0.422666 -3.44202e-05
    outer loop
      vertex -41.9317 23.2226 5.58672
      vertex -42.9146 21.1148 2.5
      vertex -42.4177 22.1805 5.4436
    endloop
  endfacet
  facet normal -0.906313 0.422606 -2.02003e-05
    outer loop
      vertex -41.5692 24 0
      vertex -43.7598 19.3022 2.5
      vertex -42.9146 21.1148 2.5
    endloop
  endfacet
  facet normal -0.90629 0.422657 0
    outer loop
      vertex -43.7598 19.3022 2.5
      vertex -44.2568 18.2365 5.4436
      vertex -43.7598 19.3022 12.5
    endloop
  endfacet
  facet normal -0.906308 0.422617 4.82854e-06
    outer loop
      vertex -45.1052 16.417 0
      vertex -43.7598 19.3022 2.5
      vertex -41.5692 24 0
    endloop
  endfacet
  facet normal -0.906307 0.422621 0
    outer loop
      vertex -45.1052 16.417 5.69349
      vertex -43.7598 19.3022 2.5
      vertex -45.1052 16.417 0
    endloop
  endfacet
  facet normal -0.906318 0.422596 -2.69995e-05
    outer loop
      vertex -43.7598 19.3022 2.5
      vertex -45.1052 16.417 5.69349
      vertex -44.2568 18.2365 5.4436
    endloop
  endfacet
  facet normal -0.906299 0.422637 2.25908e-05
    outer loop
      vertex -42.9146 21.1148 12.5
      vertex -41.5692 24 9.87777
      vertex -42.4177 22.1805 9.62787
    endloop
  endfacet
  facet normal -0.906322 0.422587 0
    outer loop
      vertex -42.9146 21.1148 12.5
      vertex -42.4177 22.1805 9.62787
      vertex -42.9146 21.1148 2.5
    endloop
  endfacet
  facet normal -0.906307 0.422621 0
    outer loop
      vertex -41.5692 24 9.87777
      vertex -42.9146 21.1148 12.5
      vertex -41.5692 24 15
    endloop
  endfacet
  facet normal -0.906313 0.422606 2.02003e-05
    outer loop
      vertex -43.7598 19.3022 12.5
      vertex -41.5692 24 15
      vertex -42.9146 21.1148 12.5
    endloop
  endfacet
  facet normal -0.90629 0.422657 0
    outer loop
      vertex -44.2568 18.2365 9.62787
      vertex -43.7598 19.3022 12.5
      vertex -44.2568 18.2365 5.4436
    endloop
  endfacet
  facet normal -0.906297 0.422642 6.87474e-06
    outer loop
      vertex -44.6454 17.4032 9.74232
      vertex -43.7598 19.3022 12.5
      vertex -44.2568 18.2365 9.62787
    endloop
  endfacet
  facet normal -0.90633 0.422571 6.65306e-05
    outer loop
      vertex -45.1052 16.417 9.87777
      vertex -43.7598 19.3022 12.5
      vertex -44.6454 17.4032 9.74232
    endloop
  endfacet
  facet normal -0.906308 0.422617 -4.82854e-06
    outer loop
      vertex -43.7598 19.3022 12.5
      vertex -45.1052 16.417 15
      vertex -41.5692 24 15
    endloop
  endfacet
  facet normal -0.906307 0.422621 0
    outer loop
      vertex -45.1052 16.417 15
      vertex -43.7598 19.3022 12.5
      vertex -45.1052 16.417 9.87777
    endloop
  endfacet
  facet normal -0.906287 0.422662 0
    outer loop
      vertex -41.5692 24 19
      vertex -41.9935 23.0902 21.5
      vertex -41.5692 24 21.5
    endloop
  endfacet
  facet normal -0.906317 0.422598 0
    outer loop
      vertex -42.492 22.0211 26.4874
      vertex -41.9935 23.0902 21.5
      vertex -42.492 22.0211 24.3831
    endloop
  endfacet
  facet normal -0.906312 0.42261 -2.29931e-05
    outer loop
      vertex -44.681 17.3267 21.5
      vertex -41.9935 23.0902 21.5
      vertex -41.5692 24 19
    endloop
  endfacet
  facet normal -0.906312 0.42261 -4.49427e-06
    outer loop
      vertex -43.7584 19.3053 24.3831
      vertex -41.9935 23.0902 21.5
      vertex -44.681 17.3267 21.5
    endloop
  endfacet
  facet normal -0.906308 0.422619 9.48449e-06
    outer loop
      vertex -41.9935 23.0902 21.5
      vertex -43.7584 19.3053 24.3831
      vertex -42.492 22.0211 24.3831
    endloop
  endfacet
  facet normal -0.906333 0.422565 8.19981e-18
    outer loop
      vertex -44.681 17.3267 21.5
      vertex -44.1825 18.3959 26.4398
      vertex -44.1825 18.3959 24.3831
    endloop
  endfacet
  facet normal -0.906333 0.422565 0
    outer loop
      vertex -44.681 17.3267 31.5
      vertex -44.1825 18.3959 26.4398
      vertex -44.681 17.3267 21.5
    endloop
  endfacet
  facet normal -0.906293 0.422651 -3.86521e-05
    outer loop
      vertex -43.7584 19.3053 24.3831
      vertex -44.681 17.3267 21.5
      vertex -44.1825 18.3959 24.3831
    endloop
  endfacet
  facet normal -0.906308 0.422617 4.49389e-07
    outer loop
      vertex -45.1052 16.417 19
      vertex -44.681 17.3267 21.5
      vertex -41.5692 24 19
    endloop
  endfacet
  facet normal -0.906308 0.422618 -9.94827e-18
    outer loop
      vertex -44.681 17.3267 21.5
      vertex -45.1052 16.417 19
      vertex -45.1052 16.417 21.5
    endloop
  endfacet
  facet normal -0.906287 0.422662 -4.97888e-18
    outer loop
      vertex -41.9935 23.0902 31.5
      vertex -41.5692 24 34
      vertex -41.5692 24 31.5
    endloop
  endfacet
  facet normal -0.906317 0.422598 0
    outer loop
      vertex -41.9935 23.0902 21.5
      vertex -42.492 22.0211 26.4874
      vertex -41.9935 23.0902 31.5
    endloop
  endfacet
  facet normal -0.906317 0.422598 0
    outer loop
      vertex -42.492 22.0211 28.5674
      vertex -41.9935 23.0902 31.5
      vertex -42.492 22.0211 26.4874
    endloop
  endfacet
  facet normal -0.906291 0.422653 -2.47114e-05
    outer loop
      vertex -42.9307 21.0804 28.5674
      vertex -41.9935 23.0902 31.5
      vertex -42.492 22.0211 28.5674
    endloop
  endfacet
  facet normal -0.906312 0.42261 1.15125e-05
    outer loop
      vertex -44.681 17.3267 31.5
      vertex -41.9935 23.0902 31.5
      vertex -42.9307 21.0804 28.5674
    endloop
  endfacet
  facet normal -0.906308 0.422617 2.31753e-05
    outer loop
      vertex -44.681 17.3267 31.5
      vertex -42.9307 21.0804 28.5674
      vertex -44.1825 18.3959 28.5674
    endloop
  endfacet
  facet normal -0.906333 0.422565 0
    outer loop
      vertex -44.1825 18.3959 26.4398
      vertex -44.681 17.3267 31.5
      vertex -44.1825 18.3959 28.5674
    endloop
  endfacet
  facet normal -0.906312 0.42261 2.29931e-05
    outer loop
      vertex -41.9935 23.0902 31.5
      vertex -44.681 17.3267 31.5
      vertex -41.5692 24 34
    endloop
  endfacet
  facet normal -0.906308 0.422618 0
    outer loop
      vertex -45.1052 16.417 34
      vertex -44.681 17.3267 31.5
      vertex -45.1052 16.417 31.5
    endloop
  endfacet
  facet normal -0.906308 0.422617 -4.49389e-07
    outer loop
      vertex -44.681 17.3267 31.5
      vertex -45.1052 16.417 34
      vertex -41.5692 24 34
    endloop
  endfacet
  facet normal 0.965921 0.258836 -6.11696e-19
    outer loop
      vertex 45.9292 13.342 12.5
      vertex 45.1052 16.417 9.87777
      vertex 45.1052 16.417 15
    endloop
  endfacet
  facet normal 0.965928 0.258811 1.24243e-19
    outer loop
      vertex 45.9292 13.342 12.5
      vertex 45.6249 14.4777 7.58683
      vertex 45.6249 14.4777 9.62787
    endloop
  endfacet
  facet normal 0.965928 0.258811 -0
    outer loop
      vertex 45.9292 13.342 2.5
      vertex 45.6249 14.4777 7.58683
      vertex 45.9292 13.342 12.5
    endloop
  endfacet
  facet normal 0.965918 0.258848 1.55603e-05
    outer loop
      vertex 45.1052 16.417 9.87777
      vertex 45.9292 13.342 12.5
      vertex 45.6249 14.4777 9.62787
    endloop
  endfacet
  facet normal 0.965932 0.258795 5.3119e-05
    outer loop
      vertex 45.1052 16.417 15
      vertex 46.4468 11.4101 12.5
      vertex 45.9292 13.342 12.5
    endloop
  endfacet
  facet normal 0.965912 0.258869 0
    outer loop
      vertex 46.4468 11.4101 12.5
      vertex 46.7512 10.2743 7.58683
      vertex 46.4468 11.4101 2.5
    endloop
  endfacet
  facet normal 0.965912 0.258869 9.12528e-18
    outer loop
      vertex 46.4468 11.4101 12.5
      vertex 46.7512 10.2743 9.62787
      vertex 46.7512 10.2743 7.58683
    endloop
  endfacet
  facet normal 0.965924 0.258826 -1.33389e-05
    outer loop
      vertex 47.2708 8.33511 15
      vertex 46.4468 11.4101 12.5
      vertex 45.1052 16.417 15
    endloop
  endfacet
  facet normal 0.965921 0.258836 -0
    outer loop
      vertex 47.2708 8.33511 9.87777
      vertex 46.4468 11.4101 12.5
      vertex 47.2708 8.33511 15
    endloop
  endfacet
  facet normal 0.965926 0.25882 2.10821e-05
    outer loop
      vertex 46.4468 11.4101 12.5
      vertex 47.2708 8.33511 9.87777
      vertex 46.7512 10.2743 9.62787
    endloop
  endfacet
  facet normal 0.965903 0.258903 -2.43349e-18
    outer loop
      vertex 45.3273 15.5884 5.58672
      vertex 45.1052 16.417 0
      vertex 45.1052 16.417 5.69349
    endloop
  endfacet
  facet normal 0.965928 0.25881 5.25415e-07
    outer loop
      vertex 45.9292 13.342 2.5
      vertex 45.3273 15.5884 5.58672
      vertex 45.6249 14.4777 5.4436
    endloop
  endfacet
  facet normal 0.965928 0.258811 0
    outer loop
      vertex 45.6249 14.4777 7.58683
      vertex 45.9292 13.342 2.5
      vertex 45.6249 14.4777 5.4436
    endloop
  endfacet
  facet normal 0.965924 0.258826 -1.22182e-05
    outer loop
      vertex 45.3273 15.5884 5.58672
      vertex 45.9292 13.342 2.5
      vertex 45.1052 16.417 0
    endloop
  endfacet
  facet normal 0.965932 0.258795 -5.3119e-05
    outer loop
      vertex 46.4468 11.4101 2.5
      vertex 45.1052 16.417 0
      vertex 45.9292 13.342 2.5
    endloop
  endfacet
  facet normal 0.965912 0.258869 -0
    outer loop
      vertex 46.7512 10.2743 5.4436
      vertex 46.4468 11.4101 2.5
      vertex 46.7512 10.2743 7.58683
    endloop
  endfacet
  facet normal 0.965927 0.258814 -2.27497e-05
    outer loop
      vertex 47.2708 8.33511 5.69349
      vertex 46.4468 11.4101 2.5
      vertex 46.7512 10.2743 5.4436
    endloop
  endfacet
  facet normal 0.965924 0.258826 1.33389e-05
    outer loop
      vertex 46.4468 11.4101 2.5
      vertex 47.2708 8.33511 0
      vertex 45.1052 16.417 0
    endloop
  endfacet
  facet normal 0.965921 0.258836 -0
    outer loop
      vertex 47.2708 8.33511 0
      vertex 46.4468 11.4101 2.5
      vertex 47.2708 8.33511 5.69349
    endloop
  endfacet
  facet normal 0.965902 0.258909 0
    outer loop
      vertex 45.1052 16.417 34
      vertex 45.3651 15.4474 31.5
      vertex 45.1052 16.417 31.5
    endloop
  endfacet
  facet normal 0.965932 0.258797 -0
    outer loop
      vertex 45.6704 14.3079 26.4398
      vertex 45.3651 15.4474 31.5
      vertex 45.6704 14.3079 28.5674
    endloop
  endfacet
  facet normal 0.965927 0.258816 3.87016e-05
    outer loop
      vertex 47.011 9.30473 31.5
      vertex 45.3651 15.4474 31.5
      vertex 45.1052 16.417 34
    endloop
  endfacet
  facet normal 0.965927 0.258816 -7.82324e-06
    outer loop
      vertex 45.3651 15.4474 31.5
      vertex 47.011 9.30473 31.5
      vertex 45.6704 14.3079 28.5674
    endloop
  endfacet
  facet normal 0.965909 0.258882 0
    outer loop
      vertex 46.7056 10.4442 28.5674
      vertex 47.011 9.30473 31.5
      vertex 46.7056 10.4442 24.3831
    endloop
  endfacet
  facet normal 0.965931 0.258801 -3.36424e-05
    outer loop
      vertex 45.6704 14.3079 28.5674
      vertex 47.011 9.30473 31.5
      vertex 46.7056 10.4442 28.5674
    endloop
  endfacet
  facet normal 0.965924 0.258826 6.40851e-06
    outer loop
      vertex 47.2708 8.33511 34
      vertex 47.011 9.30473 31.5
      vertex 45.1052 16.417 34
    endloop
  endfacet
  facet normal 0.965928 0.258811 -7.74413e-18
    outer loop
      vertex 47.011 9.30473 31.5
      vertex 47.2708 8.33511 34
      vertex 47.2708 8.33511 31.5
    endloop
  endfacet
  facet normal 0.965902 0.258909 1.08331e-17
    outer loop
      vertex 45.3651 15.4474 21.5
      vertex 45.1052 16.417 19
      vertex 45.1052 16.417 21.5
    endloop
  endfacet
  facet normal 0.965932 0.258797 0
    outer loop
      vertex 45.3651 15.4474 31.5
      vertex 45.6704 14.3079 26.4398
      vertex 45.3651 15.4474 21.5
    endloop
  endfacet
  facet normal 0.965932 0.258797 -0
    outer loop
      vertex 45.6704 14.3079 24.3831
      vertex 45.3651 15.4474 21.5
      vertex 45.6704 14.3079 26.4398
    endloop
  endfacet
  facet normal 0.965932 0.258794 -9.95433e-07
    outer loop
      vertex 46.4459 11.4134 24.3831
      vertex 45.3651 15.4474 21.5
      vertex 45.6704 14.3079 24.3831
    endloop
  endfacet
  facet normal 0.965927 0.258816 3.06995e-05
    outer loop
      vertex 45.3651 15.4474 21.5
      vertex 46.4459 11.4134 24.3831
      vertex 47.011 9.30473 21.5
    endloop
  endfacet
  facet normal 0.965925 0.258822 2.53454e-05
    outer loop
      vertex 47.011 9.30473 21.5
      vertex 46.4459 11.4134 24.3831
      vertex 46.7056 10.4442 24.3831
    endloop
  endfacet
  facet normal 0.965909 0.258882 -0
    outer loop
      vertex 47.011 9.30473 21.5
      vertex 46.7056 10.4442 24.3831
      vertex 47.011 9.30473 31.5
    endloop
  endfacet
  facet normal 0.965927 0.258816 -3.87016e-05
    outer loop
      vertex 45.3651 15.4474 21.5
      vertex 47.011 9.30473 21.5
      vertex 45.1052 16.417 19
    endloop
  endfacet
  facet normal 0.965928 0.258811 -0
    outer loop
      vertex 47.2708 8.33511 19
      vertex 47.011 9.30473 21.5
      vertex 47.2708 8.33511 21.5
    endloop
  endfacet
  facet normal 0.965924 0.258826 -6.40851e-06
    outer loop
      vertex 47.011 9.30473 21.5
      vertex 47.2708 8.33511 19
      vertex 45.1052 16.417 19
    endloop
  endfacet
  facet normal 0.906307 0.422621 7.97869e-19
    outer loop
      vertex 42.9146 21.1148 12.5
      vertex 41.5692 24 9.87777
      vertex 41.5692 24 15
    endloop
  endfacet
  facet normal 0.906322 0.422587 0
    outer loop
      vertex 42.4177 22.1805 9.62787
      vertex 42.9146 21.1148 12.5
      vertex 42.4177 22.1805 5.4436
    endloop
  endfacet
  facet normal 0.906299 0.422637 2.25908e-05
    outer loop
      vertex 41.5692 24 9.87777
      vertex 42.9146 21.1148 12.5
      vertex 42.4177 22.1805 9.62787
    endloop
  endfacet
  facet normal 0.906313 0.422606 2.02003e-05
    outer loop
      vertex 41.5692 24 15
      vertex 43.7598 19.3022 12.5
      vertex 42.9146 21.1148 12.5
    endloop
  endfacet
  facet normal 0.90629 0.422657 0
    outer loop
      vertex 43.7598 19.3022 12.5
      vertex 44.2568 18.2365 9.62787
      vertex 43.7598 19.3022 2.5
    endloop
  endfacet
  facet normal 0.906297 0.422642 6.87474e-06
    outer loop
      vertex 43.7598 19.3022 12.5
      vertex 44.6454 17.4032 9.74232
      vertex 44.2568 18.2365 9.62787
    endloop
  endfacet
  facet normal 0.906308 0.422617 -4.82854e-06
    outer loop
      vertex 45.1052 16.417 15
      vertex 43.7598 19.3022 12.5
      vertex 41.5692 24 15
    endloop
  endfacet
  facet normal 0.906307 0.422621 -0
    outer loop
      vertex 45.1052 16.417 9.87777
      vertex 43.7598 19.3022 12.5
      vertex 45.1052 16.417 15
    endloop
  endfacet
  facet normal 0.90633 0.422571 6.65306e-05
    outer loop
      vertex 43.7598 19.3022 12.5
      vertex 45.1052 16.417 9.87777
      vertex 44.6454 17.4032 9.74232
    endloop
  endfacet
  facet normal 0.906311 0.422611 -3.33009e-20
    outer loop
      vertex 41.9317 23.2226 5.58672
      vertex 41.5692 24 0
      vertex 41.5692 24 5.69349
    endloop
  endfacet
  facet normal 0.906286 0.422666 -3.44202e-05
    outer loop
      vertex 42.9146 21.1148 2.5
      vertex 41.9317 23.2226 5.58672
      vertex 42.4177 22.1805 5.4436
    endloop
  endfacet
  facet normal 0.906322 0.422587 -0
    outer loop
      vertex 42.9146 21.1148 2.5
      vertex 42.4177 22.1805 5.4436
      vertex 42.9146 21.1148 12.5
    endloop
  endfacet
  facet normal 0.906306 0.422622 1.85157e-06
    outer loop
      vertex 41.9317 23.2226 5.58672
      vertex 42.9146 21.1148 2.5
      vertex 41.5692 24 0
    endloop
  endfacet
  facet normal 0.906313 0.422606 -2.02003e-05
    outer loop
      vertex 43.7598 19.3022 2.5
      vertex 41.5692 24 0
      vertex 42.9146 21.1148 2.5
    endloop
  endfacet
  facet normal 0.90629 0.422657 -0
    outer loop
      vertex 44.2568 18.2365 5.4436
      vertex 43.7598 19.3022 2.5
      vertex 44.2568 18.2365 9.62787
    endloop
  endfacet
  facet normal 0.906318 0.422596 -2.69995e-05
    outer loop
      vertex 45.1052 16.417 5.69349
      vertex 43.7598 19.3022 2.5
      vertex 44.2568 18.2365 5.4436
    endloop
  endfacet
  facet normal 0.906308 0.422617 4.82854e-06
    outer loop
      vertex 43.7598 19.3022 2.5
      vertex 45.1052 16.417 0
      vertex 41.5692 24 0
    endloop
  endfacet
  facet normal 0.906307 0.422621 -0
    outer loop
      vertex 45.1052 16.417 0
      vertex 43.7598 19.3022 2.5
      vertex 45.1052 16.417 5.69349
    endloop
  endfacet
  facet normal 0.906287 0.422662 0
    outer loop
      vertex 41.5692 24 34
      vertex 41.9935 23.0902 31.5
      vertex 41.5692 24 31.5
    endloop
  endfacet
  facet normal 0.906317 0.422598 -0
    outer loop
      vertex 42.492 22.0211 26.4874
      vertex 41.9935 23.0902 31.5
      vertex 42.492 22.0211 28.5674
    endloop
  endfacet
  facet normal 0.906312 0.42261 2.29931e-05
    outer loop
      vertex 44.681 17.3267 31.5
      vertex 41.9935 23.0902 31.5
      vertex 41.5692 24 34
    endloop
  endfacet
  facet normal 0.906291 0.422653 -2.47114e-05
    outer loop
      vertex 41.9935 23.0902 31.5
      vertex 42.9307 21.0804 28.5674
      vertex 42.492 22.0211 28.5674
    endloop
  endfacet
  facet normal 0.906312 0.42261 1.15125e-05
    outer loop
      vertex 41.9935 23.0902 31.5
      vertex 44.681 17.3267 31.5
      vertex 42.9307 21.0804 28.5674
    endloop
  endfacet
  facet normal 0.906333 0.422565 -7.92656e-18
    outer loop
      vertex 44.681 17.3267 31.5
      vertex 44.1825 18.3959 26.4398
      vertex 44.1825 18.3959 28.5674
    endloop
  endfacet
  facet normal 0.906333 0.422565 -0
    outer loop
      vertex 44.681 17.3267 21.5
      vertex 44.1825 18.3959 26.4398
      vertex 44.681 17.3267 31.5
    endloop
  endfacet
  facet normal 0.906308 0.422617 2.31753e-05
    outer loop
      vertex 42.9307 21.0804 28.5674
      vertex 44.681 17.3267 31.5
      vertex 44.1825 18.3959 28.5674
    endloop
  endfacet
  facet normal 0.906308 0.422617 -4.49389e-07
    outer loop
      vertex 45.1052 16.417 34
      vertex 44.681 17.3267 31.5
      vertex 41.5692 24 34
    endloop
  endfacet
  facet normal 0.906308 0.422618 9.94827e-18
    outer loop
      vertex 44.681 17.3267 31.5
      vertex 45.1052 16.417 34
      vertex 45.1052 16.417 31.5
    endloop
  endfacet
  facet normal 0.906287 0.422662 4.97888e-18
    outer loop
      vertex 41.9935 23.0902 21.5
      vertex 41.5692 24 19
      vertex 41.5692 24 21.5
    endloop
  endfacet
  facet normal 0.906317 0.422598 0
    outer loop
      vertex 41.9935 23.0902 31.5
      vertex 42.492 22.0211 26.4874
      vertex 41.9935 23.0902 21.5
    endloop
  endfacet
  facet normal 0.906317 0.422598 -0
    outer loop
      vertex 42.492 22.0211 24.3831
      vertex 41.9935 23.0902 21.5
      vertex 42.492 22.0211 26.4874
    endloop
  endfacet
  facet normal 0.906308 0.422619 9.48449e-06
    outer loop
      vertex 43.7584 19.3053 24.3831
      vertex 41.9935 23.0902 21.5
      vertex 42.492 22.0211 24.3831
    endloop
  endfacet
  facet normal 0.906312 0.42261 -4.49427e-06
    outer loop
      vertex 41.9935 23.0902 21.5
      vertex 43.7584 19.3053 24.3831
      vertex 44.681 17.3267 21.5
    endloop
  endfacet
  facet normal 0.906293 0.422651 -3.86521e-05
    outer loop
      vertex 44.681 17.3267 21.5
      vertex 43.7584 19.3053 24.3831
      vertex 44.1825 18.3959 24.3831
    endloop
  endfacet
  facet normal 0.906333 0.422565 0
    outer loop
      vertex 44.1825 18.3959 26.4398
      vertex 44.681 17.3267 21.5
      vertex 44.1825 18.3959 24.3831
    endloop
  endfacet
  facet normal 0.906312 0.42261 -2.29931e-05
    outer loop
      vertex 41.9935 23.0902 21.5
      vertex 44.681 17.3267 21.5
      vertex 41.5692 24 19
    endloop
  endfacet
  facet normal 0.906308 0.422618 -0
    outer loop
      vertex 45.1052 16.417 19
      vertex 44.681 17.3267 21.5
      vertex 45.1052 16.417 21.5
    endloop
  endfacet
  facet normal 0.906308 0.422617 4.49389e-07
    outer loop
      vertex 44.681 17.3267 21.5
      vertex 45.1052 16.417 19
      vertex 41.5692 24 19
    endloop
  endfacet
  facet normal 0.819142 0.573591 2.25532e-17
    outer loop
      vertex 38.5961 28.2461 12.5
      vertex 36.7701 30.8538 9.87777
      vertex 36.7701 30.8538 15
    endloop
  endfacet
  facet normal 0.81914 0.573594 0
    outer loop
      vertex 37.9217 29.2092 9.62787
      vertex 38.5961 28.2461 12.5
      vertex 37.9217 29.2092 7.51823
    endloop
  endfacet
  facet normal 0.819143 0.57359 -2.02633e-06
    outer loop
      vertex 36.7701 30.8538 9.87777
      vertex 38.5961 28.2461 12.5
      vertex 37.9217 29.2092 9.62787
    endloop
  endfacet
  facet normal 0.819157 0.57357 3.29903e-05
    outer loop
      vertex 36.7701 30.8538 15
      vertex 39.7433 26.6077 12.5
      vertex 38.5961 28.2461 12.5
    endloop
  endfacet
  facet normal 0.81914 0.573594 -0
    outer loop
      vertex 40.4177 25.6446 7.51823
      vertex 39.7433 26.6077 12.5
      vertex 40.4177 25.6446 9.62787
    endloop
  endfacet
  facet normal 0.819151 0.573578 1.24131e-05
    outer loop
      vertex 41.5692 24 15
      vertex 39.7433 26.6077 12.5
      vertex 36.7701 30.8538 15
    endloop
  endfacet
  facet normal 0.819157 0.57357 -0
    outer loop
      vertex 41.5692 24 9.87777
      vertex 39.7433 26.6077 12.5
      vertex 41.5692 24 15
    endloop
  endfacet
  facet normal 0.819165 0.573558 1.7919e-05
    outer loop
      vertex 39.7433 26.6077 12.5
      vertex 41.5692 24 9.87777
      vertex 40.4177 25.6446 9.62787
    endloop
  endfacet
  facet normal 0.819143 0.573589 2.18658e-06
    outer loop
      vertex 38.5961 28.2461 2.5
      vertex 36.7701 30.8538 5.69349
      vertex 37.9217 29.2092 5.4436
    endloop
  endfacet
  facet normal 0.81914 0.573594 -0
    outer loop
      vertex 38.5961 28.2461 2.5
      vertex 37.9217 29.2092 7.51823
      vertex 38.5961 28.2461 12.5
    endloop
  endfacet
  facet normal 0.81914 0.573594 0
    outer loop
      vertex 37.9217 29.2092 7.51823
      vertex 38.5961 28.2461 2.5
      vertex 37.9217 29.2092 5.4436
    endloop
  endfacet
  facet normal 0.819142 0.573591 0
    outer loop
      vertex 36.7701 30.8538 5.69349
      vertex 38.5961 28.2461 2.5
      vertex 36.7701 30.8538 0
    endloop
  endfacet
  facet normal 0.819157 0.57357 -3.29903e-05
    outer loop
      vertex 39.7433 26.6077 2.5
      vertex 36.7701 30.8538 0
      vertex 38.5961 28.2461 2.5
    endloop
  endfacet
  facet normal 0.81914 0.573594 0
    outer loop
      vertex 39.7433 26.6077 12.5
      vertex 40.4177 25.6446 7.51823
      vertex 39.7433 26.6077 2.5
    endloop
  endfacet
  facet normal 0.81914 0.573594 -0
    outer loop
      vertex 40.4177 25.6446 5.4436
      vertex 39.7433 26.6077 2.5
      vertex 40.4177 25.6446 7.51823
    endloop
  endfacet
  facet normal 0.819168 0.573554 -1.93361e-05
    outer loop
      vertex 41.5692 24 5.69349
      vertex 39.7433 26.6077 2.5
      vertex 40.4177 25.6446 5.4436
    endloop
  endfacet
  facet normal 0.819151 0.573578 -1.24131e-05
    outer loop
      vertex 39.7433 26.6077 2.5
      vertex 41.5692 24 0
      vertex 36.7701 30.8538 0
    endloop
  endfacet
  facet normal 0.819157 0.57357 -0
    outer loop
      vertex 41.5692 24 0
      vertex 39.7433 26.6077 2.5
      vertex 41.5692 24 5.69349
    endloop
  endfacet
  facet normal 0.819143 0.573589 0
    outer loop
      vertex 36.7701 30.8538 34
      vertex 37.3459 30.0315 31.5
      vertex 36.7701 30.8538 31.5
    endloop
  endfacet
  facet normal 0.819156 0.57357 0
    outer loop
      vertex 37.3459 30.0315 31.5
      vertex 38.0225 29.0652 28.5674
      vertex 37.3459 30.0315 21.5
    endloop
  endfacet
  facet normal 0.819146 0.573585 2.25685e-06
    outer loop
      vertex 40.9935 24.8223 31.5
      vertex 37.3459 30.0315 31.5
      vertex 36.7701 30.8538 34
    endloop
  endfacet
  facet normal 0.819146 0.573585 -7.24015e-06
    outer loop
      vertex 37.3459 30.0315 31.5
      vertex 38.6179 28.2149 28.5674
      vertex 38.0225 29.0652 28.5674
    endloop
  endfacet
  facet normal 0.819146 0.573585 -6.85066e-06
    outer loop
      vertex 37.3459 30.0315 31.5
      vertex 40.9935 24.8223 31.5
      vertex 38.6179 28.2149 28.5674
    endloop
  endfacet
  facet normal 0.819116 0.573627 0
    outer loop
      vertex 40.3168 25.7886 28.5674
      vertex 40.9935 24.8223 31.5
      vertex 40.3168 25.7886 24.3831
    endloop
  endfacet
  facet normal 0.819154 0.573573 -2.64948e-05
    outer loop
      vertex 38.6179 28.2149 28.5674
      vertex 40.9935 24.8223 31.5
      vertex 40.3168 25.7886 28.5674
    endloop
  endfacet
  facet normal 0.819151 0.573578 2.71195e-05
    outer loop
      vertex 41.5692 24 34
      vertex 40.9935 24.8223 31.5
      vertex 36.7701 30.8538 34
    endloop
  endfacet
  facet normal 0.81919 0.573523 1.51214e-18
    outer loop
      vertex 40.9935 24.8223 31.5
      vertex 41.5692 24 34
      vertex 41.5692 24 31.5
    endloop
  endfacet
  facet normal 0.819143 0.573589 -6.86905e-18
    outer loop
      vertex 37.3459 30.0315 21.5
      vertex 36.7701 30.8538 19
      vertex 36.7701 30.8538 21.5
    endloop
  endfacet
  facet normal 0.819156 0.57357 -0
    outer loop
      vertex 38.0225 29.0652 24.3831
      vertex 37.3459 30.0315 21.5
      vertex 38.0225 29.0652 28.5674
    endloop
  endfacet
  facet normal 0.819105 0.573643 3.62054e-05
    outer loop
      vertex 38.5981 28.2433 24.3831
      vertex 37.3459 30.0315 21.5
      vertex 38.0225 29.0652 24.3831
    endloop
  endfacet
  facet normal 0.819146 0.573585 -1.75581e-05
    outer loop
      vertex 40.9935 24.8223 21.5
      vertex 37.3459 30.0315 21.5
      vertex 38.5981 28.2433 24.3831
    endloop
  endfacet
  facet normal 0.819168 0.573554 3.65394e-05
    outer loop
      vertex 40.9935 24.8223 21.5
      vertex 38.5981 28.2433 24.3831
      vertex 40.3168 25.7886 24.3831
    endloop
  endfacet
  facet normal 0.819116 0.573627 -0
    outer loop
      vertex 40.9935 24.8223 21.5
      vertex 40.3168 25.7886 24.3831
      vertex 40.9935 24.8223 31.5
    endloop
  endfacet
  facet normal 0.819146 0.573585 -2.25685e-06
    outer loop
      vertex 37.3459 30.0315 21.5
      vertex 40.9935 24.8223 21.5
      vertex 36.7701 30.8538 19
    endloop
  endfacet
  facet normal 0.81919 0.573523 -0
    outer loop
      vertex 41.5692 24 19
      vertex 40.9935 24.8223 21.5
      vertex 41.5692 24 21.5
    endloop
  endfacet
  facet normal 0.819151 0.573578 -2.71195e-05
    outer loop
      vertex 40.9935 24.8223 21.5
      vertex 41.5692 24 19
      vertex 36.7701 30.8538 19
    endloop
  endfacet
  facet normal 0.707107 0.707107 0
    outer loop
      vertex 30.8538 36.7701 34
      vertex 31.5636 36.0603 31.5
      vertex 30.8538 36.7701 31.5
    endloop
  endfacet
  facet normal 0.707064 0.707149 -0
    outer loop
      vertex 32.3978 35.2262 26.4874
      vertex 31.5636 36.0603 31.5
      vertex 32.3978 35.2262 28.5674
    endloop
  endfacet
  facet normal 0.707107 0.707107 7.87805e-17
    outer loop
      vertex 36.0603 31.5636 31.5
      vertex 31.5636 36.0603 31.5
      vertex 30.8538 36.7701 34
    endloop
  endfacet
  facet normal 0.707107 0.707107 2.41119e-05
    outer loop
      vertex 31.5636 36.0603 31.5
      vertex 36.0603 31.5636 31.5
      vertex 32.3978 35.2262 28.5674
    endloop
  endfacet
  facet normal 0.707149 0.707064 1.02291e-17
    outer loop
      vertex 36.0603 31.5636 31.5
      vertex 35.2262 32.3978 26.4874
      vertex 35.2262 32.3978 28.5674
    endloop
  endfacet
  facet normal 0.707149 0.707064 -0
    outer loop
      vertex 36.0603 31.5636 21.5
      vertex 35.2262 32.3978 26.4874
      vertex 36.0603 31.5636 31.5
    endloop
  endfacet
  facet normal 0.707107 0.707107 2.41119e-05
    outer loop
      vertex 32.3978 35.2262 28.5674
      vertex 36.0603 31.5636 31.5
      vertex 35.2262 32.3978 28.5674
    endloop
  endfacet
  facet normal 0.707107 0.707107 -1.94684e-17
    outer loop
      vertex 36.7701 30.8538 34
      vertex 36.0603 31.5636 31.5
      vertex 30.8538 36.7701 34
    endloop
  endfacet
  facet normal 0.707107 0.707107 -1.42572e-17
    outer loop
      vertex 36.0603 31.5636 31.5
      vertex 36.7701 30.8538 34
      vertex 36.7701 30.8538 31.5
    endloop
  endfacet
  facet normal 0.707107 0.707107 -1.42572e-17
    outer loop
      vertex 31.5636 36.0603 21.5
      vertex 30.8538 36.7701 19
      vertex 30.8538 36.7701 21.5
    endloop
  endfacet
  facet normal 0.707064 0.707149 0
    outer loop
      vertex 31.5636 36.0603 31.5
      vertex 32.3978 35.2262 26.4874
      vertex 31.5636 36.0603 21.5
    endloop
  endfacet
  facet normal 0.707064 0.707149 -0
    outer loop
      vertex 32.3978 35.2262 24.3831
      vertex 31.5636 36.0603 21.5
      vertex 32.3978 35.2262 26.4874
    endloop
  endfacet
  facet normal 0.707107 0.707107 -2.45259e-05
    outer loop
      vertex 36.0603 31.5636 21.5
      vertex 31.5636 36.0603 21.5
      vertex 32.3978 35.2262 24.3831
    endloop
  endfacet
  facet normal 0.707107 0.707107 -2.45259e-05
    outer loop
      vertex 36.0603 31.5636 21.5
      vertex 32.3978 35.2262 24.3831
      vertex 35.2262 32.3978 24.3831
    endloop
  endfacet
  facet normal 0.707149 0.707064 0
    outer loop
      vertex 35.2262 32.3978 26.4874
      vertex 36.0603 31.5636 21.5
      vertex 35.2262 32.3978 24.3831
    endloop
  endfacet
  facet normal 0.707107 0.707107 7.16062e-18
    outer loop
      vertex 31.5636 36.0603 21.5
      vertex 36.0603 31.5636 21.5
      vertex 30.8538 36.7701 19
    endloop
  endfacet
  facet normal 0.707107 0.707107 -0
    outer loop
      vertex 36.7701 30.8538 19
      vertex 36.0603 31.5636 21.5
      vertex 36.7701 30.8538 21.5
    endloop
  endfacet
  facet normal 0.707107 0.707107 -8.77012e-18
    outer loop
      vertex 36.0603 31.5636 21.5
      vertex 36.7701 30.8538 19
      vertex 30.8538 36.7701 19
    endloop
  endfacet
  facet normal 0.707091 0.707122 -2.58776e-17
    outer loop
      vertex 33.1049 34.5191 12.5
      vertex 30.8538 36.7701 9.87777
      vertex 30.8538 36.7701 15
    endloop
  endfacet
  facet normal 0.707065 0.707149 4.51071e-05
    outer loop
      vertex 30.8538 36.7701 9.87777
      vertex 33.1049 34.5191 12.5
      vertex 31.6233 36.0007 9.74232
    endloop
  endfacet
  facet normal 0.707064 0.707149 0
    outer loop
      vertex 32.2734 35.3505 9.62787
      vertex 33.1049 34.5191 12.5
      vertex 32.2734 35.3505 5.4436
    endloop
  endfacet
  facet normal 0.707156 0.707057 -5.33841e-05
    outer loop
      vertex 31.6233 36.0007 9.74232
      vertex 33.1049 34.5191 12.5
      vertex 32.2734 35.3505 9.62787
    endloop
  endfacet
  facet normal 0.707107 0.707107 2.82843e-05
    outer loop
      vertex 30.8538 36.7701 15
      vertex 34.5191 33.1049 12.5
      vertex 33.1049 34.5191 12.5
    endloop
  endfacet
  facet normal 0.707149 0.707064 0
    outer loop
      vertex 34.5191 33.1049 12.5
      vertex 35.3505 32.2734 9.62787
      vertex 34.5191 33.1049 2.5
    endloop
  endfacet
  facet normal 0.707057 0.707156 -5.33841e-05
    outer loop
      vertex 34.5191 33.1049 12.5
      vertex 36.0007 31.6233 9.74232
      vertex 35.3505 32.2734 9.62787
    endloop
  endfacet
  facet normal 0.707107 0.707107 2.82843e-05
    outer loop
      vertex 36.7701 30.8538 15
      vertex 34.5191 33.1049 12.5
      vertex 30.8538 36.7701 15
    endloop
  endfacet
  facet normal 0.707122 0.707091 -0
    outer loop
      vertex 36.7701 30.8538 9.87777
      vertex 34.5191 33.1049 12.5
      vertex 36.7701 30.8538 15
    endloop
  endfacet
  facet normal 0.707149 0.707065 4.51071e-05
    outer loop
      vertex 34.5191 33.1049 12.5
      vertex 36.7701 30.8538 9.87777
      vertex 36.0007 31.6233 9.74232
    endloop
  endfacet
  facet normal 0.707109 0.707105 2.52787e-05
    outer loop
      vertex 33.1049 34.5191 2.5
      vertex 30.8538 36.7701 5.69349
      vertex 32.2734 35.3505 5.4436
    endloop
  endfacet
  facet normal 0.707064 0.707149 -0
    outer loop
      vertex 33.1049 34.5191 2.5
      vertex 32.2734 35.3505 5.4436
      vertex 33.1049 34.5191 12.5
    endloop
  endfacet
  facet normal 0.707091 0.707122 0
    outer loop
      vertex 30.8538 36.7701 5.69349
      vertex 33.1049 34.5191 2.5
      vertex 30.8538 36.7701 0
    endloop
  endfacet
  facet normal 0.707107 0.707107 -2.82843e-05
    outer loop
      vertex 34.5191 33.1049 2.5
      vertex 30.8538 36.7701 0
      vertex 33.1049 34.5191 2.5
    endloop
  endfacet
  facet normal 0.707149 0.707064 -0
    outer loop
      vertex 35.3505 32.2734 5.4436
      vertex 34.5191 33.1049 2.5
      vertex 35.3505 32.2734 9.62787
    endloop
  endfacet
  facet normal 0.707105 0.707109 2.52787e-05
    outer loop
      vertex 36.7701 30.8538 5.69349
      vertex 34.5191 33.1049 2.5
      vertex 35.3505 32.2734 5.4436
    endloop
  endfacet
  facet normal 0.707107 0.707107 -2.82843e-05
    outer loop
      vertex 34.5191 33.1049 2.5
      vertex 36.7701 30.8538 0
      vertex 30.8538 36.7701 0
    endloop
  endfacet
  facet normal 0.707122 0.707091 -0
    outer loop
      vertex 36.7701 30.8538 0
      vertex 34.5191 33.1049 2.5
      vertex 36.7701 30.8538 5.69349
    endloop
  endfacet
  facet normal 0.422617 0.906308 4.82854e-06
    outer loop
      vertex 24 41.5692 15
      vertex 21.1148 42.9146 12.5
      vertex 16.417 45.1052 15
    endloop
  endfacet
  facet normal 0.422621 0.906307 -0
    outer loop
      vertex 24 41.5692 9.87777
      vertex 21.1148 42.9146 12.5
      vertex 24 41.5692 15
    endloop
  endfacet
  facet normal 0.422637 0.906299 2.25908e-05
    outer loop
      vertex 22.1805 42.4177 9.62787
      vertex 21.1148 42.9146 12.5
      vertex 24 41.5692 9.87777
    endloop
  endfacet
  facet normal 0.422587 0.906322 -0
    outer loop
      vertex 22.1805 42.4177 5.4436
      vertex 21.1148 42.9146 12.5
      vertex 22.1805 42.4177 9.62787
    endloop
  endfacet
  facet normal 0.422587 0.906322 0
    outer loop
      vertex 21.1148 42.9146 12.5
      vertex 22.1805 42.4177 5.4436
      vertex 21.1148 42.9146 2.5
    endloop
  endfacet
  facet normal 0.422606 0.906313 -2.02003e-05
    outer loop
      vertex 19.3022 43.7598 12.5
      vertex 16.417 45.1052 15
      vertex 21.1148 42.9146 12.5
    endloop
  endfacet
  facet normal 0.422621 0.906307 1.16888e-17
    outer loop
      vertex 19.3022 43.7598 12.5
      vertex 16.417 45.1052 9.87777
      vertex 16.417 45.1052 15
    endloop
  endfacet
  facet normal 0.422571 0.90633 6.65306e-05
    outer loop
      vertex 19.3022 43.7598 12.5
      vertex 17.4032 44.6454 9.74232
      vertex 16.417 45.1052 9.87777
    endloop
  endfacet
  facet normal 0.422642 0.906297 6.87474e-06
    outer loop
      vertex 19.3022 43.7598 12.5
      vertex 18.2365 44.2568 9.62787
      vertex 17.4032 44.6454 9.74232
    endloop
  endfacet
  facet normal 0.422657 0.90629 1.11169e-17
    outer loop
      vertex 19.3022 43.7598 12.5
      vertex 18.2365 44.2568 5.4436
      vertex 18.2365 44.2568 9.62787
    endloop
  endfacet
  facet normal 0.422657 0.90629 4.65161e-18
    outer loop
      vertex 18.2365 44.2568 5.4436
      vertex 19.3022 43.7598 12.5
      vertex 19.3022 43.7598 2.5
    endloop
  endfacet
  facet normal 0.422596 0.906318 -2.69995e-05
    outer loop
      vertex 19.3022 43.7598 2.5
      vertex 16.417 45.1052 5.69349
      vertex 18.2365 44.2568 5.4436
    endloop
  endfacet
  facet normal 0.422621 0.906307 1.0516e-17
    outer loop
      vertex 19.3022 43.7598 2.5
      vertex 16.417 45.1052 0
      vertex 16.417 45.1052 5.69349
    endloop
  endfacet
  facet normal 0.422617 0.906308 4.82854e-06
    outer loop
      vertex 16.417 45.1052 0
      vertex 19.3022 43.7598 2.5
      vertex 24 41.5692 0
    endloop
  endfacet
  facet normal 0.422666 0.906286 -3.44202e-05
    outer loop
      vertex 23.2226 41.9317 5.58672
      vertex 21.1148 42.9146 2.5
      vertex 22.1805 42.4177 5.4436
    endloop
  endfacet
  facet normal 0.422611 0.906311 -0
    outer loop
      vertex 24 41.5692 0
      vertex 23.2226 41.9317 5.58672
      vertex 24 41.5692 5.69349
    endloop
  endfacet
  facet normal 0.422606 0.906313 -2.02003e-05
    outer loop
      vertex 21.1148 42.9146 2.5
      vertex 24 41.5692 0
      vertex 19.3022 43.7598 2.5
    endloop
  endfacet
  facet normal 0.422622 0.906306 1.85157e-06
    outer loop
      vertex 23.2226 41.9317 5.58672
      vertex 24 41.5692 0
      vertex 21.1148 42.9146 2.5
    endloop
  endfacet
  facet normal 0.422662 0.906287 -0
    outer loop
      vertex 24 41.5692 19
      vertex 23.0902 41.9935 21.5
      vertex 24 41.5692 21.5
    endloop
  endfacet
  facet normal 0.42261 0.906312 -2.29931e-05
    outer loop
      vertex 23.0902 41.9935 21.5
      vertex 24 41.5692 19
      vertex 17.3267 44.681 21.5
    endloop
  endfacet
  facet normal 0.422617 0.906308 4.49389e-07
    outer loop
      vertex 16.417 45.1052 19
      vertex 17.3267 44.681 21.5
      vertex 24 41.5692 19
    endloop
  endfacet
  facet normal 0.422618 0.906308 9.94827e-18
    outer loop
      vertex 17.3267 44.681 21.5
      vertex 16.417 45.1052 19
      vertex 16.417 45.1052 21.5
    endloop
  endfacet
  facet normal 0.422653 0.906291 -2.47114e-05
    outer loop
      vertex 21.0804 42.9307 28.5674
      vertex 23.0902 41.9935 31.5
      vertex 22.0211 42.492 28.5674
    endloop
  endfacet
  facet normal 0.422598 0.906317 3.46879e-18
    outer loop
      vertex 23.0902 41.9935 31.5
      vertex 22.0211 42.492 26.4874
      vertex 22.0211 42.492 28.5674
    endloop
  endfacet
  facet normal 0.422598 0.906317 -0
    outer loop
      vertex 23.0902 41.9935 21.5
      vertex 22.0211 42.492 26.4874
      vertex 23.0902 41.9935 31.5
    endloop
  endfacet
  facet normal 0.422619 0.906308 9.48449e-06
    outer loop
      vertex 23.0902 41.9935 21.5
      vertex 19.3053 43.7584 24.3831
      vertex 22.0211 42.492 24.3831
    endloop
  endfacet
  facet normal 0.42261 0.906312 -4.49427e-06
    outer loop
      vertex 17.3267 44.681 21.5
      vertex 19.3053 43.7584 24.3831
      vertex 23.0902 41.9935 21.5
    endloop
  endfacet
  facet normal 0.422598 0.906317 0
    outer loop
      vertex 22.0211 42.492 26.4874
      vertex 23.0902 41.9935 21.5
      vertex 22.0211 42.492 24.3831
    endloop
  endfacet
  facet normal 0.422662 0.906287 4.97888e-18
    outer loop
      vertex 23.0902 41.9935 31.5
      vertex 24 41.5692 34
      vertex 24 41.5692 31.5
    endloop
  endfacet
  facet normal 0.422617 0.906308 1.9797e-05
    outer loop
      vertex 24 41.5692 34
      vertex 23.0902 41.9935 31.5
      vertex 16.417 45.1052 34
    endloop
  endfacet
  facet normal 0.42261 0.906312 -3.64506e-06
    outer loop
      vertex 17.3267 44.681 31.5
      vertex 16.417 45.1052 34
      vertex 23.0902 41.9935 31.5
    endloop
  endfacet
  facet normal 0.422618 0.906308 0
    outer loop
      vertex 16.417 45.1052 34
      vertex 17.3267 44.681 31.5
      vertex 16.417 45.1052 31.5
    endloop
  endfacet
  facet normal 0.42261 0.906312 1.15125e-05
    outer loop
      vertex 23.0902 41.9935 31.5
      vertex 21.0804 42.9307 28.5674
      vertex 17.3267 44.681 31.5
    endloop
  endfacet
  facet normal 0.422617 0.906308 2.31753e-05
    outer loop
      vertex 18.3959 44.1825 28.5674
      vertex 17.3267 44.681 31.5
      vertex 21.0804 42.9307 28.5674
    endloop
  endfacet
  facet normal 0.422565 0.906333 -0
    outer loop
      vertex 18.3959 44.1825 26.4398
      vertex 17.3267 44.681 31.5
      vertex 18.3959 44.1825 28.5674
    endloop
  endfacet
  facet normal 0.422565 0.906333 -8.19981e-18
    outer loop
      vertex 17.3267 44.681 21.5
      vertex 18.3959 44.1825 26.4398
      vertex 18.3959 44.1825 24.3831
    endloop
  endfacet
  facet normal 0.422565 0.906333 -1.68646e-18
    outer loop
      vertex 18.3959 44.1825 26.4398
      vertex 17.3267 44.681 21.5
      vertex 17.3267 44.681 31.5
    endloop
  endfacet
  facet normal 0.422651 0.906293 -3.86521e-05
    outer loop
      vertex 19.3053 43.7584 24.3831
      vertex 17.3267 44.681 21.5
      vertex 18.3959 44.1825 24.3831
    endloop
  endfacet
  facet normal 0.0871711 0.996193 -3.34766e-05
    outer loop
      vertex 8.33511 47.2708 5.69349
      vertex 5.16375 47.5482 2.5
      vertex 6.33511 47.4458 5.4436
    endloop
  endfacet
  facet normal 0.08715 0.996195 1.58124e-05
    outer loop
      vertex 5.16375 47.5482 2.5
      vertex 8.33511 47.2708 0
      vertex 3.17136 47.7225 2.5
    endloop
  endfacet
  facet normal 0.0871376 0.996196 -0
    outer loop
      vertex 8.33511 47.2708 0
      vertex 5.16375 47.5482 2.5
      vertex 8.33511 47.2708 5.69349
    endloop
  endfacet
  facet normal 0.0871525 0.996195 -1.89411e-05
    outer loop
      vertex 8.33511 47.2708 15
      vertex 5.16375 47.5482 12.5
      vertex 0 48 15
    endloop
  endfacet
  facet normal 0.0871376 0.996196 -0
    outer loop
      vertex 8.33511 47.2708 9.87777
      vertex 5.16375 47.5482 12.5
      vertex 8.33511 47.2708 15
    endloop
  endfacet
  facet normal 0.0871631 0.996194 3.10229e-05
    outer loop
      vertex 6.33511 47.4458 9.62787
      vertex 5.16375 47.5482 12.5
      vertex 8.33511 47.2708 9.87777
    endloop
  endfacet
  facet normal 0.0870876 0.996201 -0
    outer loop
      vertex 6.33511 47.4458 7.51823
      vertex 5.16375 47.5482 12.5
      vertex 6.33511 47.4458 9.62787
    endloop
  endfacet
  facet normal 0.0870876 0.996201 2.30282e-18
    outer loop
      vertex 5.16375 47.5482 2.5
      vertex 6.33511 47.4458 7.51823
      vertex 6.33511 47.4458 5.4436
    endloop
  endfacet
  facet normal 0.0870876 0.996201 4.77751e-19
    outer loop
      vertex 6.33511 47.4458 7.51823
      vertex 5.16375 47.5482 2.5
      vertex 5.16375 47.5482 12.5
    endloop
  endfacet
  facet normal 0.08715 0.996195 -2.40354e-05
    outer loop
      vertex 3.17136 47.7225 12.5
      vertex 0 48 15
      vertex 5.16375 47.5482 12.5
    endloop
  endfacet
  facet normal 0.0871688 0.996194 -2.01461e-18
    outer loop
      vertex 3.17136 47.7225 12.5
      vertex 0 48 9.87777
      vertex 0 48 15
    endloop
  endfacet
  facet normal 0.0871672 0.996194 1.98018e-06
    outer loop
      vertex 3.17136 47.7225 12.5
      vertex 2 47.825 9.62787
      vertex 0 48 9.87777
    endloop
  endfacet
  facet normal 0.087172 0.996193 9.25535e-19
    outer loop
      vertex 3.17136 47.7225 12.5
      vertex 2 47.825 5.4436
      vertex 2 47.825 9.62787
    endloop
  endfacet
  facet normal 0.087172 0.996193 3.87269e-19
    outer loop
      vertex 2 47.825 5.4436
      vertex 3.17136 47.7225 12.5
      vertex 3.17136 47.7225 2.5
    endloop
  endfacet
  facet normal 0.0871667 0.996194 -2.1368e-06
    outer loop
      vertex 3.17136 47.7225 2.5
      vertex 0 48 5.69349
      vertex 2 47.825 5.4436
    endloop
  endfacet
  facet normal 0.0871688 0.996194 -1.81248e-18
    outer loop
      vertex 3.17136 47.7225 2.5
      vertex 0 48 0
      vertex 0 48 5.69349
    endloop
  endfacet
  facet normal 0.0871525 0.996195 2.09067e-05
    outer loop
      vertex 0 48 0
      vertex 3.17136 47.7225 2.5
      vertex 8.33511 47.2708 0
    endloop
  endfacet
  facet normal 0.087167 0.996194 -0
    outer loop
      vertex 8.33511 47.2708 19
      vertex 7.33511 47.3583 21.5
      vertex 8.33511 47.2708 21.5
    endloop
  endfacet
  facet normal 0.0871479 0.996195 -7.68166e-06
    outer loop
      vertex 7.33511 47.3583 21.5
      vertex 8.33511 47.2708 19
      vertex 1 47.9125 21.5
    endloop
  endfacet
  facet normal 0.0871525 0.996195 5.83845e-06
    outer loop
      vertex 0 48 19
      vertex 1 47.9125 21.5
      vertex 8.33511 47.2708 19
    endloop
  endfacet
  facet normal 0.087167 0.996194 0
    outer loop
      vertex 1 47.9125 21.5
      vertex 0 48 19
      vertex 0 48 21.5
    endloop
  endfacet
  facet normal 0.0870927 0.9962 2.09661e-05
    outer loop
      vertex 5.12592 47.5515 28.5674
      vertex 7.33511 47.3583 31.5
      vertex 6.15995 47.4611 28.5674
    endloop
  endfacet
  facet normal 0.0871447 0.996196 -2.65122e-18
    outer loop
      vertex 7.33511 47.3583 31.5
      vertex 6.15995 47.4611 26.4874
      vertex 6.15995 47.4611 28.5674
    endloop
  endfacet
  facet normal 0.0871447 0.996196 -0
    outer loop
      vertex 7.33511 47.3583 21.5
      vertex 6.15995 47.4611 26.4874
      vertex 7.33511 47.3583 31.5
    endloop
  endfacet
  facet normal 0.08715 0.996195 2.2018e-06
    outer loop
      vertex 6.15995 47.4611 24.3831
      vertex 7.33511 47.3583 21.5
      vertex 2.17517 47.8097 24.3831
    endloop
  endfacet
  facet normal 0.0871447 0.996196 0
    outer loop
      vertex 6.15995 47.4611 26.4874
      vertex 7.33511 47.3583 21.5
      vertex 6.15995 47.4611 24.3831
    endloop
  endfacet
  facet normal 0.087167 0.996194 0
    outer loop
      vertex 7.33511 47.3583 31.5
      vertex 8.33511 47.2708 34
      vertex 8.33511 47.2708 31.5
    endloop
  endfacet
  facet normal 0.0871525 0.996195 5.83845e-06
    outer loop
      vertex 8.33511 47.2708 34
      vertex 7.33511 47.3583 31.5
      vertex 0 48 34
    endloop
  endfacet
  facet normal 0.0871479 0.996195 -7.68166e-06
    outer loop
      vertex 1 47.9125 31.5
      vertex 0 48 34
      vertex 7.33511 47.3583 31.5
    endloop
  endfacet
  facet normal 0.087167 0.996194 0
    outer loop
      vertex 0 48 34
      vertex 1 47.9125 31.5
      vertex 0 48 31.5
    endloop
  endfacet
  facet normal 0.0871479 0.996195 -2.09041e-05
    outer loop
      vertex 7.33511 47.3583 31.5
      vertex 5.12592 47.5515 28.5674
      vertex 1 47.9125 31.5
    endloop
  endfacet
  facet normal 0.0871701 0.996193 1.05675e-05
    outer loop
      vertex 2.17517 47.8097 28.5674
      vertex 1 47.9125 31.5
      vertex 5.12592 47.5515 28.5674
    endloop
  endfacet
  facet normal 0.0871439 0.996196 -0
    outer loop
      vertex 2.17517 47.8097 24.3831
      vertex 1 47.9125 31.5
      vertex 2.17517 47.8097 28.5674
    endloop
  endfacet
  facet normal 0.0871439 0.996196 9.19082e-21
    outer loop
      vertex 2.17517 47.8097 24.3831
      vertex 1 47.9125 21.5
      vertex 1 47.9125 31.5
    endloop
  endfacet
  facet normal 0.0871479 0.996195 -1.63113e-06
    outer loop
      vertex 1 47.9125 21.5
      vertex 2.17517 47.8097 24.3831
      vertex 7.33511 47.3583 21.5
    endloop
  endfacet
  facet normal -0.996196 0.0871376 -2.07568e-18
    outer loop
      vertex -47.5482 5.16375 2.5
      vertex -47.2708 8.33511 5.69349
      vertex -47.2708 8.33511 0
    endloop
  endfacet
  facet normal -0.996201 0.0870876 0
    outer loop
      vertex -47.5482 5.16375 12.5
      vertex -47.4458 6.33511 7.51823
      vertex -47.5482 5.16375 2.5
    endloop
  endfacet
  facet normal -0.996201 0.0870876 0
    outer loop
      vertex -47.4458 6.33511 5.4436
      vertex -47.5482 5.16375 2.5
      vertex -47.4458 6.33511 7.51823
    endloop
  endfacet
  facet normal -0.996193 0.0871711 -3.34766e-05
    outer loop
      vertex -47.2708 8.33511 5.69349
      vertex -47.5482 5.16375 2.5
      vertex -47.4458 6.33511 5.4436
    endloop
  endfacet
  facet normal -0.996195 0.08715 1.58124e-05
    outer loop
      vertex -47.2708 8.33511 0
      vertex -47.7225 3.17136 2.5
      vertex -47.5482 5.16375 2.5
    endloop
  endfacet
  facet normal -0.996193 0.087172 0
    outer loop
      vertex -47.7225 3.17136 2.5
      vertex -47.825 2 5.4436
      vertex -47.7225 3.17136 12.5
    endloop
  endfacet
  facet normal -0.996195 0.0871525 2.09067e-05
    outer loop
      vertex -48 0 0
      vertex -47.7225 3.17136 2.5
      vertex -47.2708 8.33511 0
    endloop
  endfacet
  facet normal -0.996194 0.0871688 0
    outer loop
      vertex -48 0 5.69349
      vertex -47.7225 3.17136 2.5
      vertex -48 0 0
    endloop
  endfacet
  facet normal -0.996194 0.0871667 -2.1368e-06
    outer loop
      vertex -47.7225 3.17136 2.5
      vertex -48 0 5.69349
      vertex -47.825 2 5.4436
    endloop
  endfacet
  facet normal -0.996194 0.0871631 3.10229e-05
    outer loop
      vertex -47.5482 5.16375 12.5
      vertex -47.2708 8.33511 9.87777
      vertex -47.4458 6.33511 9.62787
    endloop
  endfacet
  facet normal -0.996201 0.0870876 0
    outer loop
      vertex -47.4458 6.33511 7.51823
      vertex -47.5482 5.16375 12.5
      vertex -47.4458 6.33511 9.62787
    endloop
  endfacet
  facet normal -0.996196 0.0871376 0
    outer loop
      vertex -47.2708 8.33511 9.87777
      vertex -47.5482 5.16375 12.5
      vertex -47.2708 8.33511 15
    endloop
  endfacet
  facet normal -0.996195 0.08715 -1.58124e-05
    outer loop
      vertex -47.7225 3.17136 12.5
      vertex -47.2708 8.33511 15
      vertex -47.5482 5.16375 12.5
    endloop
  endfacet
  facet normal -0.996193 0.087172 0
    outer loop
      vertex -47.825 2 9.62787
      vertex -47.7225 3.17136 12.5
      vertex -47.825 2 5.4436
    endloop
  endfacet
  facet normal -0.996194 0.0871672 1.98018e-06
    outer loop
      vertex -48 0 9.87777
      vertex -47.7225 3.17136 12.5
      vertex -47.825 2 9.62787
    endloop
  endfacet
  facet normal -0.996195 0.0871525 -2.09067e-05
    outer loop
      vertex -47.7225 3.17136 12.5
      vertex -48 0 15
      vertex -47.2708 8.33511 15
    endloop
  endfacet
  facet normal -0.996194 0.0871688 0
    outer loop
      vertex -48 0 15
      vertex -47.7225 3.17136 12.5
      vertex -48 0 9.87777
    endloop
  endfacet
  facet normal -0.996194 0.087167 0
    outer loop
      vertex -47.2708 8.33511 19
      vertex -47.3583 7.33511 21.5
      vertex -47.2708 8.33511 21.5
    endloop
  endfacet
  facet normal -0.996196 0.0871447 0
    outer loop
      vertex -47.3583 7.33511 21.5
      vertex -47.4611 6.15995 26.4874
      vertex -47.3583 7.33511 31.5
    endloop
  endfacet
  facet normal -0.996196 0.0871447 2.6206e-18
    outer loop
      vertex -47.3583 7.33511 21.5
      vertex -47.4611 6.15995 24.3831
      vertex -47.4611 6.15995 26.4874
    endloop
  endfacet
  facet normal -0.996195 0.0871479 -7.68166e-06
    outer loop
      vertex -47.9125 1 21.5
      vertex -47.3583 7.33511 21.5
      vertex -47.2708 8.33511 19
    endloop
  endfacet
  facet normal -0.996195 0.0871479 1.32886e-06
    outer loop
      vertex -47.3583 7.33511 21.5
      vertex -47.9125 1 21.5
      vertex -47.4611 6.15995 24.3831
    endloop
  endfacet
  facet normal -0.996196 0.0871439 0
    outer loop
      vertex -47.8097 2.17517 24.3831
      vertex -47.9125 1 21.5
      vertex -47.8097 2.17517 28.5674
    endloop
  endfacet
  facet normal -0.996195 0.08715 -2.50408e-06
    outer loop
      vertex -47.4611 6.15995 24.3831
      vertex -47.9125 1 21.5
      vertex -47.8097 2.17517 24.3831
    endloop
  endfacet
  facet normal -0.996195 0.0871525 5.83845e-06
    outer loop
      vertex -48 0 19
      vertex -47.9125 1 21.5
      vertex -47.2708 8.33511 19
    endloop
  endfacet
  facet normal -0.996194 0.087167 0
    outer loop
      vertex -47.9125 1 21.5
      vertex -48 0 19
      vertex -48 0 21.5
    endloop
  endfacet
  facet normal -0.996194 0.087167 0
    outer loop
      vertex -47.3583 7.33511 31.5
      vertex -47.2708 8.33511 34
      vertex -47.2708 8.33511 31.5
    endloop
  endfacet
  facet normal -0.996196 0.0871447 0
    outer loop
      vertex -47.4611 6.15995 28.5674
      vertex -47.3583 7.33511 31.5
      vertex -47.4611 6.15995 26.4874
    endloop
  endfacet
  facet normal -0.9962 0.0870927 2.09661e-05
    outer loop
      vertex -47.5515 5.12592 28.5674
      vertex -47.3583 7.33511 31.5
      vertex -47.4611 6.15995 28.5674
    endloop
  endfacet
  facet normal -0.996195 0.0871479 -2.09041e-05
    outer loop
      vertex -47.9125 1 31.5
      vertex -47.3583 7.33511 31.5
      vertex -47.5515 5.12592 28.5674
    endloop
  endfacet
  facet normal -0.996193 0.0871701 1.05675e-05
    outer loop
      vertex -47.9125 1 31.5
      vertex -47.5515 5.12592 28.5674
      vertex -47.8097 2.17517 28.5674
    endloop
  endfacet
  facet normal -0.996196 0.0871439 0
    outer loop
      vertex -47.9125 1 31.5
      vertex -47.8097 2.17517 28.5674
      vertex -47.9125 1 21.5
    endloop
  endfacet
  facet normal -0.996195 0.0871479 7.68166e-06
    outer loop
      vertex -47.3583 7.33511 31.5
      vertex -47.9125 1 31.5
      vertex -47.2708 8.33511 34
    endloop
  endfacet
  facet normal -0.996194 0.087167 0
    outer loop
      vertex -48 0 34
      vertex -47.9125 1 31.5
      vertex -48 0 31.5
    endloop
  endfacet
  facet normal -0.996195 0.0871525 -5.83845e-06
    outer loop
      vertex -47.9125 1 31.5
      vertex -48 0 34
      vertex -47.2708 8.33511 34
    endloop
  endfacet
  facet normal -0.707107 0.707107 0
    outer loop
      vertex -30.8538 36.7701 19
      vertex -31.5636 36.0603 21.5
      vertex -30.8538 36.7701 21.5
    endloop
  endfacet
  facet normal -0.707064 0.707149 0
    outer loop
      vertex -32.3978 35.2262 26.4874
      vertex -31.5636 36.0603 21.5
      vertex -32.3978 35.2262 24.3831
    endloop
  endfacet
  facet normal -0.707107 0.707107 -7.87805e-17
    outer loop
      vertex -36.0603 31.5636 21.5
      vertex -31.5636 36.0603 21.5
      vertex -30.8538 36.7701 19
    endloop
  endfacet
  facet normal -0.707107 0.707107 -2.45259e-05
    outer loop
      vertex -31.5636 36.0603 21.5
      vertex -36.0603 31.5636 21.5
      vertex -32.3978 35.2262 24.3831
    endloop
  endfacet
  facet normal -0.707149 0.707064 -1.0111e-17
    outer loop
      vertex -36.0603 31.5636 21.5
      vertex -35.2262 32.3978 26.4874
      vertex -35.2262 32.3978 24.3831
    endloop
  endfacet
  facet normal -0.707149 0.707064 0
    outer loop
      vertex -36.0603 31.5636 31.5
      vertex -35.2262 32.3978 26.4874
      vertex -36.0603 31.5636 21.5
    endloop
  endfacet
  facet normal -0.707107 0.707107 -2.45259e-05
    outer loop
      vertex -32.3978 35.2262 24.3831
      vertex -36.0603 31.5636 21.5
      vertex -35.2262 32.3978 24.3831
    endloop
  endfacet
  facet normal -0.707107 0.707107 1.94684e-17
    outer loop
      vertex -36.7701 30.8538 19
      vertex -36.0603 31.5636 21.5
      vertex -30.8538 36.7701 19
    endloop
  endfacet
  facet normal -0.707107 0.707107 1.42572e-17
    outer loop
      vertex -36.0603 31.5636 21.5
      vertex -36.7701 30.8538 19
      vertex -36.7701 30.8538 21.5
    endloop
  endfacet
  facet normal -0.707107 0.707107 1.42572e-17
    outer loop
      vertex -31.5636 36.0603 31.5
      vertex -30.8538 36.7701 34
      vertex -30.8538 36.7701 31.5
    endloop
  endfacet
  facet normal -0.707064 0.707149 0
    outer loop
      vertex -31.5636 36.0603 21.5
      vertex -32.3978 35.2262 26.4874
      vertex -31.5636 36.0603 31.5
    endloop
  endfacet
  facet normal -0.707064 0.707149 0
    outer loop
      vertex -32.3978 35.2262 28.5674
      vertex -31.5636 36.0603 31.5
      vertex -32.3978 35.2262 26.4874
    endloop
  endfacet
  facet normal -0.707107 0.707107 2.41119e-05
    outer loop
      vertex -36.0603 31.5636 31.5
      vertex -31.5636 36.0603 31.5
      vertex -32.3978 35.2262 28.5674
    endloop
  endfacet
  facet normal -0.707107 0.707107 2.41119e-05
    outer loop
      vertex -36.0603 31.5636 31.5
      vertex -32.3978 35.2262 28.5674
      vertex -35.2262 32.3978 28.5674
    endloop
  endfacet
  facet normal -0.707149 0.707064 0
    outer loop
      vertex -35.2262 32.3978 26.4874
      vertex -36.0603 31.5636 31.5
      vertex -35.2262 32.3978 28.5674
    endloop
  endfacet
  facet normal -0.707107 0.707107 -7.16062e-18
    outer loop
      vertex -31.5636 36.0603 31.5
      vertex -36.0603 31.5636 31.5
      vertex -30.8538 36.7701 34
    endloop
  endfacet
  facet normal -0.707107 0.707107 0
    outer loop
      vertex -36.7701 30.8538 34
      vertex -36.0603 31.5636 31.5
      vertex -36.7701 30.8538 31.5
    endloop
  endfacet
  facet normal -0.707107 0.707107 8.77012e-18
    outer loop
      vertex -36.0603 31.5636 31.5
      vertex -36.7701 30.8538 34
      vertex -30.8538 36.7701 34
    endloop
  endfacet
  facet normal -0.707091 0.707122 2.32811e-17
    outer loop
      vertex -33.1049 34.5191 2.5
      vertex -30.8538 36.7701 5.69349
      vertex -30.8538 36.7701 0
    endloop
  endfacet
  facet normal -0.707064 0.707149 0
    outer loop
      vertex -32.2734 35.3505 5.4436
      vertex -33.1049 34.5191 2.5
      vertex -32.2734 35.3505 9.62787
    endloop
  endfacet
  facet normal -0.707109 0.707105 2.52787e-05
    outer loop
      vertex -30.8538 36.7701 5.69349
      vertex -33.1049 34.5191 2.5
      vertex -32.2734 35.3505 5.4436
    endloop
  endfacet
  facet normal -0.707107 0.707107 -2.82843e-05
    outer loop
      vertex -30.8538 36.7701 0
      vertex -34.5191 33.1049 2.5
      vertex -33.1049 34.5191 2.5
    endloop
  endfacet
  facet normal -0.707149 0.707064 0
    outer loop
      vertex -34.5191 33.1049 2.5
      vertex -35.3505 32.2734 9.62787
      vertex -34.5191 33.1049 12.5
    endloop
  endfacet
  facet normal -0.707149 0.707064 -8.10937e-18
    outer loop
      vertex -34.5191 33.1049 2.5
      vertex -35.3505 32.2734 5.4436
      vertex -35.3505 32.2734 9.62787
    endloop
  endfacet
  facet normal -0.707107 0.707107 -2.82843e-05
    outer loop
      vertex -36.7701 30.8538 0
      vertex -34.5191 33.1049 2.5
      vertex -30.8538 36.7701 0
    endloop
  endfacet
  facet normal -0.707122 0.707091 0
    outer loop
      vertex -36.7701 30.8538 5.69349
      vertex -34.5191 33.1049 2.5
      vertex -36.7701 30.8538 0
    endloop
  endfacet
  facet normal -0.707105 0.707109 2.52787e-05
    outer loop
      vertex -34.5191 33.1049 2.5
      vertex -36.7701 30.8538 5.69349
      vertex -35.3505 32.2734 5.4436
    endloop
  endfacet
  facet normal -0.707065 0.707149 4.51071e-05
    outer loop
      vertex -33.1049 34.5191 12.5
      vertex -30.8538 36.7701 9.87777
      vertex -31.6233 36.0007 9.74232
    endloop
  endfacet
  facet normal -0.707156 0.707057 -5.33841e-05
    outer loop
      vertex -33.1049 34.5191 12.5
      vertex -31.6233 36.0007 9.74232
      vertex -32.2734 35.3505 9.62787
    endloop
  endfacet
  facet normal -0.707064 0.707149 0
    outer loop
      vertex -33.1049 34.5191 12.5
      vertex -32.2734 35.3505 9.62787
      vertex -33.1049 34.5191 2.5
    endloop
  endfacet
  facet normal -0.707091 0.707122 0
    outer loop
      vertex -30.8538 36.7701 9.87777
      vertex -33.1049 34.5191 12.5
      vertex -30.8538 36.7701 15
    endloop
  endfacet
  facet normal -0.707107 0.707107 2.82843e-05
    outer loop
      vertex -34.5191 33.1049 12.5
      vertex -30.8538 36.7701 15
      vertex -33.1049 34.5191 12.5
    endloop
  endfacet
  facet normal -0.707057 0.707156 -5.33841e-05
    outer loop
      vertex -36.0007 31.6233 9.74232
      vertex -34.5191 33.1049 12.5
      vertex -35.3505 32.2734 9.62787
    endloop
  endfacet
  facet normal -0.707149 0.707065 4.51071e-05
    outer loop
      vertex -36.7701 30.8538 9.87777
      vertex -34.5191 33.1049 12.5
      vertex -36.0007 31.6233 9.74232
    endloop
  endfacet
  facet normal -0.707107 0.707107 2.82843e-05
    outer loop
      vertex -34.5191 33.1049 12.5
      vertex -36.7701 30.8538 15
      vertex -30.8538 36.7701 15
    endloop
  endfacet
  facet normal -0.707122 0.707091 0
    outer loop
      vertex -36.7701 30.8538 15
      vertex -34.5191 33.1049 12.5
      vertex -36.7701 30.8538 9.87777
    endloop
  endfacet
  facet normal -0.422596 0.906318 -2.69995e-05
    outer loop
      vertex -16.417 45.1052 5.69349
      vertex -19.3022 43.7598 2.5
      vertex -18.2365 44.2568 5.4436
    endloop
  endfacet
  facet normal -0.422606 0.906313 2.02003e-05
    outer loop
      vertex -19.3022 43.7598 2.5
      vertex -16.417 45.1052 0
      vertex -21.1148 42.9146 2.5
    endloop
  endfacet
  facet normal -0.422621 0.906307 0
    outer loop
      vertex -16.417 45.1052 0
      vertex -19.3022 43.7598 2.5
      vertex -16.417 45.1052 5.69349
    endloop
  endfacet
  facet normal -0.422617 0.906308 -4.82854e-06
    outer loop
      vertex -16.417 45.1052 15
      vertex -19.3022 43.7598 12.5
      vertex -24 41.5692 15
    endloop
  endfacet
  facet normal -0.422621 0.906307 0
    outer loop
      vertex -16.417 45.1052 9.87777
      vertex -19.3022 43.7598 12.5
      vertex -16.417 45.1052 15
    endloop
  endfacet
  facet normal -0.422571 0.90633 6.65306e-05
    outer loop
      vertex -17.4032 44.6454 9.74232
      vertex -19.3022 43.7598 12.5
      vertex -16.417 45.1052 9.87777
    endloop
  endfacet
  facet normal -0.422642 0.906297 6.87474e-06
    outer loop
      vertex -18.2365 44.2568 9.62787
      vertex -19.3022 43.7598 12.5
      vertex -17.4032 44.6454 9.74232
    endloop
  endfacet
  facet normal -0.422657 0.90629 0
    outer loop
      vertex -18.2365 44.2568 5.4436
      vertex -19.3022 43.7598 12.5
      vertex -18.2365 44.2568 9.62787
    endloop
  endfacet
  facet normal -0.422657 0.90629 0
    outer loop
      vertex -19.3022 43.7598 12.5
      vertex -18.2365 44.2568 5.4436
      vertex -19.3022 43.7598 2.5
    endloop
  endfacet
  facet normal -0.422606 0.906313 2.02003e-05
    outer loop
      vertex -21.1148 42.9146 12.5
      vertex -24 41.5692 15
      vertex -19.3022 43.7598 12.5
    endloop
  endfacet
  facet normal -0.422621 0.906307 -7.97869e-19
    outer loop
      vertex -21.1148 42.9146 12.5
      vertex -24 41.5692 9.87777
      vertex -24 41.5692 15
    endloop
  endfacet
  facet normal -0.422637 0.906299 2.25908e-05
    outer loop
      vertex -21.1148 42.9146 12.5
      vertex -22.1805 42.4177 9.62787
      vertex -24 41.5692 9.87777
    endloop
  endfacet
  facet normal -0.422587 0.906322 2.69944e-18
    outer loop
      vertex -21.1148 42.9146 12.5
      vertex -22.1805 42.4177 5.4436
      vertex -22.1805 42.4177 9.62787
    endloop
  endfacet
  facet normal -0.422587 0.906322 1.12952e-18
    outer loop
      vertex -22.1805 42.4177 5.4436
      vertex -21.1148 42.9146 12.5
      vertex -21.1148 42.9146 2.5
    endloop
  endfacet
  facet normal -0.422666 0.906286 -3.44202e-05
    outer loop
      vertex -21.1148 42.9146 2.5
      vertex -23.2226 41.9317 5.58672
      vertex -22.1805 42.4177 5.4436
    endloop
  endfacet
  facet normal -0.422622 0.906306 1.85157e-06
    outer loop
      vertex -24 41.5692 0
      vertex -23.2226 41.9317 5.58672
      vertex -21.1148 42.9146 2.5
    endloop
  endfacet
  facet normal -0.422611 0.906311 3.33009e-20
    outer loop
      vertex -23.2226 41.9317 5.58672
      vertex -24 41.5692 0
      vertex -24 41.5692 5.69349
    endloop
  endfacet
  facet normal -0.422617 0.906308 -4.82854e-06
    outer loop
      vertex -24 41.5692 0
      vertex -21.1148 42.9146 2.5
      vertex -16.417 45.1052 0
    endloop
  endfacet
  facet normal -0.422618 0.906308 0
    outer loop
      vertex -16.417 45.1052 19
      vertex -17.3267 44.681 21.5
      vertex -16.417 45.1052 21.5
    endloop
  endfacet
  facet normal -0.42261 0.906312 3.64506e-06
    outer loop
      vertex -17.3267 44.681 21.5
      vertex -16.417 45.1052 19
      vertex -23.0902 41.9935 21.5
    endloop
  endfacet
  facet normal -0.422617 0.906308 -1.9797e-05
    outer loop
      vertex -24 41.5692 19
      vertex -23.0902 41.9935 21.5
      vertex -16.417 45.1052 19
    endloop
  endfacet
  facet normal -0.422662 0.906287 -4.97888e-18
    outer loop
      vertex -23.0902 41.9935 21.5
      vertex -24 41.5692 19
      vertex -24 41.5692 21.5
    endloop
  endfacet
  facet normal -0.422617 0.906308 2.31753e-05
    outer loop
      vertex -21.0804 42.9307 28.5674
      vertex -17.3267 44.681 31.5
      vertex -18.3959 44.1825 28.5674
    endloop
  endfacet
  facet normal -0.422565 0.906333 7.92656e-18
    outer loop
      vertex -17.3267 44.681 31.5
      vertex -18.3959 44.1825 26.4398
      vertex -18.3959 44.1825 28.5674
    endloop
  endfacet
  facet normal -0.422565 0.906333 0
    outer loop
      vertex -17.3267 44.681 21.5
      vertex -18.3959 44.1825 26.4398
      vertex -17.3267 44.681 31.5
    endloop
  endfacet
  facet normal -0.422651 0.906293 -3.86521e-05
    outer loop
      vertex -17.3267 44.681 21.5
      vertex -19.3053 43.7584 24.3831
      vertex -18.3959 44.1825 24.3831
    endloop
  endfacet
  facet normal -0.42261 0.906312 -4.49427e-06
    outer loop
      vertex -23.0902 41.9935 21.5
      vertex -19.3053 43.7584 24.3831
      vertex -17.3267 44.681 21.5
    endloop
  endfacet
  facet normal -0.422565 0.906333 0
    outer loop
      vertex -18.3959 44.1825 26.4398
      vertex -17.3267 44.681 21.5
      vertex -18.3959 44.1825 24.3831
    endloop
  endfacet
  facet normal -0.422618 0.906308 -9.94827e-18
    outer loop
      vertex -17.3267 44.681 31.5
      vertex -16.417 45.1052 34
      vertex -16.417 45.1052 31.5
    endloop
  endfacet
  facet normal -0.422617 0.906308 -4.49389e-07
    outer loop
      vertex -16.417 45.1052 34
      vertex -17.3267 44.681 31.5
      vertex -24 41.5692 34
    endloop
  endfacet
  facet normal -0.42261 0.906312 2.29931e-05
    outer loop
      vertex -23.0902 41.9935 31.5
      vertex -24 41.5692 34
      vertex -17.3267 44.681 31.5
    endloop
  endfacet
  facet normal -0.422662 0.906287 0
    outer loop
      vertex -24 41.5692 34
      vertex -23.0902 41.9935 31.5
      vertex -24 41.5692 31.5
    endloop
  endfacet
  facet normal -0.42261 0.906312 1.15125e-05
    outer loop
      vertex -17.3267 44.681 31.5
      vertex -21.0804 42.9307 28.5674
      vertex -23.0902 41.9935 31.5
    endloop
  endfacet
  facet normal -0.422653 0.906291 -2.47114e-05
    outer loop
      vertex -22.0211 42.492 28.5674
      vertex -23.0902 41.9935 31.5
      vertex -21.0804 42.9307 28.5674
    endloop
  endfacet
  facet normal -0.422598 0.906317 0
    outer loop
      vertex -22.0211 42.492 26.4874
      vertex -23.0902 41.9935 31.5
      vertex -22.0211 42.492 28.5674
    endloop
  endfacet
  facet normal -0.422598 0.906317 -3.42874e-18
    outer loop
      vertex -23.0902 41.9935 21.5
      vertex -22.0211 42.492 26.4874
      vertex -22.0211 42.492 24.3831
    endloop
  endfacet
  facet normal -0.422598 0.906317 -7.21509e-19
    outer loop
      vertex -22.0211 42.492 26.4874
      vertex -23.0902 41.9935 21.5
      vertex -23.0902 41.9935 31.5
    endloop
  endfacet
  facet normal -0.422619 0.906308 9.48449e-06
    outer loop
      vertex -19.3053 43.7584 24.3831
      vertex -23.0902 41.9935 21.5
      vertex -22.0211 42.492 24.3831
    endloop
  endfacet
  facet normal -0.0871667 0.996194 -2.1368e-06
    outer loop
      vertex 0 48 5.69349
      vertex -3.17136 47.7225 2.5
      vertex -2 47.825 5.4436
    endloop
  endfacet
  facet normal -0.08715 0.996195 2.40354e-05
    outer loop
      vertex -3.17136 47.7225 2.5
      vertex 0 48 0
      vertex -5.16375 47.5482 2.5
    endloop
  endfacet
  facet normal -0.0871688 0.996194 0
    outer loop
      vertex 0 48 0
      vertex -3.17136 47.7225 2.5
      vertex 0 48 5.69349
    endloop
  endfacet
  facet normal -0.0871525 0.996195 -2.09067e-05
    outer loop
      vertex 0 48 15
      vertex -3.17136 47.7225 12.5
      vertex -8.33511 47.2708 15
    endloop
  endfacet
  facet normal -0.0871688 0.996194 0
    outer loop
      vertex 0 48 9.87777
      vertex -3.17136 47.7225 12.5
      vertex 0 48 15
    endloop
  endfacet
  facet normal -0.0871672 0.996194 1.98018e-06
    outer loop
      vertex -2 47.825 9.62787
      vertex -3.17136 47.7225 12.5
      vertex 0 48 9.87777
    endloop
  endfacet
  facet normal -0.087172 0.996193 0
    outer loop
      vertex -2 47.825 5.4436
      vertex -3.17136 47.7225 12.5
      vertex -2 47.825 9.62787
    endloop
  endfacet
  facet normal -0.087172 0.996193 0
    outer loop
      vertex -3.17136 47.7225 12.5
      vertex -2 47.825 5.4436
      vertex -3.17136 47.7225 2.5
    endloop
  endfacet
  facet normal -0.08715 0.996195 -1.58124e-05
    outer loop
      vertex -5.16375 47.5482 12.5
      vertex -8.33511 47.2708 15
      vertex -3.17136 47.7225 12.5
    endloop
  endfacet
  facet normal -0.0871376 0.996196 -2.30717e-18
    outer loop
      vertex -5.16375 47.5482 12.5
      vertex -8.33511 47.2708 9.87777
      vertex -8.33511 47.2708 15
    endloop
  endfacet
  facet normal -0.0871631 0.996194 3.10229e-05
    outer loop
      vertex -5.16375 47.5482 12.5
      vertex -6.33511 47.4458 9.62787
      vertex -8.33511 47.2708 9.87777
    endloop
  endfacet
  facet normal -0.0870876 0.996201 -2.26461e-18
    outer loop
      vertex -5.16375 47.5482 12.5
      vertex -6.33511 47.4458 7.51823
      vertex -6.33511 47.4458 9.62787
    endloop
  endfacet
  facet normal -0.0870876 0.996201 0
    outer loop
      vertex -5.16375 47.5482 2.5
      vertex -6.33511 47.4458 7.51823
      vertex -5.16375 47.5482 12.5
    endloop
  endfacet
  facet normal -0.0870876 0.996201 0
    outer loop
      vertex -6.33511 47.4458 7.51823
      vertex -5.16375 47.5482 2.5
      vertex -6.33511 47.4458 5.4436
    endloop
  endfacet
  facet normal -0.0871711 0.996193 -3.34766e-05
    outer loop
      vertex -5.16375 47.5482 2.5
      vertex -8.33511 47.2708 5.69349
      vertex -6.33511 47.4458 5.4436
    endloop
  endfacet
  facet normal -0.0871376 0.996196 -2.07568e-18
    outer loop
      vertex -5.16375 47.5482 2.5
      vertex -8.33511 47.2708 0
      vertex -8.33511 47.2708 5.69349
    endloop
  endfacet
  facet normal -0.0871525 0.996195 1.89411e-05
    outer loop
      vertex -8.33511 47.2708 0
      vertex -5.16375 47.5482 2.5
      vertex 0 48 0
    endloop
  endfacet
  facet normal -0.087167 0.996194 0
    outer loop
      vertex 0 48 19
      vertex -1 47.9125 21.5
      vertex 0 48 21.5
    endloop
  endfacet
  facet normal -0.0871479 0.996195 7.68166e-06
    outer loop
      vertex -1 47.9125 21.5
      vertex 0 48 19
      vertex -7.33511 47.3583 21.5
    endloop
  endfacet
  facet normal -0.0871525 0.996195 -5.83845e-06
    outer loop
      vertex -8.33511 47.2708 19
      vertex -7.33511 47.3583 21.5
      vertex 0 48 19
    endloop
  endfacet
  facet normal -0.087167 0.996194 0
    outer loop
      vertex -7.33511 47.3583 21.5
      vertex -8.33511 47.2708 19
      vertex -8.33511 47.2708 21.5
    endloop
  endfacet
  facet normal -0.0871701 0.996193 1.05675e-05
    outer loop
      vertex -5.12592 47.5515 28.5674
      vertex -1 47.9125 31.5
      vertex -2.17517 47.8097 28.5674
    endloop
  endfacet
  facet normal -0.0871439 0.996196 -2.1965e-20
    outer loop
      vertex -1 47.9125 31.5
      vertex -2.17517 47.8097 24.3831
      vertex -2.17517 47.8097 28.5674
    endloop
  endfacet
  facet normal -0.08715 0.996195 -2.50408e-06
    outer loop
      vertex -2.17517 47.8097 24.3831
      vertex -1 47.9125 21.5
      vertex -6.15995 47.4611 24.3831
    endloop
  endfacet
  facet normal -0.0871439 0.996196 0
    outer loop
      vertex -1 47.9125 21.5
      vertex -2.17517 47.8097 24.3831
      vertex -1 47.9125 31.5
    endloop
  endfacet
  facet normal -0.087167 0.996194 0
    outer loop
      vertex -1 47.9125 31.5
      vertex 0 48 34
      vertex 0 48 31.5
    endloop
  endfacet
  facet normal -0.0871525 0.996195 -5.83845e-06
    outer loop
      vertex 0 48 34
      vertex -1 47.9125 31.5
      vertex -8.33511 47.2708 34
    endloop
  endfacet
  facet normal -0.0871479 0.996195 7.68166e-06
    outer loop
      vertex -7.33511 47.3583 31.5
      vertex -8.33511 47.2708 34
      vertex -1 47.9125 31.5
    endloop
  endfacet
  facet normal -0.087167 0.996194 0
    outer loop
      vertex -8.33511 47.2708 34
      vertex -7.33511 47.3583 31.5
      vertex -8.33511 47.2708 31.5
    endloop
  endfacet
  facet normal -0.0871479 0.996195 -2.09041e-05
    outer loop
      vertex -1 47.9125 31.5
      vertex -5.12592 47.5515 28.5674
      vertex -7.33511 47.3583 31.5
    endloop
  endfacet
  facet normal -0.0870927 0.9962 2.09661e-05
    outer loop
      vertex -6.15995 47.4611 28.5674
      vertex -7.33511 47.3583 31.5
      vertex -5.12592 47.5515 28.5674
    endloop
  endfacet
  facet normal -0.0871447 0.996196 0
    outer loop
      vertex -6.15995 47.4611 26.4874
      vertex -7.33511 47.3583 31.5
      vertex -6.15995 47.4611 28.5674
    endloop
  endfacet
  facet normal -0.0871447 0.996196 2.6206e-18
    outer loop
      vertex -7.33511 47.3583 21.5
      vertex -6.15995 47.4611 26.4874
      vertex -6.15995 47.4611 24.3831
    endloop
  endfacet
  facet normal -0.0871447 0.996196 5.51454e-19
    outer loop
      vertex -6.15995 47.4611 26.4874
      vertex -7.33511 47.3583 21.5
      vertex -7.33511 47.3583 31.5
    endloop
  endfacet
  facet normal -0.0871479 0.996195 1.32886e-06
    outer loop
      vertex -7.33511 47.3583 21.5
      vertex -6.15995 47.4611 24.3831
      vertex -1 47.9125 21.5
    endloop
  endfacet
  facet normal -0.573523 0.81919 0
    outer loop
      vertex -24 41.5692 19
      vertex -24.8223 40.9935 21.5
      vertex -24 41.5692 21.5
    endloop
  endfacet
  facet normal -0.573585 0.819146 -3.0509e-05
    outer loop
      vertex -24.8223 40.9935 21.5
      vertex -24 41.5692 19
      vertex -30.0315 37.3459 21.5
    endloop
  endfacet
  facet normal -0.573578 0.819151 -5.6465e-06
    outer loop
      vertex -30.8538 36.7701 19
      vertex -30.0315 37.3459 21.5
      vertex -24 41.5692 19
    endloop
  endfacet
  facet normal -0.573589 0.819143 6.86905e-18
    outer loop
      vertex -30.0315 37.3459 21.5
      vertex -30.8538 36.7701 19
      vertex -30.8538 36.7701 21.5
    endloop
  endfacet
  facet normal -0.573573 0.819154 -2.64948e-05
    outer loop
      vertex -28.2149 38.6179 28.5674
      vertex -24.8223 40.9935 31.5
      vertex -25.7886 40.3168 28.5674
    endloop
  endfacet
  facet normal -0.573627 0.819116 -1.08285e-17
    outer loop
      vertex -24.8223 40.9935 31.5
      vertex -25.7886 40.3168 24.3831
      vertex -25.7886 40.3168 28.5674
    endloop
  endfacet
  facet normal -0.573554 0.819168 3.65394e-05
    outer loop
      vertex -24.8223 40.9935 21.5
      vertex -28.2433 38.5981 24.3831
      vertex -25.7886 40.3168 24.3831
    endloop
  endfacet
  facet normal -0.573585 0.819146 -1.75581e-05
    outer loop
      vertex -30.0315 37.3459 21.5
      vertex -28.2433 38.5981 24.3831
      vertex -24.8223 40.9935 21.5
    endloop
  endfacet
  facet normal -0.573627 0.819116 0
    outer loop
      vertex -24.8223 40.9935 21.5
      vertex -25.7886 40.3168 24.3831
      vertex -24.8223 40.9935 31.5
    endloop
  endfacet
  facet normal -0.573523 0.81919 -1.51214e-18
    outer loop
      vertex -24.8223 40.9935 31.5
      vertex -24 41.5692 34
      vertex -24 41.5692 31.5
    endloop
  endfacet
  facet normal -0.573578 0.819151 2.71195e-05
    outer loop
      vertex -24 41.5692 34
      vertex -24.8223 40.9935 31.5
      vertex -30.8538 36.7701 34
    endloop
  endfacet
  facet normal -0.573585 0.819146 2.25685e-06
    outer loop
      vertex -30.0315 37.3459 31.5
      vertex -30.8538 36.7701 34
      vertex -24.8223 40.9935 31.5
    endloop
  endfacet
  facet normal -0.573589 0.819143 0
    outer loop
      vertex -30.8538 36.7701 34
      vertex -30.0315 37.3459 31.5
      vertex -30.8538 36.7701 31.5
    endloop
  endfacet
  facet normal -0.573585 0.819146 -6.85066e-06
    outer loop
      vertex -24.8223 40.9935 31.5
      vertex -28.2149 38.6179 28.5674
      vertex -30.0315 37.3459 31.5
    endloop
  endfacet
  facet normal -0.573585 0.819146 -7.24015e-06
    outer loop
      vertex -29.0652 38.0225 28.5674
      vertex -30.0315 37.3459 31.5
      vertex -28.2149 38.6179 28.5674
    endloop
  endfacet
  facet normal -0.57357 0.819156 0
    outer loop
      vertex -29.0652 38.0225 24.3831
      vertex -30.0315 37.3459 31.5
      vertex -29.0652 38.0225 28.5674
    endloop
  endfacet
  facet normal -0.57357 0.819156 1.79685e-18
    outer loop
      vertex -29.0652 38.0225 24.3831
      vertex -30.0315 37.3459 21.5
      vertex -30.0315 37.3459 31.5
    endloop
  endfacet
  facet normal -0.573643 0.819105 3.62054e-05
    outer loop
      vertex -28.2433 38.5981 24.3831
      vertex -30.0315 37.3459 21.5
      vertex -29.0652 38.0225 24.3831
    endloop
  endfacet
  facet normal -0.573554 0.819168 -1.93361e-05
    outer loop
      vertex -24 41.5692 5.69349
      vertex -26.6077 39.7433 2.5
      vertex -25.6446 40.4177 5.4436
    endloop
  endfacet
  facet normal -0.57357 0.819157 2.23988e-07
    outer loop
      vertex -26.6077 39.7433 2.5
      vertex -24 41.5692 0
      vertex -28.2461 38.5961 2.5
    endloop
  endfacet
  facet normal -0.57357 0.819157 0
    outer loop
      vertex -24 41.5692 0
      vertex -26.6077 39.7433 2.5
      vertex -24 41.5692 5.69349
    endloop
  endfacet
  facet normal -0.573578 0.819151 1.24131e-05
    outer loop
      vertex -24 41.5692 15
      vertex -26.6077 39.7433 12.5
      vertex -30.8538 36.7701 15
    endloop
  endfacet
  facet normal -0.57357 0.819157 0
    outer loop
      vertex -24 41.5692 9.87777
      vertex -26.6077 39.7433 12.5
      vertex -24 41.5692 15
    endloop
  endfacet
  facet normal -0.573558 0.819165 1.7919e-05
    outer loop
      vertex -25.6446 40.4177 9.62787
      vertex -26.6077 39.7433 12.5
      vertex -24 41.5692 9.87777
    endloop
  endfacet
  facet normal -0.573594 0.81914 0
    outer loop
      vertex -25.6446 40.4177 7.51823
      vertex -26.6077 39.7433 12.5
      vertex -25.6446 40.4177 9.62787
    endloop
  endfacet
  facet normal -0.573594 0.81914 -1.27345e-17
    outer loop
      vertex -26.6077 39.7433 2.5
      vertex -25.6446 40.4177 7.51823
      vertex -25.6446 40.4177 5.4436
    endloop
  endfacet
  facet normal -0.573594 0.81914 -2.64193e-18
    outer loop
      vertex -25.6446 40.4177 7.51823
      vertex -26.6077 39.7433 2.5
      vertex -26.6077 39.7433 12.5
    endloop
  endfacet
  facet normal -0.57357 0.819157 3.29903e-05
    outer loop
      vertex -28.2461 38.5961 12.5
      vertex -30.8538 36.7701 15
      vertex -26.6077 39.7433 12.5
    endloop
  endfacet
  facet normal -0.573591 0.819142 -2.25532e-17
    outer loop
      vertex -28.2461 38.5961 12.5
      vertex -30.8538 36.7701 9.87777
      vertex -30.8538 36.7701 15
    endloop
  endfacet
  facet normal -0.57359 0.819143 -2.02633e-06
    outer loop
      vertex -28.2461 38.5961 12.5
      vertex -29.2092 37.9217 9.62787
      vertex -30.8538 36.7701 9.87777
    endloop
  endfacet
  facet normal -0.573594 0.81914 1.60419e-17
    outer loop
      vertex -28.2461 38.5961 12.5
      vertex -29.2092 37.9217 7.51823
      vertex -29.2092 37.9217 9.62787
    endloop
  endfacet
  facet normal -0.573594 0.81914 0
    outer loop
      vertex -28.2461 38.5961 2.5
      vertex -29.2092 37.9217 7.51823
      vertex -28.2461 38.5961 12.5
    endloop
  endfacet
  facet normal -0.573594 0.81914 0
    outer loop
      vertex -29.2092 37.9217 7.51823
      vertex -28.2461 38.5961 2.5
      vertex -29.2092 37.9217 5.4436
    endloop
  endfacet
  facet normal -0.573589 0.819143 2.18658e-06
    outer loop
      vertex -28.2461 38.5961 2.5
      vertex -30.8538 36.7701 5.69349
      vertex -29.2092 37.9217 5.4436
    endloop
  endfacet
  facet normal -0.573591 0.819142 -2.02903e-17
    outer loop
      vertex -28.2461 38.5961 2.5
      vertex -30.8538 36.7701 0
      vertex -30.8538 36.7701 5.69349
    endloop
  endfacet
  facet normal -0.573578 0.819151 -2.03529e-05
    outer loop
      vertex -30.8538 36.7701 0
      vertex -28.2461 38.5961 2.5
      vertex -24 41.5692 0
    endloop
  endfacet
  facet normal 0.996196 0.0871376 2.30717e-18
    outer loop
      vertex 47.5482 5.16375 12.5
      vertex 47.2708 8.33511 9.87777
      vertex 47.2708 8.33511 15
    endloop
  endfacet
  facet normal 0.996201 0.0870876 0
    outer loop
      vertex 47.4458 6.33511 9.62787
      vertex 47.5482 5.16375 12.5
      vertex 47.4458 6.33511 7.51823
    endloop
  endfacet
  facet normal 0.996194 0.0871631 3.10229e-05
    outer loop
      vertex 47.2708 8.33511 9.87777
      vertex 47.5482 5.16375 12.5
      vertex 47.4458 6.33511 9.62787
    endloop
  endfacet
  facet normal 0.996195 0.08715 -1.58124e-05
    outer loop
      vertex 47.2708 8.33511 15
      vertex 47.7225 3.17136 12.5
      vertex 47.5482 5.16375 12.5
    endloop
  endfacet
  facet normal 0.996193 0.087172 0
    outer loop
      vertex 47.7225 3.17136 12.5
      vertex 47.825 2 9.62787
      vertex 47.7225 3.17136 2.5
    endloop
  endfacet
  facet normal 0.996195 0.0871525 -2.09067e-05
    outer loop
      vertex 48 0 15
      vertex 47.7225 3.17136 12.5
      vertex 47.2708 8.33511 15
    endloop
  endfacet
  facet normal 0.996194 0.0871688 -0
    outer loop
      vertex 48 0 9.87777
      vertex 47.7225 3.17136 12.5
      vertex 48 0 15
    endloop
  endfacet
  facet normal 0.996194 0.0871672 1.98018e-06
    outer loop
      vertex 47.7225 3.17136 12.5
      vertex 48 0 9.87777
      vertex 47.825 2 9.62787
    endloop
  endfacet
  facet normal 0.996193 0.0871711 -3.34766e-05
    outer loop
      vertex 47.5482 5.16375 2.5
      vertex 47.2708 8.33511 5.69349
      vertex 47.4458 6.33511 5.4436
    endloop
  endfacet
  facet normal 0.996201 0.0870876 -0
    outer loop
      vertex 47.5482 5.16375 2.5
      vertex 47.4458 6.33511 7.51823
      vertex 47.5482 5.16375 12.5
    endloop
  endfacet
  facet normal 0.996201 0.0870876 0
    outer loop
      vertex 47.4458 6.33511 7.51823
      vertex 47.5482 5.16375 2.5
      vertex 47.4458 6.33511 5.4436
    endloop
  endfacet
  facet normal 0.996196 0.0871376 0
    outer loop
      vertex 47.2708 8.33511 5.69349
      vertex 47.5482 5.16375 2.5
      vertex 47.2708 8.33511 0
    endloop
  endfacet
  facet normal 0.996195 0.08715 1.58124e-05
    outer loop
      vertex 47.7225 3.17136 2.5
      vertex 47.2708 8.33511 0
      vertex 47.5482 5.16375 2.5
    endloop
  endfacet
  facet normal 0.996193 0.087172 -0
    outer loop
      vertex 47.825 2 5.4436
      vertex 47.7225 3.17136 2.5
      vertex 47.825 2 9.62787
    endloop
  endfacet
  facet normal 0.996194 0.0871667 -2.1368e-06
    outer loop
      vertex 48 0 5.69349
      vertex 47.7225 3.17136 2.5
      vertex 47.825 2 5.4436
    endloop
  endfacet
  facet normal 0.996195 0.0871525 2.09067e-05
    outer loop
      vertex 47.7225 3.17136 2.5
      vertex 48 0 0
      vertex 47.2708 8.33511 0
    endloop
  endfacet
  facet normal 0.996194 0.0871688 -0
    outer loop
      vertex 48 0 0
      vertex 47.7225 3.17136 2.5
      vertex 48 0 5.69349
    endloop
  endfacet
  facet normal 0.996194 0.087167 0
    outer loop
      vertex 47.2708 8.33511 34
      vertex 47.3583 7.33511 31.5
      vertex 47.2708 8.33511 31.5
    endloop
  endfacet
  facet normal 0.996196 0.0871447 -0
    outer loop
      vertex 47.4611 6.15995 26.4874
      vertex 47.3583 7.33511 31.5
      vertex 47.4611 6.15995 28.5674
    endloop
  endfacet
  facet normal 0.996195 0.0871479 7.68166e-06
    outer loop
      vertex 47.9125 1 31.5
      vertex 47.3583 7.33511 31.5
      vertex 47.2708 8.33511 34
    endloop
  endfacet
  facet normal 0.9962 0.0870927 2.09661e-05
    outer loop
      vertex 47.3583 7.33511 31.5
      vertex 47.5515 5.12592 28.5674
      vertex 47.4611 6.15995 28.5674
    endloop
  endfacet
  facet normal 0.996195 0.0871479 -2.09041e-05
    outer loop
      vertex 47.3583 7.33511 31.5
      vertex 47.9125 1 31.5
      vertex 47.5515 5.12592 28.5674
    endloop
  endfacet
  facet normal 0.996193 0.0871701 1.05675e-05
    outer loop
      vertex 47.5515 5.12592 28.5674
      vertex 47.9125 1 31.5
      vertex 47.8097 2.17517 28.5674
    endloop
  endfacet
  facet normal 0.996195 0.0871525 -5.83845e-06
    outer loop
      vertex 48 0 34
      vertex 47.9125 1 31.5
      vertex 47.2708 8.33511 34
    endloop
  endfacet
  facet normal 0.996194 0.087167 0
    outer loop
      vertex 47.9125 1 31.5
      vertex 48 0 34
      vertex 48 0 31.5
    endloop
  endfacet
  facet normal 0.996194 0.087167 0
    outer loop
      vertex 47.3583 7.33511 21.5
      vertex 47.2708 8.33511 19
      vertex 47.2708 8.33511 21.5
    endloop
  endfacet
  facet normal 0.996196 0.0871447 0
    outer loop
      vertex 47.3583 7.33511 31.5
      vertex 47.4611 6.15995 26.4874
      vertex 47.3583 7.33511 21.5
    endloop
  endfacet
  facet normal 0.996196 0.0871447 -0
    outer loop
      vertex 47.4611 6.15995 24.3831
      vertex 47.3583 7.33511 21.5
      vertex 47.4611 6.15995 26.4874
    endloop
  endfacet
  facet normal 0.996195 0.0871479 1.32886e-06
    outer loop
      vertex 47.9125 1 21.5
      vertex 47.3583 7.33511 21.5
      vertex 47.4611 6.15995 24.3831
    endloop
  endfacet
  facet normal 0.996195 0.08715 -2.50408e-06
    outer loop
      vertex 47.9125 1 21.5
      vertex 47.4611 6.15995 24.3831
      vertex 47.8097 2.17517 24.3831
    endloop
  endfacet
  facet normal 0.996196 0.0871439 2.1965e-20
    outer loop
      vertex 47.9125 1 31.5
      vertex 47.8097 2.17517 24.3831
      vertex 47.8097 2.17517 28.5674
    endloop
  endfacet
  facet normal 0.996196 0.0871439 -0
    outer loop
      vertex 47.9125 1 21.5
      vertex 47.8097 2.17517 24.3831
      vertex 47.9125 1 31.5
    endloop
  endfacet
  facet normal 0.996195 0.0871479 -7.68166e-06
    outer loop
      vertex 47.3583 7.33511 21.5
      vertex 47.9125 1 21.5
      vertex 47.2708 8.33511 19
    endloop
  endfacet
  facet normal 0.996194 0.087167 -0
    outer loop
      vertex 48 0 19
      vertex 47.9125 1 21.5
      vertex 48 0 21.5
    endloop
  endfacet
  facet normal 0.996195 0.0871525 5.83845e-06
    outer loop
      vertex 47.9125 1 21.5
      vertex 48 0 19
      vertex 47.2708 8.33511 19
    endloop
  endfacet
  facet normal 0.0871667 -0.996194 -2.1368e-06
    outer loop
      vertex 0 -48 5.69349
      vertex 3.17136 -47.7225 2.5
      vertex 2 -47.825 5.4436
    endloop
  endfacet
  facet normal 0.08715 -0.996195 2.40354e-05
    outer loop
      vertex 3.17136 -47.7225 2.5
      vertex 0 -48 0
      vertex 5.16375 -47.5482 2.5
    endloop
  endfacet
  facet normal 0.0871688 -0.996194 0
    outer loop
      vertex 0 -48 0
      vertex 3.17136 -47.7225 2.5
      vertex 0 -48 5.69349
    endloop
  endfacet
  facet normal 0.0871525 -0.996195 -2.09067e-05
    outer loop
      vertex 0 -48 15
      vertex 3.17136 -47.7225 12.5
      vertex 8.33511 -47.2708 15
    endloop
  endfacet
  facet normal 0.0871688 -0.996194 0
    outer loop
      vertex 0 -48 9.87777
      vertex 3.17136 -47.7225 12.5
      vertex 0 -48 15
    endloop
  endfacet
  facet normal 0.0871672 -0.996194 1.98018e-06
    outer loop
      vertex 2 -47.825 9.62787
      vertex 3.17136 -47.7225 12.5
      vertex 0 -48 9.87777
    endloop
  endfacet
  facet normal 0.087172 -0.996193 0
    outer loop
      vertex 2 -47.825 5.4436
      vertex 3.17136 -47.7225 12.5
      vertex 2 -47.825 9.62787
    endloop
  endfacet
  facet normal 0.087172 -0.996193 0
    outer loop
      vertex 3.17136 -47.7225 12.5
      vertex 2 -47.825 5.4436
      vertex 3.17136 -47.7225 2.5
    endloop
  endfacet
  facet normal 0.08715 -0.996195 -1.58124e-05
    outer loop
      vertex 5.16375 -47.5482 12.5
      vertex 8.33511 -47.2708 15
      vertex 3.17136 -47.7225 12.5
    endloop
  endfacet
  facet normal 0.0871376 -0.996196 -2.30717e-18
    outer loop
      vertex 5.16375 -47.5482 12.5
      vertex 8.33511 -47.2708 9.87777
      vertex 8.33511 -47.2708 15
    endloop
  endfacet
  facet normal 0.0871631 -0.996194 3.10229e-05
    outer loop
      vertex 5.16375 -47.5482 12.5
      vertex 6.33511 -47.4458 9.62787
      vertex 8.33511 -47.2708 9.87777
    endloop
  endfacet
  facet normal 0.0870876 -0.996201 -2.26461e-18
    outer loop
      vertex 5.16375 -47.5482 12.5
      vertex 6.33511 -47.4458 7.51823
      vertex 6.33511 -47.4458 9.62787
    endloop
  endfacet
  facet normal 0.0870876 -0.996201 0
    outer loop
      vertex 5.16375 -47.5482 2.5
      vertex 6.33511 -47.4458 7.51823
      vertex 5.16375 -47.5482 12.5
    endloop
  endfacet
  facet normal 0.0870876 -0.996201 0
    outer loop
      vertex 6.33511 -47.4458 7.51823
      vertex 5.16375 -47.5482 2.5
      vertex 6.33511 -47.4458 5.4436
    endloop
  endfacet
  facet normal 0.0871711 -0.996193 -3.34766e-05
    outer loop
      vertex 5.16375 -47.5482 2.5
      vertex 8.33511 -47.2708 5.69349
      vertex 6.33511 -47.4458 5.4436
    endloop
  endfacet
  facet normal 0.0871376 -0.996196 -2.07568e-18
    outer loop
      vertex 5.16375 -47.5482 2.5
      vertex 8.33511 -47.2708 0
      vertex 8.33511 -47.2708 5.69349
    endloop
  endfacet
  facet normal 0.0871525 -0.996195 1.89411e-05
    outer loop
      vertex 8.33511 -47.2708 0
      vertex 5.16375 -47.5482 2.5
      vertex 0 -48 0
    endloop
  endfacet
  facet normal 0.087167 -0.996194 0
    outer loop
      vertex 0 -48 19
      vertex 1 -47.9125 21.5
      vertex 0 -48 21.5
    endloop
  endfacet
  facet normal 0.0871479 -0.996195 7.68166e-06
    outer loop
      vertex 1 -47.9125 21.5
      vertex 0 -48 19
      vertex 7.33511 -47.3583 21.5
    endloop
  endfacet
  facet normal 0.0871525 -0.996195 -5.83845e-06
    outer loop
      vertex 8.33511 -47.2708 19
      vertex 7.33511 -47.3583 21.5
      vertex 0 -48 19
    endloop
  endfacet
  facet normal 0.087167 -0.996194 0
    outer loop
      vertex 7.33511 -47.3583 21.5
      vertex 8.33511 -47.2708 19
      vertex 8.33511 -47.2708 21.5
    endloop
  endfacet
  facet normal 0.0871701 -0.996193 1.05675e-05
    outer loop
      vertex 5.12592 -47.5515 28.5674
      vertex 1 -47.9125 31.5
      vertex 2.17517 -47.8097 28.5674
    endloop
  endfacet
  facet normal 0.0871439 -0.996196 -2.1965e-20
    outer loop
      vertex 1 -47.9125 31.5
      vertex 2.17517 -47.8097 24.3831
      vertex 2.17517 -47.8097 28.5674
    endloop
  endfacet
  facet normal 0.08715 -0.996195 -2.50408e-06
    outer loop
      vertex 2.17517 -47.8097 24.3831
      vertex 1 -47.9125 21.5
      vertex 6.15995 -47.4611 24.3831
    endloop
  endfacet
  facet normal 0.0871439 -0.996196 0
    outer loop
      vertex 1 -47.9125 21.5
      vertex 2.17517 -47.8097 24.3831
      vertex 1 -47.9125 31.5
    endloop
  endfacet
  facet normal 0.087167 -0.996194 0
    outer loop
      vertex 1 -47.9125 31.5
      vertex 0 -48 34
      vertex 0 -48 31.5
    endloop
  endfacet
  facet normal 0.0871525 -0.996195 -5.83845e-06
    outer loop
      vertex 0 -48 34
      vertex 1 -47.9125 31.5
      vertex 8.33511 -47.2708 34
    endloop
  endfacet
  facet normal 0.0871479 -0.996195 7.68166e-06
    outer loop
      vertex 7.33511 -47.3583 31.5
      vertex 8.33511 -47.2708 34
      vertex 1 -47.9125 31.5
    endloop
  endfacet
  facet normal 0.087167 -0.996194 0
    outer loop
      vertex 8.33511 -47.2708 34
      vertex 7.33511 -47.3583 31.5
      vertex 8.33511 -47.2708 31.5
    endloop
  endfacet
  facet normal 0.0871479 -0.996195 -2.09041e-05
    outer loop
      vertex 1 -47.9125 31.5
      vertex 5.12592 -47.5515 28.5674
      vertex 7.33511 -47.3583 31.5
    endloop
  endfacet
  facet normal 0.0870927 -0.9962 2.09661e-05
    outer loop
      vertex 6.15995 -47.4611 28.5674
      vertex 7.33511 -47.3583 31.5
      vertex 5.12592 -47.5515 28.5674
    endloop
  endfacet
  facet normal 0.0871447 -0.996196 0
    outer loop
      vertex 6.15995 -47.4611 26.4874
      vertex 7.33511 -47.3583 31.5
      vertex 6.15995 -47.4611 28.5674
    endloop
  endfacet
  facet normal 0.0871447 -0.996196 2.6206e-18
    outer loop
      vertex 7.33511 -47.3583 21.5
      vertex 6.15995 -47.4611 26.4874
      vertex 6.15995 -47.4611 24.3831
    endloop
  endfacet
  facet normal 0.0871447 -0.996196 5.51454e-19
    outer loop
      vertex 6.15995 -47.4611 26.4874
      vertex 7.33511 -47.3583 21.5
      vertex 7.33511 -47.3583 31.5
    endloop
  endfacet
  facet normal 0.0871479 -0.996195 1.32886e-06
    outer loop
      vertex 7.33511 -47.3583 21.5
      vertex 6.15995 -47.4611 24.3831
      vertex 1 -47.9125 21.5
    endloop
  endfacet
  facet normal 0.258814 -0.965927 -2.27497e-05
    outer loop
      vertex 8.33511 -47.2708 5.69349
      vertex 11.4101 -46.4468 2.5
      vertex 10.2743 -46.7512 5.4436
    endloop
  endfacet
  facet normal 0.258795 -0.965932 5.41542e-05
    outer loop
      vertex 11.4101 -46.4468 2.5
      vertex 8.33511 -47.2708 0
      vertex 13.342 -45.9292 2.5
    endloop
  endfacet
  facet normal 0.258836 -0.965921 0
    outer loop
      vertex 8.33511 -47.2708 0
      vertex 11.4101 -46.4468 2.5
      vertex 8.33511 -47.2708 5.69349
    endloop
  endfacet
  facet normal 0.258826 -0.965924 -1.33389e-05
    outer loop
      vertex 8.33511 -47.2708 15
      vertex 11.4101 -46.4468 12.5
      vertex 16.417 -45.1052 15
    endloop
  endfacet
  facet normal 0.258836 -0.965921 0
    outer loop
      vertex 8.33511 -47.2708 9.87777
      vertex 11.4101 -46.4468 12.5
      vertex 8.33511 -47.2708 15
    endloop
  endfacet
  facet normal 0.25882 -0.965926 2.10821e-05
    outer loop
      vertex 10.2743 -46.7512 9.62787
      vertex 11.4101 -46.4468 12.5
      vertex 8.33511 -47.2708 9.87777
    endloop
  endfacet
  facet normal 0.258869 -0.965912 0
    outer loop
      vertex 10.2743 -46.7512 7.58683
      vertex 11.4101 -46.4468 12.5
      vertex 10.2743 -46.7512 9.62787
    endloop
  endfacet
  facet normal 0.258869 -0.965912 -8.69018e-18
    outer loop
      vertex 11.4101 -46.4468 2.5
      vertex 10.2743 -46.7512 7.58683
      vertex 10.2743 -46.7512 5.4436
    endloop
  endfacet
  facet normal 0.258869 -0.965912 -1.86251e-18
    outer loop
      vertex 10.2743 -46.7512 7.58683
      vertex 11.4101 -46.4468 2.5
      vertex 11.4101 -46.4468 12.5
    endloop
  endfacet
  facet normal 0.258795 -0.965932 5.3119e-05
    outer loop
      vertex 13.342 -45.9292 12.5
      vertex 16.417 -45.1052 15
      vertex 11.4101 -46.4468 12.5
    endloop
  endfacet
  facet normal 0.258836 -0.965921 6.11696e-19
    outer loop
      vertex 13.342 -45.9292 12.5
      vertex 16.417 -45.1052 9.87777
      vertex 16.417 -45.1052 15
    endloop
  endfacet
  facet normal 0.258848 -0.965918 1.55603e-05
    outer loop
      vertex 13.342 -45.9292 12.5
      vertex 14.4777 -45.6249 9.62787
      vertex 16.417 -45.1052 9.87777
    endloop
  endfacet
  facet normal 0.258811 -0.965928 -1.24243e-19
    outer loop
      vertex 13.342 -45.9292 12.5
      vertex 14.4777 -45.6249 7.58683
      vertex 14.4777 -45.6249 9.62787
    endloop
  endfacet
  facet normal 0.258811 -0.965928 0
    outer loop
      vertex 13.342 -45.9292 2.5
      vertex 14.4777 -45.6249 7.58683
      vertex 13.342 -45.9292 12.5
    endloop
  endfacet
  facet normal 0.258811 -0.965928 0
    outer loop
      vertex 14.4777 -45.6249 7.58683
      vertex 13.342 -45.9292 2.5
      vertex 14.4777 -45.6249 5.4436
    endloop
  endfacet
  facet normal 0.25881 -0.965928 5.25415e-07
    outer loop
      vertex 13.342 -45.9292 2.5
      vertex 15.5884 -45.3273 5.58672
      vertex 14.4777 -45.6249 5.4436
    endloop
  endfacet
  facet normal 0.258826 -0.965924 -1.22182e-05
    outer loop
      vertex 16.417 -45.1052 0
      vertex 15.5884 -45.3273 5.58672
      vertex 13.342 -45.9292 2.5
    endloop
  endfacet
  facet normal 0.258903 -0.965903 2.43349e-18
    outer loop
      vertex 15.5884 -45.3273 5.58672
      vertex 16.417 -45.1052 0
      vertex 16.417 -45.1052 5.69349
    endloop
  endfacet
  facet normal 0.258826 -0.965924 -1.23036e-05
    outer loop
      vertex 16.417 -45.1052 0
      vertex 13.342 -45.9292 2.5
      vertex 8.33511 -47.2708 0
    endloop
  endfacet
  facet normal 0.258811 -0.965928 0
    outer loop
      vertex 8.33511 -47.2708 19
      vertex 9.30473 -47.011 21.5
      vertex 8.33511 -47.2708 21.5
    endloop
  endfacet
  facet normal 0.258816 -0.965927 -2.00599e-06
    outer loop
      vertex 9.30473 -47.011 21.5
      vertex 8.33511 -47.2708 19
      vertex 15.4474 -45.3651 21.5
    endloop
  endfacet
  facet normal 0.258826 -0.965924 -3.42991e-05
    outer loop
      vertex 16.417 -45.1052 19
      vertex 15.4474 -45.3651 21.5
      vertex 8.33511 -47.2708 19
    endloop
  endfacet
  facet normal 0.258909 -0.965902 -1.08331e-17
    outer loop
      vertex 15.4474 -45.3651 21.5
      vertex 16.417 -45.1052 19
      vertex 16.417 -45.1052 21.5
    endloop
  endfacet
  facet normal 0.258816 -0.965927 -2.7762e-05
    outer loop
      vertex 9.30473 -47.011 31.5
      vertex 10.4442 -46.7056 28.5674
      vertex 15.4474 -45.3651 31.5
    endloop
  endfacet
  facet normal 0.258882 -0.965909 2.87185e-18
    outer loop
      vertex 9.30473 -47.011 31.5
      vertex 10.4442 -46.7056 24.3831
      vertex 10.4442 -46.7056 28.5674
    endloop
  endfacet
  facet normal 0.258822 -0.965925 2.53454e-05
    outer loop
      vertex 9.30473 -47.011 21.5
      vertex 11.4134 -46.4459 24.3831
      vertex 10.4442 -46.7056 24.3831
    endloop
  endfacet
  facet normal 0.258816 -0.965927 3.06995e-05
    outer loop
      vertex 15.4474 -45.3651 21.5
      vertex 11.4134 -46.4459 24.3831
      vertex 9.30473 -47.011 21.5
    endloop
  endfacet
  facet normal 0.258882 -0.965909 0
    outer loop
      vertex 9.30473 -47.011 21.5
      vertex 10.4442 -46.7056 24.3831
      vertex 9.30473 -47.011 31.5
    endloop
  endfacet
  facet normal 0.258811 -0.965928 7.74413e-18
    outer loop
      vertex 9.30473 -47.011 31.5
      vertex 8.33511 -47.2708 34
      vertex 8.33511 -47.2708 31.5
    endloop
  endfacet
  facet normal 0.258826 -0.965924 6.40851e-06
    outer loop
      vertex 8.33511 -47.2708 34
      vertex 9.30473 -47.011 31.5
      vertex 16.417 -45.1052 34
    endloop
  endfacet
  facet normal 0.258816 -0.965927 3.87016e-05
    outer loop
      vertex 15.4474 -45.3651 31.5
      vertex 16.417 -45.1052 34
      vertex 9.30473 -47.011 31.5
    endloop
  endfacet
  facet normal 0.258909 -0.965902 0
    outer loop
      vertex 16.417 -45.1052 34
      vertex 15.4474 -45.3651 31.5
      vertex 16.417 -45.1052 31.5
    endloop
  endfacet
  facet normal 0.258801 -0.965931 -1.94283e-06
    outer loop
      vertex 14.3079 -45.6704 28.5674
      vertex 15.4474 -45.3651 31.5
      vertex 10.4442 -46.7056 28.5674
    endloop
  endfacet
  facet normal 0.258797 -0.965932 0
    outer loop
      vertex 14.3079 -45.6704 26.4398
      vertex 15.4474 -45.3651 31.5
      vertex 14.3079 -45.6704 28.5674
    endloop
  endfacet
  facet normal 0.258797 -0.965932 5.55224e-18
    outer loop
      vertex 15.4474 -45.3651 21.5
      vertex 14.3079 -45.6704 26.4398
      vertex 14.3079 -45.6704 24.3831
    endloop
  endfacet
  facet normal 0.258797 -0.965932 1.14193e-18
    outer loop
      vertex 14.3079 -45.6704 26.4398
      vertex 15.4474 -45.3651 21.5
      vertex 15.4474 -45.3651 31.5
    endloop
  endfacet
  facet normal 0.258794 -0.965932 -9.95433e-07
    outer loop
      vertex 11.4134 -46.4459 24.3831
      vertex 15.4474 -45.3651 21.5
      vertex 14.3079 -45.6704 24.3831
    endloop
  endfacet
  facet normal 0.819157 -0.57357 -9.68104e-18
    outer loop
      vertex 39.7433 -26.6077 12.5
      vertex 41.5692 -24 9.87777
      vertex 41.5692 -24 15
    endloop
  endfacet
  facet normal 0.81914 -0.573594 -1.25231e-17
    outer loop
      vertex 39.7433 -26.6077 12.5
      vertex 40.4177 -25.6446 7.51823
      vertex 40.4177 -25.6446 9.62787
    endloop
  endfacet
  facet normal 0.81914 -0.573594 0
    outer loop
      vertex 39.7433 -26.6077 2.5
      vertex 40.4177 -25.6446 7.51823
      vertex 39.7433 -26.6077 12.5
    endloop
  endfacet
  facet normal 0.819165 -0.573558 1.7919e-05
    outer loop
      vertex 41.5692 -24 9.87777
      vertex 39.7433 -26.6077 12.5
      vertex 40.4177 -25.6446 9.62787
    endloop
  endfacet
  facet normal 0.819157 -0.57357 -2.23988e-07
    outer loop
      vertex 41.5692 -24 15
      vertex 38.5961 -28.2461 12.5
      vertex 39.7433 -26.6077 12.5
    endloop
  endfacet
  facet normal 0.81914 -0.573594 0
    outer loop
      vertex 37.9217 -29.2092 7.51823
      vertex 38.5961 -28.2461 12.5
      vertex 37.9217 -29.2092 9.62787
    endloop
  endfacet
  facet normal 0.819151 -0.573578 2.03529e-05
    outer loop
      vertex 36.7701 -30.8538 15
      vertex 38.5961 -28.2461 12.5
      vertex 41.5692 -24 15
    endloop
  endfacet
  facet normal 0.819142 -0.573591 0
    outer loop
      vertex 36.7701 -30.8538 9.87777
      vertex 38.5961 -28.2461 12.5
      vertex 36.7701 -30.8538 15
    endloop
  endfacet
  facet normal 0.819143 -0.57359 -2.02633e-06
    outer loop
      vertex 38.5961 -28.2461 12.5
      vertex 36.7701 -30.8538 9.87777
      vertex 37.9217 -29.2092 9.62787
    endloop
  endfacet
  facet normal 0.819168 -0.573554 -1.93361e-05
    outer loop
      vertex 39.7433 -26.6077 2.5
      vertex 41.5692 -24 5.69349
      vertex 40.4177 -25.6446 5.4436
    endloop
  endfacet
  facet normal 0.81914 -0.573594 0
    outer loop
      vertex 40.4177 -25.6446 7.51823
      vertex 39.7433 -26.6077 2.5
      vertex 40.4177 -25.6446 5.4436
    endloop
  endfacet
  facet normal 0.819157 -0.57357 0
    outer loop
      vertex 41.5692 -24 5.69349
      vertex 39.7433 -26.6077 2.5
      vertex 41.5692 -24 0
    endloop
  endfacet
  facet normal 0.819157 -0.57357 2.23988e-07
    outer loop
      vertex 38.5961 -28.2461 2.5
      vertex 41.5692 -24 0
      vertex 39.7433 -26.6077 2.5
    endloop
  endfacet
  facet normal 0.81914 -0.573594 0
    outer loop
      vertex 38.5961 -28.2461 12.5
      vertex 37.9217 -29.2092 7.51823
      vertex 38.5961 -28.2461 2.5
    endloop
  endfacet
  facet normal 0.81914 -0.573594 0
    outer loop
      vertex 37.9217 -29.2092 5.4436
      vertex 38.5961 -28.2461 2.5
      vertex 37.9217 -29.2092 7.51823
    endloop
  endfacet
  facet normal 0.819143 -0.573589 2.18658e-06
    outer loop
      vertex 36.7701 -30.8538 5.69349
      vertex 38.5961 -28.2461 2.5
      vertex 37.9217 -29.2092 5.4436
    endloop
  endfacet
  facet normal 0.819151 -0.573578 -2.03529e-05
    outer loop
      vertex 38.5961 -28.2461 2.5
      vertex 36.7701 -30.8538 0
      vertex 41.5692 -24 0
    endloop
  endfacet
  facet normal 0.819142 -0.573591 0
    outer loop
      vertex 36.7701 -30.8538 0
      vertex 38.5961 -28.2461 2.5
      vertex 36.7701 -30.8538 5.69349
    endloop
  endfacet
  facet normal 0.81919 -0.573523 0
    outer loop
      vertex 41.5692 -24 34
      vertex 40.9935 -24.8223 31.5
      vertex 41.5692 -24 31.5
    endloop
  endfacet
  facet normal 0.819116 -0.573627 0
    outer loop
      vertex 40.9935 -24.8223 31.5
      vertex 40.3168 -25.7886 28.5674
      vertex 40.9935 -24.8223 21.5
    endloop
  endfacet
  facet normal 0.819146 -0.573585 3.0509e-05
    outer loop
      vertex 37.3459 -30.0315 31.5
      vertex 40.9935 -24.8223 31.5
      vertex 41.5692 -24 34
    endloop
  endfacet
  facet normal 0.819146 -0.573585 -6.85066e-06
    outer loop
      vertex 38.6179 -28.2149 28.5674
      vertex 40.9935 -24.8223 31.5
      vertex 37.3459 -30.0315 31.5
    endloop
  endfacet
  facet normal 0.819154 -0.573573 -2.64948e-05
    outer loop
      vertex 40.9935 -24.8223 31.5
      vertex 38.6179 -28.2149 28.5674
      vertex 40.3168 -25.7886 28.5674
    endloop
  endfacet
  facet normal 0.819156 -0.57357 0
    outer loop
      vertex 38.0225 -29.0652 28.5674
      vertex 37.3459 -30.0315 31.5
      vertex 38.0225 -29.0652 24.3831
    endloop
  endfacet
  facet normal 0.819146 -0.573585 -7.24015e-06
    outer loop
      vertex 38.6179 -28.2149 28.5674
      vertex 37.3459 -30.0315 31.5
      vertex 38.0225 -29.0652 28.5674
    endloop
  endfacet
  facet normal 0.819151 -0.573578 5.6465e-06
    outer loop
      vertex 36.7701 -30.8538 34
      vertex 37.3459 -30.0315 31.5
      vertex 41.5692 -24 34
    endloop
  endfacet
  facet normal 0.819143 -0.573589 6.86905e-18
    outer loop
      vertex 37.3459 -30.0315 31.5
      vertex 36.7701 -30.8538 34
      vertex 36.7701 -30.8538 31.5
    endloop
  endfacet
  facet normal 0.81919 -0.573523 -1.51214e-18
    outer loop
      vertex 40.9935 -24.8223 21.5
      vertex 41.5692 -24 19
      vertex 41.5692 -24 21.5
    endloop
  endfacet
  facet normal 0.819116 -0.573627 0
    outer loop
      vertex 40.3168 -25.7886 24.3831
      vertex 40.9935 -24.8223 21.5
      vertex 40.3168 -25.7886 28.5674
    endloop
  endfacet
  facet normal 0.819168 -0.573554 3.65394e-05
    outer loop
      vertex 38.5981 -28.2433 24.3831
      vertex 40.9935 -24.8223 21.5
      vertex 40.3168 -25.7886 24.3831
    endloop
  endfacet
  facet normal 0.819146 -0.573585 -1.75581e-05
    outer loop
      vertex 40.9935 -24.8223 21.5
      vertex 38.5981 -28.2433 24.3831
      vertex 37.3459 -30.0315 21.5
    endloop
  endfacet
  facet normal 0.819105 -0.573643 3.62054e-05
    outer loop
      vertex 37.3459 -30.0315 21.5
      vertex 38.5981 -28.2433 24.3831
      vertex 38.0225 -29.0652 24.3831
    endloop
  endfacet
  facet normal 0.819156 -0.57357 0
    outer loop
      vertex 37.3459 -30.0315 21.5
      vertex 38.0225 -29.0652 24.3831
      vertex 37.3459 -30.0315 31.5
    endloop
  endfacet
  facet normal 0.819146 -0.573585 -3.0509e-05
    outer loop
      vertex 40.9935 -24.8223 21.5
      vertex 37.3459 -30.0315 21.5
      vertex 41.5692 -24 19
    endloop
  endfacet
  facet normal 0.819143 -0.573589 0
    outer loop
      vertex 36.7701 -30.8538 19
      vertex 37.3459 -30.0315 21.5
      vertex 36.7701 -30.8538 21.5
    endloop
  endfacet
  facet normal 0.819151 -0.573578 -5.6465e-06
    outer loop
      vertex 37.3459 -30.0315 21.5
      vertex 36.7701 -30.8538 19
      vertex 41.5692 -24 19
    endloop
  endfacet
  facet normal -0.0871711 -0.996193 -3.34766e-05
    outer loop
      vertex -8.33511 -47.2708 5.69349
      vertex -5.16375 -47.5482 2.5
      vertex -6.33511 -47.4458 5.4436
    endloop
  endfacet
  facet normal -0.08715 -0.996195 1.58124e-05
    outer loop
      vertex -5.16375 -47.5482 2.5
      vertex -8.33511 -47.2708 0
      vertex -3.17136 -47.7225 2.5
    endloop
  endfacet
  facet normal -0.0871376 -0.996196 0
    outer loop
      vertex -8.33511 -47.2708 0
      vertex -5.16375 -47.5482 2.5
      vertex -8.33511 -47.2708 5.69349
    endloop
  endfacet
  facet normal -0.0871525 -0.996195 -1.89411e-05
    outer loop
      vertex -8.33511 -47.2708 15
      vertex -5.16375 -47.5482 12.5
      vertex 0 -48 15
    endloop
  endfacet
  facet normal -0.0871376 -0.996196 0
    outer loop
      vertex -8.33511 -47.2708 9.87777
      vertex -5.16375 -47.5482 12.5
      vertex -8.33511 -47.2708 15
    endloop
  endfacet
  facet normal -0.0871631 -0.996194 3.10229e-05
    outer loop
      vertex -6.33511 -47.4458 9.62787
      vertex -5.16375 -47.5482 12.5
      vertex -8.33511 -47.2708 9.87777
    endloop
  endfacet
  facet normal -0.0870876 -0.996201 0
    outer loop
      vertex -6.33511 -47.4458 7.51823
      vertex -5.16375 -47.5482 12.5
      vertex -6.33511 -47.4458 9.62787
    endloop
  endfacet
  facet normal -0.0870876 -0.996201 2.30282e-18
    outer loop
      vertex -5.16375 -47.5482 2.5
      vertex -6.33511 -47.4458 7.51823
      vertex -6.33511 -47.4458 5.4436
    endloop
  endfacet
  facet normal -0.0870876 -0.996201 4.77751e-19
    outer loop
      vertex -6.33511 -47.4458 7.51823
      vertex -5.16375 -47.5482 2.5
      vertex -5.16375 -47.5482 12.5
    endloop
  endfacet
  facet normal -0.08715 -0.996195 -2.40354e-05
    outer loop
      vertex -3.17136 -47.7225 12.5
      vertex 0 -48 15
      vertex -5.16375 -47.5482 12.5
    endloop
  endfacet
  facet normal -0.0871688 -0.996194 -2.01461e-18
    outer loop
      vertex -3.17136 -47.7225 12.5
      vertex 0 -48 9.87777
      vertex 0 -48 15
    endloop
  endfacet
  facet normal -0.0871672 -0.996194 1.98018e-06
    outer loop
      vertex -3.17136 -47.7225 12.5
      vertex -2 -47.825 9.62787
      vertex 0 -48 9.87777
    endloop
  endfacet
  facet normal -0.087172 -0.996193 9.25535e-19
    outer loop
      vertex -3.17136 -47.7225 12.5
      vertex -2 -47.825 5.4436
      vertex -2 -47.825 9.62787
    endloop
  endfacet
  facet normal -0.087172 -0.996193 3.87269e-19
    outer loop
      vertex -2 -47.825 5.4436
      vertex -3.17136 -47.7225 12.5
      vertex -3.17136 -47.7225 2.5
    endloop
  endfacet
  facet normal -0.0871667 -0.996194 -2.1368e-06
    outer loop
      vertex -3.17136 -47.7225 2.5
      vertex 0 -48 5.69349
      vertex -2 -47.825 5.4436
    endloop
  endfacet
  facet normal -0.0871688 -0.996194 -1.81248e-18
    outer loop
      vertex -3.17136 -47.7225 2.5
      vertex 0 -48 0
      vertex 0 -48 5.69349
    endloop
  endfacet
  facet normal -0.0871525 -0.996195 2.09067e-05
    outer loop
      vertex 0 -48 0
      vertex -3.17136 -47.7225 2.5
      vertex -8.33511 -47.2708 0
    endloop
  endfacet
  facet normal -0.087167 -0.996194 0
    outer loop
      vertex -8.33511 -47.2708 19
      vertex -7.33511 -47.3583 21.5
      vertex -8.33511 -47.2708 21.5
    endloop
  endfacet
  facet normal -0.0871479 -0.996195 -7.68166e-06
    outer loop
      vertex -7.33511 -47.3583 21.5
      vertex -8.33511 -47.2708 19
      vertex -1 -47.9125 21.5
    endloop
  endfacet
  facet normal -0.0871525 -0.996195 5.83845e-06
    outer loop
      vertex 0 -48 19
      vertex -1 -47.9125 21.5
      vertex -8.33511 -47.2708 19
    endloop
  endfacet
  facet normal -0.087167 -0.996194 0
    outer loop
      vertex -1 -47.9125 21.5
      vertex 0 -48 19
      vertex 0 -48 21.5
    endloop
  endfacet
  facet normal -0.0870927 -0.9962 2.09661e-05
    outer loop
      vertex -5.12592 -47.5515 28.5674
      vertex -7.33511 -47.3583 31.5
      vertex -6.15995 -47.4611 28.5674
    endloop
  endfacet
  facet normal -0.0871447 -0.996196 -2.65122e-18
    outer loop
      vertex -7.33511 -47.3583 31.5
      vertex -6.15995 -47.4611 26.4874
      vertex -6.15995 -47.4611 28.5674
    endloop
  endfacet
  facet normal -0.0871447 -0.996196 0
    outer loop
      vertex -7.33511 -47.3583 21.5
      vertex -6.15995 -47.4611 26.4874
      vertex -7.33511 -47.3583 31.5
    endloop
  endfacet
  facet normal -0.08715 -0.996195 2.2018e-06
    outer loop
      vertex -6.15995 -47.4611 24.3831
      vertex -7.33511 -47.3583 21.5
      vertex -2.17517 -47.8097 24.3831
    endloop
  endfacet
  facet normal -0.0871447 -0.996196 -0
    outer loop
      vertex -6.15995 -47.4611 26.4874
      vertex -7.33511 -47.3583 21.5
      vertex -6.15995 -47.4611 24.3831
    endloop
  endfacet
  facet normal -0.087167 -0.996194 0
    outer loop
      vertex -7.33511 -47.3583 31.5
      vertex -8.33511 -47.2708 34
      vertex -8.33511 -47.2708 31.5
    endloop
  endfacet
  facet normal -0.0871525 -0.996195 5.83845e-06
    outer loop
      vertex -8.33511 -47.2708 34
      vertex -7.33511 -47.3583 31.5
      vertex 0 -48 34
    endloop
  endfacet
  facet normal -0.0871479 -0.996195 -7.68166e-06
    outer loop
      vertex -1 -47.9125 31.5
      vertex 0 -48 34
      vertex -7.33511 -47.3583 31.5
    endloop
  endfacet
  facet normal -0.087167 -0.996194 -0
    outer loop
      vertex 0 -48 34
      vertex -1 -47.9125 31.5
      vertex 0 -48 31.5
    endloop
  endfacet
  facet normal -0.0871479 -0.996195 -2.09041e-05
    outer loop
      vertex -7.33511 -47.3583 31.5
      vertex -5.12592 -47.5515 28.5674
      vertex -1 -47.9125 31.5
    endloop
  endfacet
  facet normal -0.0871701 -0.996193 1.05675e-05
    outer loop
      vertex -2.17517 -47.8097 28.5674
      vertex -1 -47.9125 31.5
      vertex -5.12592 -47.5515 28.5674
    endloop
  endfacet
  facet normal -0.0871439 -0.996196 0
    outer loop
      vertex -2.17517 -47.8097 24.3831
      vertex -1 -47.9125 31.5
      vertex -2.17517 -47.8097 28.5674
    endloop
  endfacet
  facet normal -0.0871439 -0.996196 9.19082e-21
    outer loop
      vertex -2.17517 -47.8097 24.3831
      vertex -1 -47.9125 21.5
      vertex -1 -47.9125 31.5
    endloop
  endfacet
  facet normal -0.0871479 -0.996195 -1.63113e-06
    outer loop
      vertex -1 -47.9125 21.5
      vertex -2.17517 -47.8097 24.3831
      vertex -7.33511 -47.3583 21.5
    endloop
  endfacet
  facet normal -0.707107 -0.707107 0
    outer loop
      vertex -36.7701 -30.8538 19
      vertex -36.0603 -31.5636 21.5
      vertex -36.7701 -30.8538 21.5
    endloop
  endfacet
  facet normal -0.707149 -0.707064 -0
    outer loop
      vertex -35.2262 -32.3978 26.4874
      vertex -36.0603 -31.5636 21.5
      vertex -35.2262 -32.3978 24.3831
    endloop
  endfacet
  facet normal -0.707107 -0.707107 7.87805e-17
    outer loop
      vertex -31.5636 -36.0603 21.5
      vertex -36.0603 -31.5636 21.5
      vertex -36.7701 -30.8538 19
    endloop
  endfacet
  facet normal -0.707107 -0.707107 -2.45259e-05
    outer loop
      vertex -36.0603 -31.5636 21.5
      vertex -31.5636 -36.0603 21.5
      vertex -35.2262 -32.3978 24.3831
    endloop
  endfacet
  facet normal -0.707064 -0.707149 1.0111e-17
    outer loop
      vertex -31.5636 -36.0603 21.5
      vertex -32.3978 -35.2262 26.4874
      vertex -32.3978 -35.2262 24.3831
    endloop
  endfacet
  facet normal -0.707064 -0.707149 -0
    outer loop
      vertex -31.5636 -36.0603 31.5
      vertex -32.3978 -35.2262 26.4874
      vertex -31.5636 -36.0603 21.5
    endloop
  endfacet
  facet normal -0.707107 -0.707107 -2.45259e-05
    outer loop
      vertex -35.2262 -32.3978 24.3831
      vertex -31.5636 -36.0603 21.5
      vertex -32.3978 -35.2262 24.3831
    endloop
  endfacet
  facet normal -0.707107 -0.707107 -1.94684e-17
    outer loop
      vertex -30.8538 -36.7701 19
      vertex -31.5636 -36.0603 21.5
      vertex -36.7701 -30.8538 19
    endloop
  endfacet
  facet normal -0.707107 -0.707107 -1.42572e-17
    outer loop
      vertex -31.5636 -36.0603 21.5
      vertex -30.8538 -36.7701 19
      vertex -30.8538 -36.7701 21.5
    endloop
  endfacet
  facet normal -0.707107 -0.707107 -1.42572e-17
    outer loop
      vertex -36.0603 -31.5636 31.5
      vertex -36.7701 -30.8538 34
      vertex -36.7701 -30.8538 31.5
    endloop
  endfacet
  facet normal -0.707149 -0.707064 0
    outer loop
      vertex -36.0603 -31.5636 21.5
      vertex -35.2262 -32.3978 26.4874
      vertex -36.0603 -31.5636 31.5
    endloop
  endfacet
  facet normal -0.707149 -0.707064 -0
    outer loop
      vertex -35.2262 -32.3978 28.5674
      vertex -36.0603 -31.5636 31.5
      vertex -35.2262 -32.3978 26.4874
    endloop
  endfacet
  facet normal -0.707107 -0.707107 2.41119e-05
    outer loop
      vertex -31.5636 -36.0603 31.5
      vertex -36.0603 -31.5636 31.5
      vertex -35.2262 -32.3978 28.5674
    endloop
  endfacet
  facet normal -0.707107 -0.707107 2.41119e-05
    outer loop
      vertex -31.5636 -36.0603 31.5
      vertex -35.2262 -32.3978 28.5674
      vertex -32.3978 -35.2262 28.5674
    endloop
  endfacet
  facet normal -0.707064 -0.707149 0
    outer loop
      vertex -32.3978 -35.2262 26.4874
      vertex -31.5636 -36.0603 31.5
      vertex -32.3978 -35.2262 28.5674
    endloop
  endfacet
  facet normal -0.707107 -0.707107 7.16062e-18
    outer loop
      vertex -36.0603 -31.5636 31.5
      vertex -31.5636 -36.0603 31.5
      vertex -36.7701 -30.8538 34
    endloop
  endfacet
  facet normal -0.707107 -0.707107 -0
    outer loop
      vertex -30.8538 -36.7701 34
      vertex -31.5636 -36.0603 31.5
      vertex -30.8538 -36.7701 31.5
    endloop
  endfacet
  facet normal -0.707107 -0.707107 -8.77012e-18
    outer loop
      vertex -31.5636 -36.0603 31.5
      vertex -30.8538 -36.7701 34
      vertex -36.7701 -30.8538 34
    endloop
  endfacet
  facet normal -0.707122 -0.707091 -2.32811e-17
    outer loop
      vertex -34.5191 -33.1049 2.5
      vertex -36.7701 -30.8538 5.69349
      vertex -36.7701 -30.8538 0
    endloop
  endfacet
  facet normal -0.707149 -0.707064 0
    outer loop
      vertex -35.3505 -32.2734 5.4436
      vertex -34.5191 -33.1049 2.5
      vertex -35.3505 -32.2734 9.62787
    endloop
  endfacet
  facet normal -0.707105 -0.707109 2.52787e-05
    outer loop
      vertex -36.7701 -30.8538 5.69349
      vertex -34.5191 -33.1049 2.5
      vertex -35.3505 -32.2734 5.4436
    endloop
  endfacet
  facet normal -0.707107 -0.707107 -2.82843e-05
    outer loop
      vertex -36.7701 -30.8538 0
      vertex -33.1049 -34.5191 2.5
      vertex -34.5191 -33.1049 2.5
    endloop
  endfacet
  facet normal -0.707064 -0.707149 0
    outer loop
      vertex -33.1049 -34.5191 2.5
      vertex -32.2734 -35.3505 5.4436
      vertex -33.1049 -34.5191 12.5
    endloop
  endfacet
  facet normal -0.707107 -0.707107 -2.82843e-05
    outer loop
      vertex -30.8538 -36.7701 0
      vertex -33.1049 -34.5191 2.5
      vertex -36.7701 -30.8538 0
    endloop
  endfacet
  facet normal -0.707091 -0.707122 -0
    outer loop
      vertex -30.8538 -36.7701 5.69349
      vertex -33.1049 -34.5191 2.5
      vertex -30.8538 -36.7701 0
    endloop
  endfacet
  facet normal -0.707109 -0.707105 2.52787e-05
    outer loop
      vertex -33.1049 -34.5191 2.5
      vertex -30.8538 -36.7701 5.69349
      vertex -32.2734 -35.3505 5.4436
    endloop
  endfacet
  facet normal -0.707149 -0.707065 4.51071e-05
    outer loop
      vertex -34.5191 -33.1049 12.5
      vertex -36.7701 -30.8538 9.87777
      vertex -36.0007 -31.6233 9.74232
    endloop
  endfacet
  facet normal -0.707057 -0.707156 -5.33841e-05
    outer loop
      vertex -34.5191 -33.1049 12.5
      vertex -36.0007 -31.6233 9.74232
      vertex -35.3505 -32.2734 9.62787
    endloop
  endfacet
  facet normal -0.707149 -0.707064 -0
    outer loop
      vertex -34.5191 -33.1049 12.5
      vertex -35.3505 -32.2734 9.62787
      vertex -34.5191 -33.1049 2.5
    endloop
  endfacet
  facet normal -0.707122 -0.707091 0
    outer loop
      vertex -36.7701 -30.8538 9.87777
      vertex -34.5191 -33.1049 12.5
      vertex -36.7701 -30.8538 15
    endloop
  endfacet
  facet normal -0.707107 -0.707107 2.82843e-05
    outer loop
      vertex -33.1049 -34.5191 12.5
      vertex -36.7701 -30.8538 15
      vertex -34.5191 -33.1049 12.5
    endloop
  endfacet
  facet normal -0.707064 -0.707149 -0
    outer loop
      vertex -32.2734 -35.3505 9.62787
      vertex -33.1049 -34.5191 12.5
      vertex -32.2734 -35.3505 5.4436
    endloop
  endfacet
  facet normal -0.707156 -0.707057 -5.33841e-05
    outer loop
      vertex -31.6233 -36.0007 9.74232
      vertex -33.1049 -34.5191 12.5
      vertex -32.2734 -35.3505 9.62787
    endloop
  endfacet
  facet normal -0.707065 -0.707149 4.51071e-05
    outer loop
      vertex -30.8538 -36.7701 9.87777
      vertex -33.1049 -34.5191 12.5
      vertex -31.6233 -36.0007 9.74232
    endloop
  endfacet
  facet normal -0.707107 -0.707107 2.82843e-05
    outer loop
      vertex -33.1049 -34.5191 12.5
      vertex -30.8538 -36.7701 15
      vertex -36.7701 -30.8538 15
    endloop
  endfacet
  facet normal -0.707091 -0.707122 -0
    outer loop
      vertex -30.8538 -36.7701 15
      vertex -33.1049 -34.5191 12.5
      vertex -30.8538 -36.7701 9.87777
    endloop
  endfacet
  facet normal -0.906307 -0.422621 1.0516e-17
    outer loop
      vertex -43.7598 -19.3022 2.5
      vertex -45.1052 -16.417 5.69349
      vertex -45.1052 -16.417 0
    endloop
  endfacet
  facet normal -0.90629 -0.422657 0
    outer loop
      vertex -44.2568 -18.2365 5.4436
      vertex -43.7598 -19.3022 2.5
      vertex -44.2568 -18.2365 9.62787
    endloop
  endfacet
  facet normal -0.906318 -0.422596 -2.69995e-05
    outer loop
      vertex -45.1052 -16.417 5.69349
      vertex -43.7598 -19.3022 2.5
      vertex -44.2568 -18.2365 5.4436
    endloop
  endfacet
  facet normal -0.906313 -0.422606 2.02003e-05
    outer loop
      vertex -45.1052 -16.417 0
      vertex -42.9146 -21.1148 2.5
      vertex -43.7598 -19.3022 2.5
    endloop
  endfacet
  facet normal -0.906322 -0.422587 0
    outer loop
      vertex -42.9146 -21.1148 2.5
      vertex -42.4177 -22.1805 5.4436
      vertex -42.9146 -21.1148 12.5
    endloop
  endfacet
  facet normal -0.906286 -0.422666 -3.44202e-05
    outer loop
      vertex -42.9146 -21.1148 2.5
      vertex -41.9317 -23.2226 5.58672
      vertex -42.4177 -22.1805 5.4436
    endloop
  endfacet
  facet normal -0.906308 -0.422617 -4.82854e-06
    outer loop
      vertex -41.5692 -24 0
      vertex -42.9146 -21.1148 2.5
      vertex -45.1052 -16.417 0
    endloop
  endfacet
  facet normal -0.906306 -0.422622 1.85157e-06
    outer loop
      vertex -41.5692 -24 0
      vertex -41.9317 -23.2226 5.58672
      vertex -42.9146 -21.1148 2.5
    endloop
  endfacet
  facet normal -0.906311 -0.422611 -3.33009e-20
    outer loop
      vertex -41.9317 -23.2226 5.58672
      vertex -41.5692 -24 0
      vertex -41.5692 -24 5.69349
    endloop
  endfacet
  facet normal -0.90633 -0.422571 6.65306e-05
    outer loop
      vertex -43.7598 -19.3022 12.5
      vertex -45.1052 -16.417 9.87777
      vertex -44.6454 -17.4032 9.74232
    endloop
  endfacet
  facet normal -0.906297 -0.422642 6.87474e-06
    outer loop
      vertex -43.7598 -19.3022 12.5
      vertex -44.6454 -17.4032 9.74232
      vertex -44.2568 -18.2365 9.62787
    endloop
  endfacet
  facet normal -0.90629 -0.422657 -0
    outer loop
      vertex -43.7598 -19.3022 12.5
      vertex -44.2568 -18.2365 9.62787
      vertex -43.7598 -19.3022 2.5
    endloop
  endfacet
  facet normal -0.906307 -0.422621 0
    outer loop
      vertex -45.1052 -16.417 9.87777
      vertex -43.7598 -19.3022 12.5
      vertex -45.1052 -16.417 15
    endloop
  endfacet
  facet normal -0.906313 -0.422606 -2.02003e-05
    outer loop
      vertex -42.9146 -21.1148 12.5
      vertex -45.1052 -16.417 15
      vertex -43.7598 -19.3022 12.5
    endloop
  endfacet
  facet normal -0.906322 -0.422587 -0
    outer loop
      vertex -42.4177 -22.1805 9.62787
      vertex -42.9146 -21.1148 12.5
      vertex -42.4177 -22.1805 5.4436
    endloop
  endfacet
  facet normal -0.906299 -0.422637 2.25908e-05
    outer loop
      vertex -41.5692 -24 9.87777
      vertex -42.9146 -21.1148 12.5
      vertex -42.4177 -22.1805 9.62787
    endloop
  endfacet
  facet normal -0.906308 -0.422617 4.82854e-06
    outer loop
      vertex -42.9146 -21.1148 12.5
      vertex -41.5692 -24 15
      vertex -45.1052 -16.417 15
    endloop
  endfacet
  facet normal -0.906307 -0.422621 -0
    outer loop
      vertex -41.5692 -24 15
      vertex -42.9146 -21.1148 12.5
      vertex -41.5692 -24 9.87777
    endloop
  endfacet
  facet normal -0.906308 -0.422618 0
    outer loop
      vertex -45.1052 -16.417 19
      vertex -44.681 -17.3267 21.5
      vertex -45.1052 -16.417 21.5
    endloop
  endfacet
  facet normal -0.906333 -0.422565 -0
    outer loop
      vertex -44.1825 -18.3959 26.4398
      vertex -44.681 -17.3267 21.5
      vertex -44.1825 -18.3959 24.3831
    endloop
  endfacet
  facet normal -0.906312 -0.42261 3.64506e-06
    outer loop
      vertex -41.9935 -23.0902 21.5
      vertex -44.681 -17.3267 21.5
      vertex -45.1052 -16.417 19
    endloop
  endfacet
  facet normal -0.906293 -0.422651 -3.86521e-05
    outer loop
      vertex -44.681 -17.3267 21.5
      vertex -43.7584 -19.3053 24.3831
      vertex -44.1825 -18.3959 24.3831
    endloop
  endfacet
  facet normal -0.906312 -0.42261 -4.49427e-06
    outer loop
      vertex -44.681 -17.3267 21.5
      vertex -41.9935 -23.0902 21.5
      vertex -43.7584 -19.3053 24.3831
    endloop
  endfacet
  facet normal -0.906317 -0.422598 3.42874e-18
    outer loop
      vertex -41.9935 -23.0902 21.5
      vertex -42.492 -22.0211 26.4874
      vertex -42.492 -22.0211 24.3831
    endloop
  endfacet
  facet normal -0.906317 -0.422598 -0
    outer loop
      vertex -41.9935 -23.0902 31.5
      vertex -42.492 -22.0211 26.4874
      vertex -41.9935 -23.0902 21.5
    endloop
  endfacet
  facet normal -0.906308 -0.422619 9.48449e-06
    outer loop
      vertex -43.7584 -19.3053 24.3831
      vertex -41.9935 -23.0902 21.5
      vertex -42.492 -22.0211 24.3831
    endloop
  endfacet
  facet normal -0.906308 -0.422617 -1.9797e-05
    outer loop
      vertex -41.5692 -24 19
      vertex -41.9935 -23.0902 21.5
      vertex -45.1052 -16.417 19
    endloop
  endfacet
  facet normal -0.906287 -0.422662 4.97888e-18
    outer loop
      vertex -41.9935 -23.0902 21.5
      vertex -41.5692 -24 19
      vertex -41.5692 -24 21.5
    endloop
  endfacet
  facet normal -0.906308 -0.422618 9.94827e-18
    outer loop
      vertex -44.681 -17.3267 31.5
      vertex -45.1052 -16.417 34
      vertex -45.1052 -16.417 31.5
    endloop
  endfacet
  facet normal -0.906333 -0.422565 0
    outer loop
      vertex -44.681 -17.3267 21.5
      vertex -44.1825 -18.3959 26.4398
      vertex -44.681 -17.3267 31.5
    endloop
  endfacet
  facet normal -0.906333 -0.422565 -0
    outer loop
      vertex -44.1825 -18.3959 28.5674
      vertex -44.681 -17.3267 31.5
      vertex -44.1825 -18.3959 26.4398
    endloop
  endfacet
  facet normal -0.906308 -0.422617 2.31753e-05
    outer loop
      vertex -42.9307 -21.0804 28.5674
      vertex -44.681 -17.3267 31.5
      vertex -44.1825 -18.3959 28.5674
    endloop
  endfacet
  facet normal -0.906312 -0.42261 1.15125e-05
    outer loop
      vertex -44.681 -17.3267 31.5
      vertex -42.9307 -21.0804 28.5674
      vertex -41.9935 -23.0902 31.5
    endloop
  endfacet
  facet normal -0.906291 -0.422653 -2.47114e-05
    outer loop
      vertex -41.9935 -23.0902 31.5
      vertex -42.9307 -21.0804 28.5674
      vertex -42.492 -22.0211 28.5674
    endloop
  endfacet
  facet normal -0.906317 -0.422598 0
    outer loop
      vertex -42.492 -22.0211 26.4874
      vertex -41.9935 -23.0902 31.5
      vertex -42.492 -22.0211 28.5674
    endloop
  endfacet
  facet normal -0.906312 -0.42261 -3.64506e-06
    outer loop
      vertex -44.681 -17.3267 31.5
      vertex -41.9935 -23.0902 31.5
      vertex -45.1052 -16.417 34
    endloop
  endfacet
  facet normal -0.906287 -0.422662 -0
    outer loop
      vertex -41.5692 -24 34
      vertex -41.9935 -23.0902 31.5
      vertex -41.5692 -24 31.5
    endloop
  endfacet
  facet normal -0.906308 -0.422617 1.9797e-05
    outer loop
      vertex -41.9935 -23.0902 31.5
      vertex -41.5692 -24 34
      vertex -45.1052 -16.417 34
    endloop
  endfacet
  facet normal -0.996194 -0.0871688 -1.81248e-18
    outer loop
      vertex -47.7225 -3.17136 2.5
      vertex -48 0 5.69349
      vertex -48 0 0
    endloop
  endfacet
  facet normal -0.996193 -0.087172 0
    outer loop
      vertex -47.825 -2 5.4436
      vertex -47.7225 -3.17136 2.5
      vertex -47.825 -2 9.62787
    endloop
  endfacet
  facet normal -0.996194 -0.0871667 -2.1368e-06
    outer loop
      vertex -48 0 5.69349
      vertex -47.7225 -3.17136 2.5
      vertex -47.825 -2 5.4436
    endloop
  endfacet
  facet normal -0.996195 -0.08715 2.40354e-05
    outer loop
      vertex -48 0 0
      vertex -47.5482 -5.16375 2.5
      vertex -47.7225 -3.17136 2.5
    endloop
  endfacet
  facet normal -0.996201 -0.0870876 0
    outer loop
      vertex -47.5482 -5.16375 2.5
      vertex -47.4458 -6.33511 7.51823
      vertex -47.5482 -5.16375 12.5
    endloop
  endfacet
  facet normal -0.996201 -0.0870876 2.30282e-18
    outer loop
      vertex -47.5482 -5.16375 2.5
      vertex -47.4458 -6.33511 5.4436
      vertex -47.4458 -6.33511 7.51823
    endloop
  endfacet
  facet normal -0.996195 -0.0871525 1.89411e-05
    outer loop
      vertex -47.2708 -8.33511 0
      vertex -47.5482 -5.16375 2.5
      vertex -48 0 0
    endloop
  endfacet
  facet normal -0.996196 -0.0871376 -0
    outer loop
      vertex -47.2708 -8.33511 5.69349
      vertex -47.5482 -5.16375 2.5
      vertex -47.2708 -8.33511 0
    endloop
  endfacet
  facet normal -0.996193 -0.0871711 -3.34766e-05
    outer loop
      vertex -47.5482 -5.16375 2.5
      vertex -47.2708 -8.33511 5.69349
      vertex -47.4458 -6.33511 5.4436
    endloop
  endfacet
  facet normal -0.996194 -0.0871672 1.98018e-06
    outer loop
      vertex -47.7225 -3.17136 12.5
      vertex -48 0 9.87777
      vertex -47.825 -2 9.62787
    endloop
  endfacet
  facet normal -0.996193 -0.087172 -0
    outer loop
      vertex -47.7225 -3.17136 12.5
      vertex -47.825 -2 9.62787
      vertex -47.7225 -3.17136 2.5
    endloop
  endfacet
  facet normal -0.996194 -0.0871688 0
    outer loop
      vertex -48 0 9.87777
      vertex -47.7225 -3.17136 12.5
      vertex -48 0 15
    endloop
  endfacet
  facet normal -0.996195 -0.08715 -2.40354e-05
    outer loop
      vertex -47.5482 -5.16375 12.5
      vertex -48 0 15
      vertex -47.7225 -3.17136 12.5
    endloop
  endfacet
  facet normal -0.996201 -0.0870876 -0
    outer loop
      vertex -47.4458 -6.33511 9.62787
      vertex -47.5482 -5.16375 12.5
      vertex -47.4458 -6.33511 7.51823
    endloop
  endfacet
  facet normal -0.996194 -0.0871631 3.10229e-05
    outer loop
      vertex -47.2708 -8.33511 9.87777
      vertex -47.5482 -5.16375 12.5
      vertex -47.4458 -6.33511 9.62787
    endloop
  endfacet
  facet normal -0.996195 -0.0871525 -1.89411e-05
    outer loop
      vertex -47.5482 -5.16375 12.5
      vertex -47.2708 -8.33511 15
      vertex -48 0 15
    endloop
  endfacet
  facet normal -0.996196 -0.0871376 -0
    outer loop
      vertex -47.2708 -8.33511 15
      vertex -47.5482 -5.16375 12.5
      vertex -47.2708 -8.33511 9.87777
    endloop
  endfacet
  facet normal -0.996194 -0.087167 0
    outer loop
      vertex -48 0 19
      vertex -47.9125 -1 21.5
      vertex -48 0 21.5
    endloop
  endfacet
  facet normal -0.996196 -0.0871439 0
    outer loop
      vertex -47.9125 -1 21.5
      vertex -47.8097 -2.17517 28.5674
      vertex -47.9125 -1 31.5
    endloop
  endfacet
  facet normal -0.996196 -0.0871439 2.1965e-20
    outer loop
      vertex -47.9125 -1 21.5
      vertex -47.8097 -2.17517 24.3831
      vertex -47.8097 -2.17517 28.5674
    endloop
  endfacet
  facet normal -0.996195 -0.0871479 7.68166e-06
    outer loop
      vertex -47.3583 -7.33511 21.5
      vertex -47.9125 -1 21.5
      vertex -48 0 19
    endloop
  endfacet
  facet normal -0.996195 -0.0871479 -1.63113e-06
    outer loop
      vertex -47.9125 -1 21.5
      vertex -47.3583 -7.33511 21.5
      vertex -47.8097 -2.17517 24.3831
    endloop
  endfacet
  facet normal -0.996196 -0.0871447 -0
    outer loop
      vertex -47.3583 -7.33511 31.5
      vertex -47.4611 -6.15995 26.4874
      vertex -47.3583 -7.33511 21.5
    endloop
  endfacet
  facet normal -0.996196 -0.0871447 0
    outer loop
      vertex -47.4611 -6.15995 24.3831
      vertex -47.3583 -7.33511 21.5
      vertex -47.4611 -6.15995 26.4874
    endloop
  endfacet
  facet normal -0.996195 -0.08715 2.2018e-06
    outer loop
      vertex -47.8097 -2.17517 24.3831
      vertex -47.3583 -7.33511 21.5
      vertex -47.4611 -6.15995 24.3831
    endloop
  endfacet
  facet normal -0.996195 -0.0871525 -5.83845e-06
    outer loop
      vertex -47.2708 -8.33511 19
      vertex -47.3583 -7.33511 21.5
      vertex -48 0 19
    endloop
  endfacet
  facet normal -0.996194 -0.087167 0
    outer loop
      vertex -47.3583 -7.33511 21.5
      vertex -47.2708 -8.33511 19
      vertex -47.2708 -8.33511 21.5
    endloop
  endfacet
  facet normal -0.996194 -0.087167 0
    outer loop
      vertex -47.9125 -1 31.5
      vertex -48 0 34
      vertex -48 0 31.5
    endloop
  endfacet
  facet normal -0.996193 -0.0871701 1.05675e-05
    outer loop
      vertex -47.5515 -5.12592 28.5674
      vertex -47.9125 -1 31.5
      vertex -47.8097 -2.17517 28.5674
    endloop
  endfacet
  facet normal -0.996195 -0.0871479 -2.09041e-05
    outer loop
      vertex -47.9125 -1 31.5
      vertex -47.5515 -5.12592 28.5674
      vertex -47.3583 -7.33511 31.5
    endloop
  endfacet
  facet normal -0.9962 -0.0870927 2.09661e-05
    outer loop
      vertex -47.3583 -7.33511 31.5
      vertex -47.5515 -5.12592 28.5674
      vertex -47.4611 -6.15995 28.5674
    endloop
  endfacet
  facet normal -0.996196 -0.0871447 0
    outer loop
      vertex -47.4611 -6.15995 26.4874
      vertex -47.3583 -7.33511 31.5
      vertex -47.4611 -6.15995 28.5674
    endloop
  endfacet
  facet normal -0.996195 -0.0871479 -7.68166e-06
    outer loop
      vertex -47.9125 -1 31.5
      vertex -47.3583 -7.33511 31.5
      vertex -48 0 34
    endloop
  endfacet
  facet normal -0.996194 -0.087167 -0
    outer loop
      vertex -47.2708 -8.33511 34
      vertex -47.3583 -7.33511 31.5
      vertex -47.2708 -8.33511 31.5
    endloop
  endfacet
  facet normal -0.996195 -0.0871525 5.83845e-06
    outer loop
      vertex -47.3583 -7.33511 31.5
      vertex -47.2708 -8.33511 34
      vertex -48 0 34
    endloop
  endfacet
  facet normal 0 0 -1
    outer loop
      vertex -33.8845 3.62972 0
      vertex -31.2 1.84752 0
      vertex -33.8845 -3.62972 0
    endloop
  endfacet
  facet normal 0 0 -1
    outer loop
      vertex -31.2 1.84752 0
      vertex -33.8845 3.62972 0
      vertex -33.0824 8.17835 0
    endloop
  endfacet
  facet normal 0 0 -1
    outer loop
      vertex -38.2247 -2.05 0
      vertex -33.8845 3.62972 0
      vertex -33.8845 -3.62972 0
    endloop
  endfacet
  facet normal 0 0 -1
    outer loop
      vertex -38.2247 -2.05 0
      vertex -38.2247 2.05 0
      vertex -33.8845 3.62972 0
    endloop
  endfacet
  facet normal 0 0 -1
    outer loop
      vertex -48 0 0
      vertex -38.2247 -2.05 0
      vertex -41.7629 -5.01891 0
    endloop
  endfacet
  facet normal 0 0 -1
    outer loop
      vertex -38.2247 -2.05 0
      vertex -48 0 0
      vertex -38.2247 2.05 0
    endloop
  endfacet
  facet normal 0 0 -1
    outer loop
      vertex -36.7701 -30.8538 0
      vertex -27.9641 -26.1408 0
      vertex -28.7662 -30.6894 0
    endloop
  endfacet
  facet normal 0 0 -1
    outer loop
      vertex -27.9641 -26.1408 0
      vertex -30.5996 -23 0
      vertex -28.2902 -19 0
    endloop
  endfacet
  facet normal 0 0 -1
    outer loop
      vertex -30.5996 23 0
      vertex -27.9641 26.1408 0
      vertex -28.2902 19 0
    endloop
  endfacet
  facet normal 0 0 -1
    outer loop
      vertex -36.7701 30.8538 0
      vertex -27.9641 26.1408 0
      vertex -30.5996 23 0
    endloop
  endfacet
  facet normal 0 0 -1
    outer loop
      vertex -24.8 -1.84752 0
      vertex -7.10141 0 0
      vertex -23.9363 -6.746 0
    endloop
  endfacet
  facet normal 0 0 -1
    outer loop
      vertex -7.10141 0 0
      vertex -23.9363 6.746 0
      vertex -22.6725 10.2182 0
    endloop
  endfacet
  facet normal 0 0 -1
    outer loop
      vertex -24.8 1.84752 0
      vertex -7.10141 0 0
      vertex -24.8 -1.84752 0
    endloop
  endfacet
  facet normal 0 0 -1
    outer loop
      vertex -27.5752 -6.10436 0
      vertex -24.8 -1.84752 0
      vertex -23.9363 -6.746 0
    endloop
  endfacet
  facet normal 0 0 -1
    outer loop
      vertex -27.5752 -6.10436 0
      vertex -28 -3.69504 0
      vertex -24.8 -1.84752 0
    endloop
  endfacet
  facet normal 0 0 -1
    outer loop
      vertex -33.0824 -8.17835 0
      vertex -27.5752 -6.10436 0
      vertex -29.9503 -8.93493 0
    endloop
  endfacet
  facet normal -0 0 -1
    outer loop
      vertex -27.5752 -6.10436 0
      vertex -33.0824 -8.17835 0
      vertex -28 -3.69504 0
    endloop
  endfacet
  facet normal 0 0 -1
    outer loop
      vertex -33.0824 -8.17835 0
      vertex -29.9503 -8.93493 0
      vertex -30.5996 -15 0
    endloop
  endfacet
  facet normal 0 0 -1
    outer loop
      vertex -28 -3.69504 0
      vertex -33.8845 -3.62972 0
      vertex -31.2 -1.84752 0
    endloop
  endfacet
  facet normal 0 0 -1
    outer loop
      vertex -33.8845 -3.62972 0
      vertex -28 -3.69504 0
      vertex -33.0824 -8.17835 0
    endloop
  endfacet
  facet normal 0 0 -1
    outer loop
      vertex -35.2184 -15 0
      vertex -33.0824 -8.17835 0
      vertex -30.5996 -15 0
    endloop
  endfacet
  facet normal 0 0 -1
    outer loop
      vertex -35.2184 -15 0
      vertex -36.6206 -11.1473 0
      vertex -33.0824 -8.17835 0
    endloop
  endfacet
  facet normal 0 0 -1
    outer loop
      vertex -45.1052 -16.417 0
      vertex -35.2184 -15 0
      vertex -37.5278 -19 0
    endloop
  endfacet
  facet normal -0 0 -1
    outer loop
      vertex -35.2184 -15 0
      vertex -45.1052 -16.417 0
      vertex -36.6206 -11.1473 0
    endloop
  endfacet
  facet normal 0 0 -1
    outer loop
      vertex -23.6239 24.5611 0
      vertex -19.0741 20.8286 0
      vertex -22.713 21.4703 0
    endloop
  endfacet
  facet normal 0 0 -1
    outer loop
      vertex -19.0741 20.8286 0
      vertex -23.6239 24.5611 0
      vertex -20.0857 27.53 0
    endloop
  endfacet
  facet normal 0 0 -1
    outer loop
      vertex -25.0882 18.6397 0
      vertex -23.6239 24.5611 0
      vertex -22.713 21.4703 0
    endloop
  endfacet
  facet normal 0 0 -1
    outer loop
      vertex -28.2902 19 0
      vertex -23.6239 24.5611 0
      vertex -25.0882 18.6397 0
    endloop
  endfacet
  facet normal 0 0 -1
    outer loop
      vertex -22.6725 -10.2182 0
      vertex -7.10141 0 0
      vertex -20.1855 -14.5258 0
    endloop
  endfacet
  facet normal 0 0 -1
    outer loop
      vertex -7.10141 0 0
      vertex -20.1855 14.5258 0
      vertex -17.8103 17.3564 0
    endloop
  endfacet
  facet normal 0 0 -1
    outer loop
      vertex -23.9363 -6.746 0
      vertex -7.10141 0 0
      vertex -22.6725 -10.2182 0
    endloop
  endfacet
  facet normal 0 0 -1
    outer loop
      vertex -23.8244 -15.1675 0
      vertex -22.6725 -10.2182 0
      vertex -20.1855 -14.5258 0
    endloop
  endfacet
  facet normal 0 0 -1
    outer loop
      vertex -23.8244 -15.1675 0
      vertex -25.0476 -13.0488 0
      vertex -22.6725 -10.2182 0
    endloop
  endfacet
  facet normal 0 0 -1
    outer loop
      vertex -28.2902 -19 0
      vertex -23.8244 -15.1675 0
      vertex -25.0882 -18.6397 0
    endloop
  endfacet
  facet normal 0 0 -1
    outer loop
      vertex -23.6239 -24.5611 0
      vertex -28.2902 -19 0
      vertex -25.0882 -18.6397 0
    endloop
  endfacet
  facet normal -0 0 -1
    outer loop
      vertex -23.8244 -15.1675 0
      vertex -28.2902 -19 0
      vertex -25.0476 -13.0488 0
    endloop
  endfacet
  facet normal 0 0 -1
    outer loop
      vertex -30.5996 -15 0
      vertex -25.0476 -13.0488 0
      vertex -28.2902 -19 0
    endloop
  endfacet
  facet normal -0 0 -1
    outer loop
      vertex -25.0476 -13.0488 0
      vertex -30.5996 -15 0
      vertex -28.6865 -12.4071 0
    endloop
  endfacet
  facet normal -0 0 -1
    outer loop
      vertex -28.6865 -12.4071 0
      vertex -30.5996 -15 0
      vertex -29.9503 -8.93493 0
    endloop
  endfacet
  facet normal 0 0 -1
    outer loop
      vertex -23.6239 -24.5611 0
      vertex -19.0741 -20.8286 0
      vertex -20.0857 -27.53 0
    endloop
  endfacet
  facet normal 0 0 -1
    outer loop
      vertex -19.0741 -20.8286 0
      vertex -23.6239 -24.5611 0
      vertex -22.713 -21.4703 0
    endloop
  endfacet
  facet normal 0 0 -1
    outer loop
      vertex -23.6239 -24.5611 0
      vertex -25.0882 -18.6397 0
      vertex -22.713 -21.4703 0
    endloop
  endfacet
  facet normal 0 0 -1
    outer loop
      vertex -28.2902 -19 0
      vertex -23.6239 -24.5611 0
      vertex -27.9641 -26.1408 0
    endloop
  endfacet
  facet normal 0 0 -1
    outer loop
      vertex -7.10141 0 0
      vertex -22.6725 10.2182 0
      vertex -20.1855 14.5258 0
    endloop
  endfacet
  facet normal 0 0 -1
    outer loop
      vertex -22.6725 10.2182 0
      vertex -23.8244 15.1675 0
      vertex -20.1855 14.5258 0
    endloop
  endfacet
  facet normal 0 0 -1
    outer loop
      vertex -25.0476 13.0488 0
      vertex -23.8244 15.1675 0
      vertex -22.6725 10.2182 0
    endloop
  endfacet
  facet normal 0 0 -1
    outer loop
      vertex -28.2902 19 0
      vertex -23.8244 15.1675 0
      vertex -25.0476 13.0488 0
    endloop
  endfacet
  facet normal 0 0 -1
    outer loop
      vertex -23.8244 15.1675 0
      vertex -28.2902 19 0
      vertex -25.0882 18.6397 0
    endloop
  endfacet
  facet normal -0 0 -1
    outer loop
      vertex -23.6239 24.5611 0
      vertex -28.2902 19 0
      vertex -27.9641 26.1408 0
    endloop
  endfacet
  facet normal 0 0 -1
    outer loop
      vertex -30.5996 15 0
      vertex -25.0476 13.0488 0
      vertex -28.6865 12.4071 0
    endloop
  endfacet
  facet normal 0 0 -1
    outer loop
      vertex -30.5996 15 0
      vertex -28.6865 12.4071 0
      vertex -29.9503 8.93493 0
    endloop
  endfacet
  facet normal 0 0 -1
    outer loop
      vertex -25.0476 13.0488 0
      vertex -30.5996 15 0
      vertex -28.2902 19 0
    endloop
  endfacet
  facet normal 0 0 -1
    outer loop
      vertex -7.10141 0 0
      vertex -24.8 1.84752 0
      vertex -23.9363 6.746 0
    endloop
  endfacet
  facet normal 0 0 -1
    outer loop
      vertex -24.8 1.84752 0
      vertex -27.5752 6.10436 0
      vertex -23.9363 6.746 0
    endloop
  endfacet
  facet normal 0 0 -1
    outer loop
      vertex -28 3.69504 0
      vertex -27.5752 6.10436 0
      vertex -24.8 1.84752 0
    endloop
  endfacet
  facet normal 0 0 -1
    outer loop
      vertex -33.0824 8.17835 0
      vertex -27.5752 6.10436 0
      vertex -28 3.69504 0
    endloop
  endfacet
  facet normal 0 0 -1
    outer loop
      vertex -33.0824 8.17835 0
      vertex -28 3.69504 0
      vertex -31.2 1.84752 0
    endloop
  endfacet
  facet normal 0 0 -1
    outer loop
      vertex -27.5752 6.10436 0
      vertex -33.0824 8.17835 0
      vertex -29.9503 8.93493 0
    endloop
  endfacet
  facet normal -0 0 -1
    outer loop
      vertex -31.2 -1.84752 0
      vertex -33.8845 -3.62972 0
      vertex -31.2 1.84752 0
    endloop
  endfacet
  facet normal -0 0 -1
    outer loop
      vertex -29.9503 8.93493 0
      vertex -33.0824 8.17835 0
      vertex -30.5996 15 0
    endloop
  endfacet
  facet normal 0 0 -1
    outer loop
      vertex -33.0824 8.17835 0
      vertex -35.2184 15 0
      vertex -30.5996 15 0
    endloop
  endfacet
  facet normal 0 0 -1
    outer loop
      vertex -36.6206 11.1473 0
      vertex -35.2184 15 0
      vertex -33.0824 8.17835 0
    endloop
  endfacet
  facet normal 0 0 -1
    outer loop
      vertex -45.1052 16.417 0
      vertex -35.2184 15 0
      vertex -36.6206 11.1473 0
    endloop
  endfacet
  facet normal 0 0 -1
    outer loop
      vertex -45.1052 16.417 0
      vertex -36.6206 11.1473 0
      vertex -40.9609 9.56754 0
    endloop
  endfacet
  facet normal 0 0 -1
    outer loop
      vertex -20.1855 -14.5258 0
      vertex -3.5507 -6.15 0
      vertex -17.8103 -17.3564 0
    endloop
  endfacet
  facet normal 0 0 -1
    outer loop
      vertex -7.10141 0 0
      vertex -14 20.5537 0
      vertex -10.8 22.4012 0
    endloop
  endfacet
  facet normal 0 0 -1
    outer loop
      vertex -17.8103 -17.3564 0
      vertex -14 -20.5537 0
      vertex -17.2 -22.4012 0
    endloop
  endfacet
  facet normal -0 0 -1
    outer loop
      vertex -3.5507 -6.15 0
      vertex -20.1855 -14.5258 0
      vertex -7.10141 0 0
    endloop
  endfacet
  facet normal 0 0 -1
    outer loop
      vertex -17.8103 -17.3564 0
      vertex -3.5507 -6.15 0
      vertex -14 -20.5537 0
    endloop
  endfacet
  facet normal 0 0 -1
    outer loop
      vertex -8.50105 26.933 0
      vertex -9.45856 32.7394 0
      vertex -8.65651 37.288 0
    endloop
  endfacet
  facet normal 0 0 -1
    outer loop
      vertex -10.8 -22.4012 0
      vertex -9.45856 -32.7394 0
      vertex -10.8 -26.0962 0
    endloop
  endfacet
  facet normal 0 0 -1
    outer loop
      vertex -13.7988 -31.1597 0
      vertex -10.8 -26.0962 0
      vertex -9.45856 -32.7394 0
    endloop
  endfacet
  facet normal 0 0 -1
    outer loop
      vertex -13.7988 -31.1597 0
      vertex -14 -27.9438 0
      vertex -10.8 -26.0962 0
    endloop
  endfacet
  facet normal 0 0 -1
    outer loop
      vertex -13.7988 -31.1597 0
      vertex -17.2 -26.0962 0
      vertex -14 -27.9438 0
    endloop
  endfacet
  facet normal 0 0 -1
    outer loop
      vertex -20.0857 -27.53 0
      vertex -17.2 -22.4012 0
      vertex -17.2 -26.0962 0
    endloop
  endfacet
  facet normal 0 0 -1
    outer loop
      vertex -7.10141 0 0
      vertex -17.8103 17.3564 0
      vertex -14 20.5537 0
    endloop
  endfacet
  facet normal 0 0 -1
    outer loop
      vertex -13.7988 -31.1597 0
      vertex -20.0857 -27.53 0
      vertex -17.2 -26.0962 0
    endloop
  endfacet
  facet normal 0 0 -1
    outer loop
      vertex -20.0857 -27.53 0
      vertex -13.7988 -31.1597 0
      vertex -17.337 -34.1286 0
    endloop
  endfacet
  facet normal 0 0 -1
    outer loop
      vertex -7.10141 0 0
      vertex -10.8 22.4012 0
      vertex -8.50105 26.933 0
    endloop
  endfacet
  facet normal 0 0 -1
    outer loop
      vertex -10.8 26.0962 0
      vertex -8.50105 26.933 0
      vertex -10.8 22.4012 0
    endloop
  endfacet
  facet normal -0 0 -1
    outer loop
      vertex -8.50105 26.933 0
      vertex -10.8 26.0962 0
      vertex -9.45856 32.7394 0
    endloop
  endfacet
  facet normal 0 0 -1
    outer loop
      vertex -10.8 26.0962 0
      vertex -13.7988 31.1597 0
      vertex -9.45856 32.7394 0
    endloop
  endfacet
  facet normal 0 0 -1
    outer loop
      vertex -14 27.9438 0
      vertex -13.7988 31.1597 0
      vertex -10.8 26.0962 0
    endloop
  endfacet
  facet normal 0 0 -1
    outer loop
      vertex -17.2 26.0962 0
      vertex -13.7988 31.1597 0
      vertex -14 27.9438 0
    endloop
  endfacet
  facet normal 0 0 -1
    outer loop
      vertex -20.0857 27.53 0
      vertex -13.7988 31.1597 0
      vertex -17.2 26.0962 0
    endloop
  endfacet
  facet normal -0 0 -1
    outer loop
      vertex -14 20.5537 0
      vertex -17.8103 17.3564 0
      vertex -17.2 22.4012 0
    endloop
  endfacet
  facet normal 0 0 -1
    outer loop
      vertex 2.3094 34 0
      vertex 9.45856 32.7394 0
      vertex 3.59837 31.0468 0
    endloop
  endfacet
  facet normal 0 0 -1
    outer loop
      vertex 9.45856 32.7394 0
      vertex 2.3094 34 0
      vertex 4.6188 38 0
    endloop
  endfacet
  facet normal 0 0 -1
    outer loop
      vertex 1.22324 28.2163 0
      vertex 2.3094 34 0
      vertex 3.59837 31.0468 0
    endloop
  endfacet
  facet normal 0 0 -1
    outer loop
      vertex -1.22324 28.2163 0
      vertex 2.3094 34 0
      vertex 1.22324 28.2163 0
    endloop
  endfacet
  facet normal 0 0 -1
    outer loop
      vertex -1.22324 28.2163 0
      vertex -2.3094 34 0
      vertex 2.3094 34 0
    endloop
  endfacet
  facet normal 0 0 -1
    outer loop
      vertex -3.59837 31.0468 0
      vertex -2.3094 34 0
      vertex -1.22324 28.2163 0
    endloop
  endfacet
  facet normal 0 0 -1
    outer loop
      vertex -7.23728 30.4052 0
      vertex -2.3094 34 0
      vertex -3.59837 31.0468 0
    endloop
  endfacet
  facet normal 0 0 -1
    outer loop
      vertex -8.65651 37.288 0
      vertex -2.3094 34 0
      vertex -7.23728 30.4052 0
    endloop
  endfacet
  facet normal -0 0 -1
    outer loop
      vertex 14 20.5537 0
      vertex 3.5507 6.15 0
      vertex 10.8 22.4012 0
    endloop
  endfacet
  facet normal 0 0 -1
    outer loop
      vertex 3.5507 -6.15 0
      vertex 10.8 -22.4012 0
      vertex 6.12593 -24.1024 0
    endloop
  endfacet
  facet normal 0 0 -1
    outer loop
      vertex 10.8 -22.4012 0
      vertex 3.5507 -6.15 0
      vertex 7.10141 0 0
    endloop
  endfacet
  facet normal 0 0 -1
    outer loop
      vertex 2.48702 -24.744 0
      vertex 3.5507 -6.15 0
      vertex 6.12593 -24.1024 0
    endloop
  endfacet
  facet normal 0 0 -1
    outer loop
      vertex -2.48702 -24.744 0
      vertex 2.48702 -24.744 0
      vertex 1.22324 -28.2163 0
    endloop
  endfacet
  facet normal 0 0 -1
    outer loop
      vertex -2.48702 -24.744 0
      vertex 1.22324 -28.2163 0
      vertex -1.22324 -28.2163 0
    endloop
  endfacet
  facet normal 0 0 -1
    outer loop
      vertex 2.48702 -24.744 0
      vertex -2.48702 -24.744 0
      vertex 3.5507 -6.15 0
    endloop
  endfacet
  facet normal 0 0 -1
    outer loop
      vertex -2.48702 -24.744 0
      vertex -3.5507 -6.15 0
      vertex 3.5507 -6.15 0
    endloop
  endfacet
  facet normal 0 0 -1
    outer loop
      vertex -6.12593 -24.1024 0
      vertex -3.5507 -6.15 0
      vertex -2.48702 -24.744 0
    endloop
  endfacet
  facet normal 0 0 -1
    outer loop
      vertex -10.8 -22.4012 0
      vertex -3.5507 -6.15 0
      vertex -6.12593 -24.1024 0
    endloop
  endfacet
  facet normal 0 0 -1
    outer loop
      vertex -10.8 -22.4012 0
      vertex -6.12593 -24.1024 0
      vertex -8.50105 -26.933 0
    endloop
  endfacet
  facet normal 0 0 -1
    outer loop
      vertex 10.8 22.4012 0
      vertex 6.12593 24.1024 0
      vertex 8.50105 26.933 0
    endloop
  endfacet
  facet normal -0 0 -1
    outer loop
      vertex 10.8 22.4012 0
      vertex 3.5507 6.15 0
      vertex 6.12593 24.1024 0
    endloop
  endfacet
  facet normal 0 0 -1
    outer loop
      vertex 3.5507 6.15 0
      vertex 2.48702 24.744 0
      vertex 6.12593 24.1024 0
    endloop
  endfacet
  facet normal 0 0 -1
    outer loop
      vertex -2.48702 24.744 0
      vertex 2.48702 24.744 0
      vertex 3.5507 6.15 0
    endloop
  endfacet
  facet normal 0 0 -1
    outer loop
      vertex 2.48702 24.744 0
      vertex -2.48702 24.744 0
      vertex 1.22324 28.2163 0
    endloop
  endfacet
  facet normal -0 0 -1
    outer loop
      vertex 1.22324 28.2163 0
      vertex -2.48702 24.744 0
      vertex -1.22324 28.2163 0
    endloop
  endfacet
  facet normal 0 0 -1
    outer loop
      vertex -3.5507 6.15 0
      vertex -2.48702 24.744 0
      vertex 3.5507 6.15 0
    endloop
  endfacet
  facet normal 0 0 -1
    outer loop
      vertex -3.5507 6.15 0
      vertex -6.12593 24.1024 0
      vertex -2.48702 24.744 0
    endloop
  endfacet
  facet normal 0 0 -1
    outer loop
      vertex -7.10141 0 0
      vertex -6.12593 24.1024 0
      vertex -3.5507 6.15 0
    endloop
  endfacet
  facet normal 0 0 -1
    outer loop
      vertex -10.8 -22.4012 0
      vertex -8.50105 -26.933 0
      vertex -9.45856 -32.7394 0
    endloop
  endfacet
  facet normal 0 0 -1
    outer loop
      vertex -7.10141 0 0
      vertex -8.50105 26.933 0
      vertex -6.12593 24.1024 0
    endloop
  endfacet
  facet normal 0 0 -1
    outer loop
      vertex 9.45856 -32.7394 0
      vertex 3.59837 -31.0468 0
      vertex 7.23728 -30.4052 0
    endloop
  endfacet
  facet normal -0 0 -1
    outer loop
      vertex 9.45856 -32.7394 0
      vertex 2.3094 -34 0
      vertex 3.59837 -31.0468 0
    endloop
  endfacet
  facet normal 0 0 -1
    outer loop
      vertex 2.3094 -34 0
      vertex 1.22324 -28.2163 0
      vertex 3.59837 -31.0468 0
    endloop
  endfacet
  facet normal 0 0 -1
    outer loop
      vertex 2.3094 -34 0
      vertex -1.22324 -28.2163 0
      vertex 1.22324 -28.2163 0
    endloop
  endfacet
  facet normal 0 0 -1
    outer loop
      vertex -2.3094 -34 0
      vertex -1.22324 -28.2163 0
      vertex 2.3094 -34 0
    endloop
  endfacet
  facet normal 0 0 -1
    outer loop
      vertex -2.3094 -34 0
      vertex -3.59837 -31.0468 0
      vertex -1.22324 -28.2163 0
    endloop
  endfacet
  facet normal 0 0 -1
    outer loop
      vertex -8.65651 -37.288 0
      vertex -2.3094 -34 0
      vertex -4.6188 -38 0
    endloop
  endfacet
  facet normal 0 0 -1
    outer loop
      vertex -2.3094 -34 0
      vertex -7.23728 -30.4052 0
      vertex -3.59837 -31.0468 0
    endloop
  endfacet
  facet normal 0 0 -1
    outer loop
      vertex 3.5507 6.15 0
      vertex 20.1855 14.5258 0
      vertex 7.10141 0 0
    endloop
  endfacet
  facet normal 0 0 -1
    outer loop
      vertex 17.8103 17.3564 0
      vertex 14 20.5537 0
      vertex 17.2 22.4012 0
    endloop
  endfacet
  facet normal 0 0 -1
    outer loop
      vertex 7.10141 0 0
      vertex 14 -20.5537 0
      vertex 10.8 -22.4012 0
    endloop
  endfacet
  facet normal -0 0 -1
    outer loop
      vertex 20.1855 14.5258 0
      vertex 3.5507 6.15 0
      vertex 17.8103 17.3564 0
    endloop
  endfacet
  facet normal 0 0 -1
    outer loop
      vertex 14 -20.5537 0
      vertex 17.8103 -17.3564 0
      vertex 17.2 -22.4012 0
    endloop
  endfacet
  facet normal -0 0 -1
    outer loop
      vertex 20.0857 -27.53 0
      vertex 13.7988 -31.1597 0
      vertex 17.2 -26.0962 0
    endloop
  endfacet
  facet normal 0 0 -1
    outer loop
      vertex 17.2 -26.0962 0
      vertex 13.7988 -31.1597 0
      vertex 14 -27.9438 0
    endloop
  endfacet
  facet normal 0 0 -1
    outer loop
      vertex 13.7988 -31.1597 0
      vertex 10.8 -26.0962 0
      vertex 14 -27.9438 0
    endloop
  endfacet
  facet normal 0 0 -1
    outer loop
      vertex 8.50105 -26.933 0
      vertex 10.8 -22.4012 0
      vertex 10.8 -26.0962 0
    endloop
  endfacet
  facet normal 0 0 -1
    outer loop
      vertex 6.12593 -24.1024 0
      vertex 10.8 -22.4012 0
      vertex 8.50105 -26.933 0
    endloop
  endfacet
  facet normal 0 0 -1
    outer loop
      vertex 8.50105 -26.933 0
      vertex 10.8 -26.0962 0
      vertex 9.45856 -32.7394 0
    endloop
  endfacet
  facet normal 0 0 -1
    outer loop
      vertex 9.45856 -32.7394 0
      vertex 10.8 -26.0962 0
      vertex 13.7988 -31.1597 0
    endloop
  endfacet
  facet normal 0 0 -1
    outer loop
      vertex 7.10141 0 0
      vertex 17.8103 -17.3564 0
      vertex 14 -20.5537 0
    endloop
  endfacet
  facet normal 0 0 -1
    outer loop
      vertex 17.2 26.0962 0
      vertex 17.8103 17.3564 0
      vertex 17.2 22.4012 0
    endloop
  endfacet
  facet normal 0 0 -1
    outer loop
      vertex 17.8103 17.3564 0
      vertex 17.2 26.0962 0
      vertex 17.337 34.1286 0
    endloop
  endfacet
  facet normal 0 0 -1
    outer loop
      vertex 13.7988 31.1597 0
      vertex 17.2 26.0962 0
      vertex 14 27.9438 0
    endloop
  endfacet
  facet normal 0 0 -1
    outer loop
      vertex 17.2 26.0962 0
      vertex 13.7988 31.1597 0
      vertex 17.337 34.1286 0
    endloop
  endfacet
  facet normal 0 0 -1
    outer loop
      vertex 10.8 26.0962 0
      vertex 13.7988 31.1597 0
      vertex 14 27.9438 0
    endloop
  endfacet
  facet normal 0 0 -1
    outer loop
      vertex 10.8 26.0962 0
      vertex 9.45856 32.7394 0
      vertex 13.7988 31.1597 0
    endloop
  endfacet
  facet normal -0 0 -1
    outer loop
      vertex 17.8103 17.3564 0
      vertex 3.5507 6.15 0
      vertex 14 20.5537 0
    endloop
  endfacet
  facet normal 0 0 -1
    outer loop
      vertex 4.6188 -38 0
      vertex 9.45856 -32.7394 0
      vertex 8.65651 -37.288 0
    endloop
  endfacet
  facet normal 0 0 -1
    outer loop
      vertex 10.8 22.4012 0
      vertex 8.50105 26.933 0
      vertex 10.8 26.0962 0
    endloop
  endfacet
  facet normal -0 0 -1
    outer loop
      vertex 28.2902 -19 0
      vertex 23.6239 -24.5611 0
      vertex 25.0882 -18.6397 0
    endloop
  endfacet
  facet normal 0 0 -1
    outer loop
      vertex 23.6239 -24.5611 0
      vertex 22.713 -21.4703 0
      vertex 25.0882 -18.6397 0
    endloop
  endfacet
  facet normal 0 0 -1
    outer loop
      vertex 19.0741 -20.8286 0
      vertex 23.6239 -24.5611 0
      vertex 20.0857 -27.53 0
    endloop
  endfacet
  facet normal 0 0 -1
    outer loop
      vertex 23.6239 -24.5611 0
      vertex 19.0741 -20.8286 0
      vertex 22.713 -21.4703 0
    endloop
  endfacet
  facet normal 0 0 -1
    outer loop
      vertex 28.2902 19 0
      vertex 23.6239 24.5611 0
      vertex 27.9641 26.1408 0
    endloop
  endfacet
  facet normal 0 0 -1
    outer loop
      vertex 22.713 21.4703 0
      vertex 23.6239 24.5611 0
      vertex 25.0882 18.6397 0
    endloop
  endfacet
  facet normal 0 0 -1
    outer loop
      vertex 19.0741 20.8286 0
      vertex 23.6239 24.5611 0
      vertex 22.713 21.4703 0
    endloop
  endfacet
  facet normal -0 0 -1
    outer loop
      vertex 23.6239 24.5611 0
      vertex 19.0741 20.8286 0
      vertex 20.0857 27.53 0
    endloop
  endfacet
  facet normal 0 0 -1
    outer loop
      vertex 27.9641 26.1408 0
      vertex 30.5996 23 0
      vertex 28.2902 19 0
    endloop
  endfacet
  facet normal 0 0 -1
    outer loop
      vertex 30.5996 23 0
      vertex 27.9641 26.1408 0
      vertex 28.7662 30.6894 0
    endloop
  endfacet
  facet normal 0 0 -1
    outer loop
      vertex 30.5996 -15 0
      vertex 28.6865 -12.4071 0
      vertex 29.9503 -8.93493 0
    endloop
  endfacet
  facet normal 0 0 -1
    outer loop
      vertex 25.0476 -13.0488 0
      vertex 30.5996 -15 0
      vertex 28.2902 -19 0
    endloop
  endfacet
  facet normal 0 0 -1
    outer loop
      vertex 23.6239 -24.5611 0
      vertex 28.2902 -19 0
      vertex 27.9641 -26.1408 0
    endloop
  endfacet
  facet normal 0 0 -1
    outer loop
      vertex 23.8244 -15.1675 0
      vertex 28.2902 -19 0
      vertex 25.0882 -18.6397 0
    endloop
  endfacet
  facet normal 0 0 -1
    outer loop
      vertex 30.5996 -15 0
      vertex 25.0476 -13.0488 0
      vertex 28.6865 -12.4071 0
    endloop
  endfacet
  facet normal 0 0 -1
    outer loop
      vertex 28.2902 -19 0
      vertex 23.8244 -15.1675 0
      vertex 25.0476 -13.0488 0
    endloop
  endfacet
  facet normal 0 0 -1
    outer loop
      vertex 23.8244 -15.1675 0
      vertex 22.6725 -10.2182 0
      vertex 25.0476 -13.0488 0
    endloop
  endfacet
  facet normal 0 0 -1
    outer loop
      vertex 7.10141 0 0
      vertex 22.6725 -10.2182 0
      vertex 20.1855 -14.5258 0
    endloop
  endfacet
  facet normal 0 0 -1
    outer loop
      vertex 20.1855 -14.5258 0
      vertex 22.6725 -10.2182 0
      vertex 23.8244 -15.1675 0
    endloop
  endfacet
  facet normal 0 0 -1
    outer loop
      vertex 35.2184 15 0
      vertex 45.1052 16.417 0
      vertex 36.6206 11.1473 0
    endloop
  endfacet
  facet normal -0 0 -1
    outer loop
      vertex 45.1052 16.417 0
      vertex 35.2184 15 0
      vertex 37.5278 19 0
    endloop
  endfacet
  facet normal 0 0 -1
    outer loop
      vertex 33.0824 8.17835 0
      vertex 35.2184 15 0
      vertex 36.6206 11.1473 0
    endloop
  endfacet
  facet normal 0 0 -1
    outer loop
      vertex 28 3.69504 0
      vertex 33.8845 3.62972 0
      vertex 31.2 1.84752 0
    endloop
  endfacet
  facet normal 0 0 -1
    outer loop
      vertex 33.0824 8.17835 0
      vertex 30.5996 15 0
      vertex 35.2184 15 0
    endloop
  endfacet
  facet normal 0 0 -1
    outer loop
      vertex 33.8845 3.62972 0
      vertex 28 3.69504 0
      vertex 33.0824 8.17835 0
    endloop
  endfacet
  facet normal 0 0 -1
    outer loop
      vertex 33.0824 8.17835 0
      vertex 29.9503 8.93493 0
      vertex 30.5996 15 0
    endloop
  endfacet
  facet normal 0 0 -1
    outer loop
      vertex 27.5752 6.10436 0
      vertex 33.0824 8.17835 0
      vertex 28 3.69504 0
    endloop
  endfacet
  facet normal -0 0 -1
    outer loop
      vertex 33.0824 8.17835 0
      vertex 27.5752 6.10436 0
      vertex 29.9503 8.93493 0
    endloop
  endfacet
  facet normal 0 0 -1
    outer loop
      vertex 24.8 1.84752 0
      vertex 27.5752 6.10436 0
      vertex 28 3.69504 0
    endloop
  endfacet
  facet normal 0 0 -1
    outer loop
      vertex 24.8 1.84752 0
      vertex 23.9363 6.746 0
      vertex 27.5752 6.10436 0
    endloop
  endfacet
  facet normal 0 0 -1
    outer loop
      vertex 24.8 -1.84752 0
      vertex 7.10141 0 0
      vertex 24.8 1.84752 0
    endloop
  endfacet
  facet normal 0 0 -1
    outer loop
      vertex 7.10141 0 0
      vertex 23.9363 -6.746 0
      vertex 22.6725 -10.2182 0
    endloop
  endfacet
  facet normal -0 0 -1
    outer loop
      vertex 24.8 1.84752 0
      vertex 7.10141 0 0
      vertex 23.9363 6.746 0
    endloop
  endfacet
  facet normal 0 0 -1
    outer loop
      vertex 38.2247 2.05 0
      vertex 48 0 0
      vertex 38.2247 -2.05 0
    endloop
  endfacet
  facet normal 0 0 -1
    outer loop
      vertex 48 0 0
      vertex 38.2247 2.05 0
      vertex 41.7629 5.01891 0
    endloop
  endfacet
  facet normal 0 0 -1
    outer loop
      vertex 33.8845 -3.62972 0
      vertex 38.2247 2.05 0
      vertex 38.2247 -2.05 0
    endloop
  endfacet
  facet normal 0 0 -1
    outer loop
      vertex 33.8845 -3.62972 0
      vertex 33.8845 3.62972 0
      vertex 38.2247 2.05 0
    endloop
  endfacet
  facet normal 0 0 -1
    outer loop
      vertex 28 -3.69504 0
      vertex 33.8845 -3.62972 0
      vertex 33.0824 -8.17835 0
    endloop
  endfacet
  facet normal 0 0 -1
    outer loop
      vertex 33.8845 -3.62972 0
      vertex 31.2 -1.84752 0
      vertex 33.8845 3.62972 0
    endloop
  endfacet
  facet normal 0 0 -1
    outer loop
      vertex 41.7629 -5.01891 0
      vertex 48 0 0
      vertex 47.2708 -8.33511 0
    endloop
  endfacet
  facet normal 0 0 -1
    outer loop
      vertex 40.9609 -9.56754 0
      vertex 47.2708 -8.33511 0
      vertex 45.1052 -16.417 0
    endloop
  endfacet
  facet normal 0 0 -1
    outer loop
      vertex 38.2247 -2.05 0
      vertex 48 0 0
      vertex 41.7629 -5.01891 0
    endloop
  endfacet
  facet normal 0 0 -1
    outer loop
      vertex 48 0 0
      vertex 41.7629 5.01891 0
      vertex 47.2708 8.33511 0
    endloop
  endfacet
  facet normal 0 0 -1
    outer loop
      vertex 37.5278 -19 0
      vertex 45.1052 -16.417 0
      vertex 41.5692 -24 0
    endloop
  endfacet
  facet normal -0 0 -1
    outer loop
      vertex 47.2708 -8.33511 0
      vertex 40.9609 -9.56754 0
      vertex 41.7629 -5.01891 0
    endloop
  endfacet
  facet normal 0 0 -1
    outer loop
      vertex 35.2184 -15 0
      vertex 45.1052 -16.417 0
      vertex 37.5278 -19 0
    endloop
  endfacet
  facet normal 0 0 -1
    outer loop
      vertex 35.2184 -23 0
      vertex 41.5692 -24 0
      vertex 36.7701 -30.8538 0
    endloop
  endfacet
  facet normal 0 0 -1
    outer loop
      vertex 41.5692 -24 0
      vertex 35.2184 -23 0
      vertex 37.5278 -19 0
    endloop
  endfacet
  facet normal 0 0 -1
    outer loop
      vertex 28.7662 -30.6894 0
      vertex 36.7701 -30.8538 0
      vertex 30.8538 -36.7701 0
    endloop
  endfacet
  facet normal 0 0 -1
    outer loop
      vertex 27.9641 -26.1408 0
      vertex 36.7701 -30.8538 0
      vertex 28.7662 -30.6894 0
    endloop
  endfacet
  facet normal 0 0 -1
    outer loop
      vertex 36.7701 -30.8538 0
      vertex 30.5996 -23 0
      vertex 35.2184 -23 0
    endloop
  endfacet
  facet normal 0 0 -1
    outer loop
      vertex 30.8538 -36.7701 0
      vertex 25.228 -33.6583 0
      vertex 28.7662 -30.6894 0
    endloop
  endfacet
  facet normal 0 0 -1
    outer loop
      vertex 24 -41.5692 0
      vertex 25.228 -33.6583 0
      vertex 30.8538 -36.7701 0
    endloop
  endfacet
  facet normal 0 0 -1
    outer loop
      vertex 24 -41.5692 0
      vertex 20.8877 -32.0786 0
      vertex 25.228 -33.6583 0
    endloop
  endfacet
  facet normal 0 0 -1
    outer loop
      vertex 13.7988 -31.1597 0
      vertex 20.0857 -27.53 0
      vertex 17.337 -34.1286 0
    endloop
  endfacet
  facet normal 0 0 -1
    outer loop
      vertex 17.337 -34.1286 0
      vertex 20.0857 -27.53 0
      vertex 20.8877 -32.0786 0
    endloop
  endfacet
  facet normal 0 0 -1
    outer loop
      vertex 20.0857 -27.53 0
      vertex 17.2 -22.4012 0
      vertex 19.0741 -20.8286 0
    endloop
  endfacet
  facet normal 0 0 -1
    outer loop
      vertex 17.2 -22.4012 0
      vertex 20.0857 -27.53 0
      vertex 17.2 -26.0962 0
    endloop
  endfacet
  facet normal 0 0 -1
    outer loop
      vertex 24 -41.5692 0
      vertex 17.337 -34.1286 0
      vertex 20.8877 -32.0786 0
    endloop
  endfacet
  facet normal 0 0 -1
    outer loop
      vertex 24 -41.5692 0
      vertex 16.535 -38.6772 0
      vertex 17.337 -34.1286 0
    endloop
  endfacet
  facet normal 0 0 -1
    outer loop
      vertex 16.417 -45.1052 0
      vertex 16.535 -38.6772 0
      vertex 24 -41.5692 0
    endloop
  endfacet
  facet normal 0 0 -1
    outer loop
      vertex 16.417 -45.1052 0
      vertex 12.1947 -40.257 0
      vertex 16.535 -38.6772 0
    endloop
  endfacet
  facet normal 0 0 -1
    outer loop
      vertex 8.33511 -47.2708 0
      vertex 12.1947 -40.257 0
      vertex 16.417 -45.1052 0
    endloop
  endfacet
  facet normal 0 0 -1
    outer loop
      vertex 10.8 26.0962 0
      vertex 8.50105 26.933 0
      vertex 9.45856 32.7394 0
    endloop
  endfacet
  facet normal -0 0 -1
    outer loop
      vertex 12.1947 -40.257 0
      vertex 8.33511 -47.2708 0
      vertex 8.65651 -37.288 0
    endloop
  endfacet
  facet normal 0 0 -1
    outer loop
      vertex 4.6188 -38 0
      vertex 8.65651 -37.288 0
      vertex 8.33511 -47.2708 0
    endloop
  endfacet
  facet normal 0 0 -1
    outer loop
      vertex 9.45856 -32.7394 0
      vertex 7.23728 -30.4052 0
      vertex 8.50105 -26.933 0
    endloop
  endfacet
  facet normal 0 0 -1
    outer loop
      vertex 2.3094 -34 0
      vertex 9.45856 -32.7394 0
      vertex 4.6188 -38 0
    endloop
  endfacet
  facet normal 0 0 -1
    outer loop
      vertex 8.33511 -47.2708 0
      vertex 2.3094 -42 0
      vertex 4.6188 -38 0
    endloop
  endfacet
  facet normal 0 0 -1
    outer loop
      vertex 0 -48 0
      vertex 2.3094 -42 0
      vertex 8.33511 -47.2708 0
    endloop
  endfacet
  facet normal 0 0 -1
    outer loop
      vertex 0 -48 0
      vertex -2.3094 -42 0
      vertex 2.3094 -42 0
    endloop
  endfacet
  facet normal 0 0 -1
    outer loop
      vertex -8.33511 -47.2708 0
      vertex -2.3094 -42 0
      vertex 0 -48 0
    endloop
  endfacet
  facet normal -0 0 -1
    outer loop
      vertex -2.3094 -42 0
      vertex -8.33511 -47.2708 0
      vertex -4.6188 -38 0
    endloop
  endfacet
  facet normal 0 0 -1
    outer loop
      vertex -8.65651 -37.288 0
      vertex -4.6188 -38 0
      vertex -8.33511 -47.2708 0
    endloop
  endfacet
  facet normal 0 0 -1
    outer loop
      vertex -9.45856 -32.7394 0
      vertex -2.3094 -34 0
      vertex -8.65651 -37.288 0
    endloop
  endfacet
  facet normal -0 0 -1
    outer loop
      vertex -7.23728 -30.4052 0
      vertex -9.45856 -32.7394 0
      vertex -8.50105 -26.933 0
    endloop
  endfacet
  facet normal 0 0 -1
    outer loop
      vertex -2.3094 -34 0
      vertex -9.45856 -32.7394 0
      vertex -7.23728 -30.4052 0
    endloop
  endfacet
  facet normal 0 0 -1
    outer loop
      vertex -8.33511 -47.2708 0
      vertex -12.1947 -40.257 0
      vertex -8.65651 -37.288 0
    endloop
  endfacet
  facet normal 0 0 -1
    outer loop
      vertex -16.417 -45.1052 0
      vertex -12.1947 -40.257 0
      vertex -8.33511 -47.2708 0
    endloop
  endfacet
  facet normal 0 0 -1
    outer loop
      vertex -16.417 -45.1052 0
      vertex -16.535 -38.6772 0
      vertex -12.1947 -40.257 0
    endloop
  endfacet
  facet normal 0 0 -1
    outer loop
      vertex -24 -41.5692 0
      vertex -16.535 -38.6772 0
      vertex -16.417 -45.1052 0
    endloop
  endfacet
  facet normal 0 0 -1
    outer loop
      vertex -19.0741 20.8286 0
      vertex -17.2 22.4012 0
      vertex -17.8103 17.3564 0
    endloop
  endfacet
  facet normal 0 0 -1
    outer loop
      vertex -17.2 -22.4012 0
      vertex -19.0741 -20.8286 0
      vertex -17.8103 -17.3564 0
    endloop
  endfacet
  facet normal -0 0 -1
    outer loop
      vertex -16.535 -38.6772 0
      vertex -24 -41.5692 0
      vertex -17.337 -34.1286 0
    endloop
  endfacet
  facet normal -0 0 -1
    outer loop
      vertex -17.2 -22.4012 0
      vertex -20.0857 -27.53 0
      vertex -19.0741 -20.8286 0
    endloop
  endfacet
  facet normal 0 0 -1
    outer loop
      vertex -17.337 -34.1286 0
      vertex -20.8877 -32.0786 0
      vertex -20.0857 -27.53 0
    endloop
  endfacet
  facet normal -0 0 -1
    outer loop
      vertex -17.337 -34.1286 0
      vertex -24 -41.5692 0
      vertex -20.8877 -32.0786 0
    endloop
  endfacet
  facet normal 0 0 -1
    outer loop
      vertex -24 -41.5692 0
      vertex -25.228 -33.6583 0
      vertex -20.8877 -32.0786 0
    endloop
  endfacet
  facet normal 0 0 -1
    outer loop
      vertex -30.8538 -36.7701 0
      vertex -25.228 -33.6583 0
      vertex -24 -41.5692 0
    endloop
  endfacet
  facet normal -0 0 -1
    outer loop
      vertex -25.228 -33.6583 0
      vertex -30.8538 -36.7701 0
      vertex -28.7662 -30.6894 0
    endloop
  endfacet
  facet normal 0 0 -1
    outer loop
      vertex -36.7701 -30.8538 0
      vertex -28.7662 -30.6894 0
      vertex -30.8538 -36.7701 0
    endloop
  endfacet
  facet normal -0 0 -1
    outer loop
      vertex -27.9641 -26.1408 0
      vertex -36.7701 -30.8538 0
      vertex -30.5996 -23 0
    endloop
  endfacet
  facet normal -0 0 -1
    outer loop
      vertex -30.5996 -23 0
      vertex -36.7701 -30.8538 0
      vertex -35.2184 -23 0
    endloop
  endfacet
  facet normal 0 0 -1
    outer loop
      vertex -41.5692 -24 0
      vertex -35.2184 -23 0
      vertex -36.7701 -30.8538 0
    endloop
  endfacet
  facet normal -0 0 -1
    outer loop
      vertex -35.2184 -23 0
      vertex -41.5692 -24 0
      vertex -37.5278 -19 0
    endloop
  endfacet
  facet normal 0 0 -1
    outer loop
      vertex -45.1052 -16.417 0
      vertex -37.5278 -19 0
      vertex -41.5692 -24 0
    endloop
  endfacet
  facet normal -0 0 -1
    outer loop
      vertex -36.6206 -11.1473 0
      vertex -45.1052 -16.417 0
      vertex -40.9609 -9.56754 0
    endloop
  endfacet
  facet normal 0 0 -1
    outer loop
      vertex -40.9609 -9.56754 0
      vertex -47.2708 -8.33511 0
      vertex -41.7629 -5.01891 0
    endloop
  endfacet
  facet normal 0 0 -1
    outer loop
      vertex -47.2708 -8.33511 0
      vertex -40.9609 -9.56754 0
      vertex -45.1052 -16.417 0
    endloop
  endfacet
  facet normal 0 0 -1
    outer loop
      vertex 40.9609 9.56754 0
      vertex 47.2708 8.33511 0
      vertex 41.7629 5.01891 0
    endloop
  endfacet
  facet normal 0 0 -1
    outer loop
      vertex 47.2708 8.33511 0
      vertex 40.9609 9.56754 0
      vertex 45.1052 16.417 0
    endloop
  endfacet
  facet normal 0 0 -1
    outer loop
      vertex 36.6206 11.1473 0
      vertex 45.1052 16.417 0
      vertex 40.9609 9.56754 0
    endloop
  endfacet
  facet normal 0 0 -1
    outer loop
      vertex 45.1052 16.417 0
      vertex 37.5278 19 0
      vertex 41.5692 24 0
    endloop
  endfacet
  facet normal 0 0 -1
    outer loop
      vertex 35.2184 23 0
      vertex 41.5692 24 0
      vertex 37.5278 19 0
    endloop
  endfacet
  facet normal -0 0 -1
    outer loop
      vertex 41.5692 24 0
      vertex 35.2184 23 0
      vertex 36.7701 30.8538 0
    endloop
  endfacet
  facet normal 0 0 -1
    outer loop
      vertex 30.5996 23 0
      vertex 36.7701 30.8538 0
      vertex 35.2184 23 0
    endloop
  endfacet
  facet normal 0 0 -1
    outer loop
      vertex 36.7701 30.8538 0
      vertex 30.5996 23 0
      vertex 28.7662 30.6894 0
    endloop
  endfacet
  facet normal -0 0 -1
    outer loop
      vertex 36.7701 30.8538 0
      vertex 28.7662 30.6894 0
      vertex 30.8538 36.7701 0
    endloop
  endfacet
  facet normal 0 0 -1
    outer loop
      vertex 25.228 33.6583 0
      vertex 30.8538 36.7701 0
      vertex 28.7662 30.6894 0
    endloop
  endfacet
  facet normal 0 0 -1
    outer loop
      vertex 25.228 33.6583 0
      vertex 24 41.5692 0
      vertex 30.8538 36.7701 0
    endloop
  endfacet
  facet normal 0 0 -1
    outer loop
      vertex 20.8877 32.0786 0
      vertex 24 41.5692 0
      vertex 25.228 33.6583 0
    endloop
  endfacet
  facet normal 0 0 -1
    outer loop
      vertex 17.337 34.1286 0
      vertex 19.0741 20.8286 0
      vertex 17.8103 17.3564 0
    endloop
  endfacet
  facet normal 0 0 -1
    outer loop
      vertex 19.0741 20.8286 0
      vertex 17.337 34.1286 0
      vertex 20.0857 27.53 0
    endloop
  endfacet
  facet normal -0 0 -1
    outer loop
      vertex 19.0741 -20.8286 0
      vertex 17.2 -22.4012 0
      vertex 17.8103 -17.3564 0
    endloop
  endfacet
  facet normal 0 0 -1
    outer loop
      vertex 20.0857 27.53 0
      vertex 17.337 34.1286 0
      vertex 20.8877 32.0786 0
    endloop
  endfacet
  facet normal 0 0 -1
    outer loop
      vertex 17.337 34.1286 0
      vertex 24 41.5692 0
      vertex 20.8877 32.0786 0
    endloop
  endfacet
  facet normal 0 0 -1
    outer loop
      vertex 16.535 38.6772 0
      vertex 24 41.5692 0
      vertex 17.337 34.1286 0
    endloop
  endfacet
  facet normal 0 0 -1
    outer loop
      vertex 16.535 38.6772 0
      vertex 16.417 45.1052 0
      vertex 24 41.5692 0
    endloop
  endfacet
  facet normal 0 0 -1
    outer loop
      vertex 12.1947 40.257 0
      vertex 16.417 45.1052 0
      vertex 16.535 38.6772 0
    endloop
  endfacet
  facet normal 0 0 -1
    outer loop
      vertex 8.33511 47.2708 0
      vertex 12.1947 40.257 0
      vertex 8.65651 37.288 0
    endloop
  endfacet
  facet normal 0 0 -1
    outer loop
      vertex 7.23728 30.4052 0
      vertex 9.45856 32.7394 0
      vertex 8.50105 26.933 0
    endloop
  endfacet
  facet normal 0 0 -1
    outer loop
      vertex 12.1947 40.257 0
      vertex 8.33511 47.2708 0
      vertex 16.417 45.1052 0
    endloop
  endfacet
  facet normal 0 0 -1
    outer loop
      vertex 3.59837 31.0468 0
      vertex 9.45856 32.7394 0
      vertex 7.23728 30.4052 0
    endloop
  endfacet
  facet normal 0 0 -1
    outer loop
      vertex 9.45856 32.7394 0
      vertex 4.6188 38 0
      vertex 8.65651 37.288 0
    endloop
  endfacet
  facet normal 0 0 -1
    outer loop
      vertex 8.65651 37.288 0
      vertex 4.6188 38 0
      vertex 8.33511 47.2708 0
    endloop
  endfacet
  facet normal 0 0 -1
    outer loop
      vertex 2.3094 42 0
      vertex 8.33511 47.2708 0
      vertex 4.6188 38 0
    endloop
  endfacet
  facet normal 0 0 -1
    outer loop
      vertex 2.3094 42 0
      vertex 0 48 0
      vertex 8.33511 47.2708 0
    endloop
  endfacet
  facet normal 0 0 -1
    outer loop
      vertex -2.3094 42 0
      vertex 0 48 0
      vertex 2.3094 42 0
    endloop
  endfacet
  facet normal 0 0 -1
    outer loop
      vertex -8.33511 47.2708 0
      vertex -2.3094 42 0
      vertex -4.6188 38 0
    endloop
  endfacet
  facet normal 0 0 -1
    outer loop
      vertex -2.3094 42 0
      vertex -8.33511 47.2708 0
      vertex 0 48 0
    endloop
  endfacet
  facet normal 0 0 -1
    outer loop
      vertex -2.3094 34 0
      vertex -8.65651 37.288 0
      vertex -4.6188 38 0
    endloop
  endfacet
  facet normal 0 0 -1
    outer loop
      vertex -8.65651 37.288 0
      vertex -7.23728 30.4052 0
      vertex -8.50105 26.933 0
    endloop
  endfacet
  facet normal 0 0 -1
    outer loop
      vertex -14 -20.5537 0
      vertex -3.5507 -6.15 0
      vertex -10.8 -22.4012 0
    endloop
  endfacet
  facet normal -0 0 -1
    outer loop
      vertex -4.6188 38 0
      vertex -8.65651 37.288 0
      vertex -8.33511 47.2708 0
    endloop
  endfacet
  facet normal 0 0 -1
    outer loop
      vertex -12.1947 40.257 0
      vertex -8.33511 47.2708 0
      vertex -8.65651 37.288 0
    endloop
  endfacet
  facet normal 0 0 -1
    outer loop
      vertex -12.1947 40.257 0
      vertex -16.417 45.1052 0
      vertex -8.33511 47.2708 0
    endloop
  endfacet
  facet normal 0 0 -1
    outer loop
      vertex -16.535 38.6772 0
      vertex -16.417 45.1052 0
      vertex -12.1947 40.257 0
    endloop
  endfacet
  facet normal 0 0 -1
    outer loop
      vertex -24 41.5692 0
      vertex -16.535 38.6772 0
      vertex -17.337 34.1286 0
    endloop
  endfacet
  facet normal 0 0 -1
    outer loop
      vertex -20.0857 27.53 0
      vertex -17.2 22.4012 0
      vertex -19.0741 20.8286 0
    endloop
  endfacet
  facet normal 0 0 -1
    outer loop
      vertex -17.2 22.4012 0
      vertex -20.0857 27.53 0
      vertex -17.2 26.0962 0
    endloop
  endfacet
  facet normal -0 0 -1
    outer loop
      vertex -13.7988 31.1597 0
      vertex -20.0857 27.53 0
      vertex -17.337 34.1286 0
    endloop
  endfacet
  facet normal 0 0 -1
    outer loop
      vertex -20.8877 32.0786 0
      vertex -17.337 34.1286 0
      vertex -20.0857 27.53 0
    endloop
  endfacet
  facet normal 0 0 -1
    outer loop
      vertex -24 41.5692 0
      vertex -17.337 34.1286 0
      vertex -20.8877 32.0786 0
    endloop
  endfacet
  facet normal 0 0 -1
    outer loop
      vertex -16.535 38.6772 0
      vertex -24 41.5692 0
      vertex -16.417 45.1052 0
    endloop
  endfacet
  facet normal 0 0 -1
    outer loop
      vertex -25.228 33.6583 0
      vertex -24 41.5692 0
      vertex -20.8877 32.0786 0
    endloop
  endfacet
  facet normal 0 0 -1
    outer loop
      vertex -30.8538 36.7701 0
      vertex -25.228 33.6583 0
      vertex -28.7662 30.6894 0
    endloop
  endfacet
  facet normal 0 0 -1
    outer loop
      vertex -25.228 33.6583 0
      vertex -30.8538 36.7701 0
      vertex -24 41.5692 0
    endloop
  endfacet
  facet normal 0 0 -1
    outer loop
      vertex -27.9641 26.1408 0
      vertex -36.7701 30.8538 0
      vertex -28.7662 30.6894 0
    endloop
  endfacet
  facet normal 0 0 -1
    outer loop
      vertex -36.7701 30.8538 0
      vertex -30.5996 23 0
      vertex -35.2184 23 0
    endloop
  endfacet
  facet normal 0 0 -1
    outer loop
      vertex -28.7662 30.6894 0
      vertex -36.7701 30.8538 0
      vertex -30.8538 36.7701 0
    endloop
  endfacet
  facet normal 0 0 -1
    outer loop
      vertex -41.5692 24 0
      vertex -35.2184 23 0
      vertex -37.5278 19 0
    endloop
  endfacet
  facet normal 0 0 -1
    outer loop
      vertex -35.2184 15 0
      vertex -45.1052 16.417 0
      vertex -37.5278 19 0
    endloop
  endfacet
  facet normal 0 0 -1
    outer loop
      vertex -35.2184 23 0
      vertex -41.5692 24 0
      vertex -36.7701 30.8538 0
    endloop
  endfacet
  facet normal 0 0 -1
    outer loop
      vertex -47.2708 8.33511 0
      vertex -40.9609 9.56754 0
      vertex -41.7629 5.01891 0
    endloop
  endfacet
  facet normal 0 0 -1
    outer loop
      vertex -48 0 0
      vertex -41.7629 -5.01891 0
      vertex -47.2708 -8.33511 0
    endloop
  endfacet
  facet normal -0 0 -1
    outer loop
      vertex -37.5278 19 0
      vertex -45.1052 16.417 0
      vertex -41.5692 24 0
    endloop
  endfacet
  facet normal -0 0 -1
    outer loop
      vertex -38.2247 2.05 0
      vertex -48 0 0
      vertex -41.7629 5.01891 0
    endloop
  endfacet
  facet normal -0 0 -1
    outer loop
      vertex -40.9609 9.56754 0
      vertex -47.2708 8.33511 0
      vertex -45.1052 16.417 0
    endloop
  endfacet
  facet normal -0 0 -1
    outer loop
      vertex -41.7629 5.01891 0
      vertex -48 0 0
      vertex -47.2708 8.33511 0
    endloop
  endfacet
  facet normal 0 0 -1
    outer loop
      vertex 45.1052 -16.417 0
      vertex 36.6206 -11.1473 0
      vertex 40.9609 -9.56754 0
    endloop
  endfacet
  facet normal 0 0 -1
    outer loop
      vertex 45.1052 -16.417 0
      vertex 35.2184 -15 0
      vertex 36.6206 -11.1473 0
    endloop
  endfacet
  facet normal 0 0 -1
    outer loop
      vertex 35.2184 -15 0
      vertex 33.0824 -8.17835 0
      vertex 36.6206 -11.1473 0
    endloop
  endfacet
  facet normal 0 0 -1
    outer loop
      vertex 31.2 1.84752 0
      vertex 33.8845 3.62972 0
      vertex 31.2 -1.84752 0
    endloop
  endfacet
  facet normal 0 0 -1
    outer loop
      vertex 30.5996 -15 0
      vertex 33.0824 -8.17835 0
      vertex 35.2184 -15 0
    endloop
  endfacet
  facet normal 0 0 -1
    outer loop
      vertex 29.9503 -8.93493 0
      vertex 33.0824 -8.17835 0
      vertex 30.5996 -15 0
    endloop
  endfacet
  facet normal 0 0 -1
    outer loop
      vertex 27.5752 -6.10436 0
      vertex 33.0824 -8.17835 0
      vertex 29.9503 -8.93493 0
    endloop
  endfacet
  facet normal -0 0 -1
    outer loop
      vertex 33.8845 -3.62972 0
      vertex 28 -3.69504 0
      vertex 31.2 -1.84752 0
    endloop
  endfacet
  facet normal 0 0 -1
    outer loop
      vertex 33.0824 -8.17835 0
      vertex 27.5752 -6.10436 0
      vertex 28 -3.69504 0
    endloop
  endfacet
  facet normal 0 0 -1
    outer loop
      vertex 27.5752 -6.10436 0
      vertex 24.8 -1.84752 0
      vertex 28 -3.69504 0
    endloop
  endfacet
  facet normal 0 0 -1
    outer loop
      vertex 7.10141 0 0
      vertex 24.8 -1.84752 0
      vertex 23.9363 -6.746 0
    endloop
  endfacet
  facet normal 0 0 -1
    outer loop
      vertex 23.9363 -6.746 0
      vertex 24.8 -1.84752 0
      vertex 27.5752 -6.10436 0
    endloop
  endfacet
  facet normal 0 0 -1
    outer loop
      vertex 28.6865 12.4071 0
      vertex 30.5996 15 0
      vertex 29.9503 8.93493 0
    endloop
  endfacet
  facet normal 0 0 -1
    outer loop
      vertex 25.0476 13.0488 0
      vertex 30.5996 15 0
      vertex 28.6865 12.4071 0
    endloop
  endfacet
  facet normal 0 0 -1
    outer loop
      vertex 23.6239 24.5611 0
      vertex 28.2902 19 0
      vertex 25.0882 18.6397 0
    endloop
  endfacet
  facet normal -0 0 -1
    outer loop
      vertex 30.5996 15 0
      vertex 25.0476 13.0488 0
      vertex 28.2902 19 0
    endloop
  endfacet
  facet normal 0 0 -1
    outer loop
      vertex 23.8244 15.1675 0
      vertex 28.2902 19 0
      vertex 25.0476 13.0488 0
    endloop
  endfacet
  facet normal 0 0 -1
    outer loop
      vertex 28.2902 19 0
      vertex 23.8244 15.1675 0
      vertex 25.0882 18.6397 0
    endloop
  endfacet
  facet normal 0 0 -1
    outer loop
      vertex 22.6725 10.2182 0
      vertex 23.8244 15.1675 0
      vertex 25.0476 13.0488 0
    endloop
  endfacet
  facet normal 0 0 -1
    outer loop
      vertex 22.6725 10.2182 0
      vertex 20.1855 14.5258 0
      vertex 23.8244 15.1675 0
    endloop
  endfacet
  facet normal -0 0 -1
    outer loop
      vertex 23.9363 6.746 0
      vertex 7.10141 0 0
      vertex 22.6725 10.2182 0
    endloop
  endfacet
  facet normal 0 0 -1
    outer loop
      vertex 7.10141 0 0
      vertex 20.1855 -14.5258 0
      vertex 17.8103 -17.3564 0
    endloop
  endfacet
  facet normal -0 0 -1
    outer loop
      vertex 22.6725 10.2182 0
      vertex 7.10141 0 0
      vertex 20.1855 14.5258 0
    endloop
  endfacet
  facet normal 0 0 -1
    outer loop
      vertex 36.7701 -30.8538 0
      vertex 27.9641 -26.1408 0
      vertex 30.5996 -23 0
    endloop
  endfacet
  facet normal -0 0 -1
    outer loop
      vertex 30.5996 -23 0
      vertex 27.9641 -26.1408 0
      vertex 28.2902 -19 0
    endloop
  endfacet
  facet normal -0.81919 -0.573523 0
    outer loop
      vertex -41.5692 -24 19
      vertex -40.9935 -24.8223 21.5
      vertex -41.5692 -24 21.5
    endloop
  endfacet
  facet normal -0.819116 -0.573627 0
    outer loop
      vertex -40.9935 -24.8223 21.5
      vertex -40.3168 -25.7886 24.3831
      vertex -40.9935 -24.8223 31.5
    endloop
  endfacet
  facet normal -0.819146 -0.573585 -3.0509e-05
    outer loop
      vertex -37.3459 -30.0315 21.5
      vertex -40.9935 -24.8223 21.5
      vertex -41.5692 -24 19
    endloop
  endfacet
  facet normal -0.819146 -0.573585 -1.75581e-05
    outer loop
      vertex -38.5981 -28.2433 24.3831
      vertex -40.9935 -24.8223 21.5
      vertex -37.3459 -30.0315 21.5
    endloop
  endfacet
  facet normal -0.819168 -0.573554 3.65394e-05
    outer loop
      vertex -40.9935 -24.8223 21.5
      vertex -38.5981 -28.2433 24.3831
      vertex -40.3168 -25.7886 24.3831
    endloop
  endfacet
  facet normal -0.819156 -0.57357 0
    outer loop
      vertex -38.0225 -29.0652 24.3831
      vertex -37.3459 -30.0315 21.5
      vertex -38.0225 -29.0652 28.5674
    endloop
  endfacet
  facet normal -0.819105 -0.573643 3.62054e-05
    outer loop
      vertex -38.5981 -28.2433 24.3831
      vertex -37.3459 -30.0315 21.5
      vertex -38.0225 -29.0652 24.3831
    endloop
  endfacet
  facet normal -0.819151 -0.573578 -5.6465e-06
    outer loop
      vertex -36.7701 -30.8538 19
      vertex -37.3459 -30.0315 21.5
      vertex -41.5692 -24 19
    endloop
  endfacet
  facet normal -0.819143 -0.573589 -6.86905e-18
    outer loop
      vertex -37.3459 -30.0315 21.5
      vertex -36.7701 -30.8538 19
      vertex -36.7701 -30.8538 21.5
    endloop
  endfacet
  facet normal -0.81919 -0.573523 1.51214e-18
    outer loop
      vertex -40.9935 -24.8223 31.5
      vertex -41.5692 -24 34
      vertex -41.5692 -24 31.5
    endloop
  endfacet
  facet normal -0.819116 -0.573627 -0
    outer loop
      vertex -40.3168 -25.7886 28.5674
      vertex -40.9935 -24.8223 31.5
      vertex -40.3168 -25.7886 24.3831
    endloop
  endfacet
  facet normal -0.819154 -0.573573 -2.64948e-05
    outer loop
      vertex -38.6179 -28.2149 28.5674
      vertex -40.9935 -24.8223 31.5
      vertex -40.3168 -25.7886 28.5674
    endloop
  endfacet
  facet normal -0.819146 -0.573585 -6.85066e-06
    outer loop
      vertex -40.9935 -24.8223 31.5
      vertex -38.6179 -28.2149 28.5674
      vertex -37.3459 -30.0315 31.5
    endloop
  endfacet
  facet normal -0.819146 -0.573585 -7.24015e-06
    outer loop
      vertex -37.3459 -30.0315 31.5
      vertex -38.6179 -28.2149 28.5674
      vertex -38.0225 -29.0652 28.5674
    endloop
  endfacet
  facet normal -0.819156 -0.57357 -0
    outer loop
      vertex -37.3459 -30.0315 31.5
      vertex -38.0225 -29.0652 28.5674
      vertex -37.3459 -30.0315 21.5
    endloop
  endfacet
  facet normal -0.819146 -0.573585 3.0509e-05
    outer loop
      vertex -40.9935 -24.8223 31.5
      vertex -37.3459 -30.0315 31.5
      vertex -41.5692 -24 34
    endloop
  endfacet
  facet normal -0.819143 -0.573589 -0
    outer loop
      vertex -36.7701 -30.8538 34
      vertex -37.3459 -30.0315 31.5
      vertex -36.7701 -30.8538 31.5
    endloop
  endfacet
  facet normal -0.819151 -0.573578 5.6465e-06
    outer loop
      vertex -37.3459 -30.0315 31.5
      vertex -36.7701 -30.8538 34
      vertex -41.5692 -24 34
    endloop
  endfacet
  facet normal -0.819157 -0.57357 8.70968e-18
    outer loop
      vertex -39.7433 -26.6077 2.5
      vertex -41.5692 -24 5.69349
      vertex -41.5692 -24 0
    endloop
  endfacet
  facet normal -0.81914 -0.573594 1.27345e-17
    outer loop
      vertex -39.7433 -26.6077 2.5
      vertex -40.4177 -25.6446 7.51823
      vertex -40.4177 -25.6446 5.4436
    endloop
  endfacet
  facet normal -0.81914 -0.573594 -0
    outer loop
      vertex -39.7433 -26.6077 12.5
      vertex -40.4177 -25.6446 7.51823
      vertex -39.7433 -26.6077 2.5
    endloop
  endfacet
  facet normal -0.819168 -0.573554 -1.93361e-05
    outer loop
      vertex -41.5692 -24 5.69349
      vertex -39.7433 -26.6077 2.5
      vertex -40.4177 -25.6446 5.4436
    endloop
  endfacet
  facet normal -0.819157 -0.57357 2.23988e-07
    outer loop
      vertex -41.5692 -24 0
      vertex -38.5961 -28.2461 2.5
      vertex -39.7433 -26.6077 2.5
    endloop
  endfacet
  facet normal -0.81914 -0.573594 0
    outer loop
      vertex -38.5961 -28.2461 2.5
      vertex -37.9217 -29.2092 7.51823
      vertex -38.5961 -28.2461 12.5
    endloop
  endfacet
  facet normal -0.81914 -0.573594 -1.63126e-17
    outer loop
      vertex -38.5961 -28.2461 2.5
      vertex -37.9217 -29.2092 5.4436
      vertex -37.9217 -29.2092 7.51823
    endloop
  endfacet
  facet normal -0.819151 -0.573578 -2.03529e-05
    outer loop
      vertex -36.7701 -30.8538 0
      vertex -38.5961 -28.2461 2.5
      vertex -41.5692 -24 0
    endloop
  endfacet
  facet normal -0.819142 -0.573591 -0
    outer loop
      vertex -36.7701 -30.8538 5.69349
      vertex -38.5961 -28.2461 2.5
      vertex -36.7701 -30.8538 0
    endloop
  endfacet
  facet normal -0.819143 -0.573589 2.18658e-06
    outer loop
      vertex -38.5961 -28.2461 2.5
      vertex -36.7701 -30.8538 5.69349
      vertex -37.9217 -29.2092 5.4436
    endloop
  endfacet
  facet normal -0.819165 -0.573558 1.7919e-05
    outer loop
      vertex -39.7433 -26.6077 12.5
      vertex -41.5692 -24 9.87777
      vertex -40.4177 -25.6446 9.62787
    endloop
  endfacet
  facet normal -0.81914 -0.573594 0
    outer loop
      vertex -40.4177 -25.6446 7.51823
      vertex -39.7433 -26.6077 12.5
      vertex -40.4177 -25.6446 9.62787
    endloop
  endfacet
  facet normal -0.819157 -0.57357 0
    outer loop
      vertex -41.5692 -24 9.87777
      vertex -39.7433 -26.6077 12.5
      vertex -41.5692 -24 15
    endloop
  endfacet
  facet normal -0.819157 -0.57357 -2.23988e-07
    outer loop
      vertex -38.5961 -28.2461 12.5
      vertex -41.5692 -24 15
      vertex -39.7433 -26.6077 12.5
    endloop
  endfacet
  facet normal -0.81914 -0.573594 -0
    outer loop
      vertex -37.9217 -29.2092 9.62787
      vertex -38.5961 -28.2461 12.5
      vertex -37.9217 -29.2092 7.51823
    endloop
  endfacet
  facet normal -0.819143 -0.57359 -2.02633e-06
    outer loop
      vertex -36.7701 -30.8538 9.87777
      vertex -38.5961 -28.2461 12.5
      vertex -37.9217 -29.2092 9.62787
    endloop
  endfacet
  facet normal -0.819151 -0.573578 2.03529e-05
    outer loop
      vertex -38.5961 -28.2461 12.5
      vertex -36.7701 -30.8538 15
      vertex -41.5692 -24 15
    endloop
  endfacet
  facet normal -0.819142 -0.573591 -0
    outer loop
      vertex -36.7701 -30.8538 15
      vertex -38.5961 -28.2461 12.5
      vertex -36.7701 -30.8538 9.87777
    endloop
  endfacet
  facet normal 0.258826 0.965924 1.23036e-05
    outer loop
      vertex 16.417 45.1052 15
      vertex 13.342 45.9292 12.5
      vertex 8.33511 47.2708 15
    endloop
  endfacet
  facet normal 0.258836 0.965921 -0
    outer loop
      vertex 16.417 45.1052 9.87777
      vertex 13.342 45.9292 12.5
      vertex 16.417 45.1052 15
    endloop
  endfacet
  facet normal 0.258848 0.965918 1.55603e-05
    outer loop
      vertex 14.4777 45.6249 9.62787
      vertex 13.342 45.9292 12.5
      vertex 16.417 45.1052 9.87777
    endloop
  endfacet
  facet normal 0.258811 0.965928 -0
    outer loop
      vertex 14.4777 45.6249 7.58683
      vertex 13.342 45.9292 12.5
      vertex 14.4777 45.6249 9.62787
    endloop
  endfacet
  facet normal 0.258811 0.965928 1.18319e-19
    outer loop
      vertex 13.342 45.9292 2.5
      vertex 14.4777 45.6249 7.58683
      vertex 14.4777 45.6249 5.4436
    endloop
  endfacet
  facet normal 0.258811 0.965928 2.53585e-20
    outer loop
      vertex 14.4777 45.6249 7.58683
      vertex 13.342 45.9292 2.5
      vertex 13.342 45.9292 12.5
    endloop
  endfacet
  facet normal 0.258795 0.965932 -5.41542e-05
    outer loop
      vertex 11.4101 46.4468 12.5
      vertex 8.33511 47.2708 15
      vertex 13.342 45.9292 12.5
    endloop
  endfacet
  facet normal 0.258836 0.965921 -1.04122e-17
    outer loop
      vertex 11.4101 46.4468 12.5
      vertex 8.33511 47.2708 9.87777
      vertex 8.33511 47.2708 15
    endloop
  endfacet
  facet normal 0.25882 0.965926 2.10821e-05
    outer loop
      vertex 11.4101 46.4468 12.5
      vertex 10.2743 46.7512 9.62787
      vertex 8.33511 47.2708 9.87777
    endloop
  endfacet
  facet normal 0.258869 0.965912 9.12528e-18
    outer loop
      vertex 11.4101 46.4468 12.5
      vertex 10.2743 46.7512 7.58683
      vertex 10.2743 46.7512 9.62787
    endloop
  endfacet
  facet normal 0.258869 0.965912 -0
    outer loop
      vertex 11.4101 46.4468 2.5
      vertex 10.2743 46.7512 7.58683
      vertex 11.4101 46.4468 12.5
    endloop
  endfacet
  facet normal 0.258869 0.965912 0
    outer loop
      vertex 10.2743 46.7512 7.58683
      vertex 11.4101 46.4468 2.5
      vertex 10.2743 46.7512 5.4436
    endloop
  endfacet
  facet normal 0.258814 0.965927 -2.27497e-05
    outer loop
      vertex 11.4101 46.4468 2.5
      vertex 8.33511 47.2708 5.69349
      vertex 10.2743 46.7512 5.4436
    endloop
  endfacet
  facet normal 0.258836 0.965921 -9.36745e-18
    outer loop
      vertex 11.4101 46.4468 2.5
      vertex 8.33511 47.2708 0
      vertex 8.33511 47.2708 5.69349
    endloop
  endfacet
  facet normal 0.258826 0.965924 1.33389e-05
    outer loop
      vertex 8.33511 47.2708 0
      vertex 11.4101 46.4468 2.5
      vertex 16.417 45.1052 0
    endloop
  endfacet
  facet normal 0.258903 0.965903 -0
    outer loop
      vertex 16.417 45.1052 0
      vertex 15.5884 45.3273 5.58672
      vertex 16.417 45.1052 5.69349
    endloop
  endfacet
  facet normal 0.25881 0.965928 5.25415e-07
    outer loop
      vertex 15.5884 45.3273 5.58672
      vertex 13.342 45.9292 2.5
      vertex 14.4777 45.6249 5.4436
    endloop
  endfacet
  facet normal 0.258795 0.965932 -5.3119e-05
    outer loop
      vertex 13.342 45.9292 2.5
      vertex 16.417 45.1052 0
      vertex 11.4101 46.4468 2.5
    endloop
  endfacet
  facet normal 0.258826 0.965924 -1.22182e-05
    outer loop
      vertex 15.5884 45.3273 5.58672
      vertex 16.417 45.1052 0
      vertex 13.342 45.9292 2.5
    endloop
  endfacet
  facet normal 0.258909 0.965902 -0
    outer loop
      vertex 16.417 45.1052 19
      vertex 15.4474 45.3651 21.5
      vertex 16.417 45.1052 21.5
    endloop
  endfacet
  facet normal 0.258816 0.965927 -3.87016e-05
    outer loop
      vertex 15.4474 45.3651 21.5
      vertex 16.417 45.1052 19
      vertex 9.30473 47.011 21.5
    endloop
  endfacet
  facet normal 0.258826 0.965924 -6.40851e-06
    outer loop
      vertex 8.33511 47.2708 19
      vertex 9.30473 47.011 21.5
      vertex 16.417 45.1052 19
    endloop
  endfacet
  facet normal 0.258811 0.965928 -7.74413e-18
    outer loop
      vertex 9.30473 47.011 21.5
      vertex 8.33511 47.2708 19
      vertex 8.33511 47.2708 21.5
    endloop
  endfacet
  facet normal 0.258816 0.965927 -7.82324e-06
    outer loop
      vertex 15.4474 45.3651 31.5
      vertex 14.3079 45.6704 28.5674
      vertex 9.30473 47.011 31.5
    endloop
  endfacet
  facet normal 0.258797 0.965932 -5.36721e-18
    outer loop
      vertex 15.4474 45.3651 31.5
      vertex 14.3079 45.6704 26.4398
      vertex 14.3079 45.6704 28.5674
    endloop
  endfacet
  facet normal 0.258797 0.965932 -0
    outer loop
      vertex 15.4474 45.3651 21.5
      vertex 14.3079 45.6704 26.4398
      vertex 15.4474 45.3651 31.5
    endloop
  endfacet
  facet normal 0.258794 0.965932 -9.95433e-07
    outer loop
      vertex 15.4474 45.3651 21.5
      vertex 11.4134 46.4459 24.3831
      vertex 14.3079 45.6704 24.3831
    endloop
  endfacet
  facet normal 0.258816 0.965927 3.06995e-05
    outer loop
      vertex 9.30473 47.011 21.5
      vertex 11.4134 46.4459 24.3831
      vertex 15.4474 45.3651 21.5
    endloop
  endfacet
  facet normal 0.258797 0.965932 0
    outer loop
      vertex 14.3079 45.6704 26.4398
      vertex 15.4474 45.3651 21.5
      vertex 14.3079 45.6704 24.3831
    endloop
  endfacet
  facet normal 0.258909 0.965902 1.08331e-17
    outer loop
      vertex 15.4474 45.3651 31.5
      vertex 16.417 45.1052 34
      vertex 16.417 45.1052 31.5
    endloop
  endfacet
  facet normal 0.258826 0.965924 3.42991e-05
    outer loop
      vertex 16.417 45.1052 34
      vertex 15.4474 45.3651 31.5
      vertex 8.33511 47.2708 34
    endloop
  endfacet
  facet normal 0.258816 0.965927 2.00599e-06
    outer loop
      vertex 9.30473 47.011 31.5
      vertex 8.33511 47.2708 34
      vertex 15.4474 45.3651 31.5
    endloop
  endfacet
  facet normal 0.258811 0.965928 0
    outer loop
      vertex 8.33511 47.2708 34
      vertex 9.30473 47.011 31.5
      vertex 8.33511 47.2708 31.5
    endloop
  endfacet
  facet normal 0.258801 0.965931 -3.36424e-05
    outer loop
      vertex 10.4442 46.7056 28.5674
      vertex 9.30473 47.011 31.5
      vertex 14.3079 45.6704 28.5674
    endloop
  endfacet
  facet normal 0.258882 0.965909 -0
    outer loop
      vertex 10.4442 46.7056 24.3831
      vertex 9.30473 47.011 31.5
      vertex 10.4442 46.7056 28.5674
    endloop
  endfacet
  facet normal 0.258882 0.965909 -1.20167e-18
    outer loop
      vertex 10.4442 46.7056 24.3831
      vertex 9.30473 47.011 21.5
      vertex 9.30473 47.011 31.5
    endloop
  endfacet
  facet normal 0.258822 0.965925 2.53454e-05
    outer loop
      vertex 11.4134 46.4459 24.3831
      vertex 9.30473 47.011 21.5
      vertex 10.4442 46.7056 24.3831
    endloop
  endfacet
  facet normal 0 0 1
    outer loop
      vertex -33.8845 -3.62972 34
      vertex -31.2 -1.84752 34
      vertex -33.8845 3.62972 34
    endloop
  endfacet
  facet normal 0 0 1
    outer loop
      vertex -31.2 -1.84752 34
      vertex -33.8845 -3.62972 34
      vertex -33.0824 -8.17835 34
    endloop
  endfacet
  facet normal -0 0 1
    outer loop
      vertex -38.2247 2.05 34
      vertex -33.8845 -3.62972 34
      vertex -33.8845 3.62972 34
    endloop
  endfacet
  facet normal 0 0 1
    outer loop
      vertex -38.2247 2.05 34
      vertex -38.2247 -2.05 34
      vertex -33.8845 -3.62972 34
    endloop
  endfacet
  facet normal 0 0 1
    outer loop
      vertex -48 0 34
      vertex -38.2247 2.05 34
      vertex -41.7629 5.01891 34
    endloop
  endfacet
  facet normal 0 0 1
    outer loop
      vertex -38.2247 2.05 34
      vertex -48 0 34
      vertex -38.2247 -2.05 34
    endloop
  endfacet
  facet normal 0 0 1
    outer loop
      vertex -36.7701 30.8538 34
      vertex -27.9641 26.1408 34
      vertex -28.7662 30.6894 34
    endloop
  endfacet
  facet normal 0 0 1
    outer loop
      vertex -27.9641 26.1408 34
      vertex -30.5996 23 34
      vertex -28.2902 19 34
    endloop
  endfacet
  facet normal -0 0 1
    outer loop
      vertex -30.5996 -23 34
      vertex -27.9641 -26.1408 34
      vertex -28.2902 -19 34
    endloop
  endfacet
  facet normal 0 0 1
    outer loop
      vertex -36.7701 -30.8538 34
      vertex -27.9641 -26.1408 34
      vertex -30.5996 -23 34
    endloop
  endfacet
  facet normal 0 0 1
    outer loop
      vertex -5.41644 0.955065 34
      vertex -24.8 1.84752 34
      vertex -5.5 0 34
    endloop
  endfacet
  facet normal 0 0 1
    outer loop
      vertex -5.5 0 34
      vertex -23.9363 -6.746 34
      vertex -22.6725 -10.2182 34
    endloop
  endfacet
  facet normal 0 0 1
    outer loop
      vertex -24.8 -1.84752 34
      vertex -5.5 0 34
      vertex -24.8 1.84752 34
    endloop
  endfacet
  facet normal -0 0 1
    outer loop
      vertex -27.5752 6.10436 34
      vertex -24.8 1.84752 34
      vertex -23.9363 6.746 34
    endloop
  endfacet
  facet normal 0 0 1
    outer loop
      vertex -27.5752 6.10436 34
      vertex -28 3.69504 34
      vertex -24.8 1.84752 34
    endloop
  endfacet
  facet normal -0 0 1
    outer loop
      vertex -33.0824 8.17835 34
      vertex -27.5752 6.10436 34
      vertex -29.9503 8.93493 34
    endloop
  endfacet
  facet normal 0 0 1
    outer loop
      vertex -27.5752 6.10436 34
      vertex -33.0824 8.17835 34
      vertex -28 3.69504 34
    endloop
  endfacet
  facet normal 0 0 1
    outer loop
      vertex -33.0824 8.17835 34
      vertex -29.9503 8.93493 34
      vertex -30.5996 15 34
    endloop
  endfacet
  facet normal 0 0 1
    outer loop
      vertex -28 3.69504 34
      vertex -33.8845 3.62972 34
      vertex -31.2 1.84752 34
    endloop
  endfacet
  facet normal 0 0 1
    outer loop
      vertex -33.8845 3.62972 34
      vertex -28 3.69504 34
      vertex -33.0824 8.17835 34
    endloop
  endfacet
  facet normal -0 0 1
    outer loop
      vertex -35.2184 15 34
      vertex -33.0824 8.17835 34
      vertex -30.5996 15 34
    endloop
  endfacet
  facet normal 0 0 1
    outer loop
      vertex -35.2184 15 34
      vertex -36.6206 11.1473 34
      vertex -33.0824 8.17835 34
    endloop
  endfacet
  facet normal -0 0 1
    outer loop
      vertex -45.1052 16.417 34
      vertex -35.2184 15 34
      vertex -37.5278 19 34
    endloop
  endfacet
  facet normal 0 0 1
    outer loop
      vertex -35.2184 15 34
      vertex -45.1052 16.417 34
      vertex -36.6206 11.1473 34
    endloop
  endfacet
  facet normal 0 0 1
    outer loop
      vertex -23.6239 -24.5611 34
      vertex -19.0741 -20.8286 34
      vertex -22.713 -21.4703 34
    endloop
  endfacet
  facet normal 0 0 1
    outer loop
      vertex -19.0741 -20.8286 34
      vertex -23.6239 -24.5611 34
      vertex -20.0857 -27.53 34
    endloop
  endfacet
  facet normal 0 0 1
    outer loop
      vertex -25.0882 -18.6397 34
      vertex -23.6239 -24.5611 34
      vertex -22.713 -21.4703 34
    endloop
  endfacet
  facet normal -0 0 1
    outer loop
      vertex -28.2902 -19 34
      vertex -23.6239 -24.5611 34
      vertex -25.0882 -18.6397 34
    endloop
  endfacet
  facet normal 0 0 1
    outer loop
      vertex -5.16831 1.88111 34
      vertex -23.9363 6.746 34
      vertex -5.41644 0.955065 34
    endloop
  endfacet
  facet normal 0 0 1
    outer loop
      vertex -5.5 0 34
      vertex -20.1855 -14.5258 34
      vertex -17.8103 -17.3564 34
    endloop
  endfacet
  facet normal -0 0 1
    outer loop
      vertex -24.8 1.84752 34
      vertex -5.41644 0.955065 34
      vertex -23.9363 6.746 34
    endloop
  endfacet
  facet normal 0 0 1
    outer loop
      vertex -23.8244 15.1675 34
      vertex -22.6725 10.2182 34
      vertex -20.1855 14.5258 34
    endloop
  endfacet
  facet normal 0 0 1
    outer loop
      vertex -23.8244 15.1675 34
      vertex -25.0476 13.0488 34
      vertex -22.6725 10.2182 34
    endloop
  endfacet
  facet normal 0 0 1
    outer loop
      vertex -28.2902 19 34
      vertex -23.8244 15.1675 34
      vertex -25.0882 18.6397 34
    endloop
  endfacet
  facet normal 0 0 1
    outer loop
      vertex -23.6239 24.5611 34
      vertex -28.2902 19 34
      vertex -25.0882 18.6397 34
    endloop
  endfacet
  facet normal 0 0 1
    outer loop
      vertex -23.8244 15.1675 34
      vertex -28.2902 19 34
      vertex -25.0476 13.0488 34
    endloop
  endfacet
  facet normal -0 0 1
    outer loop
      vertex -30.5996 15 34
      vertex -25.0476 13.0488 34
      vertex -28.2902 19 34
    endloop
  endfacet
  facet normal 0 0 1
    outer loop
      vertex -25.0476 13.0488 34
      vertex -30.5996 15 34
      vertex -28.6865 12.4071 34
    endloop
  endfacet
  facet normal 0 0 1
    outer loop
      vertex -28.6865 12.4071 34
      vertex -30.5996 15 34
      vertex -29.9503 8.93493 34
    endloop
  endfacet
  facet normal -0 0 1
    outer loop
      vertex -23.6239 24.5611 34
      vertex -19.0741 20.8286 34
      vertex -20.0857 27.53 34
    endloop
  endfacet
  facet normal 0 0 1
    outer loop
      vertex -19.0741 20.8286 34
      vertex -23.6239 24.5611 34
      vertex -22.713 21.4703 34
    endloop
  endfacet
  facet normal 0 0 1
    outer loop
      vertex -23.6239 24.5611 34
      vertex -25.0882 18.6397 34
      vertex -22.713 21.4703 34
    endloop
  endfacet
  facet normal 0 0 1
    outer loop
      vertex -28.2902 19 34
      vertex -23.6239 24.5611 34
      vertex -27.9641 26.1408 34
    endloop
  endfacet
  facet normal 0 0 1
    outer loop
      vertex -5.5 0 34
      vertex -22.6725 -10.2182 34
      vertex -20.1855 -14.5258 34
    endloop
  endfacet
  facet normal 0 0 1
    outer loop
      vertex -22.6725 -10.2182 34
      vertex -23.8244 -15.1675 34
      vertex -20.1855 -14.5258 34
    endloop
  endfacet
  facet normal -0 0 1
    outer loop
      vertex -25.0476 -13.0488 34
      vertex -23.8244 -15.1675 34
      vertex -22.6725 -10.2182 34
    endloop
  endfacet
  facet normal 0 0 1
    outer loop
      vertex -28.2902 -19 34
      vertex -23.8244 -15.1675 34
      vertex -25.0476 -13.0488 34
    endloop
  endfacet
  facet normal 0 0 1
    outer loop
      vertex -23.8244 -15.1675 34
      vertex -28.2902 -19 34
      vertex -25.0882 -18.6397 34
    endloop
  endfacet
  facet normal 0 0 1
    outer loop
      vertex -23.6239 -24.5611 34
      vertex -28.2902 -19 34
      vertex -27.9641 -26.1408 34
    endloop
  endfacet
  facet normal 0 0 1
    outer loop
      vertex -30.5996 -15 34
      vertex -25.0476 -13.0488 34
      vertex -28.6865 -12.4071 34
    endloop
  endfacet
  facet normal 0 0 1
    outer loop
      vertex -30.5996 -15 34
      vertex -28.6865 -12.4071 34
      vertex -29.9503 -8.93493 34
    endloop
  endfacet
  facet normal 0 0 1
    outer loop
      vertex -25.0476 -13.0488 34
      vertex -30.5996 -15 34
      vertex -28.2902 -19 34
    endloop
  endfacet
  facet normal 0 0 1
    outer loop
      vertex -5.5 0 34
      vertex -24.8 -1.84752 34
      vertex -23.9363 -6.746 34
    endloop
  endfacet
  facet normal 0 0 1
    outer loop
      vertex -24.8 -1.84752 34
      vertex -27.5752 -6.10436 34
      vertex -23.9363 -6.746 34
    endloop
  endfacet
  facet normal -0 0 1
    outer loop
      vertex -28 -3.69504 34
      vertex -27.5752 -6.10436 34
      vertex -24.8 -1.84752 34
    endloop
  endfacet
  facet normal 0 0 1
    outer loop
      vertex -33.0824 -8.17835 34
      vertex -27.5752 -6.10436 34
      vertex -28 -3.69504 34
    endloop
  endfacet
  facet normal 0 0 1
    outer loop
      vertex -33.0824 -8.17835 34
      vertex -28 -3.69504 34
      vertex -31.2 -1.84752 34
    endloop
  endfacet
  facet normal 0 0 1
    outer loop
      vertex -27.5752 -6.10436 34
      vertex -33.0824 -8.17835 34
      vertex -29.9503 -8.93493 34
    endloop
  endfacet
  facet normal 0 0 1
    outer loop
      vertex -31.2 1.84752 34
      vertex -33.8845 3.62972 34
      vertex -31.2 -1.84752 34
    endloop
  endfacet
  facet normal 0 0 1
    outer loop
      vertex -29.9503 -8.93493 34
      vertex -33.0824 -8.17835 34
      vertex -30.5996 -15 34
    endloop
  endfacet
  facet normal 0 0 1
    outer loop
      vertex -33.0824 -8.17835 34
      vertex -35.2184 -15 34
      vertex -30.5996 -15 34
    endloop
  endfacet
  facet normal -0 0 1
    outer loop
      vertex -36.6206 -11.1473 34
      vertex -35.2184 -15 34
      vertex -33.0824 -8.17835 34
    endloop
  endfacet
  facet normal 0 0 1
    outer loop
      vertex -45.1052 -16.417 34
      vertex -35.2184 -15 34
      vertex -36.6206 -11.1473 34
    endloop
  endfacet
  facet normal 0 0 1
    outer loop
      vertex -45.1052 -16.417 34
      vertex -36.6206 -11.1473 34
      vertex -40.9609 -9.56754 34
    endloop
  endfacet
  facet normal 0 0 1
    outer loop
      vertex -4.76314 2.75 34
      vertex -22.6725 10.2182 34
      vertex -5.16831 1.88111 34
    endloop
  endfacet
  facet normal 0 0 1
    outer loop
      vertex -5.5 0 34
      vertex -14 -20.5537 34
      vertex -10.8 -22.4012 34
    endloop
  endfacet
  facet normal 0 0 1
    outer loop
      vertex -17.8103 17.3564 34
      vertex -14 20.5537 34
      vertex -17.2 22.4012 34
    endloop
  endfacet
  facet normal -0 0 1
    outer loop
      vertex -23.9363 6.746 34
      vertex -5.16831 1.88111 34
      vertex -22.6725 10.2182 34
    endloop
  endfacet
  facet normal -0 0 1
    outer loop
      vertex -22.6725 10.2182 34
      vertex -4.76314 2.75 34
      vertex -20.1855 14.5258 34
    endloop
  endfacet
  facet normal 0 0 1
    outer loop
      vertex -8.50105 -26.933 34
      vertex -9.45856 -32.7394 34
      vertex -8.65651 -37.288 34
    endloop
  endfacet
  facet normal 0 0 1
    outer loop
      vertex -10.8 22.4012 34
      vertex -9.45856 32.7394 34
      vertex -10.8 26.0962 34
    endloop
  endfacet
  facet normal -0 0 1
    outer loop
      vertex -13.7988 31.1597 34
      vertex -10.8 26.0962 34
      vertex -9.45856 32.7394 34
    endloop
  endfacet
  facet normal 0 0 1
    outer loop
      vertex -13.7988 31.1597 34
      vertex -14 27.9438 34
      vertex -10.8 26.0962 34
    endloop
  endfacet
  facet normal 0 0 1
    outer loop
      vertex -13.7988 31.1597 34
      vertex -17.2 26.0962 34
      vertex -14 27.9438 34
    endloop
  endfacet
  facet normal 0 0 1
    outer loop
      vertex -20.0857 27.53 34
      vertex -17.2 22.4012 34
      vertex -17.2 26.0962 34
    endloop
  endfacet
  facet normal 0 0 1
    outer loop
      vertex -5.5 0 34
      vertex -17.8103 -17.3564 34
      vertex -14 -20.5537 34
    endloop
  endfacet
  facet normal 0 0 1
    outer loop
      vertex -13.7988 31.1597 34
      vertex -20.0857 27.53 34
      vertex -17.2 26.0962 34
    endloop
  endfacet
  facet normal 0 0 1
    outer loop
      vertex -20.0857 27.53 34
      vertex -13.7988 31.1597 34
      vertex -17.337 34.1286 34
    endloop
  endfacet
  facet normal 0 0 1
    outer loop
      vertex -5.5 0 34
      vertex -10.8 -22.4012 34
      vertex -8.50105 -26.933 34
    endloop
  endfacet
  facet normal -0 0 1
    outer loop
      vertex -10.8 -26.0962 34
      vertex -8.50105 -26.933 34
      vertex -10.8 -22.4012 34
    endloop
  endfacet
  facet normal 0 0 1
    outer loop
      vertex -8.50105 -26.933 34
      vertex -10.8 -26.0962 34
      vertex -9.45856 -32.7394 34
    endloop
  endfacet
  facet normal 0 0 1
    outer loop
      vertex -10.8 -26.0962 34
      vertex -13.7988 -31.1597 34
      vertex -9.45856 -32.7394 34
    endloop
  endfacet
  facet normal -0 0 1
    outer loop
      vertex -14 -27.9438 34
      vertex -13.7988 -31.1597 34
      vertex -10.8 -26.0962 34
    endloop
  endfacet
  facet normal 0 0 1
    outer loop
      vertex -17.2 -26.0962 34
      vertex -13.7988 -31.1597 34
      vertex -14 -27.9438 34
    endloop
  endfacet
  facet normal -0 0 1
    outer loop
      vertex -20.0857 -27.53 34
      vertex -13.7988 -31.1597 34
      vertex -17.2 -26.0962 34
    endloop
  endfacet
  facet normal 0 0 1
    outer loop
      vertex -14 -20.5537 34
      vertex -17.8103 -17.3564 34
      vertex -17.2 -22.4012 34
    endloop
  endfacet
  facet normal 0 0 1
    outer loop
      vertex 0 -5.5 34
      vertex -2.48702 -24.744 34
      vertex 2.48702 -24.744 34
    endloop
  endfacet
  facet normal 0 0 1
    outer loop
      vertex 2.48702 -24.744 34
      vertex -2.48702 -24.744 34
      vertex -1.22324 -28.2163 34
    endloop
  endfacet
  facet normal 0 0 1
    outer loop
      vertex -6.12593 -24.1024 34
      vertex -1.88111 -5.16831 34
      vertex -2.75 -4.76314 34
    endloop
  endfacet
  facet normal 0 0 1
    outer loop
      vertex -6.12593 -24.1024 34
      vertex -2.75 -4.76314 34
      vertex -3.53533 -4.21324 34
    endloop
  endfacet
  facet normal 0 0 1
    outer loop
      vertex -6.12593 -24.1024 34
      vertex -3.53533 -4.21324 34
      vertex -4.21324 -3.53533 34
    endloop
  endfacet
  facet normal 0 0 1
    outer loop
      vertex -6.12593 -24.1024 34
      vertex -4.21324 -3.53533 34
      vertex -4.76314 -2.75 34
    endloop
  endfacet
  facet normal 0 0 1
    outer loop
      vertex -8.50105 -26.933 34
      vertex -4.76314 -2.75 34
      vertex -5.16831 -1.88111 34
    endloop
  endfacet
  facet normal 0 0 1
    outer loop
      vertex -8.50105 -26.933 34
      vertex -5.16831 -1.88111 34
      vertex -5.41644 -0.955065 34
    endloop
  endfacet
  facet normal 0 0 1
    outer loop
      vertex -1.88111 -5.16831 34
      vertex -6.12593 -24.1024 34
      vertex -2.48702 -24.744 34
    endloop
  endfacet
  facet normal 0 0 1
    outer loop
      vertex -8.50105 -26.933 34
      vertex -5.41644 -0.955065 34
      vertex -5.5 0 34
    endloop
  endfacet
  facet normal -0 0 1
    outer loop
      vertex -20.1855 14.5258 34
      vertex -4.21324 3.53533 34
      vertex -17.8103 17.3564 34
    endloop
  endfacet
  facet normal 0 0 1
    outer loop
      vertex -4.21324 3.53533 34
      vertex -20.1855 14.5258 34
      vertex -4.76314 2.75 34
    endloop
  endfacet
  facet normal 0 0 1
    outer loop
      vertex -4.76314 -2.75 34
      vertex -8.50105 -26.933 34
      vertex -6.12593 -24.1024 34
    endloop
  endfacet
  facet normal 0 0 1
    outer loop
      vertex 2.48702 24.744 34
      vertex -1.88111 5.16831 34
      vertex -0.955065 5.41644 34
    endloop
  endfacet
  facet normal 0 0 1
    outer loop
      vertex 2.48702 24.744 34
      vertex -2.48702 24.744 34
      vertex -1.88111 5.16831 34
    endloop
  endfacet
  facet normal -0 0 1
    outer loop
      vertex -6.12593 24.1024 34
      vertex -1.88111 5.16831 34
      vertex -2.48702 24.744 34
    endloop
  endfacet
  facet normal -0 0 1
    outer loop
      vertex -10.8 22.4012 34
      vertex -1.88111 5.16831 34
      vertex -6.12593 24.1024 34
    endloop
  endfacet
  facet normal 0 0 1
    outer loop
      vertex -1.88111 5.16831 34
      vertex -10.8 22.4012 34
      vertex -2.75 4.76314 34
    endloop
  endfacet
  facet normal -0 0 1
    outer loop
      vertex -14 20.5537 34
      vertex -2.75 4.76314 34
      vertex -10.8 22.4012 34
    endloop
  endfacet
  facet normal 0 0 1
    outer loop
      vertex -2.75 4.76314 34
      vertex -14 20.5537 34
      vertex -3.53533 4.21324 34
    endloop
  endfacet
  facet normal 0 0 1
    outer loop
      vertex -10.8 22.4012 34
      vertex -6.12593 24.1024 34
      vertex -8.50105 26.933 34
    endloop
  endfacet
  facet normal 0 0 1
    outer loop
      vertex -3.53533 4.21324 34
      vertex -17.8103 17.3564 34
      vertex -4.21324 3.53533 34
    endloop
  endfacet
  facet normal -0 0 1
    outer loop
      vertex -17.8103 17.3564 34
      vertex -3.53533 4.21324 34
      vertex -14 20.5537 34
    endloop
  endfacet
  facet normal 0 0 1
    outer loop
      vertex 2.3094 -34 34
      vertex 9.45856 -32.7394 34
      vertex 3.59837 -31.0468 34
    endloop
  endfacet
  facet normal 0 0 1
    outer loop
      vertex 9.45856 -32.7394 34
      vertex 2.3094 -34 34
      vertex 4.6188 -38 34
    endloop
  endfacet
  facet normal 0 0 1
    outer loop
      vertex 1.22324 -28.2163 34
      vertex 2.3094 -34 34
      vertex 3.59837 -31.0468 34
    endloop
  endfacet
  facet normal 0 0 1
    outer loop
      vertex -2.48702 -24.744 34
      vertex 0 -5.5 34
      vertex -0.955065 -5.41644 34
    endloop
  endfacet
  facet normal 0 0 1
    outer loop
      vertex -2.48702 -24.744 34
      vertex -0.955065 -5.41644 34
      vertex -1.88111 -5.16831 34
    endloop
  endfacet
  facet normal 0 0 1
    outer loop
      vertex 2.48702 -24.744 34
      vertex -1.22324 -28.2163 34
      vertex 1.22324 -28.2163 34
    endloop
  endfacet
  facet normal -0 0 1
    outer loop
      vertex -1.22324 -28.2163 34
      vertex 2.3094 -34 34
      vertex 1.22324 -28.2163 34
    endloop
  endfacet
  facet normal 0 0 1
    outer loop
      vertex -1.22324 -28.2163 34
      vertex -2.3094 -34 34
      vertex 2.3094 -34 34
    endloop
  endfacet
  facet normal -0 0 1
    outer loop
      vertex -3.59837 -31.0468 34
      vertex -2.3094 -34 34
      vertex -1.22324 -28.2163 34
    endloop
  endfacet
  facet normal 0 0 1
    outer loop
      vertex -7.23728 -30.4052 34
      vertex -2.3094 -34 34
      vertex -3.59837 -31.0468 34
    endloop
  endfacet
  facet normal 0 0 1
    outer loop
      vertex -8.65651 -37.288 34
      vertex -2.3094 -34 34
      vertex -7.23728 -30.4052 34
    endloop
  endfacet
  facet normal -0 0 1
    outer loop
      vertex 4.76314 -2.75 34
      vertex 22.6725 -10.2182 34
      vertex 5.16831 -1.88111 34
    endloop
  endfacet
  facet normal -0 0 1
    outer loop
      vertex 4.21324 -3.53533 34
      vertex 20.1855 -14.5258 34
      vertex 4.76314 -2.75 34
    endloop
  endfacet
  facet normal 0 0 1
    outer loop
      vertex 20.1855 -14.5258 34
      vertex 4.21324 -3.53533 34
      vertex 17.8103 -17.3564 34
    endloop
  endfacet
  facet normal 0 0 1
    outer loop
      vertex 22.6725 -10.2182 34
      vertex 4.76314 -2.75 34
      vertex 20.1855 -14.5258 34
    endloop
  endfacet
  facet normal 0 0 1
    outer loop
      vertex 6.12593 24.1024 34
      vertex 5.16831 1.88111 34
      vertex 5.41644 0.955065 34
    endloop
  endfacet
  facet normal 0 0 1
    outer loop
      vertex 6.12593 24.1024 34
      vertex 4.76314 2.75 34
      vertex 5.16831 1.88111 34
    endloop
  endfacet
  facet normal 0 0 1
    outer loop
      vertex 6.12593 24.1024 34
      vertex 4.21324 3.53533 34
      vertex 4.76314 2.75 34
    endloop
  endfacet
  facet normal 0 0 1
    outer loop
      vertex 6.12593 24.1024 34
      vertex 3.53533 4.21324 34
      vertex 4.21324 3.53533 34
    endloop
  endfacet
  facet normal 0 0 1
    outer loop
      vertex 6.12593 24.1024 34
      vertex 2.75 4.76314 34
      vertex 3.53533 4.21324 34
    endloop
  endfacet
  facet normal 0 0 1
    outer loop
      vertex 0.955065 5.41644 34
      vertex 6.12593 24.1024 34
      vertex 2.48702 24.744 34
    endloop
  endfacet
  facet normal 0 0 1
    outer loop
      vertex 6.12593 24.1024 34
      vertex 1.88111 5.16831 34
      vertex 2.75 4.76314 34
    endloop
  endfacet
  facet normal -0 0 1
    outer loop
      vertex -1.22324 28.2163 34
      vertex 2.48702 24.744 34
      vertex 1.22324 28.2163 34
    endloop
  endfacet
  facet normal 0 0 1
    outer loop
      vertex 6.12593 24.1024 34
      vertex 0.955065 5.41644 34
      vertex 1.88111 5.16831 34
    endloop
  endfacet
  facet normal -0 0 1
    outer loop
      vertex 3.53533 -4.21324 34
      vertex 17.8103 -17.3564 34
      vertex 4.21324 -3.53533 34
    endloop
  endfacet
  facet normal 0 0 1
    outer loop
      vertex 17.8103 -17.3564 34
      vertex 3.53533 -4.21324 34
      vertex 14 -20.5537 34
    endloop
  endfacet
  facet normal 0 0 1
    outer loop
      vertex 10.8 -22.4012 34
      vertex 6.12593 -24.1024 34
      vertex 8.50105 -26.933 34
    endloop
  endfacet
  facet normal -0 0 1
    outer loop
      vertex 2.75 -4.76314 34
      vertex 14 -20.5537 34
      vertex 3.53533 -4.21324 34
    endloop
  endfacet
  facet normal 0 0 1
    outer loop
      vertex 14 -20.5537 34
      vertex 2.75 -4.76314 34
      vertex 10.8 -22.4012 34
    endloop
  endfacet
  facet normal -0 0 1
    outer loop
      vertex 1.88111 -5.16831 34
      vertex 10.8 -22.4012 34
      vertex 2.75 -4.76314 34
    endloop
  endfacet
  facet normal 0 0 1
    outer loop
      vertex 10.8 -22.4012 34
      vertex 1.88111 -5.16831 34
      vertex 6.12593 -24.1024 34
    endloop
  endfacet
  facet normal -0 0 1
    outer loop
      vertex 0.955065 -5.41644 34
      vertex 6.12593 -24.1024 34
      vertex 1.88111 -5.16831 34
    endloop
  endfacet
  facet normal 0 0 1
    outer loop
      vertex 6.12593 -24.1024 34
      vertex 0.955065 -5.41644 34
      vertex 2.48702 -24.744 34
    endloop
  endfacet
  facet normal -0 0 1
    outer loop
      vertex 0 -5.5 34
      vertex 2.48702 -24.744 34
      vertex 0.955065 -5.41644 34
    endloop
  endfacet
  facet normal 0 0 1
    outer loop
      vertex 9.45856 32.7394 34
      vertex 3.59837 31.0468 34
      vertex 7.23728 30.4052 34
    endloop
  endfacet
  facet normal 0 0 1
    outer loop
      vertex 9.45856 32.7394 34
      vertex 2.3094 34 34
      vertex 3.59837 31.0468 34
    endloop
  endfacet
  facet normal 0 0 1
    outer loop
      vertex 2.3094 34 34
      vertex 1.22324 28.2163 34
      vertex 3.59837 31.0468 34
    endloop
  endfacet
  facet normal 0 0 1
    outer loop
      vertex 2.48702 24.744 34
      vertex 0 5.5 34
      vertex 0.955065 5.41644 34
    endloop
  endfacet
  facet normal 0 0 1
    outer loop
      vertex -2.48702 24.744 34
      vertex 2.48702 24.744 34
      vertex -1.22324 28.2163 34
    endloop
  endfacet
  facet normal 0 0 1
    outer loop
      vertex 2.48702 24.744 34
      vertex -0.955065 5.41644 34
      vertex 0 5.5 34
    endloop
  endfacet
  facet normal 0 0 1
    outer loop
      vertex 2.3094 34 34
      vertex -1.22324 28.2163 34
      vertex 1.22324 28.2163 34
    endloop
  endfacet
  facet normal -0 0 1
    outer loop
      vertex -2.3094 34 34
      vertex -1.22324 28.2163 34
      vertex 2.3094 34 34
    endloop
  endfacet
  facet normal 0 0 1
    outer loop
      vertex -2.3094 34 34
      vertex -3.59837 31.0468 34
      vertex -1.22324 28.2163 34
    endloop
  endfacet
  facet normal -0 0 1
    outer loop
      vertex -8.65651 37.288 34
      vertex -2.3094 34 34
      vertex -4.6188 38 34
    endloop
  endfacet
  facet normal 0 0 1
    outer loop
      vertex -2.3094 34 34
      vertex -7.23728 30.4052 34
      vertex -3.59837 31.0468 34
    endloop
  endfacet
  facet normal -0 0 1
    outer loop
      vertex 5.16831 -1.88111 34
      vertex 23.9363 -6.746 34
      vertex 5.41644 -0.955065 34
    endloop
  endfacet
  facet normal 0 0 1
    outer loop
      vertex 17.8103 -17.3564 34
      vertex 14 -20.5537 34
      vertex 17.2 -22.4012 34
    endloop
  endfacet
  facet normal 0 0 1
    outer loop
      vertex 5.41644 0.955065 34
      vertex 14 20.5537 34
      vertex 10.8 22.4012 34
    endloop
  endfacet
  facet normal 0 0 1
    outer loop
      vertex 23.9363 -6.746 34
      vertex 5.16831 -1.88111 34
      vertex 22.6725 -10.2182 34
    endloop
  endfacet
  facet normal -0 0 1
    outer loop
      vertex 14 20.5537 34
      vertex 17.8103 17.3564 34
      vertex 17.2 22.4012 34
    endloop
  endfacet
  facet normal 0 0 1
    outer loop
      vertex 20.0857 27.53 34
      vertex 13.7988 31.1597 34
      vertex 17.2 26.0962 34
    endloop
  endfacet
  facet normal 0 0 1
    outer loop
      vertex 17.2 26.0962 34
      vertex 13.7988 31.1597 34
      vertex 14 27.9438 34
    endloop
  endfacet
  facet normal 0 0 1
    outer loop
      vertex 13.7988 31.1597 34
      vertex 10.8 26.0962 34
      vertex 14 27.9438 34
    endloop
  endfacet
  facet normal 0 0 1
    outer loop
      vertex 8.50105 26.933 34
      vertex 10.8 22.4012 34
      vertex 10.8 26.0962 34
    endloop
  endfacet
  facet normal -0 0 1
    outer loop
      vertex 6.12593 24.1024 34
      vertex 10.8 22.4012 34
      vertex 8.50105 26.933 34
    endloop
  endfacet
  facet normal -0 0 1
    outer loop
      vertex 8.50105 26.933 34
      vertex 10.8 26.0962 34
      vertex 9.45856 32.7394 34
    endloop
  endfacet
  facet normal 0 0 1
    outer loop
      vertex 9.45856 32.7394 34
      vertex 10.8 26.0962 34
      vertex 13.7988 31.1597 34
    endloop
  endfacet
  facet normal 0 0 1
    outer loop
      vertex 5.41644 0.955065 34
      vertex 17.8103 17.3564 34
      vertex 14 20.5537 34
    endloop
  endfacet
  facet normal 0 0 1
    outer loop
      vertex 17.2 -26.0962 34
      vertex 17.8103 -17.3564 34
      vertex 17.2 -22.4012 34
    endloop
  endfacet
  facet normal 0 0 1
    outer loop
      vertex 17.8103 -17.3564 34
      vertex 17.2 -26.0962 34
      vertex 17.337 -34.1286 34
    endloop
  endfacet
  facet normal 0 0 1
    outer loop
      vertex 13.7988 -31.1597 34
      vertex 17.2 -26.0962 34
      vertex 14 -27.9438 34
    endloop
  endfacet
  facet normal 0 0 1
    outer loop
      vertex 17.2 -26.0962 34
      vertex 13.7988 -31.1597 34
      vertex 17.337 -34.1286 34
    endloop
  endfacet
  facet normal 0 0 1
    outer loop
      vertex 10.8 -26.0962 34
      vertex 13.7988 -31.1597 34
      vertex 14 -27.9438 34
    endloop
  endfacet
  facet normal 0 0 1
    outer loop
      vertex 10.8 -26.0962 34
      vertex 9.45856 -32.7394 34
      vertex 13.7988 -31.1597 34
    endloop
  endfacet
  facet normal 0 0 1
    outer loop
      vertex 5.41644 0.955065 34
      vertex 10.8 22.4012 34
      vertex 6.12593 24.1024 34
    endloop
  endfacet
  facet normal 0 0 1
    outer loop
      vertex 4.6188 38 34
      vertex 9.45856 32.7394 34
      vertex 8.65651 37.288 34
    endloop
  endfacet
  facet normal 0 0 1
    outer loop
      vertex 10.8 -22.4012 34
      vertex 8.50105 -26.933 34
      vertex 10.8 -26.0962 34
    endloop
  endfacet
  facet normal 0 0 1
    outer loop
      vertex 28.2902 19 34
      vertex 23.6239 24.5611 34
      vertex 25.0882 18.6397 34
    endloop
  endfacet
  facet normal 0 0 1
    outer loop
      vertex 23.6239 24.5611 34
      vertex 22.713 21.4703 34
      vertex 25.0882 18.6397 34
    endloop
  endfacet
  facet normal 0 0 1
    outer loop
      vertex 19.0741 20.8286 34
      vertex 23.6239 24.5611 34
      vertex 20.0857 27.53 34
    endloop
  endfacet
  facet normal 0 0 1
    outer loop
      vertex 23.6239 24.5611 34
      vertex 19.0741 20.8286 34
      vertex 22.713 21.4703 34
    endloop
  endfacet
  facet normal 0 0 1
    outer loop
      vertex 28.2902 -19 34
      vertex 23.6239 -24.5611 34
      vertex 27.9641 -26.1408 34
    endloop
  endfacet
  facet normal -0 0 1
    outer loop
      vertex 22.713 -21.4703 34
      vertex 23.6239 -24.5611 34
      vertex 25.0882 -18.6397 34
    endloop
  endfacet
  facet normal 0 0 1
    outer loop
      vertex 19.0741 -20.8286 34
      vertex 23.6239 -24.5611 34
      vertex 22.713 -21.4703 34
    endloop
  endfacet
  facet normal 0 0 1
    outer loop
      vertex 23.6239 -24.5611 34
      vertex 19.0741 -20.8286 34
      vertex 20.0857 -27.53 34
    endloop
  endfacet
  facet normal 0 0 1
    outer loop
      vertex 27.9641 -26.1408 34
      vertex 30.5996 -23 34
      vertex 28.2902 -19 34
    endloop
  endfacet
  facet normal 0 0 1
    outer loop
      vertex 30.5996 -23 34
      vertex 27.9641 -26.1408 34
      vertex 28.7662 -30.6894 34
    endloop
  endfacet
  facet normal 0 0 1
    outer loop
      vertex 30.5996 15 34
      vertex 28.6865 12.4071 34
      vertex 29.9503 8.93493 34
    endloop
  endfacet
  facet normal 0 0 1
    outer loop
      vertex 25.0476 13.0488 34
      vertex 30.5996 15 34
      vertex 28.2902 19 34
    endloop
  endfacet
  facet normal -0 0 1
    outer loop
      vertex 23.6239 24.5611 34
      vertex 28.2902 19 34
      vertex 27.9641 26.1408 34
    endloop
  endfacet
  facet normal 0 0 1
    outer loop
      vertex 23.8244 15.1675 34
      vertex 28.2902 19 34
      vertex 25.0882 18.6397 34
    endloop
  endfacet
  facet normal 0 0 1
    outer loop
      vertex 30.5996 15 34
      vertex 25.0476 13.0488 34
      vertex 28.6865 12.4071 34
    endloop
  endfacet
  facet normal 0 0 1
    outer loop
      vertex 28.2902 19 34
      vertex 23.8244 15.1675 34
      vertex 25.0476 13.0488 34
    endloop
  endfacet
  facet normal 0 0 1
    outer loop
      vertex 23.8244 15.1675 34
      vertex 22.6725 10.2182 34
      vertex 25.0476 13.0488 34
    endloop
  endfacet
  facet normal 0 0 1
    outer loop
      vertex 5.41644 0.955065 34
      vertex 22.6725 10.2182 34
      vertex 20.1855 14.5258 34
    endloop
  endfacet
  facet normal -0 0 1
    outer loop
      vertex 20.1855 14.5258 34
      vertex 22.6725 10.2182 34
      vertex 23.8244 15.1675 34
    endloop
  endfacet
  facet normal -0 0 1
    outer loop
      vertex 35.2184 -15 34
      vertex 45.1052 -16.417 34
      vertex 36.6206 -11.1473 34
    endloop
  endfacet
  facet normal 0 0 1
    outer loop
      vertex 45.1052 -16.417 34
      vertex 35.2184 -15 34
      vertex 37.5278 -19 34
    endloop
  endfacet
  facet normal 0 0 1
    outer loop
      vertex 33.0824 -8.17835 34
      vertex 35.2184 -15 34
      vertex 36.6206 -11.1473 34
    endloop
  endfacet
  facet normal 0 0 1
    outer loop
      vertex 28 -3.69504 34
      vertex 33.8845 -3.62972 34
      vertex 31.2 -1.84752 34
    endloop
  endfacet
  facet normal 0 0 1
    outer loop
      vertex 33.0824 -8.17835 34
      vertex 30.5996 -15 34
      vertex 35.2184 -15 34
    endloop
  endfacet
  facet normal 0 0 1
    outer loop
      vertex 33.8845 -3.62972 34
      vertex 28 -3.69504 34
      vertex 33.0824 -8.17835 34
    endloop
  endfacet
  facet normal 0 0 1
    outer loop
      vertex 33.0824 -8.17835 34
      vertex 29.9503 -8.93493 34
      vertex 30.5996 -15 34
    endloop
  endfacet
  facet normal -0 0 1
    outer loop
      vertex 27.5752 -6.10436 34
      vertex 33.0824 -8.17835 34
      vertex 28 -3.69504 34
    endloop
  endfacet
  facet normal 0 0 1
    outer loop
      vertex 33.0824 -8.17835 34
      vertex 27.5752 -6.10436 34
      vertex 29.9503 -8.93493 34
    endloop
  endfacet
  facet normal 0 0 1
    outer loop
      vertex 24.8 -1.84752 34
      vertex 27.5752 -6.10436 34
      vertex 28 -3.69504 34
    endloop
  endfacet
  facet normal 0 0 1
    outer loop
      vertex 24.8 -1.84752 34
      vertex 23.9363 -6.746 34
      vertex 27.5752 -6.10436 34
    endloop
  endfacet
  facet normal 0 -0 1
    outer loop
      vertex 5.5 0 34
      vertex 24.8 1.84752 34
      vertex 5.41644 0.955065 34
    endloop
  endfacet
  facet normal 0 0 1
    outer loop
      vertex 5.41644 0.955065 34
      vertex 23.9363 6.746 34
      vertex 22.6725 10.2182 34
    endloop
  endfacet
  facet normal 0 0 1
    outer loop
      vertex 24.8 1.84752 34
      vertex 5.5 0 34
      vertex 24.8 -1.84752 34
    endloop
  endfacet
  facet normal 0 0 1
    outer loop
      vertex 38.2247 -2.05 34
      vertex 48 0 34
      vertex 38.2247 2.05 34
    endloop
  endfacet
  facet normal 0 0 1
    outer loop
      vertex 48 0 34
      vertex 38.2247 -2.05 34
      vertex 41.7629 -5.01891 34
    endloop
  endfacet
  facet normal 0 0 1
    outer loop
      vertex 33.8845 3.62972 34
      vertex 38.2247 -2.05 34
      vertex 38.2247 2.05 34
    endloop
  endfacet
  facet normal 0 0 1
    outer loop
      vertex 33.8845 3.62972 34
      vertex 33.8845 -3.62972 34
      vertex 38.2247 -2.05 34
    endloop
  endfacet
  facet normal -0 0 1
    outer loop
      vertex 28 3.69504 34
      vertex 33.8845 3.62972 34
      vertex 33.0824 8.17835 34
    endloop
  endfacet
  facet normal 0 0 1
    outer loop
      vertex 33.8845 3.62972 34
      vertex 31.2 1.84752 34
      vertex 33.8845 -3.62972 34
    endloop
  endfacet
  facet normal -0 0 1
    outer loop
      vertex 41.7629 5.01891 34
      vertex 48 0 34
      vertex 47.2708 8.33511 34
    endloop
  endfacet
  facet normal -0 0 1
    outer loop
      vertex 40.9609 9.56754 34
      vertex 47.2708 8.33511 34
      vertex 45.1052 16.417 34
    endloop
  endfacet
  facet normal -0 0 1
    outer loop
      vertex 38.2247 2.05 34
      vertex 48 0 34
      vertex 41.7629 5.01891 34
    endloop
  endfacet
  facet normal 0 0 1
    outer loop
      vertex 48 0 34
      vertex 41.7629 -5.01891 34
      vertex 47.2708 -8.33511 34
    endloop
  endfacet
  facet normal -0 0 1
    outer loop
      vertex 37.5278 19 34
      vertex 45.1052 16.417 34
      vertex 41.5692 24 34
    endloop
  endfacet
  facet normal 0 0 1
    outer loop
      vertex 47.2708 8.33511 34
      vertex 40.9609 9.56754 34
      vertex 41.7629 5.01891 34
    endloop
  endfacet
  facet normal 0 0 1
    outer loop
      vertex 35.2184 15 34
      vertex 45.1052 16.417 34
      vertex 37.5278 19 34
    endloop
  endfacet
  facet normal 0 0 1
    outer loop
      vertex 35.2184 23 34
      vertex 41.5692 24 34
      vertex 36.7701 30.8538 34
    endloop
  endfacet
  facet normal 0 0 1
    outer loop
      vertex 41.5692 24 34
      vertex 35.2184 23 34
      vertex 37.5278 19 34
    endloop
  endfacet
  facet normal 0 0 1
    outer loop
      vertex 28.7662 30.6894 34
      vertex 36.7701 30.8538 34
      vertex 30.8538 36.7701 34
    endloop
  endfacet
  facet normal 0 0 1
    outer loop
      vertex 27.9641 26.1408 34
      vertex 36.7701 30.8538 34
      vertex 28.7662 30.6894 34
    endloop
  endfacet
  facet normal 0 0 1
    outer loop
      vertex 36.7701 30.8538 34
      vertex 30.5996 23 34
      vertex 35.2184 23 34
    endloop
  endfacet
  facet normal 0 0 1
    outer loop
      vertex 30.8538 36.7701 34
      vertex 25.228 33.6583 34
      vertex 28.7662 30.6894 34
    endloop
  endfacet
  facet normal 0 0 1
    outer loop
      vertex 24 41.5692 34
      vertex 25.228 33.6583 34
      vertex 30.8538 36.7701 34
    endloop
  endfacet
  facet normal 0 0 1
    outer loop
      vertex 24 41.5692 34
      vertex 20.8877 32.0786 34
      vertex 25.228 33.6583 34
    endloop
  endfacet
  facet normal -0 0 1
    outer loop
      vertex 13.7988 31.1597 34
      vertex 20.0857 27.53 34
      vertex 17.337 34.1286 34
    endloop
  endfacet
  facet normal 0 0 1
    outer loop
      vertex 17.337 34.1286 34
      vertex 20.0857 27.53 34
      vertex 20.8877 32.0786 34
    endloop
  endfacet
  facet normal 0 0 1
    outer loop
      vertex 20.0857 27.53 34
      vertex 17.2 22.4012 34
      vertex 19.0741 20.8286 34
    endloop
  endfacet
  facet normal 0 0 1
    outer loop
      vertex 17.2 22.4012 34
      vertex 20.0857 27.53 34
      vertex 17.2 26.0962 34
    endloop
  endfacet
  facet normal 0 0 1
    outer loop
      vertex 24 41.5692 34
      vertex 17.337 34.1286 34
      vertex 20.8877 32.0786 34
    endloop
  endfacet
  facet normal 0 0 1
    outer loop
      vertex 24 41.5692 34
      vertex 16.535 38.6772 34
      vertex 17.337 34.1286 34
    endloop
  endfacet
  facet normal 0 0 1
    outer loop
      vertex 16.417 45.1052 34
      vertex 16.535 38.6772 34
      vertex 24 41.5692 34
    endloop
  endfacet
  facet normal 0 0 1
    outer loop
      vertex 16.417 45.1052 34
      vertex 12.1947 40.257 34
      vertex 16.535 38.6772 34
    endloop
  endfacet
  facet normal 0 0 1
    outer loop
      vertex 8.33511 47.2708 34
      vertex 12.1947 40.257 34
      vertex 16.417 45.1052 34
    endloop
  endfacet
  facet normal 0 0 1
    outer loop
      vertex 10.8 -26.0962 34
      vertex 8.50105 -26.933 34
      vertex 9.45856 -32.7394 34
    endloop
  endfacet
  facet normal 0 0 1
    outer loop
      vertex 12.1947 40.257 34
      vertex 8.33511 47.2708 34
      vertex 8.65651 37.288 34
    endloop
  endfacet
  facet normal -0 0 1
    outer loop
      vertex 4.6188 38 34
      vertex 8.65651 37.288 34
      vertex 8.33511 47.2708 34
    endloop
  endfacet
  facet normal 0 0 1
    outer loop
      vertex 9.45856 32.7394 34
      vertex 7.23728 30.4052 34
      vertex 8.50105 26.933 34
    endloop
  endfacet
  facet normal -0 0 1
    outer loop
      vertex 2.3094 34 34
      vertex 9.45856 32.7394 34
      vertex 4.6188 38 34
    endloop
  endfacet
  facet normal 0 0 1
    outer loop
      vertex 8.33511 47.2708 34
      vertex 2.3094 42 34
      vertex 4.6188 38 34
    endloop
  endfacet
  facet normal 0 0 1
    outer loop
      vertex 0 48 34
      vertex 2.3094 42 34
      vertex 8.33511 47.2708 34
    endloop
  endfacet
  facet normal 0 0 1
    outer loop
      vertex 0 48 34
      vertex -2.3094 42 34
      vertex 2.3094 42 34
    endloop
  endfacet
  facet normal -0 0 1
    outer loop
      vertex -8.33511 47.2708 34
      vertex -2.3094 42 34
      vertex 0 48 34
    endloop
  endfacet
  facet normal 0 0 1
    outer loop
      vertex -2.3094 42 34
      vertex -8.33511 47.2708 34
      vertex -4.6188 38 34
    endloop
  endfacet
  facet normal 0 0 1
    outer loop
      vertex -8.65651 37.288 34
      vertex -4.6188 38 34
      vertex -8.33511 47.2708 34
    endloop
  endfacet
  facet normal 0 0 1
    outer loop
      vertex -9.45856 32.7394 34
      vertex -2.3094 34 34
      vertex -8.65651 37.288 34
    endloop
  endfacet
  facet normal 0 0 1
    outer loop
      vertex -7.23728 30.4052 34
      vertex -9.45856 32.7394 34
      vertex -8.50105 26.933 34
    endloop
  endfacet
  facet normal 0 0 1
    outer loop
      vertex -2.3094 34 34
      vertex -9.45856 32.7394 34
      vertex -7.23728 30.4052 34
    endloop
  endfacet
  facet normal 0 0 1
    outer loop
      vertex -8.33511 47.2708 34
      vertex -12.1947 40.257 34
      vertex -8.65651 37.288 34
    endloop
  endfacet
  facet normal -0 0 1
    outer loop
      vertex -16.417 45.1052 34
      vertex -12.1947 40.257 34
      vertex -8.33511 47.2708 34
    endloop
  endfacet
  facet normal 0 0 1
    outer loop
      vertex -16.417 45.1052 34
      vertex -16.535 38.6772 34
      vertex -12.1947 40.257 34
    endloop
  endfacet
  facet normal -0 0 1
    outer loop
      vertex -24 41.5692 34
      vertex -16.535 38.6772 34
      vertex -16.417 45.1052 34
    endloop
  endfacet
  facet normal -0 0 1
    outer loop
      vertex -19.0741 -20.8286 34
      vertex -17.2 -22.4012 34
      vertex -17.8103 -17.3564 34
    endloop
  endfacet
  facet normal 0 0 1
    outer loop
      vertex -17.2 22.4012 34
      vertex -19.0741 20.8286 34
      vertex -17.8103 17.3564 34
    endloop
  endfacet
  facet normal 0 0 1
    outer loop
      vertex -16.535 38.6772 34
      vertex -24 41.5692 34
      vertex -17.337 34.1286 34
    endloop
  endfacet
  facet normal 0 0 1
    outer loop
      vertex -17.2 22.4012 34
      vertex -20.0857 27.53 34
      vertex -19.0741 20.8286 34
    endloop
  endfacet
  facet normal 0 0 1
    outer loop
      vertex -17.337 34.1286 34
      vertex -20.8877 32.0786 34
      vertex -20.0857 27.53 34
    endloop
  endfacet
  facet normal 0 0 1
    outer loop
      vertex -17.337 34.1286 34
      vertex -24 41.5692 34
      vertex -20.8877 32.0786 34
    endloop
  endfacet
  facet normal 0 0 1
    outer loop
      vertex -24 41.5692 34
      vertex -25.228 33.6583 34
      vertex -20.8877 32.0786 34
    endloop
  endfacet
  facet normal -0 0 1
    outer loop
      vertex -30.8538 36.7701 34
      vertex -25.228 33.6583 34
      vertex -24 41.5692 34
    endloop
  endfacet
  facet normal 0 0 1
    outer loop
      vertex -25.228 33.6583 34
      vertex -30.8538 36.7701 34
      vertex -28.7662 30.6894 34
    endloop
  endfacet
  facet normal -0 0 1
    outer loop
      vertex -36.7701 30.8538 34
      vertex -28.7662 30.6894 34
      vertex -30.8538 36.7701 34
    endloop
  endfacet
  facet normal 0 0 1
    outer loop
      vertex -27.9641 26.1408 34
      vertex -36.7701 30.8538 34
      vertex -30.5996 23 34
    endloop
  endfacet
  facet normal 0 0 1
    outer loop
      vertex -30.5996 23 34
      vertex -36.7701 30.8538 34
      vertex -35.2184 23 34
    endloop
  endfacet
  facet normal -0 0 1
    outer loop
      vertex -41.5692 24 34
      vertex -35.2184 23 34
      vertex -36.7701 30.8538 34
    endloop
  endfacet
  facet normal 0 0 1
    outer loop
      vertex -35.2184 23 34
      vertex -41.5692 24 34
      vertex -37.5278 19 34
    endloop
  endfacet
  facet normal 0 0 1
    outer loop
      vertex -45.1052 16.417 34
      vertex -37.5278 19 34
      vertex -41.5692 24 34
    endloop
  endfacet
  facet normal 0 0 1
    outer loop
      vertex -36.6206 11.1473 34
      vertex -45.1052 16.417 34
      vertex -40.9609 9.56754 34
    endloop
  endfacet
  facet normal 0 0 1
    outer loop
      vertex -40.9609 9.56754 34
      vertex -47.2708 8.33511 34
      vertex -41.7629 5.01891 34
    endloop
  endfacet
  facet normal 0 0 1
    outer loop
      vertex -47.2708 8.33511 34
      vertex -40.9609 9.56754 34
      vertex -45.1052 16.417 34
    endloop
  endfacet
  facet normal 0 0 1
    outer loop
      vertex 40.9609 -9.56754 34
      vertex 47.2708 -8.33511 34
      vertex 41.7629 -5.01891 34
    endloop
  endfacet
  facet normal 0 0 1
    outer loop
      vertex 47.2708 -8.33511 34
      vertex 40.9609 -9.56754 34
      vertex 45.1052 -16.417 34
    endloop
  endfacet
  facet normal -0 0 1
    outer loop
      vertex 36.6206 -11.1473 34
      vertex 45.1052 -16.417 34
      vertex 40.9609 -9.56754 34
    endloop
  endfacet
  facet normal 0 0 1
    outer loop
      vertex 45.1052 -16.417 34
      vertex 37.5278 -19 34
      vertex 41.5692 -24 34
    endloop
  endfacet
  facet normal -0 0 1
    outer loop
      vertex 35.2184 -23 34
      vertex 41.5692 -24 34
      vertex 37.5278 -19 34
    endloop
  endfacet
  facet normal 0 0 1
    outer loop
      vertex 41.5692 -24 34
      vertex 35.2184 -23 34
      vertex 36.7701 -30.8538 34
    endloop
  endfacet
  facet normal -0 0 1
    outer loop
      vertex 30.5996 -23 34
      vertex 36.7701 -30.8538 34
      vertex 35.2184 -23 34
    endloop
  endfacet
  facet normal 0 0 1
    outer loop
      vertex 36.7701 -30.8538 34
      vertex 30.5996 -23 34
      vertex 28.7662 -30.6894 34
    endloop
  endfacet
  facet normal 0 0 1
    outer loop
      vertex 36.7701 -30.8538 34
      vertex 28.7662 -30.6894 34
      vertex 30.8538 -36.7701 34
    endloop
  endfacet
  facet normal -0 0 1
    outer loop
      vertex 25.228 -33.6583 34
      vertex 30.8538 -36.7701 34
      vertex 28.7662 -30.6894 34
    endloop
  endfacet
  facet normal 0 0 1
    outer loop
      vertex 25.228 -33.6583 34
      vertex 24 -41.5692 34
      vertex 30.8538 -36.7701 34
    endloop
  endfacet
  facet normal 0 0 1
    outer loop
      vertex 20.8877 -32.0786 34
      vertex 24 -41.5692 34
      vertex 25.228 -33.6583 34
    endloop
  endfacet
  facet normal 0 0 1
    outer loop
      vertex 17.337 -34.1286 34
      vertex 19.0741 -20.8286 34
      vertex 17.8103 -17.3564 34
    endloop
  endfacet
  facet normal 0 0 1
    outer loop
      vertex 19.0741 -20.8286 34
      vertex 17.337 -34.1286 34
      vertex 20.0857 -27.53 34
    endloop
  endfacet
  facet normal 0 0 1
    outer loop
      vertex 19.0741 20.8286 34
      vertex 17.2 22.4012 34
      vertex 17.8103 17.3564 34
    endloop
  endfacet
  facet normal 0 0 1
    outer loop
      vertex 20.0857 -27.53 34
      vertex 17.337 -34.1286 34
      vertex 20.8877 -32.0786 34
    endloop
  endfacet
  facet normal -0 0 1
    outer loop
      vertex 17.337 -34.1286 34
      vertex 24 -41.5692 34
      vertex 20.8877 -32.0786 34
    endloop
  endfacet
  facet normal -0 0 1
    outer loop
      vertex 16.535 -38.6772 34
      vertex 24 -41.5692 34
      vertex 17.337 -34.1286 34
    endloop
  endfacet
  facet normal 0 0 1
    outer loop
      vertex 16.535 -38.6772 34
      vertex 16.417 -45.1052 34
      vertex 24 -41.5692 34
    endloop
  endfacet
  facet normal -0 0 1
    outer loop
      vertex 12.1947 -40.257 34
      vertex 16.417 -45.1052 34
      vertex 16.535 -38.6772 34
    endloop
  endfacet
  facet normal 0 0 1
    outer loop
      vertex 8.33511 -47.2708 34
      vertex 12.1947 -40.257 34
      vertex 8.65651 -37.288 34
    endloop
  endfacet
  facet normal -0 0 1
    outer loop
      vertex 7.23728 -30.4052 34
      vertex 9.45856 -32.7394 34
      vertex 8.50105 -26.933 34
    endloop
  endfacet
  facet normal 0 0 1
    outer loop
      vertex 12.1947 -40.257 34
      vertex 8.33511 -47.2708 34
      vertex 16.417 -45.1052 34
    endloop
  endfacet
  facet normal -0 0 1
    outer loop
      vertex 3.59837 -31.0468 34
      vertex 9.45856 -32.7394 34
      vertex 7.23728 -30.4052 34
    endloop
  endfacet
  facet normal 0 0 1
    outer loop
      vertex 9.45856 -32.7394 34
      vertex 4.6188 -38 34
      vertex 8.65651 -37.288 34
    endloop
  endfacet
  facet normal 0 0 1
    outer loop
      vertex 8.65651 -37.288 34
      vertex 4.6188 -38 34
      vertex 8.33511 -47.2708 34
    endloop
  endfacet
  facet normal -0 0 1
    outer loop
      vertex 2.3094 -42 34
      vertex 8.33511 -47.2708 34
      vertex 4.6188 -38 34
    endloop
  endfacet
  facet normal 0 0 1
    outer loop
      vertex 2.3094 -42 34
      vertex 0 -48 34
      vertex 8.33511 -47.2708 34
    endloop
  endfacet
  facet normal -0 0 1
    outer loop
      vertex -2.3094 -42 34
      vertex 0 -48 34
      vertex 2.3094 -42 34
    endloop
  endfacet
  facet normal 0 0 1
    outer loop
      vertex -8.33511 -47.2708 34
      vertex -2.3094 -42 34
      vertex -4.6188 -38 34
    endloop
  endfacet
  facet normal 0 0 1
    outer loop
      vertex -2.3094 -42 34
      vertex -8.33511 -47.2708 34
      vertex 0 -48 34
    endloop
  endfacet
  facet normal 0 0 1
    outer loop
      vertex -2.3094 -34 34
      vertex -8.65651 -37.288 34
      vertex -4.6188 -38 34
    endloop
  endfacet
  facet normal 0 0 1
    outer loop
      vertex -8.65651 -37.288 34
      vertex -7.23728 -30.4052 34
      vertex -8.50105 -26.933 34
    endloop
  endfacet
  facet normal 0 0 1
    outer loop
      vertex -10.8 22.4012 34
      vertex -8.50105 26.933 34
      vertex -9.45856 32.7394 34
    endloop
  endfacet
  facet normal 0 0 1
    outer loop
      vertex -4.6188 -38 34
      vertex -8.65651 -37.288 34
      vertex -8.33511 -47.2708 34
    endloop
  endfacet
  facet normal -0 0 1
    outer loop
      vertex -12.1947 -40.257 34
      vertex -8.33511 -47.2708 34
      vertex -8.65651 -37.288 34
    endloop
  endfacet
  facet normal 0 0 1
    outer loop
      vertex -12.1947 -40.257 34
      vertex -16.417 -45.1052 34
      vertex -8.33511 -47.2708 34
    endloop
  endfacet
  facet normal 0 0 1
    outer loop
      vertex -16.535 -38.6772 34
      vertex -16.417 -45.1052 34
      vertex -12.1947 -40.257 34
    endloop
  endfacet
  facet normal 0 0 1
    outer loop
      vertex -24 -41.5692 34
      vertex -16.535 -38.6772 34
      vertex -17.337 -34.1286 34
    endloop
  endfacet
  facet normal 0 0 1
    outer loop
      vertex -20.0857 -27.53 34
      vertex -17.2 -22.4012 34
      vertex -19.0741 -20.8286 34
    endloop
  endfacet
  facet normal 0 0 1
    outer loop
      vertex -17.2 -22.4012 34
      vertex -20.0857 -27.53 34
      vertex -17.2 -26.0962 34
    endloop
  endfacet
  facet normal 0 0 1
    outer loop
      vertex -13.7988 -31.1597 34
      vertex -20.0857 -27.53 34
      vertex -17.337 -34.1286 34
    endloop
  endfacet
  facet normal -0 0 1
    outer loop
      vertex -20.8877 -32.0786 34
      vertex -17.337 -34.1286 34
      vertex -20.0857 -27.53 34
    endloop
  endfacet
  facet normal 0 0 1
    outer loop
      vertex -24 -41.5692 34
      vertex -17.337 -34.1286 34
      vertex -20.8877 -32.0786 34
    endloop
  endfacet
  facet normal 0 0 1
    outer loop
      vertex -16.535 -38.6772 34
      vertex -24 -41.5692 34
      vertex -16.417 -45.1052 34
    endloop
  endfacet
  facet normal -0 0 1
    outer loop
      vertex -25.228 -33.6583 34
      vertex -24 -41.5692 34
      vertex -20.8877 -32.0786 34
    endloop
  endfacet
  facet normal 0 0 1
    outer loop
      vertex -30.8538 -36.7701 34
      vertex -25.228 -33.6583 34
      vertex -28.7662 -30.6894 34
    endloop
  endfacet
  facet normal 0 0 1
    outer loop
      vertex -25.228 -33.6583 34
      vertex -30.8538 -36.7701 34
      vertex -24 -41.5692 34
    endloop
  endfacet
  facet normal 0 0 1
    outer loop
      vertex -27.9641 -26.1408 34
      vertex -36.7701 -30.8538 34
      vertex -28.7662 -30.6894 34
    endloop
  endfacet
  facet normal 0 0 1
    outer loop
      vertex -36.7701 -30.8538 34
      vertex -30.5996 -23 34
      vertex -35.2184 -23 34
    endloop
  endfacet
  facet normal 0 0 1
    outer loop
      vertex -28.7662 -30.6894 34
      vertex -36.7701 -30.8538 34
      vertex -30.8538 -36.7701 34
    endloop
  endfacet
  facet normal 0 0 1
    outer loop
      vertex -41.5692 -24 34
      vertex -35.2184 -23 34
      vertex -37.5278 -19 34
    endloop
  endfacet
  facet normal 0 0 1
    outer loop
      vertex -35.2184 -15 34
      vertex -45.1052 -16.417 34
      vertex -37.5278 -19 34
    endloop
  endfacet
  facet normal 0 0 1
    outer loop
      vertex -35.2184 -23 34
      vertex -41.5692 -24 34
      vertex -36.7701 -30.8538 34
    endloop
  endfacet
  facet normal -0 0 1
    outer loop
      vertex -47.2708 -8.33511 34
      vertex -40.9609 -9.56754 34
      vertex -41.7629 -5.01891 34
    endloop
  endfacet
  facet normal 0 0 1
    outer loop
      vertex -48 0 34
      vertex -41.7629 5.01891 34
      vertex -47.2708 8.33511 34
    endloop
  endfacet
  facet normal 0 0 1
    outer loop
      vertex -37.5278 -19 34
      vertex -45.1052 -16.417 34
      vertex -41.5692 -24 34
    endloop
  endfacet
  facet normal 0 0 1
    outer loop
      vertex -38.2247 -2.05 34
      vertex -48 0 34
      vertex -41.7629 -5.01891 34
    endloop
  endfacet
  facet normal 0 0 1
    outer loop
      vertex -40.9609 -9.56754 34
      vertex -47.2708 -8.33511 34
      vertex -45.1052 -16.417 34
    endloop
  endfacet
  facet normal 0 0 1
    outer loop
      vertex -41.7629 -5.01891 34
      vertex -48 0 34
      vertex -47.2708 -8.33511 34
    endloop
  endfacet
  facet normal 0 0 1
    outer loop
      vertex 45.1052 16.417 34
      vertex 36.6206 11.1473 34
      vertex 40.9609 9.56754 34
    endloop
  endfacet
  facet normal 0 0 1
    outer loop
      vertex 45.1052 16.417 34
      vertex 35.2184 15 34
      vertex 36.6206 11.1473 34
    endloop
  endfacet
  facet normal 0 0 1
    outer loop
      vertex 35.2184 15 34
      vertex 33.0824 8.17835 34
      vertex 36.6206 11.1473 34
    endloop
  endfacet
  facet normal -0 0 1
    outer loop
      vertex 31.2 -1.84752 34
      vertex 33.8845 -3.62972 34
      vertex 31.2 1.84752 34
    endloop
  endfacet
  facet normal -0 0 1
    outer loop
      vertex 30.5996 15 34
      vertex 33.0824 8.17835 34
      vertex 35.2184 15 34
    endloop
  endfacet
  facet normal -0 0 1
    outer loop
      vertex 29.9503 8.93493 34
      vertex 33.0824 8.17835 34
      vertex 30.5996 15 34
    endloop
  endfacet
  facet normal 0 0 1
    outer loop
      vertex 27.5752 6.10436 34
      vertex 33.0824 8.17835 34
      vertex 29.9503 8.93493 34
    endloop
  endfacet
  facet normal 0 0 1
    outer loop
      vertex 33.8845 3.62972 34
      vertex 28 3.69504 34
      vertex 31.2 1.84752 34
    endloop
  endfacet
  facet normal 0 0 1
    outer loop
      vertex 33.0824 8.17835 34
      vertex 27.5752 6.10436 34
      vertex 28 3.69504 34
    endloop
  endfacet
  facet normal 0 0 1
    outer loop
      vertex 27.5752 6.10436 34
      vertex 24.8 1.84752 34
      vertex 28 3.69504 34
    endloop
  endfacet
  facet normal 0 0 1
    outer loop
      vertex 5.41644 0.955065 34
      vertex 24.8 1.84752 34
      vertex 23.9363 6.746 34
    endloop
  endfacet
  facet normal 0 0 1
    outer loop
      vertex 23.9363 6.746 34
      vertex 24.8 1.84752 34
      vertex 27.5752 6.10436 34
    endloop
  endfacet
  facet normal -0 0 1
    outer loop
      vertex 28.6865 -12.4071 34
      vertex 30.5996 -15 34
      vertex 29.9503 -8.93493 34
    endloop
  endfacet
  facet normal -0 0 1
    outer loop
      vertex 25.0476 -13.0488 34
      vertex 30.5996 -15 34
      vertex 28.6865 -12.4071 34
    endloop
  endfacet
  facet normal 0 0 1
    outer loop
      vertex 23.6239 -24.5611 34
      vertex 28.2902 -19 34
      vertex 25.0882 -18.6397 34
    endloop
  endfacet
  facet normal 0 0 1
    outer loop
      vertex 30.5996 -15 34
      vertex 25.0476 -13.0488 34
      vertex 28.2902 -19 34
    endloop
  endfacet
  facet normal -0 0 1
    outer loop
      vertex 23.8244 -15.1675 34
      vertex 28.2902 -19 34
      vertex 25.0476 -13.0488 34
    endloop
  endfacet
  facet normal 0 0 1
    outer loop
      vertex 28.2902 -19 34
      vertex 23.8244 -15.1675 34
      vertex 25.0882 -18.6397 34
    endloop
  endfacet
  facet normal 0 0 1
    outer loop
      vertex 22.6725 -10.2182 34
      vertex 23.8244 -15.1675 34
      vertex 25.0476 -13.0488 34
    endloop
  endfacet
  facet normal 0 0 1
    outer loop
      vertex 22.6725 -10.2182 34
      vertex 20.1855 -14.5258 34
      vertex 23.8244 -15.1675 34
    endloop
  endfacet
  facet normal -0 0 1
    outer loop
      vertex 5.41644 -0.955065 34
      vertex 24.8 -1.84752 34
      vertex 5.5 0 34
    endloop
  endfacet
  facet normal 0 0 1
    outer loop
      vertex 5.41644 0.955065 34
      vertex 20.1855 14.5258 34
      vertex 17.8103 17.3564 34
    endloop
  endfacet
  facet normal 0 0 1
    outer loop
      vertex 24.8 -1.84752 34
      vertex 5.41644 -0.955065 34
      vertex 23.9363 -6.746 34
    endloop
  endfacet
  facet normal 0 0 1
    outer loop
      vertex 36.7701 30.8538 34
      vertex 27.9641 26.1408 34
      vertex 30.5996 23 34
    endloop
  endfacet
  facet normal 0 0 1
    outer loop
      vertex 30.5996 23 34
      vertex 27.9641 26.1408 34
      vertex 28.2902 19 34
    endloop
  endfacet
  facet normal -0.965903 0.258903 0
    outer loop
      vertex -45.1052 16.417 0
      vertex -45.3273 15.5884 5.58672
      vertex -45.1052 16.417 5.69349
    endloop
  endfacet
  facet normal -0.965924 0.258826 -1.22182e-05
    outer loop
      vertex -45.9292 13.342 2.5
      vertex -45.3273 15.5884 5.58672
      vertex -45.1052 16.417 0
    endloop
  endfacet
  facet normal -0.965928 0.258811 -1.18319e-19
    outer loop
      vertex -45.9292 13.342 2.5
      vertex -45.6249 14.4777 7.58683
      vertex -45.6249 14.4777 5.4436
    endloop
  endfacet
  facet normal -0.965928 0.258811 0
    outer loop
      vertex -45.9292 13.342 12.5
      vertex -45.6249 14.4777 7.58683
      vertex -45.9292 13.342 2.5
    endloop
  endfacet
  facet normal -0.965928 0.25881 5.25415e-07
    outer loop
      vertex -45.3273 15.5884 5.58672
      vertex -45.9292 13.342 2.5
      vertex -45.6249 14.4777 5.4436
    endloop
  endfacet
  facet normal -0.965932 0.258795 -5.3119e-05
    outer loop
      vertex -45.1052 16.417 0
      vertex -46.4468 11.4101 2.5
      vertex -45.9292 13.342 2.5
    endloop
  endfacet
  facet normal -0.965912 0.258869 0
    outer loop
      vertex -46.7512 10.2743 7.58683
      vertex -46.4468 11.4101 2.5
      vertex -46.7512 10.2743 5.4436
    endloop
  endfacet
  facet normal -0.965924 0.258826 1.33389e-05
    outer loop
      vertex -47.2708 8.33511 0
      vertex -46.4468 11.4101 2.5
      vertex -45.1052 16.417 0
    endloop
  endfacet
  facet normal -0.965921 0.258836 0
    outer loop
      vertex -47.2708 8.33511 5.69349
      vertex -46.4468 11.4101 2.5
      vertex -47.2708 8.33511 0
    endloop
  endfacet
  facet normal -0.965927 0.258814 -2.27497e-05
    outer loop
      vertex -46.4468 11.4101 2.5
      vertex -47.2708 8.33511 5.69349
      vertex -46.7512 10.2743 5.4436
    endloop
  endfacet
  facet normal -0.965918 0.258848 1.55603e-05
    outer loop
      vertex -45.9292 13.342 12.5
      vertex -45.1052 16.417 9.87777
      vertex -45.6249 14.4777 9.62787
    endloop
  endfacet
  facet normal -0.965928 0.258811 0
    outer loop
      vertex -45.6249 14.4777 7.58683
      vertex -45.9292 13.342 12.5
      vertex -45.6249 14.4777 9.62787
    endloop
  endfacet
  facet normal -0.965921 0.258836 0
    outer loop
      vertex -45.1052 16.417 9.87777
      vertex -45.9292 13.342 12.5
      vertex -45.1052 16.417 15
    endloop
  endfacet
  facet normal -0.965932 0.258795 5.3119e-05
    outer loop
      vertex -46.4468 11.4101 12.5
      vertex -45.1052 16.417 15
      vertex -45.9292 13.342 12.5
    endloop
  endfacet
  facet normal -0.965912 0.258869 0
    outer loop
      vertex -46.4468 11.4101 2.5
      vertex -46.7512 10.2743 7.58683
      vertex -46.4468 11.4101 12.5
    endloop
  endfacet
  facet normal -0.965912 0.258869 0
    outer loop
      vertex -46.7512 10.2743 9.62787
      vertex -46.4468 11.4101 12.5
      vertex -46.7512 10.2743 7.58683
    endloop
  endfacet
  facet normal -0.965926 0.25882 2.10821e-05
    outer loop
      vertex -47.2708 8.33511 9.87777
      vertex -46.4468 11.4101 12.5
      vertex -46.7512 10.2743 9.62787
    endloop
  endfacet
  facet normal -0.965924 0.258826 -1.33389e-05
    outer loop
      vertex -46.4468 11.4101 12.5
      vertex -47.2708 8.33511 15
      vertex -45.1052 16.417 15
    endloop
  endfacet
  facet normal -0.965921 0.258836 0
    outer loop
      vertex -47.2708 8.33511 15
      vertex -46.4468 11.4101 12.5
      vertex -47.2708 8.33511 9.87777
    endloop
  endfacet
  facet normal -0.965902 0.258909 0
    outer loop
      vertex -45.1052 16.417 19
      vertex -45.3651 15.4474 21.5
      vertex -45.1052 16.417 21.5
    endloop
  endfacet
  facet normal -0.965932 0.258797 0
    outer loop
      vertex -45.6704 14.3079 26.4398
      vertex -45.3651 15.4474 21.5
      vertex -45.6704 14.3079 24.3831
    endloop
  endfacet
  facet normal -0.965927 0.258816 -3.87016e-05
    outer loop
      vertex -47.011 9.30473 21.5
      vertex -45.3651 15.4474 21.5
      vertex -45.1052 16.417 19
    endloop
  endfacet
  facet normal -0.965927 0.258816 3.06995e-05
    outer loop
      vertex -46.4459 11.4134 24.3831
      vertex -45.3651 15.4474 21.5
      vertex -47.011 9.30473 21.5
    endloop
  endfacet
  facet normal -0.965932 0.258794 -9.95433e-07
    outer loop
      vertex -45.3651 15.4474 21.5
      vertex -46.4459 11.4134 24.3831
      vertex -45.6704 14.3079 24.3831
    endloop
  endfacet
  facet normal -0.965909 0.258882 0
    outer loop
      vertex -46.7056 10.4442 24.3831
      vertex -47.011 9.30473 21.5
      vertex -46.7056 10.4442 28.5674
    endloop
  endfacet
  facet normal -0.965925 0.258822 2.53454e-05
    outer loop
      vertex -46.4459 11.4134 24.3831
      vertex -47.011 9.30473 21.5
      vertex -46.7056 10.4442 24.3831
    endloop
  endfacet
  facet normal -0.965924 0.258826 -6.40851e-06
    outer loop
      vertex -47.2708 8.33511 19
      vertex -47.011 9.30473 21.5
      vertex -45.1052 16.417 19
    endloop
  endfacet
  facet normal -0.965928 0.258811 7.74413e-18
    outer loop
      vertex -47.011 9.30473 21.5
      vertex -47.2708 8.33511 19
      vertex -47.2708 8.33511 21.5
    endloop
  endfacet
  facet normal -0.965902 0.258909 -1.08331e-17
    outer loop
      vertex -45.3651 15.4474 31.5
      vertex -45.1052 16.417 34
      vertex -45.1052 16.417 31.5
    endloop
  endfacet
  facet normal -0.965932 0.258797 0
    outer loop
      vertex -45.3651 15.4474 21.5
      vertex -45.6704 14.3079 26.4398
      vertex -45.3651 15.4474 31.5
    endloop
  endfacet
  facet normal -0.965932 0.258797 0
    outer loop
      vertex -45.6704 14.3079 28.5674
      vertex -45.3651 15.4474 31.5
      vertex -45.6704 14.3079 26.4398
    endloop
  endfacet
  facet normal -0.965927 0.258816 -7.82324e-06
    outer loop
      vertex -47.011 9.30473 31.5
      vertex -45.3651 15.4474 31.5
      vertex -45.6704 14.3079 28.5674
    endloop
  endfacet
  facet normal -0.965931 0.258801 -3.36424e-05
    outer loop
      vertex -47.011 9.30473 31.5
      vertex -45.6704 14.3079 28.5674
      vertex -46.7056 10.4442 28.5674
    endloop
  endfacet
  facet normal -0.965909 0.258882 0
    outer loop
      vertex -47.011 9.30473 31.5
      vertex -46.7056 10.4442 28.5674
      vertex -47.011 9.30473 21.5
    endloop
  endfacet
  facet normal -0.965927 0.258816 3.87016e-05
    outer loop
      vertex -45.3651 15.4474 31.5
      vertex -47.011 9.30473 31.5
      vertex -45.1052 16.417 34
    endloop
  endfacet
  facet normal -0.965928 0.258811 0
    outer loop
      vertex -47.2708 8.33511 34
      vertex -47.011 9.30473 31.5
      vertex -47.2708 8.33511 31.5
    endloop
  endfacet
  facet normal -0.965924 0.258826 6.40851e-06
    outer loop
      vertex -47.011 9.30473 31.5
      vertex -47.2708 8.33511 34
      vertex -45.1052 16.417 34
    endloop
  endfacet
  facet normal -0.819142 0.573591 -2.02903e-17
    outer loop
      vertex -38.5961 28.2461 2.5
      vertex -36.7701 30.8538 5.69349
      vertex -36.7701 30.8538 0
    endloop
  endfacet
  facet normal -0.81914 0.573594 0
    outer loop
      vertex -38.5961 28.2461 12.5
      vertex -37.9217 29.2092 7.51823
      vertex -38.5961 28.2461 2.5
    endloop
  endfacet
  facet normal -0.81914 0.573594 0
    outer loop
      vertex -37.9217 29.2092 5.4436
      vertex -38.5961 28.2461 2.5
      vertex -37.9217 29.2092 7.51823
    endloop
  endfacet
  facet normal -0.819143 0.573589 2.18658e-06
    outer loop
      vertex -36.7701 30.8538 5.69349
      vertex -38.5961 28.2461 2.5
      vertex -37.9217 29.2092 5.4436
    endloop
  endfacet
  facet normal -0.819157 0.57357 -3.29903e-05
    outer loop
      vertex -36.7701 30.8538 0
      vertex -39.7433 26.6077 2.5
      vertex -38.5961 28.2461 2.5
    endloop
  endfacet
  facet normal -0.81914 0.573594 0
    outer loop
      vertex -40.4177 25.6446 7.51823
      vertex -39.7433 26.6077 2.5
      vertex -40.4177 25.6446 5.4436
    endloop
  endfacet
  facet normal -0.819151 0.573578 -1.24131e-05
    outer loop
      vertex -41.5692 24 0
      vertex -39.7433 26.6077 2.5
      vertex -36.7701 30.8538 0
    endloop
  endfacet
  facet normal -0.819157 0.57357 0
    outer loop
      vertex -41.5692 24 5.69349
      vertex -39.7433 26.6077 2.5
      vertex -41.5692 24 0
    endloop
  endfacet
  facet normal -0.819168 0.573554 -1.93361e-05
    outer loop
      vertex -39.7433 26.6077 2.5
      vertex -41.5692 24 5.69349
      vertex -40.4177 25.6446 5.4436
    endloop
  endfacet
  facet normal -0.819143 0.57359 -2.02633e-06
    outer loop
      vertex -38.5961 28.2461 12.5
      vertex -36.7701 30.8538 9.87777
      vertex -37.9217 29.2092 9.62787
    endloop
  endfacet
  facet normal -0.81914 0.573594 0
    outer loop
      vertex -37.9217 29.2092 7.51823
      vertex -38.5961 28.2461 12.5
      vertex -37.9217 29.2092 9.62787
    endloop
  endfacet
  facet normal -0.819142 0.573591 0
    outer loop
      vertex -36.7701 30.8538 9.87777
      vertex -38.5961 28.2461 12.5
      vertex -36.7701 30.8538 15
    endloop
  endfacet
  facet normal -0.819157 0.57357 3.29903e-05
    outer loop
      vertex -39.7433 26.6077 12.5
      vertex -36.7701 30.8538 15
      vertex -38.5961 28.2461 12.5
    endloop
  endfacet
  facet normal -0.81914 0.573594 0
    outer loop
      vertex -39.7433 26.6077 2.5
      vertex -40.4177 25.6446 7.51823
      vertex -39.7433 26.6077 12.5
    endloop
  endfacet
  facet normal -0.81914 0.573594 0
    outer loop
      vertex -40.4177 25.6446 9.62787
      vertex -39.7433 26.6077 12.5
      vertex -40.4177 25.6446 7.51823
    endloop
  endfacet
  facet normal -0.819165 0.573558 1.7919e-05
    outer loop
      vertex -41.5692 24 9.87777
      vertex -39.7433 26.6077 12.5
      vertex -40.4177 25.6446 9.62787
    endloop
  endfacet
  facet normal -0.819151 0.573578 1.24131e-05
    outer loop
      vertex -39.7433 26.6077 12.5
      vertex -41.5692 24 15
      vertex -36.7701 30.8538 15
    endloop
  endfacet
  facet normal -0.819157 0.57357 0
    outer loop
      vertex -41.5692 24 15
      vertex -39.7433 26.6077 12.5
      vertex -41.5692 24 9.87777
    endloop
  endfacet
  facet normal -0.819143 0.573589 0
    outer loop
      vertex -36.7701 30.8538 19
      vertex -37.3459 30.0315 21.5
      vertex -36.7701 30.8538 21.5
    endloop
  endfacet
  facet normal -0.819156 0.57357 0
    outer loop
      vertex -37.3459 30.0315 21.5
      vertex -38.0225 29.0652 24.3831
      vertex -37.3459 30.0315 31.5
    endloop
  endfacet
  facet normal -0.819146 0.573585 -2.25685e-06
    outer loop
      vertex -40.9935 24.8223 21.5
      vertex -37.3459 30.0315 21.5
      vertex -36.7701 30.8538 19
    endloop
  endfacet
  facet normal -0.819105 0.573643 3.62054e-05
    outer loop
      vertex -37.3459 30.0315 21.5
      vertex -38.5981 28.2433 24.3831
      vertex -38.0225 29.0652 24.3831
    endloop
  endfacet
  facet normal -0.819146 0.573585 -1.75581e-05
    outer loop
      vertex -37.3459 30.0315 21.5
      vertex -40.9935 24.8223 21.5
      vertex -38.5981 28.2433 24.3831
    endloop
  endfacet
  facet normal -0.819116 0.573627 0
    outer loop
      vertex -40.3168 25.7886 24.3831
      vertex -40.9935 24.8223 21.5
      vertex -40.3168 25.7886 28.5674
    endloop
  endfacet
  facet normal -0.819168 0.573554 3.65394e-05
    outer loop
      vertex -38.5981 28.2433 24.3831
      vertex -40.9935 24.8223 21.5
      vertex -40.3168 25.7886 24.3831
    endloop
  endfacet
  facet normal -0.819151 0.573578 -2.71195e-05
    outer loop
      vertex -41.5692 24 19
      vertex -40.9935 24.8223 21.5
      vertex -36.7701 30.8538 19
    endloop
  endfacet
  facet normal -0.81919 0.573523 -1.51214e-18
    outer loop
      vertex -40.9935 24.8223 21.5
      vertex -41.5692 24 19
      vertex -41.5692 24 21.5
    endloop
  endfacet
  facet normal -0.819143 0.573589 6.86905e-18
    outer loop
      vertex -37.3459 30.0315 31.5
      vertex -36.7701 30.8538 34
      vertex -36.7701 30.8538 31.5
    endloop
  endfacet
  facet normal -0.819156 0.57357 0
    outer loop
      vertex -38.0225 29.0652 28.5674
      vertex -37.3459 30.0315 31.5
      vertex -38.0225 29.0652 24.3831
    endloop
  endfacet
  facet normal -0.819146 0.573585 -7.24015e-06
    outer loop
      vertex -38.6179 28.2149 28.5674
      vertex -37.3459 30.0315 31.5
      vertex -38.0225 29.0652 28.5674
    endloop
  endfacet
  facet normal -0.819146 0.573585 -6.85066e-06
    outer loop
      vertex -40.9935 24.8223 31.5
      vertex -37.3459 30.0315 31.5
      vertex -38.6179 28.2149 28.5674
    endloop
  endfacet
  facet normal -0.819154 0.573573 -2.64948e-05
    outer loop
      vertex -40.9935 24.8223 31.5
      vertex -38.6179 28.2149 28.5674
      vertex -40.3168 25.7886 28.5674
    endloop
  endfacet
  facet normal -0.819116 0.573627 0
    outer loop
      vertex -40.9935 24.8223 31.5
      vertex -40.3168 25.7886 28.5674
      vertex -40.9935 24.8223 21.5
    endloop
  endfacet
  facet normal -0.819146 0.573585 2.25685e-06
    outer loop
      vertex -37.3459 30.0315 31.5
      vertex -40.9935 24.8223 31.5
      vertex -36.7701 30.8538 34
    endloop
  endfacet
  facet normal -0.81919 0.573523 0
    outer loop
      vertex -41.5692 24 34
      vertex -40.9935 24.8223 31.5
      vertex -41.5692 24 31.5
    endloop
  endfacet
  facet normal -0.819151 0.573578 2.71195e-05
    outer loop
      vertex -40.9935 24.8223 31.5
      vertex -41.5692 24 34
      vertex -36.7701 30.8538 34
    endloop
  endfacet
  facet normal 0.965921 -0.258836 1.04122e-17
    outer loop
      vertex 46.4468 -11.4101 12.5
      vertex 47.2708 -8.33511 9.87777
      vertex 47.2708 -8.33511 15
    endloop
  endfacet
  facet normal 0.965912 -0.258869 0
    outer loop
      vertex 46.4468 -11.4101 2.5
      vertex 46.7512 -10.2743 7.58683
      vertex 46.4468 -11.4101 12.5
    endloop
  endfacet
  facet normal 0.965912 -0.258869 0
    outer loop
      vertex 46.7512 -10.2743 9.62787
      vertex 46.4468 -11.4101 12.5
      vertex 46.7512 -10.2743 7.58683
    endloop
  endfacet
  facet normal 0.965926 -0.25882 2.10821e-05
    outer loop
      vertex 47.2708 -8.33511 9.87777
      vertex 46.4468 -11.4101 12.5
      vertex 46.7512 -10.2743 9.62787
    endloop
  endfacet
  facet normal 0.965932 -0.258795 -5.41542e-05
    outer loop
      vertex 47.2708 -8.33511 15
      vertex 45.9292 -13.342 12.5
      vertex 46.4468 -11.4101 12.5
    endloop
  endfacet
  facet normal 0.965928 -0.258811 0
    outer loop
      vertex 45.6249 -14.4777 7.58683
      vertex 45.9292 -13.342 12.5
      vertex 45.6249 -14.4777 9.62787
    endloop
  endfacet
  facet normal 0.965924 -0.258826 1.23036e-05
    outer loop
      vertex 45.1052 -16.417 15
      vertex 45.9292 -13.342 12.5
      vertex 47.2708 -8.33511 15
    endloop
  endfacet
  facet normal 0.965921 -0.258836 0
    outer loop
      vertex 45.1052 -16.417 9.87777
      vertex 45.9292 -13.342 12.5
      vertex 45.1052 -16.417 15
    endloop
  endfacet
  facet normal 0.965918 -0.258848 1.55603e-05
    outer loop
      vertex 45.9292 -13.342 12.5
      vertex 45.1052 -16.417 9.87777
      vertex 45.6249 -14.4777 9.62787
    endloop
  endfacet
  facet normal 0.965927 -0.258814 -2.27497e-05
    outer loop
      vertex 46.4468 -11.4101 2.5
      vertex 47.2708 -8.33511 5.69349
      vertex 46.7512 -10.2743 5.4436
    endloop
  endfacet
  facet normal 0.965912 -0.258869 0
    outer loop
      vertex 46.7512 -10.2743 7.58683
      vertex 46.4468 -11.4101 2.5
      vertex 46.7512 -10.2743 5.4436
    endloop
  endfacet
  facet normal 0.965921 -0.258836 0
    outer loop
      vertex 47.2708 -8.33511 5.69349
      vertex 46.4468 -11.4101 2.5
      vertex 47.2708 -8.33511 0
    endloop
  endfacet
  facet normal 0.965932 -0.258795 5.41542e-05
    outer loop
      vertex 45.9292 -13.342 2.5
      vertex 47.2708 -8.33511 0
      vertex 46.4468 -11.4101 2.5
    endloop
  endfacet
  facet normal 0.965928 -0.258811 0
    outer loop
      vertex 45.9292 -13.342 12.5
      vertex 45.6249 -14.4777 7.58683
      vertex 45.9292 -13.342 2.5
    endloop
  endfacet
  facet normal 0.965928 -0.258811 0
    outer loop
      vertex 45.6249 -14.4777 5.4436
      vertex 45.9292 -13.342 2.5
      vertex 45.6249 -14.4777 7.58683
    endloop
  endfacet
  facet normal 0.965928 -0.25881 5.25415e-07
    outer loop
      vertex 45.3273 -15.5884 5.58672
      vertex 45.9292 -13.342 2.5
      vertex 45.6249 -14.4777 5.4436
    endloop
  endfacet
  facet normal 0.965903 -0.258903 0
    outer loop
      vertex 45.1052 -16.417 0
      vertex 45.3273 -15.5884 5.58672
      vertex 45.1052 -16.417 5.69349
    endloop
  endfacet
  facet normal 0.965924 -0.258826 -1.23036e-05
    outer loop
      vertex 45.9292 -13.342 2.5
      vertex 45.1052 -16.417 0
      vertex 47.2708 -8.33511 0
    endloop
  endfacet
  facet normal 0.965924 -0.258826 -1.22182e-05
    outer loop
      vertex 45.3273 -15.5884 5.58672
      vertex 45.1052 -16.417 0
      vertex 45.9292 -13.342 2.5
    endloop
  endfacet
  facet normal 0.965928 -0.258811 0
    outer loop
      vertex 47.2708 -8.33511 34
      vertex 47.011 -9.30473 31.5
      vertex 47.2708 -8.33511 31.5
    endloop
  endfacet
  facet normal 0.965909 -0.258882 0
    outer loop
      vertex 47.011 -9.30473 31.5
      vertex 46.7056 -10.4442 28.5674
      vertex 47.011 -9.30473 21.5
    endloop
  endfacet
  facet normal 0.965927 -0.258816 2.00599e-06
    outer loop
      vertex 45.3651 -15.4474 31.5
      vertex 47.011 -9.30473 31.5
      vertex 47.2708 -8.33511 34
    endloop
  endfacet
  facet normal 0.965927 -0.258816 -2.7762e-05
    outer loop
      vertex 47.011 -9.30473 31.5
      vertex 45.3651 -15.4474 31.5
      vertex 46.7056 -10.4442 28.5674
    endloop
  endfacet
  facet normal 0.965932 -0.258797 5.36721e-18
    outer loop
      vertex 45.3651 -15.4474 31.5
      vertex 45.6704 -14.3079 26.4398
      vertex 45.6704 -14.3079 28.5674
    endloop
  endfacet
  facet normal 0.965932 -0.258797 0
    outer loop
      vertex 45.3651 -15.4474 21.5
      vertex 45.6704 -14.3079 26.4398
      vertex 45.3651 -15.4474 31.5
    endloop
  endfacet
  facet normal 0.965931 -0.258801 -1.94283e-06
    outer loop
      vertex 46.7056 -10.4442 28.5674
      vertex 45.3651 -15.4474 31.5
      vertex 45.6704 -14.3079 28.5674
    endloop
  endfacet
  facet normal 0.965924 -0.258826 3.42991e-05
    outer loop
      vertex 45.1052 -16.417 34
      vertex 45.3651 -15.4474 31.5
      vertex 47.2708 -8.33511 34
    endloop
  endfacet
  facet normal 0.965902 -0.258909 -1.08331e-17
    outer loop
      vertex 45.3651 -15.4474 31.5
      vertex 45.1052 -16.417 34
      vertex 45.1052 -16.417 31.5
    endloop
  endfacet
  facet normal 0.965928 -0.258811 7.74413e-18
    outer loop
      vertex 47.011 -9.30473 21.5
      vertex 47.2708 -8.33511 19
      vertex 47.2708 -8.33511 21.5
    endloop
  endfacet
  facet normal 0.965909 -0.258882 0
    outer loop
      vertex 46.7056 -10.4442 24.3831
      vertex 47.011 -9.30473 21.5
      vertex 46.7056 -10.4442 28.5674
    endloop
  endfacet
  facet normal 0.965925 -0.258822 2.53454e-05
    outer loop
      vertex 46.4459 -11.4134 24.3831
      vertex 47.011 -9.30473 21.5
      vertex 46.7056 -10.4442 24.3831
    endloop
  endfacet
  facet normal 0.965927 -0.258816 3.06995e-05
    outer loop
      vertex 45.3651 -15.4474 21.5
      vertex 47.011 -9.30473 21.5
      vertex 46.4459 -11.4134 24.3831
    endloop
  endfacet
  facet normal 0.965932 -0.258794 -9.95433e-07
    outer loop
      vertex 45.3651 -15.4474 21.5
      vertex 46.4459 -11.4134 24.3831
      vertex 45.6704 -14.3079 24.3831
    endloop
  endfacet
  facet normal 0.965932 -0.258797 0
    outer loop
      vertex 45.6704 -14.3079 26.4398
      vertex 45.3651 -15.4474 21.5
      vertex 45.6704 -14.3079 24.3831
    endloop
  endfacet
  facet normal 0.965927 -0.258816 -2.00599e-06
    outer loop
      vertex 47.011 -9.30473 21.5
      vertex 45.3651 -15.4474 21.5
      vertex 47.2708 -8.33511 19
    endloop
  endfacet
  facet normal 0.965902 -0.258909 0
    outer loop
      vertex 45.1052 -16.417 19
      vertex 45.3651 -15.4474 21.5
      vertex 45.1052 -16.417 21.5
    endloop
  endfacet
  facet normal 0.965924 -0.258826 -3.42991e-05
    outer loop
      vertex 45.3651 -15.4474 21.5
      vertex 45.1052 -16.417 19
      vertex 47.2708 -8.33511 19
    endloop
  endfacet
  facet normal 0.707122 -0.707091 2.58776e-17
    outer loop
      vertex 34.5191 -33.1049 12.5
      vertex 36.7701 -30.8538 9.87777
      vertex 36.7701 -30.8538 15
    endloop
  endfacet
  facet normal 0.707149 -0.707065 4.51071e-05
    outer loop
      vertex 36.7701 -30.8538 9.87777
      vertex 34.5191 -33.1049 12.5
      vertex 36.0007 -31.6233 9.74232
    endloop
  endfacet
  facet normal 0.707057 -0.707156 -5.33841e-05
    outer loop
      vertex 36.0007 -31.6233 9.74232
      vertex 34.5191 -33.1049 12.5
      vertex 35.3505 -32.2734 9.62787
    endloop
  endfacet
  facet normal 0.707107 -0.707107 2.82843e-05
    outer loop
      vertex 36.7701 -30.8538 15
      vertex 33.1049 -34.5191 12.5
      vertex 34.5191 -33.1049 12.5
    endloop
  endfacet
  facet normal 0.707064 -0.707149 0
    outer loop
      vertex 33.1049 -34.5191 12.5
      vertex 32.2734 -35.3505 9.62787
      vertex 33.1049 -34.5191 2.5
    endloop
  endfacet
  facet normal 0.707156 -0.707057 -5.33841e-05
    outer loop
      vertex 33.1049 -34.5191 12.5
      vertex 31.6233 -36.0007 9.74232
      vertex 32.2734 -35.3505 9.62787
    endloop
  endfacet
  facet normal 0.707107 -0.707107 2.82843e-05
    outer loop
      vertex 30.8538 -36.7701 15
      vertex 33.1049 -34.5191 12.5
      vertex 36.7701 -30.8538 15
    endloop
  endfacet
  facet normal 0.707091 -0.707122 0
    outer loop
      vertex 30.8538 -36.7701 9.87777
      vertex 33.1049 -34.5191 12.5
      vertex 30.8538 -36.7701 15
    endloop
  endfacet
  facet normal 0.707065 -0.707149 4.51071e-05
    outer loop
      vertex 33.1049 -34.5191 12.5
      vertex 30.8538 -36.7701 9.87777
      vertex 31.6233 -36.0007 9.74232
    endloop
  endfacet
  facet normal 0.707105 -0.707109 2.52787e-05
    outer loop
      vertex 34.5191 -33.1049 2.5
      vertex 36.7701 -30.8538 5.69349
      vertex 35.3505 -32.2734 5.4436
    endloop
  endfacet
  facet normal 0.707149 -0.707064 -8.10937e-18
    outer loop
      vertex 34.5191 -33.1049 12.5
      vertex 35.3505 -32.2734 5.4436
      vertex 35.3505 -32.2734 9.62787
    endloop
  endfacet
  facet normal 0.707149 -0.707064 0
    outer loop
      vertex 34.5191 -33.1049 2.5
      vertex 35.3505 -32.2734 5.4436
      vertex 34.5191 -33.1049 12.5
    endloop
  endfacet
  facet normal 0.707122 -0.707091 0
    outer loop
      vertex 36.7701 -30.8538 5.69349
      vertex 34.5191 -33.1049 2.5
      vertex 36.7701 -30.8538 0
    endloop
  endfacet
  facet normal 0.707107 -0.707107 -2.82843e-05
    outer loop
      vertex 33.1049 -34.5191 2.5
      vertex 36.7701 -30.8538 0
      vertex 34.5191 -33.1049 2.5
    endloop
  endfacet
  facet normal 0.707064 -0.707149 0
    outer loop
      vertex 32.2734 -35.3505 5.4436
      vertex 33.1049 -34.5191 2.5
      vertex 32.2734 -35.3505 9.62787
    endloop
  endfacet
  facet normal 0.707109 -0.707105 2.52787e-05
    outer loop
      vertex 30.8538 -36.7701 5.69349
      vertex 33.1049 -34.5191 2.5
      vertex 32.2734 -35.3505 5.4436
    endloop
  endfacet
  facet normal 0.707107 -0.707107 -2.82843e-05
    outer loop
      vertex 33.1049 -34.5191 2.5
      vertex 30.8538 -36.7701 0
      vertex 36.7701 -30.8538 0
    endloop
  endfacet
  facet normal 0.707091 -0.707122 0
    outer loop
      vertex 30.8538 -36.7701 0
      vertex 33.1049 -34.5191 2.5
      vertex 30.8538 -36.7701 5.69349
    endloop
  endfacet
  facet normal 0.707107 -0.707107 0
    outer loop
      vertex 36.7701 -30.8538 34
      vertex 36.0603 -31.5636 31.5
      vertex 36.7701 -30.8538 31.5
    endloop
  endfacet
  facet normal 0.707149 -0.707064 0
    outer loop
      vertex 35.2262 -32.3978 26.4874
      vertex 36.0603 -31.5636 31.5
      vertex 35.2262 -32.3978 28.5674
    endloop
  endfacet
  facet normal 0.707107 -0.707107 -7.87805e-17
    outer loop
      vertex 31.5636 -36.0603 31.5
      vertex 36.0603 -31.5636 31.5
      vertex 36.7701 -30.8538 34
    endloop
  endfacet
  facet normal 0.707107 -0.707107 2.41119e-05
    outer loop
      vertex 36.0603 -31.5636 31.5
      vertex 31.5636 -36.0603 31.5
      vertex 35.2262 -32.3978 28.5674
    endloop
  endfacet
  facet normal 0.707064 -0.707149 -1.02291e-17
    outer loop
      vertex 31.5636 -36.0603 31.5
      vertex 32.3978 -35.2262 26.4874
      vertex 32.3978 -35.2262 28.5674
    endloop
  endfacet
  facet normal 0.707064 -0.707149 0
    outer loop
      vertex 31.5636 -36.0603 21.5
      vertex 32.3978 -35.2262 26.4874
      vertex 31.5636 -36.0603 31.5
    endloop
  endfacet
  facet normal 0.707107 -0.707107 2.41119e-05
    outer loop
      vertex 35.2262 -32.3978 28.5674
      vertex 31.5636 -36.0603 31.5
      vertex 32.3978 -35.2262 28.5674
    endloop
  endfacet
  facet normal 0.707107 -0.707107 1.94684e-17
    outer loop
      vertex 30.8538 -36.7701 34
      vertex 31.5636 -36.0603 31.5
      vertex 36.7701 -30.8538 34
    endloop
  endfacet
  facet normal 0.707107 -0.707107 1.42572e-17
    outer loop
      vertex 31.5636 -36.0603 31.5
      vertex 30.8538 -36.7701 34
      vertex 30.8538 -36.7701 31.5
    endloop
  endfacet
  facet normal 0.707107 -0.707107 1.42572e-17
    outer loop
      vertex 36.0603 -31.5636 21.5
      vertex 36.7701 -30.8538 19
      vertex 36.7701 -30.8538 21.5
    endloop
  endfacet
  facet normal 0.707149 -0.707064 0
    outer loop
      vertex 36.0603 -31.5636 31.5
      vertex 35.2262 -32.3978 26.4874
      vertex 36.0603 -31.5636 21.5
    endloop
  endfacet
  facet normal 0.707149 -0.707064 0
    outer loop
      vertex 35.2262 -32.3978 24.3831
      vertex 36.0603 -31.5636 21.5
      vertex 35.2262 -32.3978 26.4874
    endloop
  endfacet
  facet normal 0.707107 -0.707107 -2.45259e-05
    outer loop
      vertex 31.5636 -36.0603 21.5
      vertex 36.0603 -31.5636 21.5
      vertex 35.2262 -32.3978 24.3831
    endloop
  endfacet
  facet normal 0.707107 -0.707107 -2.45259e-05
    outer loop
      vertex 31.5636 -36.0603 21.5
      vertex 35.2262 -32.3978 24.3831
      vertex 32.3978 -35.2262 24.3831
    endloop
  endfacet
  facet normal 0.707064 -0.707149 0
    outer loop
      vertex 32.3978 -35.2262 26.4874
      vertex 31.5636 -36.0603 21.5
      vertex 32.3978 -35.2262 24.3831
    endloop
  endfacet
  facet normal 0.707107 -0.707107 -7.16062e-18
    outer loop
      vertex 36.0603 -31.5636 21.5
      vertex 31.5636 -36.0603 21.5
      vertex 36.7701 -30.8538 19
    endloop
  endfacet
  facet normal 0.707107 -0.707107 0
    outer loop
      vertex 30.8538 -36.7701 19
      vertex 31.5636 -36.0603 21.5
      vertex 30.8538 -36.7701 21.5
    endloop
  endfacet
  facet normal 0.707107 -0.707107 8.77012e-18
    outer loop
      vertex 31.5636 -36.0603 21.5
      vertex 30.8538 -36.7701 19
      vertex 36.7701 -30.8538 19
    endloop
  endfacet
  facet normal 0.422596 -0.906318 -2.69995e-05
    outer loop
      vertex 16.417 -45.1052 5.69349
      vertex 19.3022 -43.7598 2.5
      vertex 18.2365 -44.2568 5.4436
    endloop
  endfacet
  facet normal 0.422606 -0.906313 2.02003e-05
    outer loop
      vertex 19.3022 -43.7598 2.5
      vertex 16.417 -45.1052 0
      vertex 21.1148 -42.9146 2.5
    endloop
  endfacet
  facet normal 0.422621 -0.906307 0
    outer loop
      vertex 16.417 -45.1052 0
      vertex 19.3022 -43.7598 2.5
      vertex 16.417 -45.1052 5.69349
    endloop
  endfacet
  facet normal 0.422617 -0.906308 -4.82854e-06
    outer loop
      vertex 16.417 -45.1052 15
      vertex 19.3022 -43.7598 12.5
      vertex 24 -41.5692 15
    endloop
  endfacet
  facet normal 0.422621 -0.906307 0
    outer loop
      vertex 16.417 -45.1052 9.87777
      vertex 19.3022 -43.7598 12.5
      vertex 16.417 -45.1052 15
    endloop
  endfacet
  facet normal 0.422571 -0.90633 6.65306e-05
    outer loop
      vertex 17.4032 -44.6454 9.74232
      vertex 19.3022 -43.7598 12.5
      vertex 16.417 -45.1052 9.87777
    endloop
  endfacet
  facet normal 0.422642 -0.906297 6.87474e-06
    outer loop
      vertex 18.2365 -44.2568 9.62787
      vertex 19.3022 -43.7598 12.5
      vertex 17.4032 -44.6454 9.74232
    endloop
  endfacet
  facet normal 0.422657 -0.90629 0
    outer loop
      vertex 18.2365 -44.2568 5.4436
      vertex 19.3022 -43.7598 12.5
      vertex 18.2365 -44.2568 9.62787
    endloop
  endfacet
  facet normal 0.422657 -0.90629 0
    outer loop
      vertex 19.3022 -43.7598 12.5
      vertex 18.2365 -44.2568 5.4436
      vertex 19.3022 -43.7598 2.5
    endloop
  endfacet
  facet normal 0.422606 -0.906313 2.02003e-05
    outer loop
      vertex 21.1148 -42.9146 12.5
      vertex 24 -41.5692 15
      vertex 19.3022 -43.7598 12.5
    endloop
  endfacet
  facet normal 0.422621 -0.906307 -7.97869e-19
    outer loop
      vertex 21.1148 -42.9146 12.5
      vertex 24 -41.5692 9.87777
      vertex 24 -41.5692 15
    endloop
  endfacet
  facet normal 0.422637 -0.906299 2.25908e-05
    outer loop
      vertex 21.1148 -42.9146 12.5
      vertex 22.1805 -42.4177 9.62787
      vertex 24 -41.5692 9.87777
    endloop
  endfacet
  facet normal 0.422587 -0.906322 2.69944e-18
    outer loop
      vertex 21.1148 -42.9146 12.5
      vertex 22.1805 -42.4177 5.4436
      vertex 22.1805 -42.4177 9.62787
    endloop
  endfacet
  facet normal 0.422587 -0.906322 1.12952e-18
    outer loop
      vertex 22.1805 -42.4177 5.4436
      vertex 21.1148 -42.9146 12.5
      vertex 21.1148 -42.9146 2.5
    endloop
  endfacet
  facet normal 0.422666 -0.906286 -3.44202e-05
    outer loop
      vertex 21.1148 -42.9146 2.5
      vertex 23.2226 -41.9317 5.58672
      vertex 22.1805 -42.4177 5.4436
    endloop
  endfacet
  facet normal 0.422622 -0.906306 1.85157e-06
    outer loop
      vertex 24 -41.5692 0
      vertex 23.2226 -41.9317 5.58672
      vertex 21.1148 -42.9146 2.5
    endloop
  endfacet
  facet normal 0.422611 -0.906311 3.33009e-20
    outer loop
      vertex 23.2226 -41.9317 5.58672
      vertex 24 -41.5692 0
      vertex 24 -41.5692 5.69349
    endloop
  endfacet
  facet normal 0.422617 -0.906308 -4.82854e-06
    outer loop
      vertex 24 -41.5692 0
      vertex 21.1148 -42.9146 2.5
      vertex 16.417 -45.1052 0
    endloop
  endfacet
  facet normal 0.422618 -0.906308 0
    outer loop
      vertex 16.417 -45.1052 19
      vertex 17.3267 -44.681 21.5
      vertex 16.417 -45.1052 21.5
    endloop
  endfacet
  facet normal 0.42261 -0.906312 3.64506e-06
    outer loop
      vertex 17.3267 -44.681 21.5
      vertex 16.417 -45.1052 19
      vertex 23.0902 -41.9935 21.5
    endloop
  endfacet
  facet normal 0.422617 -0.906308 -1.9797e-05
    outer loop
      vertex 24 -41.5692 19
      vertex 23.0902 -41.9935 21.5
      vertex 16.417 -45.1052 19
    endloop
  endfacet
  facet normal 0.422662 -0.906287 -4.97888e-18
    outer loop
      vertex 23.0902 -41.9935 21.5
      vertex 24 -41.5692 19
      vertex 24 -41.5692 21.5
    endloop
  endfacet
  facet normal 0.422617 -0.906308 2.31753e-05
    outer loop
      vertex 21.0804 -42.9307 28.5674
      vertex 17.3267 -44.681 31.5
      vertex 18.3959 -44.1825 28.5674
    endloop
  endfacet
  facet normal 0.422565 -0.906333 7.92656e-18
    outer loop
      vertex 17.3267 -44.681 31.5
      vertex 18.3959 -44.1825 26.4398
      vertex 18.3959 -44.1825 28.5674
    endloop
  endfacet
  facet normal 0.422565 -0.906333 0
    outer loop
      vertex 17.3267 -44.681 21.5
      vertex 18.3959 -44.1825 26.4398
      vertex 17.3267 -44.681 31.5
    endloop
  endfacet
  facet normal 0.422651 -0.906293 -3.86521e-05
    outer loop
      vertex 17.3267 -44.681 21.5
      vertex 19.3053 -43.7584 24.3831
      vertex 18.3959 -44.1825 24.3831
    endloop
  endfacet
  facet normal 0.42261 -0.906312 -4.49427e-06
    outer loop
      vertex 23.0902 -41.9935 21.5
      vertex 19.3053 -43.7584 24.3831
      vertex 17.3267 -44.681 21.5
    endloop
  endfacet
  facet normal 0.422565 -0.906333 0
    outer loop
      vertex 18.3959 -44.1825 26.4398
      vertex 17.3267 -44.681 21.5
      vertex 18.3959 -44.1825 24.3831
    endloop
  endfacet
  facet normal 0.422618 -0.906308 -9.94827e-18
    outer loop
      vertex 17.3267 -44.681 31.5
      vertex 16.417 -45.1052 34
      vertex 16.417 -45.1052 31.5
    endloop
  endfacet
  facet normal 0.422617 -0.906308 -4.49389e-07
    outer loop
      vertex 16.417 -45.1052 34
      vertex 17.3267 -44.681 31.5
      vertex 24 -41.5692 34
    endloop
  endfacet
  facet normal 0.42261 -0.906312 2.29931e-05
    outer loop
      vertex 23.0902 -41.9935 31.5
      vertex 24 -41.5692 34
      vertex 17.3267 -44.681 31.5
    endloop
  endfacet
  facet normal 0.422662 -0.906287 0
    outer loop
      vertex 24 -41.5692 34
      vertex 23.0902 -41.9935 31.5
      vertex 24 -41.5692 31.5
    endloop
  endfacet
  facet normal 0.42261 -0.906312 1.15125e-05
    outer loop
      vertex 17.3267 -44.681 31.5
      vertex 21.0804 -42.9307 28.5674
      vertex 23.0902 -41.9935 31.5
    endloop
  endfacet
  facet normal 0.422653 -0.906291 -2.47114e-05
    outer loop
      vertex 22.0211 -42.492 28.5674
      vertex 23.0902 -41.9935 31.5
      vertex 21.0804 -42.9307 28.5674
    endloop
  endfacet
  facet normal 0.422598 -0.906317 0
    outer loop
      vertex 22.0211 -42.492 26.4874
      vertex 23.0902 -41.9935 31.5
      vertex 22.0211 -42.492 28.5674
    endloop
  endfacet
  facet normal 0.422598 -0.906317 -3.42874e-18
    outer loop
      vertex 23.0902 -41.9935 21.5
      vertex 22.0211 -42.492 26.4874
      vertex 22.0211 -42.492 24.3831
    endloop
  endfacet
  facet normal 0.422598 -0.906317 -7.21509e-19
    outer loop
      vertex 22.0211 -42.492 26.4874
      vertex 23.0902 -41.9935 21.5
      vertex 23.0902 -41.9935 31.5
    endloop
  endfacet
  facet normal 0.422619 -0.906308 9.48449e-06
    outer loop
      vertex 19.3053 -43.7584 24.3831
      vertex 23.0902 -41.9935 21.5
      vertex 22.0211 -42.492 24.3831
    endloop
  endfacet
  facet normal 0.906307 -0.422621 -1.16888e-17
    outer loop
      vertex 43.7598 -19.3022 12.5
      vertex 45.1052 -16.417 9.87777
      vertex 45.1052 -16.417 15
    endloop
  endfacet
  facet normal 0.90633 -0.422571 6.65306e-05
    outer loop
      vertex 45.1052 -16.417 9.87777
      vertex 43.7598 -19.3022 12.5
      vertex 44.6454 -17.4032 9.74232
    endloop
  endfacet
  facet normal 0.90629 -0.422657 0
    outer loop
      vertex 44.2568 -18.2365 9.62787
      vertex 43.7598 -19.3022 12.5
      vertex 44.2568 -18.2365 5.4436
    endloop
  endfacet
  facet normal 0.906297 -0.422642 6.87474e-06
    outer loop
      vertex 44.6454 -17.4032 9.74232
      vertex 43.7598 -19.3022 12.5
      vertex 44.2568 -18.2365 9.62787
    endloop
  endfacet
  facet normal 0.906313 -0.422606 -2.02003e-05
    outer loop
      vertex 45.1052 -16.417 15
      vertex 42.9146 -21.1148 12.5
      vertex 43.7598 -19.3022 12.5
    endloop
  endfacet
  facet normal 0.906322 -0.422587 0
    outer loop
      vertex 42.9146 -21.1148 12.5
      vertex 42.4177 -22.1805 9.62787
      vertex 42.9146 -21.1148 2.5
    endloop
  endfacet
  facet normal 0.906308 -0.422617 4.82854e-06
    outer loop
      vertex 41.5692 -24 15
      vertex 42.9146 -21.1148 12.5
      vertex 45.1052 -16.417 15
    endloop
  endfacet
  facet normal 0.906307 -0.422621 0
    outer loop
      vertex 41.5692 -24 9.87777
      vertex 42.9146 -21.1148 12.5
      vertex 41.5692 -24 15
    endloop
  endfacet
  facet normal 0.906299 -0.422637 2.25908e-05
    outer loop
      vertex 42.9146 -21.1148 12.5
      vertex 41.5692 -24 9.87777
      vertex 42.4177 -22.1805 9.62787
    endloop
  endfacet
  facet normal 0.906318 -0.422596 -2.69995e-05
    outer loop
      vertex 43.7598 -19.3022 2.5
      vertex 45.1052 -16.417 5.69349
      vertex 44.2568 -18.2365 5.4436
    endloop
  endfacet
  facet normal 0.90629 -0.422657 0
    outer loop
      vertex 43.7598 -19.3022 2.5
      vertex 44.2568 -18.2365 5.4436
      vertex 43.7598 -19.3022 12.5
    endloop
  endfacet
  facet normal 0.906307 -0.422621 0
    outer loop
      vertex 45.1052 -16.417 5.69349
      vertex 43.7598 -19.3022 2.5
      vertex 45.1052 -16.417 0
    endloop
  endfacet
  facet normal 0.906313 -0.422606 2.02003e-05
    outer loop
      vertex 42.9146 -21.1148 2.5
      vertex 45.1052 -16.417 0
      vertex 43.7598 -19.3022 2.5
    endloop
  endfacet
  facet normal 0.906322 -0.422587 0
    outer loop
      vertex 42.4177 -22.1805 5.4436
      vertex 42.9146 -21.1148 2.5
      vertex 42.4177 -22.1805 9.62787
    endloop
  endfacet
  facet normal 0.906286 -0.422666 -3.44202e-05
    outer loop
      vertex 41.9317 -23.2226 5.58672
      vertex 42.9146 -21.1148 2.5
      vertex 42.4177 -22.1805 5.4436
    endloop
  endfacet
  facet normal 0.906311 -0.422611 0
    outer loop
      vertex 41.5692 -24 0
      vertex 41.9317 -23.2226 5.58672
      vertex 41.5692 -24 5.69349
    endloop
  endfacet
  facet normal 0.906308 -0.422617 -4.82854e-06
    outer loop
      vertex 42.9146 -21.1148 2.5
      vertex 41.5692 -24 0
      vertex 45.1052 -16.417 0
    endloop
  endfacet
  facet normal 0.906306 -0.422622 1.85157e-06
    outer loop
      vertex 41.9317 -23.2226 5.58672
      vertex 41.5692 -24 0
      vertex 42.9146 -21.1148 2.5
    endloop
  endfacet
  facet normal 0.906308 -0.422618 0
    outer loop
      vertex 45.1052 -16.417 34
      vertex 44.681 -17.3267 31.5
      vertex 45.1052 -16.417 31.5
    endloop
  endfacet
  facet normal 0.906333 -0.422565 0
    outer loop
      vertex 44.1825 -18.3959 26.4398
      vertex 44.681 -17.3267 31.5
      vertex 44.1825 -18.3959 28.5674
    endloop
  endfacet
  facet normal 0.906312 -0.42261 -3.64506e-06
    outer loop
      vertex 41.9935 -23.0902 31.5
      vertex 44.681 -17.3267 31.5
      vertex 45.1052 -16.417 34
    endloop
  endfacet
  facet normal 0.906312 -0.42261 1.15125e-05
    outer loop
      vertex 42.9307 -21.0804 28.5674
      vertex 44.681 -17.3267 31.5
      vertex 41.9935 -23.0902 31.5
    endloop
  endfacet
  facet normal 0.906308 -0.422617 2.31753e-05
    outer loop
      vertex 44.681 -17.3267 31.5
      vertex 42.9307 -21.0804 28.5674
      vertex 44.1825 -18.3959 28.5674
    endloop
  endfacet
  facet normal 0.906317 -0.422598 -3.46879e-18
    outer loop
      vertex 41.9935 -23.0902 31.5
      vertex 42.492 -22.0211 26.4874
      vertex 42.492 -22.0211 28.5674
    endloop
  endfacet
  facet normal 0.906317 -0.422598 0
    outer loop
      vertex 41.9935 -23.0902 21.5
      vertex 42.492 -22.0211 26.4874
      vertex 41.9935 -23.0902 31.5
    endloop
  endfacet
  facet normal 0.906291 -0.422653 -2.47114e-05
    outer loop
      vertex 42.9307 -21.0804 28.5674
      vertex 41.9935 -23.0902 31.5
      vertex 42.492 -22.0211 28.5674
    endloop
  endfacet
  facet normal 0.906308 -0.422617 1.9797e-05
    outer loop
      vertex 41.5692 -24 34
      vertex 41.9935 -23.0902 31.5
      vertex 45.1052 -16.417 34
    endloop
  endfacet
  facet normal 0.906287 -0.422662 -4.97888e-18
    outer loop
      vertex 41.9935 -23.0902 31.5
      vertex 41.5692 -24 34
      vertex 41.5692 -24 31.5
    endloop
  endfacet
  facet normal 0.906308 -0.422618 -9.94827e-18
    outer loop
      vertex 44.681 -17.3267 21.5
      vertex 45.1052 -16.417 19
      vertex 45.1052 -16.417 21.5
    endloop
  endfacet
  facet normal 0.906333 -0.422565 0
    outer loop
      vertex 44.681 -17.3267 31.5
      vertex 44.1825 -18.3959 26.4398
      vertex 44.681 -17.3267 21.5
    endloop
  endfacet
  facet normal 0.906333 -0.422565 0
    outer loop
      vertex 44.1825 -18.3959 24.3831
      vertex 44.681 -17.3267 21.5
      vertex 44.1825 -18.3959 26.4398
    endloop
  endfacet
  facet normal 0.906293 -0.422651 -3.86521e-05
    outer loop
      vertex 43.7584 -19.3053 24.3831
      vertex 44.681 -17.3267 21.5
      vertex 44.1825 -18.3959 24.3831
    endloop
  endfacet
  facet normal 0.906312 -0.42261 -4.49427e-06
    outer loop
      vertex 41.9935 -23.0902 21.5
      vertex 44.681 -17.3267 21.5
      vertex 43.7584 -19.3053 24.3831
    endloop
  endfacet
  facet normal 0.906308 -0.422619 9.48449e-06
    outer loop
      vertex 41.9935 -23.0902 21.5
      vertex 43.7584 -19.3053 24.3831
      vertex 42.492 -22.0211 24.3831
    endloop
  endfacet
  facet normal 0.906317 -0.422598 0
    outer loop
      vertex 42.492 -22.0211 26.4874
      vertex 41.9935 -23.0902 21.5
      vertex 42.492 -22.0211 24.3831
    endloop
  endfacet
  facet normal 0.906312 -0.42261 3.64506e-06
    outer loop
      vertex 44.681 -17.3267 21.5
      vertex 41.9935 -23.0902 21.5
      vertex 45.1052 -16.417 19
    endloop
  endfacet
  facet normal 0.906287 -0.422662 0
    outer loop
      vertex 41.5692 -24 19
      vertex 41.9935 -23.0902 21.5
      vertex 41.5692 -24 21.5
    endloop
  endfacet
  facet normal 0.906308 -0.422617 -1.9797e-05
    outer loop
      vertex 41.9935 -23.0902 21.5
      vertex 41.5692 -24 19
      vertex 45.1052 -16.417 19
    endloop
  endfacet
  facet normal -0.573578 -0.819151 2.03529e-05
    outer loop
      vertex -30.8538 -36.7701 15
      vertex -28.2461 -38.5961 12.5
      vertex -24 -41.5692 15
    endloop
  endfacet
  facet normal -0.573591 -0.819142 0
    outer loop
      vertex -30.8538 -36.7701 9.87777
      vertex -28.2461 -38.5961 12.5
      vertex -30.8538 -36.7701 15
    endloop
  endfacet
  facet normal -0.57359 -0.819143 -2.02633e-06
    outer loop
      vertex -29.2092 -37.9217 9.62787
      vertex -28.2461 -38.5961 12.5
      vertex -30.8538 -36.7701 9.87777
    endloop
  endfacet
  facet normal -0.573594 -0.81914 0
    outer loop
      vertex -29.2092 -37.9217 7.51823
      vertex -28.2461 -38.5961 12.5
      vertex -29.2092 -37.9217 9.62787
    endloop
  endfacet
  facet normal -0.573594 -0.81914 -1.63126e-17
    outer loop
      vertex -28.2461 -38.5961 2.5
      vertex -29.2092 -37.9217 7.51823
      vertex -29.2092 -37.9217 5.4436
    endloop
  endfacet
  facet normal -0.573594 -0.81914 -3.38426e-18
    outer loop
      vertex -29.2092 -37.9217 7.51823
      vertex -28.2461 -38.5961 2.5
      vertex -28.2461 -38.5961 12.5
    endloop
  endfacet
  facet normal -0.57357 -0.819157 -2.23988e-07
    outer loop
      vertex -26.6077 -39.7433 12.5
      vertex -24 -41.5692 15
      vertex -28.2461 -38.5961 12.5
    endloop
  endfacet
  facet normal -0.57357 -0.819157 9.68104e-18
    outer loop
      vertex -26.6077 -39.7433 12.5
      vertex -24 -41.5692 9.87777
      vertex -24 -41.5692 15
    endloop
  endfacet
  facet normal -0.573558 -0.819165 1.7919e-05
    outer loop
      vertex -26.6077 -39.7433 12.5
      vertex -25.6446 -40.4177 9.62787
      vertex -24 -41.5692 9.87777
    endloop
  endfacet
  facet normal -0.573594 -0.81914 1.25231e-17
    outer loop
      vertex -26.6077 -39.7433 12.5
      vertex -25.6446 -40.4177 7.51823
      vertex -25.6446 -40.4177 9.62787
    endloop
  endfacet
  facet normal -0.573594 -0.81914 0
    outer loop
      vertex -26.6077 -39.7433 2.5
      vertex -25.6446 -40.4177 7.51823
      vertex -26.6077 -39.7433 12.5
    endloop
  endfacet
  facet normal -0.573594 -0.81914 -0
    outer loop
      vertex -25.6446 -40.4177 7.51823
      vertex -26.6077 -39.7433 2.5
      vertex -25.6446 -40.4177 5.4436
    endloop
  endfacet
  facet normal -0.573554 -0.819168 -1.93361e-05
    outer loop
      vertex -26.6077 -39.7433 2.5
      vertex -24 -41.5692 5.69349
      vertex -25.6446 -40.4177 5.4436
    endloop
  endfacet
  facet normal -0.57357 -0.819157 8.70968e-18
    outer loop
      vertex -26.6077 -39.7433 2.5
      vertex -24 -41.5692 0
      vertex -24 -41.5692 5.69349
    endloop
  endfacet
  facet normal -0.573578 -0.819151 -1.24131e-05
    outer loop
      vertex -24 -41.5692 0
      vertex -26.6077 -39.7433 2.5
      vertex -30.8538 -36.7701 0
    endloop
  endfacet
  facet normal -0.573589 -0.819143 2.18658e-06
    outer loop
      vertex -30.8538 -36.7701 5.69349
      vertex -28.2461 -38.5961 2.5
      vertex -29.2092 -37.9217 5.4436
    endloop
  endfacet
  facet normal -0.57357 -0.819157 -3.29903e-05
    outer loop
      vertex -28.2461 -38.5961 2.5
      vertex -30.8538 -36.7701 0
      vertex -26.6077 -39.7433 2.5
    endloop
  endfacet
  facet normal -0.573591 -0.819142 0
    outer loop
      vertex -30.8538 -36.7701 0
      vertex -28.2461 -38.5961 2.5
      vertex -30.8538 -36.7701 5.69349
    endloop
  endfacet
  facet normal -0.573589 -0.819143 0
    outer loop
      vertex -30.8538 -36.7701 19
      vertex -30.0315 -37.3459 21.5
      vertex -30.8538 -36.7701 21.5
    endloop
  endfacet
  facet normal -0.573585 -0.819146 -2.25685e-06
    outer loop
      vertex -30.0315 -37.3459 21.5
      vertex -30.8538 -36.7701 19
      vertex -24.8223 -40.9935 21.5
    endloop
  endfacet
  facet normal -0.573578 -0.819151 -2.71195e-05
    outer loop
      vertex -24 -41.5692 19
      vertex -24.8223 -40.9935 21.5
      vertex -30.8538 -36.7701 19
    endloop
  endfacet
  facet normal -0.573523 -0.81919 1.51214e-18
    outer loop
      vertex -24.8223 -40.9935 21.5
      vertex -24 -41.5692 19
      vertex -24 -41.5692 21.5
    endloop
  endfacet
  facet normal -0.573585 -0.819146 -7.24015e-06
    outer loop
      vertex -28.2149 -38.6179 28.5674
      vertex -30.0315 -37.3459 31.5
      vertex -29.0652 -38.0225 28.5674
    endloop
  endfacet
  facet normal -0.57357 -0.819156 -4.29427e-18
    outer loop
      vertex -30.0315 -37.3459 31.5
      vertex -29.0652 -38.0225 24.3831
      vertex -29.0652 -38.0225 28.5674
    endloop
  endfacet
  facet normal -0.573643 -0.819105 3.62054e-05
    outer loop
      vertex -30.0315 -37.3459 21.5
      vertex -28.2433 -38.5981 24.3831
      vertex -29.0652 -38.0225 24.3831
    endloop
  endfacet
  facet normal -0.573585 -0.819146 -1.75581e-05
    outer loop
      vertex -24.8223 -40.9935 21.5
      vertex -28.2433 -38.5981 24.3831
      vertex -30.0315 -37.3459 21.5
    endloop
  endfacet
  facet normal -0.57357 -0.819156 0
    outer loop
      vertex -30.0315 -37.3459 21.5
      vertex -29.0652 -38.0225 24.3831
      vertex -30.0315 -37.3459 31.5
    endloop
  endfacet
  facet normal -0.573589 -0.819143 -6.86905e-18
    outer loop
      vertex -30.0315 -37.3459 31.5
      vertex -30.8538 -36.7701 34
      vertex -30.8538 -36.7701 31.5
    endloop
  endfacet
  facet normal -0.573578 -0.819151 5.6465e-06
    outer loop
      vertex -30.8538 -36.7701 34
      vertex -30.0315 -37.3459 31.5
      vertex -24 -41.5692 34
    endloop
  endfacet
  facet normal -0.573585 -0.819146 3.0509e-05
    outer loop
      vertex -24.8223 -40.9935 31.5
      vertex -24 -41.5692 34
      vertex -30.0315 -37.3459 31.5
    endloop
  endfacet
  facet normal -0.573523 -0.81919 -0
    outer loop
      vertex -24 -41.5692 34
      vertex -24.8223 -40.9935 31.5
      vertex -24 -41.5692 31.5
    endloop
  endfacet
  facet normal -0.573585 -0.819146 -6.85066e-06
    outer loop
      vertex -30.0315 -37.3459 31.5
      vertex -28.2149 -38.6179 28.5674
      vertex -24.8223 -40.9935 31.5
    endloop
  endfacet
  facet normal -0.573573 -0.819154 -2.64948e-05
    outer loop
      vertex -25.7886 -40.3168 28.5674
      vertex -24.8223 -40.9935 31.5
      vertex -28.2149 -38.6179 28.5674
    endloop
  endfacet
  facet normal -0.573627 -0.819116 0
    outer loop
      vertex -25.7886 -40.3168 24.3831
      vertex -24.8223 -40.9935 31.5
      vertex -25.7886 -40.3168 28.5674
    endloop
  endfacet
  facet normal -0.573627 -0.819116 4.53097e-18
    outer loop
      vertex -25.7886 -40.3168 24.3831
      vertex -24.8223 -40.9935 21.5
      vertex -24.8223 -40.9935 31.5
    endloop
  endfacet
  facet normal -0.573554 -0.819168 3.65394e-05
    outer loop
      vertex -28.2433 -38.5981 24.3831
      vertex -24.8223 -40.9935 21.5
      vertex -25.7886 -40.3168 24.3831
    endloop
  endfacet
  facet normal -0.965921 -0.258836 -9.36745e-18
    outer loop
      vertex -46.4468 -11.4101 2.5
      vertex -47.2708 -8.33511 5.69349
      vertex -47.2708 -8.33511 0
    endloop
  endfacet
  facet normal -0.965912 -0.258869 0
    outer loop
      vertex -46.7512 -10.2743 5.4436
      vertex -46.4468 -11.4101 2.5
      vertex -46.7512 -10.2743 7.58683
    endloop
  endfacet
  facet normal -0.965927 -0.258814 -2.27497e-05
    outer loop
      vertex -47.2708 -8.33511 5.69349
      vertex -46.4468 -11.4101 2.5
      vertex -46.7512 -10.2743 5.4436
    endloop
  endfacet
  facet normal -0.965932 -0.258795 5.41542e-05
    outer loop
      vertex -47.2708 -8.33511 0
      vertex -45.9292 -13.342 2.5
      vertex -46.4468 -11.4101 2.5
    endloop
  endfacet
  facet normal -0.965928 -0.258811 -0
    outer loop
      vertex -45.6249 -14.4777 7.58683
      vertex -45.9292 -13.342 2.5
      vertex -45.6249 -14.4777 5.4436
    endloop
  endfacet
  facet normal -0.965928 -0.25881 5.25415e-07
    outer loop
      vertex -45.9292 -13.342 2.5
      vertex -45.3273 -15.5884 5.58672
      vertex -45.6249 -14.4777 5.4436
    endloop
  endfacet
  facet normal -0.965924 -0.258826 -1.23036e-05
    outer loop
      vertex -45.1052 -16.417 0
      vertex -45.9292 -13.342 2.5
      vertex -47.2708 -8.33511 0
    endloop
  endfacet
  facet normal -0.965924 -0.258826 -1.22182e-05
    outer loop
      vertex -45.1052 -16.417 0
      vertex -45.3273 -15.5884 5.58672
      vertex -45.9292 -13.342 2.5
    endloop
  endfacet
  facet normal -0.965903 -0.258903 -2.43349e-18
    outer loop
      vertex -45.3273 -15.5884 5.58672
      vertex -45.1052 -16.417 0
      vertex -45.1052 -16.417 5.69349
    endloop
  endfacet
  facet normal -0.965926 -0.25882 2.10821e-05
    outer loop
      vertex -46.4468 -11.4101 12.5
      vertex -47.2708 -8.33511 9.87777
      vertex -46.7512 -10.2743 9.62787
    endloop
  endfacet
  facet normal -0.965912 -0.258869 -0
    outer loop
      vertex -46.4468 -11.4101 12.5
      vertex -46.7512 -10.2743 7.58683
      vertex -46.4468 -11.4101 2.5
    endloop
  endfacet
  facet normal -0.965912 -0.258869 0
    outer loop
      vertex -46.7512 -10.2743 7.58683
      vertex -46.4468 -11.4101 12.5
      vertex -46.7512 -10.2743 9.62787
    endloop
  endfacet
  facet normal -0.965921 -0.258836 0
    outer loop
      vertex -47.2708 -8.33511 9.87777
      vertex -46.4468 -11.4101 12.5
      vertex -47.2708 -8.33511 15
    endloop
  endfacet
  facet normal -0.965932 -0.258795 -5.41542e-05
    outer loop
      vertex -45.9292 -13.342 12.5
      vertex -47.2708 -8.33511 15
      vertex -46.4468 -11.4101 12.5
    endloop
  endfacet
  facet normal -0.965928 -0.258811 0
    outer loop
      vertex -45.9292 -13.342 2.5
      vertex -45.6249 -14.4777 7.58683
      vertex -45.9292 -13.342 12.5
    endloop
  endfacet
  facet normal -0.965928 -0.258811 -0
    outer loop
      vertex -45.6249 -14.4777 9.62787
      vertex -45.9292 -13.342 12.5
      vertex -45.6249 -14.4777 7.58683
    endloop
  endfacet
  facet normal -0.965918 -0.258848 1.55603e-05
    outer loop
      vertex -45.1052 -16.417 9.87777
      vertex -45.9292 -13.342 12.5
      vertex -45.6249 -14.4777 9.62787
    endloop
  endfacet
  facet normal -0.965924 -0.258826 1.23036e-05
    outer loop
      vertex -45.9292 -13.342 12.5
      vertex -45.1052 -16.417 15
      vertex -47.2708 -8.33511 15
    endloop
  endfacet
  facet normal -0.965921 -0.258836 -0
    outer loop
      vertex -45.1052 -16.417 15
      vertex -45.9292 -13.342 12.5
      vertex -45.1052 -16.417 9.87777
    endloop
  endfacet
  facet normal -0.965928 -0.258811 0
    outer loop
      vertex -47.2708 -8.33511 19
      vertex -47.011 -9.30473 21.5
      vertex -47.2708 -8.33511 21.5
    endloop
  endfacet
  facet normal -0.965909 -0.258882 0
    outer loop
      vertex -47.011 -9.30473 21.5
      vertex -46.7056 -10.4442 24.3831
      vertex -47.011 -9.30473 31.5
    endloop
  endfacet
  facet normal -0.965927 -0.258816 -2.00599e-06
    outer loop
      vertex -45.3651 -15.4474 21.5
      vertex -47.011 -9.30473 21.5
      vertex -47.2708 -8.33511 19
    endloop
  endfacet
  facet normal -0.965925 -0.258822 2.53454e-05
    outer loop
      vertex -47.011 -9.30473 21.5
      vertex -46.4459 -11.4134 24.3831
      vertex -46.7056 -10.4442 24.3831
    endloop
  endfacet
  facet normal -0.965927 -0.258816 3.06995e-05
    outer loop
      vertex -47.011 -9.30473 21.5
      vertex -45.3651 -15.4474 21.5
      vertex -46.4459 -11.4134 24.3831
    endloop
  endfacet
  facet normal -0.965932 -0.258797 -5.55224e-18
    outer loop
      vertex -45.3651 -15.4474 21.5
      vertex -45.6704 -14.3079 26.4398
      vertex -45.6704 -14.3079 24.3831
    endloop
  endfacet
  facet normal -0.965932 -0.258797 -0
    outer loop
      vertex -45.3651 -15.4474 31.5
      vertex -45.6704 -14.3079 26.4398
      vertex -45.3651 -15.4474 21.5
    endloop
  endfacet
  facet normal -0.965932 -0.258794 -9.95433e-07
    outer loop
      vertex -46.4459 -11.4134 24.3831
      vertex -45.3651 -15.4474 21.5
      vertex -45.6704 -14.3079 24.3831
    endloop
  endfacet
  facet normal -0.965924 -0.258826 -3.42991e-05
    outer loop
      vertex -45.1052 -16.417 19
      vertex -45.3651 -15.4474 21.5
      vertex -47.2708 -8.33511 19
    endloop
  endfacet
  facet normal -0.965902 -0.258909 1.08331e-17
    outer loop
      vertex -45.3651 -15.4474 21.5
      vertex -45.1052 -16.417 19
      vertex -45.1052 -16.417 21.5
    endloop
  endfacet
  facet normal -0.965928 -0.258811 -7.74413e-18
    outer loop
      vertex -47.011 -9.30473 31.5
      vertex -47.2708 -8.33511 34
      vertex -47.2708 -8.33511 31.5
    endloop
  endfacet
  facet normal -0.965909 -0.258882 -0
    outer loop
      vertex -46.7056 -10.4442 28.5674
      vertex -47.011 -9.30473 31.5
      vertex -46.7056 -10.4442 24.3831
    endloop
  endfacet
  facet normal -0.965927 -0.258816 -2.7762e-05
    outer loop
      vertex -45.3651 -15.4474 31.5
      vertex -47.011 -9.30473 31.5
      vertex -46.7056 -10.4442 28.5674
    endloop
  endfacet
  facet normal -0.965931 -0.258801 -1.94283e-06
    outer loop
      vertex -45.3651 -15.4474 31.5
      vertex -46.7056 -10.4442 28.5674
      vertex -45.6704 -14.3079 28.5674
    endloop
  endfacet
  facet normal -0.965932 -0.258797 0
    outer loop
      vertex -45.6704 -14.3079 26.4398
      vertex -45.3651 -15.4474 31.5
      vertex -45.6704 -14.3079 28.5674
    endloop
  endfacet
  facet normal -0.965927 -0.258816 2.00599e-06
    outer loop
      vertex -47.011 -9.30473 31.5
      vertex -45.3651 -15.4474 31.5
      vertex -47.2708 -8.33511 34
    endloop
  endfacet
  facet normal -0.965902 -0.258909 -0
    outer loop
      vertex -45.1052 -16.417 34
      vertex -45.3651 -15.4474 31.5
      vertex -45.1052 -16.417 31.5
    endloop
  endfacet
  facet normal -0.965924 -0.258826 3.42991e-05
    outer loop
      vertex -45.3651 -15.4474 31.5
      vertex -45.1052 -16.417 34
      vertex -47.2708 -8.33511 34
    endloop
  endfacet
  facet normal 0.996194 -0.0871688 2.01461e-18
    outer loop
      vertex 47.7225 -3.17136 12.5
      vertex 48 0 9.87777
      vertex 48 0 15
    endloop
  endfacet
  facet normal 0.996193 -0.087172 0
    outer loop
      vertex 47.825 -2 9.62787
      vertex 47.7225 -3.17136 12.5
      vertex 47.825 -2 5.4436
    endloop
  endfacet
  facet normal 0.996194 -0.0871672 1.98018e-06
    outer loop
      vertex 48 0 9.87777
      vertex 47.7225 -3.17136 12.5
      vertex 47.825 -2 9.62787
    endloop
  endfacet
  facet normal 0.996195 -0.08715 -2.40354e-05
    outer loop
      vertex 48 0 15
      vertex 47.5482 -5.16375 12.5
      vertex 47.7225 -3.17136 12.5
    endloop
  endfacet
  facet normal 0.996201 -0.0870876 0
    outer loop
      vertex 47.4458 -6.33511 7.51823
      vertex 47.5482 -5.16375 12.5
      vertex 47.4458 -6.33511 9.62787
    endloop
  endfacet
  facet normal 0.996195 -0.0871525 -1.89411e-05
    outer loop
      vertex 47.2708 -8.33511 15
      vertex 47.5482 -5.16375 12.5
      vertex 48 0 15
    endloop
  endfacet
  facet normal 0.996196 -0.0871376 0
    outer loop
      vertex 47.2708 -8.33511 9.87777
      vertex 47.5482 -5.16375 12.5
      vertex 47.2708 -8.33511 15
    endloop
  endfacet
  facet normal 0.996194 -0.0871631 3.10229e-05
    outer loop
      vertex 47.5482 -5.16375 12.5
      vertex 47.2708 -8.33511 9.87777
      vertex 47.4458 -6.33511 9.62787
    endloop
  endfacet
  facet normal 0.996194 -0.0871667 -2.1368e-06
    outer loop
      vertex 47.7225 -3.17136 2.5
      vertex 48 0 5.69349
      vertex 47.825 -2 5.4436
    endloop
  endfacet
  facet normal 0.996193 -0.087172 0
    outer loop
      vertex 47.7225 -3.17136 2.5
      vertex 47.825 -2 5.4436
      vertex 47.7225 -3.17136 12.5
    endloop
  endfacet
  facet normal 0.996194 -0.0871688 0
    outer loop
      vertex 48 0 5.69349
      vertex 47.7225 -3.17136 2.5
      vertex 48 0 0
    endloop
  endfacet
  facet normal 0.996195 -0.08715 2.40354e-05
    outer loop
      vertex 47.5482 -5.16375 2.5
      vertex 48 0 0
      vertex 47.7225 -3.17136 2.5
    endloop
  endfacet
  facet normal 0.996201 -0.0870876 0
    outer loop
      vertex 47.5482 -5.16375 12.5
      vertex 47.4458 -6.33511 7.51823
      vertex 47.5482 -5.16375 2.5
    endloop
  endfacet
  facet normal 0.996201 -0.0870876 0
    outer loop
      vertex 47.4458 -6.33511 5.4436
      vertex 47.5482 -5.16375 2.5
      vertex 47.4458 -6.33511 7.51823
    endloop
  endfacet
  facet normal 0.996193 -0.0871711 -3.34766e-05
    outer loop
      vertex 47.2708 -8.33511 5.69349
      vertex 47.5482 -5.16375 2.5
      vertex 47.4458 -6.33511 5.4436
    endloop
  endfacet
  facet normal 0.996195 -0.0871525 1.89411e-05
    outer loop
      vertex 47.5482 -5.16375 2.5
      vertex 47.2708 -8.33511 0
      vertex 48 0 0
    endloop
  endfacet
  facet normal 0.996196 -0.0871376 0
    outer loop
      vertex 47.2708 -8.33511 0
      vertex 47.5482 -5.16375 2.5
      vertex 47.2708 -8.33511 5.69349
    endloop
  endfacet
  facet normal 0.996194 -0.087167 0
    outer loop
      vertex 48 0 34
      vertex 47.9125 -1 31.5
      vertex 48 0 31.5
    endloop
  endfacet
  facet normal 0.996196 -0.0871439 0
    outer loop
      vertex 47.9125 -1 31.5
      vertex 47.8097 -2.17517 28.5674
      vertex 47.9125 -1 21.5
    endloop
  endfacet
  facet normal 0.996195 -0.0871479 -7.68166e-06
    outer loop
      vertex 47.3583 -7.33511 31.5
      vertex 47.9125 -1 31.5
      vertex 48 0 34
    endloop
  endfacet
  facet normal 0.996195 -0.0871479 -2.09041e-05
    outer loop
      vertex 47.5515 -5.12592 28.5674
      vertex 47.9125 -1 31.5
      vertex 47.3583 -7.33511 31.5
    endloop
  endfacet
  facet normal 0.996193 -0.0871701 1.05675e-05
    outer loop
      vertex 47.9125 -1 31.5
      vertex 47.5515 -5.12592 28.5674
      vertex 47.8097 -2.17517 28.5674
    endloop
  endfacet
  facet normal 0.996196 -0.0871447 0
    outer loop
      vertex 47.4611 -6.15995 28.5674
      vertex 47.3583 -7.33511 31.5
      vertex 47.4611 -6.15995 26.4874
    endloop
  endfacet
  facet normal 0.9962 -0.0870927 2.09661e-05
    outer loop
      vertex 47.5515 -5.12592 28.5674
      vertex 47.3583 -7.33511 31.5
      vertex 47.4611 -6.15995 28.5674
    endloop
  endfacet
  facet normal 0.996195 -0.0871525 5.83845e-06
    outer loop
      vertex 47.2708 -8.33511 34
      vertex 47.3583 -7.33511 31.5
      vertex 48 0 34
    endloop
  endfacet
  facet normal 0.996194 -0.087167 0
    outer loop
      vertex 47.3583 -7.33511 31.5
      vertex 47.2708 -8.33511 34
      vertex 47.2708 -8.33511 31.5
    endloop
  endfacet
  facet normal 0.996194 -0.087167 0
    outer loop
      vertex 47.9125 -1 21.5
      vertex 48 0 19
      vertex 48 0 21.5
    endloop
  endfacet
  facet normal 0.996196 -0.0871439 0
    outer loop
      vertex 47.8097 -2.17517 24.3831
      vertex 47.9125 -1 21.5
      vertex 47.8097 -2.17517 28.5674
    endloop
  endfacet
  facet normal 0.996195 -0.0871479 -1.63113e-06
    outer loop
      vertex 47.3583 -7.33511 21.5
      vertex 47.9125 -1 21.5
      vertex 47.8097 -2.17517 24.3831
    endloop
  endfacet
  facet normal 0.996195 -0.08715 2.2018e-06
    outer loop
      vertex 47.3583 -7.33511 21.5
      vertex 47.8097 -2.17517 24.3831
      vertex 47.4611 -6.15995 24.3831
    endloop
  endfacet
  facet normal 0.996196 -0.0871447 0
    outer loop
      vertex 47.3583 -7.33511 21.5
      vertex 47.4611 -6.15995 26.4874
      vertex 47.3583 -7.33511 31.5
    endloop
  endfacet
  facet normal 0.996196 -0.0871447 0
    outer loop
      vertex 47.4611 -6.15995 26.4874
      vertex 47.3583 -7.33511 21.5
      vertex 47.4611 -6.15995 24.3831
    endloop
  endfacet
  facet normal 0.996195 -0.0871479 7.68166e-06
    outer loop
      vertex 47.9125 -1 21.5
      vertex 47.3583 -7.33511 21.5
      vertex 48 0 19
    endloop
  endfacet
  facet normal 0.996194 -0.087167 0
    outer loop
      vertex 47.2708 -8.33511 19
      vertex 47.3583 -7.33511 21.5
      vertex 47.2708 -8.33511 21.5
    endloop
  endfacet
  facet normal 0.996195 -0.0871525 -5.83845e-06
    outer loop
      vertex 47.3583 -7.33511 21.5
      vertex 47.2708 -8.33511 19
      vertex 48 0 19
    endloop
  endfacet
  facet normal 0.573523 -0.81919 0
    outer loop
      vertex 24 -41.5692 19
      vertex 24.8223 -40.9935 21.5
      vertex 24 -41.5692 21.5
    endloop
  endfacet
  facet normal 0.573585 -0.819146 -3.0509e-05
    outer loop
      vertex 24.8223 -40.9935 21.5
      vertex 24 -41.5692 19
      vertex 30.0315 -37.3459 21.5
    endloop
  endfacet
  facet normal 0.573578 -0.819151 -5.6465e-06
    outer loop
      vertex 30.8538 -36.7701 19
      vertex 30.0315 -37.3459 21.5
      vertex 24 -41.5692 19
    endloop
  endfacet
  facet normal 0.573589 -0.819143 6.86905e-18
    outer loop
      vertex 30.0315 -37.3459 21.5
      vertex 30.8538 -36.7701 19
      vertex 30.8538 -36.7701 21.5
    endloop
  endfacet
  facet normal 0.573573 -0.819154 -2.64948e-05
    outer loop
      vertex 28.2149 -38.6179 28.5674
      vertex 24.8223 -40.9935 31.5
      vertex 25.7886 -40.3168 28.5674
    endloop
  endfacet
  facet normal 0.573627 -0.819116 -1.08285e-17
    outer loop
      vertex 24.8223 -40.9935 31.5
      vertex 25.7886 -40.3168 24.3831
      vertex 25.7886 -40.3168 28.5674
    endloop
  endfacet
  facet normal 0.573554 -0.819168 3.65394e-05
    outer loop
      vertex 24.8223 -40.9935 21.5
      vertex 28.2433 -38.5981 24.3831
      vertex 25.7886 -40.3168 24.3831
    endloop
  endfacet
  facet normal 0.573585 -0.819146 -1.75581e-05
    outer loop
      vertex 30.0315 -37.3459 21.5
      vertex 28.2433 -38.5981 24.3831
      vertex 24.8223 -40.9935 21.5
    endloop
  endfacet
  facet normal 0.573627 -0.819116 0
    outer loop
      vertex 24.8223 -40.9935 21.5
      vertex 25.7886 -40.3168 24.3831
      vertex 24.8223 -40.9935 31.5
    endloop
  endfacet
  facet normal 0.573523 -0.81919 -1.51214e-18
    outer loop
      vertex 24.8223 -40.9935 31.5
      vertex 24 -41.5692 34
      vertex 24 -41.5692 31.5
    endloop
  endfacet
  facet normal 0.573578 -0.819151 2.71195e-05
    outer loop
      vertex 24 -41.5692 34
      vertex 24.8223 -40.9935 31.5
      vertex 30.8538 -36.7701 34
    endloop
  endfacet
  facet normal 0.573585 -0.819146 2.25685e-06
    outer loop
      vertex 30.0315 -37.3459 31.5
      vertex 30.8538 -36.7701 34
      vertex 24.8223 -40.9935 31.5
    endloop
  endfacet
  facet normal 0.573589 -0.819143 0
    outer loop
      vertex 30.8538 -36.7701 34
      vertex 30.0315 -37.3459 31.5
      vertex 30.8538 -36.7701 31.5
    endloop
  endfacet
  facet normal 0.573585 -0.819146 -6.85066e-06
    outer loop
      vertex 24.8223 -40.9935 31.5
      vertex 28.2149 -38.6179 28.5674
      vertex 30.0315 -37.3459 31.5
    endloop
  endfacet
  facet normal 0.573585 -0.819146 -7.24015e-06
    outer loop
      vertex 29.0652 -38.0225 28.5674
      vertex 30.0315 -37.3459 31.5
      vertex 28.2149 -38.6179 28.5674
    endloop
  endfacet
  facet normal 0.57357 -0.819156 0
    outer loop
      vertex 29.0652 -38.0225 24.3831
      vertex 30.0315 -37.3459 31.5
      vertex 29.0652 -38.0225 28.5674
    endloop
  endfacet
  facet normal 0.57357 -0.819156 1.79685e-18
    outer loop
      vertex 29.0652 -38.0225 24.3831
      vertex 30.0315 -37.3459 21.5
      vertex 30.0315 -37.3459 31.5
    endloop
  endfacet
  facet normal 0.573643 -0.819105 3.62054e-05
    outer loop
      vertex 28.2433 -38.5981 24.3831
      vertex 30.0315 -37.3459 21.5
      vertex 29.0652 -38.0225 24.3831
    endloop
  endfacet
  facet normal 0.573554 -0.819168 -1.93361e-05
    outer loop
      vertex 24 -41.5692 5.69349
      vertex 26.6077 -39.7433 2.5
      vertex 25.6446 -40.4177 5.4436
    endloop
  endfacet
  facet normal 0.57357 -0.819157 2.23988e-07
    outer loop
      vertex 26.6077 -39.7433 2.5
      vertex 24 -41.5692 0
      vertex 28.2461 -38.5961 2.5
    endloop
  endfacet
  facet normal 0.57357 -0.819157 0
    outer loop
      vertex 24 -41.5692 0
      vertex 26.6077 -39.7433 2.5
      vertex 24 -41.5692 5.69349
    endloop
  endfacet
  facet normal 0.573578 -0.819151 1.24131e-05
    outer loop
      vertex 24 -41.5692 15
      vertex 26.6077 -39.7433 12.5
      vertex 30.8538 -36.7701 15
    endloop
  endfacet
  facet normal 0.57357 -0.819157 0
    outer loop
      vertex 24 -41.5692 9.87777
      vertex 26.6077 -39.7433 12.5
      vertex 24 -41.5692 15
    endloop
  endfacet
  facet normal 0.573558 -0.819165 1.7919e-05
    outer loop
      vertex 25.6446 -40.4177 9.62787
      vertex 26.6077 -39.7433 12.5
      vertex 24 -41.5692 9.87777
    endloop
  endfacet
  facet normal 0.573594 -0.81914 0
    outer loop
      vertex 25.6446 -40.4177 7.51823
      vertex 26.6077 -39.7433 12.5
      vertex 25.6446 -40.4177 9.62787
    endloop
  endfacet
  facet normal 0.573594 -0.81914 -1.27345e-17
    outer loop
      vertex 26.6077 -39.7433 2.5
      vertex 25.6446 -40.4177 7.51823
      vertex 25.6446 -40.4177 5.4436
    endloop
  endfacet
  facet normal 0.573594 -0.81914 -2.64193e-18
    outer loop
      vertex 25.6446 -40.4177 7.51823
      vertex 26.6077 -39.7433 2.5
      vertex 26.6077 -39.7433 12.5
    endloop
  endfacet
  facet normal 0.57357 -0.819157 3.29903e-05
    outer loop
      vertex 28.2461 -38.5961 12.5
      vertex 30.8538 -36.7701 15
      vertex 26.6077 -39.7433 12.5
    endloop
  endfacet
  facet normal 0.573591 -0.819142 -2.25532e-17
    outer loop
      vertex 28.2461 -38.5961 12.5
      vertex 30.8538 -36.7701 9.87777
      vertex 30.8538 -36.7701 15
    endloop
  endfacet
  facet normal 0.57359 -0.819143 -2.02633e-06
    outer loop
      vertex 28.2461 -38.5961 12.5
      vertex 29.2092 -37.9217 9.62787
      vertex 30.8538 -36.7701 9.87777
    endloop
  endfacet
  facet normal 0.573594 -0.81914 1.60419e-17
    outer loop
      vertex 28.2461 -38.5961 12.5
      vertex 29.2092 -37.9217 7.51823
      vertex 29.2092 -37.9217 9.62787
    endloop
  endfacet
  facet normal 0.573594 -0.81914 0
    outer loop
      vertex 28.2461 -38.5961 2.5
      vertex 29.2092 -37.9217 7.51823
      vertex 28.2461 -38.5961 12.5
    endloop
  endfacet
  facet normal 0.573594 -0.81914 0
    outer loop
      vertex 29.2092 -37.9217 7.51823
      vertex 28.2461 -38.5961 2.5
      vertex 29.2092 -37.9217 5.4436
    endloop
  endfacet
  facet normal 0.573589 -0.819143 2.18658e-06
    outer loop
      vertex 28.2461 -38.5961 2.5
      vertex 30.8538 -36.7701 5.69349
      vertex 29.2092 -37.9217 5.4436
    endloop
  endfacet
  facet normal 0.573591 -0.819142 -2.02903e-17
    outer loop
      vertex 28.2461 -38.5961 2.5
      vertex 30.8538 -36.7701 0
      vertex 30.8538 -36.7701 5.69349
    endloop
  endfacet
  facet normal 0.573578 -0.819151 -2.03529e-05
    outer loop
      vertex 30.8538 -36.7701 0
      vertex 28.2461 -38.5961 2.5
      vertex 24 -41.5692 0
    endloop
  endfacet
  facet normal -0.422617 -0.906308 4.82854e-06
    outer loop
      vertex -24 -41.5692 15
      vertex -21.1148 -42.9146 12.5
      vertex -16.417 -45.1052 15
    endloop
  endfacet
  facet normal -0.422621 -0.906307 0
    outer loop
      vertex -24 -41.5692 9.87777
      vertex -21.1148 -42.9146 12.5
      vertex -24 -41.5692 15
    endloop
  endfacet
  facet normal -0.422637 -0.906299 2.25908e-05
    outer loop
      vertex -22.1805 -42.4177 9.62787
      vertex -21.1148 -42.9146 12.5
      vertex -24 -41.5692 9.87777
    endloop
  endfacet
  facet normal -0.422587 -0.906322 0
    outer loop
      vertex -22.1805 -42.4177 5.4436
      vertex -21.1148 -42.9146 12.5
      vertex -22.1805 -42.4177 9.62787
    endloop
  endfacet
  facet normal -0.422587 -0.906322 -0
    outer loop
      vertex -21.1148 -42.9146 12.5
      vertex -22.1805 -42.4177 5.4436
      vertex -21.1148 -42.9146 2.5
    endloop
  endfacet
  facet normal -0.422606 -0.906313 -2.02003e-05
    outer loop
      vertex -19.3022 -43.7598 12.5
      vertex -16.417 -45.1052 15
      vertex -21.1148 -42.9146 12.5
    endloop
  endfacet
  facet normal -0.422621 -0.906307 1.16888e-17
    outer loop
      vertex -19.3022 -43.7598 12.5
      vertex -16.417 -45.1052 9.87777
      vertex -16.417 -45.1052 15
    endloop
  endfacet
  facet normal -0.422571 -0.90633 6.65306e-05
    outer loop
      vertex -19.3022 -43.7598 12.5
      vertex -17.4032 -44.6454 9.74232
      vertex -16.417 -45.1052 9.87777
    endloop
  endfacet
  facet normal -0.422642 -0.906297 6.87474e-06
    outer loop
      vertex -19.3022 -43.7598 12.5
      vertex -18.2365 -44.2568 9.62787
      vertex -17.4032 -44.6454 9.74232
    endloop
  endfacet
  facet normal -0.422657 -0.90629 1.11169e-17
    outer loop
      vertex -19.3022 -43.7598 12.5
      vertex -18.2365 -44.2568 5.4436
      vertex -18.2365 -44.2568 9.62787
    endloop
  endfacet
  facet normal -0.422657 -0.90629 4.65161e-18
    outer loop
      vertex -18.2365 -44.2568 5.4436
      vertex -19.3022 -43.7598 12.5
      vertex -19.3022 -43.7598 2.5
    endloop
  endfacet
  facet normal -0.422596 -0.906318 -2.69995e-05
    outer loop
      vertex -19.3022 -43.7598 2.5
      vertex -16.417 -45.1052 5.69349
      vertex -18.2365 -44.2568 5.4436
    endloop
  endfacet
  facet normal -0.422621 -0.906307 1.0516e-17
    outer loop
      vertex -19.3022 -43.7598 2.5
      vertex -16.417 -45.1052 0
      vertex -16.417 -45.1052 5.69349
    endloop
  endfacet
  facet normal -0.422617 -0.906308 4.82854e-06
    outer loop
      vertex -16.417 -45.1052 0
      vertex -19.3022 -43.7598 2.5
      vertex -24 -41.5692 0
    endloop
  endfacet
  facet normal -0.422666 -0.906286 -3.44202e-05
    outer loop
      vertex -23.2226 -41.9317 5.58672
      vertex -21.1148 -42.9146 2.5
      vertex -22.1805 -42.4177 5.4436
    endloop
  endfacet
  facet normal -0.422611 -0.906311 0
    outer loop
      vertex -24 -41.5692 0
      vertex -23.2226 -41.9317 5.58672
      vertex -24 -41.5692 5.69349
    endloop
  endfacet
  facet normal -0.422606 -0.906313 -2.02003e-05
    outer loop
      vertex -21.1148 -42.9146 2.5
      vertex -24 -41.5692 0
      vertex -19.3022 -43.7598 2.5
    endloop
  endfacet
  facet normal -0.422622 -0.906306 1.85157e-06
    outer loop
      vertex -23.2226 -41.9317 5.58672
      vertex -24 -41.5692 0
      vertex -21.1148 -42.9146 2.5
    endloop
  endfacet
  facet normal -0.422662 -0.906287 0
    outer loop
      vertex -24 -41.5692 19
      vertex -23.0902 -41.9935 21.5
      vertex -24 -41.5692 21.5
    endloop
  endfacet
  facet normal -0.42261 -0.906312 -2.29931e-05
    outer loop
      vertex -23.0902 -41.9935 21.5
      vertex -24 -41.5692 19
      vertex -17.3267 -44.681 21.5
    endloop
  endfacet
  facet normal -0.422617 -0.906308 4.49389e-07
    outer loop
      vertex -16.417 -45.1052 19
      vertex -17.3267 -44.681 21.5
      vertex -24 -41.5692 19
    endloop
  endfacet
  facet normal -0.422618 -0.906308 9.94827e-18
    outer loop
      vertex -17.3267 -44.681 21.5
      vertex -16.417 -45.1052 19
      vertex -16.417 -45.1052 21.5
    endloop
  endfacet
  facet normal -0.422653 -0.906291 -2.47114e-05
    outer loop
      vertex -21.0804 -42.9307 28.5674
      vertex -23.0902 -41.9935 31.5
      vertex -22.0211 -42.492 28.5674
    endloop
  endfacet
  facet normal -0.422598 -0.906317 3.46879e-18
    outer loop
      vertex -23.0902 -41.9935 31.5
      vertex -22.0211 -42.492 26.4874
      vertex -22.0211 -42.492 28.5674
    endloop
  endfacet
  facet normal -0.422598 -0.906317 0
    outer loop
      vertex -23.0902 -41.9935 21.5
      vertex -22.0211 -42.492 26.4874
      vertex -23.0902 -41.9935 31.5
    endloop
  endfacet
  facet normal -0.422619 -0.906308 9.48449e-06
    outer loop
      vertex -23.0902 -41.9935 21.5
      vertex -19.3053 -43.7584 24.3831
      vertex -22.0211 -42.492 24.3831
    endloop
  endfacet
  facet normal -0.42261 -0.906312 -4.49427e-06
    outer loop
      vertex -17.3267 -44.681 21.5
      vertex -19.3053 -43.7584 24.3831
      vertex -23.0902 -41.9935 21.5
    endloop
  endfacet
  facet normal -0.422598 -0.906317 -0
    outer loop
      vertex -22.0211 -42.492 26.4874
      vertex -23.0902 -41.9935 21.5
      vertex -22.0211 -42.492 24.3831
    endloop
  endfacet
  facet normal -0.422662 -0.906287 4.97888e-18
    outer loop
      vertex -23.0902 -41.9935 31.5
      vertex -24 -41.5692 34
      vertex -24 -41.5692 31.5
    endloop
  endfacet
  facet normal -0.422617 -0.906308 1.9797e-05
    outer loop
      vertex -24 -41.5692 34
      vertex -23.0902 -41.9935 31.5
      vertex -16.417 -45.1052 34
    endloop
  endfacet
  facet normal -0.42261 -0.906312 -3.64506e-06
    outer loop
      vertex -17.3267 -44.681 31.5
      vertex -16.417 -45.1052 34
      vertex -23.0902 -41.9935 31.5
    endloop
  endfacet
  facet normal -0.422618 -0.906308 -0
    outer loop
      vertex -16.417 -45.1052 34
      vertex -17.3267 -44.681 31.5
      vertex -16.417 -45.1052 31.5
    endloop
  endfacet
  facet normal -0.42261 -0.906312 1.15125e-05
    outer loop
      vertex -23.0902 -41.9935 31.5
      vertex -21.0804 -42.9307 28.5674
      vertex -17.3267 -44.681 31.5
    endloop
  endfacet
  facet normal -0.422617 -0.906308 2.31753e-05
    outer loop
      vertex -18.3959 -44.1825 28.5674
      vertex -17.3267 -44.681 31.5
      vertex -21.0804 -42.9307 28.5674
    endloop
  endfacet
  facet normal -0.422565 -0.906333 0
    outer loop
      vertex -18.3959 -44.1825 26.4398
      vertex -17.3267 -44.681 31.5
      vertex -18.3959 -44.1825 28.5674
    endloop
  endfacet
  facet normal -0.422565 -0.906333 -8.19981e-18
    outer loop
      vertex -17.3267 -44.681 21.5
      vertex -18.3959 -44.1825 26.4398
      vertex -18.3959 -44.1825 24.3831
    endloop
  endfacet
  facet normal -0.422565 -0.906333 -1.68646e-18
    outer loop
      vertex -18.3959 -44.1825 26.4398
      vertex -17.3267 -44.681 21.5
      vertex -17.3267 -44.681 31.5
    endloop
  endfacet
  facet normal -0.422651 -0.906293 -3.86521e-05
    outer loop
      vertex -19.3053 -43.7584 24.3831
      vertex -17.3267 -44.681 21.5
      vertex -18.3959 -44.1825 24.3831
    endloop
  endfacet
  facet normal -0.996191 -0.0872 2.6614e-20
    outer loop
      vertex 17.25 0 7
      vertex 17.2006 0.564356 27
      vertex 17.2006 0.564356 7
    endloop
  endfacet
  facet normal -0.996191 -0.0872 2.6614e-20
    outer loop
      vertex 17.2006 0.564356 27
      vertex 17.25 0 7
      vertex 17.25 0 27
    endloop
  endfacet
  facet normal 0.0871582 -0.996194 0
    outer loop
      vertex 13.4356 3.20062 7
      vertex 14 3.25 27
      vertex 13.4356 3.20062 27
    endloop
  endfacet
  facet normal 0.0871582 -0.996194 0
    outer loop
      vertex 14 3.25 27
      vertex 13.4356 3.20062 7
      vertex 14 3.25 7
    endloop
  endfacet
  facet normal -0.573545 -0.819174 0
    outer loop
      vertex 15.625 2.81458 7
      vertex 16.0891 2.48964 27
      vertex 15.625 2.81458 27
    endloop
  endfacet
  facet normal -0.573545 -0.819174 -0
    outer loop
      vertex 16.0891 2.48964 27
      vertex 15.625 2.81458 7
      vertex 16.0891 2.48964 7
    endloop
  endfacet
  facet normal 0.819101 -0.573649 -4.90385e-20
    outer loop
      vertex 11.1854 1.625 27
      vertex 11.5104 2.08906 7
      vertex 11.5104 2.08906 27
    endloop
  endfacet
  facet normal 0.819101 -0.573649 -4.90385e-20
    outer loop
      vertex 11.5104 2.08906 7
      vertex 11.1854 1.625 27
      vertex 11.1854 1.625 7
    endloop
  endfacet
  facet normal 0.573545 -0.819174 0
    outer loop
      vertex 11.9109 2.48964 7
      vertex 12.375 2.81458 27
      vertex 11.9109 2.48964 27
    endloop
  endfacet
  facet normal 0.573545 -0.819174 0
    outer loop
      vertex 12.375 2.81458 27
      vertex 11.9109 2.48964 7
      vertex 12.375 2.81458 7
    endloop
  endfacet
  facet normal -0.906322 -0.422588 -5.46637e-19
    outer loop
      vertex 17.054 1.11156 7
      vertex 16.8146 1.625 27
      vertex 16.8146 1.625 7
    endloop
  endfacet
  facet normal -0.906322 -0.422588 -5.46637e-19
    outer loop
      vertex 16.8146 1.625 27
      vertex 17.054 1.11156 7
      vertex 17.054 1.11156 27
    endloop
  endfacet
  facet normal -0.965936 -0.258781 5.02985e-19
    outer loop
      vertex 17.2006 0.564356 7
      vertex 17.054 1.11156 27
      vertex 17.054 1.11156 7
    endloop
  endfacet
  facet normal -0.965936 -0.258781 5.02985e-19
    outer loop
      vertex 17.054 1.11156 27
      vertex 17.2006 0.564356 7
      vertex 17.2006 0.564356 27
    endloop
  endfacet
  facet normal -0.819101 -0.573649 7.8342e-19
    outer loop
      vertex 16.8146 1.625 7
      vertex 16.4896 2.08906 27
      vertex 16.4896 2.08906 7
    endloop
  endfacet
  facet normal -0.819101 -0.573649 7.8342e-19
    outer loop
      vertex 16.4896 2.08906 27
      vertex 16.8146 1.625 7
      vertex 16.8146 1.625 27
    endloop
  endfacet
  facet normal -0.258816 -0.965927 0
    outer loop
      vertex 14.5644 3.20062 7
      vertex 15.1116 3.054 27
      vertex 14.5644 3.20062 27
    endloop
  endfacet
  facet normal -0.258816 -0.965927 -0
    outer loop
      vertex 15.1116 3.054 27
      vertex 14.5644 3.20062 7
      vertex 15.1116 3.054 7
    endloop
  endfacet
  facet normal -0.0871582 -0.996194 0
    outer loop
      vertex 14 3.25 7
      vertex 14.5644 3.20062 27
      vertex 14 3.25 27
    endloop
  endfacet
  facet normal -0.0871582 -0.996194 -0
    outer loop
      vertex 14.5644 3.20062 27
      vertex 14 3.25 7
      vertex 14.5644 3.20062 7
    endloop
  endfacet
  facet normal -0.422644 -0.906296 0
    outer loop
      vertex 15.1116 3.054 7
      vertex 15.625 2.81458 27
      vertex 15.1116 3.054 27
    endloop
  endfacet
  facet normal -0.422644 -0.906296 -0
    outer loop
      vertex 15.625 2.81458 27
      vertex 15.1116 3.054 7
      vertex 15.625 2.81458 7
    endloop
  endfacet
  facet normal 0.965936 -0.258781 -4.00116e-19
    outer loop
      vertex 10.7994 0.564356 27
      vertex 10.946 1.11156 7
      vertex 10.946 1.11156 27
    endloop
  endfacet
  facet normal 0.965936 -0.258781 -4.00116e-19
    outer loop
      vertex 10.946 1.11156 7
      vertex 10.7994 0.564356 27
      vertex 10.7994 0.564356 7
    endloop
  endfacet
  facet normal 0 0 1
    outer loop
      vertex 17.2006 0.564356 7
      vertex 17.2006 -0.564356 7
      vertex 17.25 0 7
    endloop
  endfacet
  facet normal 0 0 1
    outer loop
      vertex 17.054 1.11156 7
      vertex 17.2006 -0.564356 7
      vertex 17.2006 0.564356 7
    endloop
  endfacet
  facet normal 0 0 1
    outer loop
      vertex 17.054 1.11156 7
      vertex 17.054 -1.11156 7
      vertex 17.2006 -0.564356 7
    endloop
  endfacet
  facet normal 0 0 1
    outer loop
      vertex 16.8146 1.625 7
      vertex 17.054 -1.11156 7
      vertex 17.054 1.11156 7
    endloop
  endfacet
  facet normal 0 0 1
    outer loop
      vertex 16.8146 1.625 7
      vertex 16.8146 -1.625 7
      vertex 17.054 -1.11156 7
    endloop
  endfacet
  facet normal 0 0 1
    outer loop
      vertex 16.4896 2.08906 7
      vertex 16.8146 -1.625 7
      vertex 16.8146 1.625 7
    endloop
  endfacet
  facet normal 0 0 1
    outer loop
      vertex 16.4896 2.08906 7
      vertex 16.4896 -2.08906 7
      vertex 16.8146 -1.625 7
    endloop
  endfacet
  facet normal 0 0 1
    outer loop
      vertex 16.0891 2.48964 7
      vertex 16.4896 -2.08906 7
      vertex 16.4896 2.08906 7
    endloop
  endfacet
  facet normal 0 0 1
    outer loop
      vertex 16.0891 2.48964 7
      vertex 16.0891 -2.48964 7
      vertex 16.4896 -2.08906 7
    endloop
  endfacet
  facet normal 0 0 1
    outer loop
      vertex 15.625 2.81458 7
      vertex 16.0891 -2.48964 7
      vertex 16.0891 2.48964 7
    endloop
  endfacet
  facet normal 0 0 1
    outer loop
      vertex 15.625 2.81458 7
      vertex 15.625 -2.81458 7
      vertex 16.0891 -2.48964 7
    endloop
  endfacet
  facet normal 0 0 1
    outer loop
      vertex 15.1116 3.054 7
      vertex 15.625 -2.81458 7
      vertex 15.625 2.81458 7
    endloop
  endfacet
  facet normal 0 0 1
    outer loop
      vertex 15.1116 3.054 7
      vertex 15.1116 -3.054 7
      vertex 15.625 -2.81458 7
    endloop
  endfacet
  facet normal 0 0 1
    outer loop
      vertex 14.5644 3.20062 7
      vertex 15.1116 -3.054 7
      vertex 15.1116 3.054 7
    endloop
  endfacet
  facet normal 0 0 1
    outer loop
      vertex 14.5644 3.20062 7
      vertex 14.5644 -3.20062 7
      vertex 15.1116 -3.054 7
    endloop
  endfacet
  facet normal 0 0 1
    outer loop
      vertex 14 3.25 7
      vertex 14.5644 -3.20062 7
      vertex 14.5644 3.20062 7
    endloop
  endfacet
  facet normal 0 0 1
    outer loop
      vertex 14 3.25 7
      vertex 14 -3.25 7
      vertex 14.5644 -3.20062 7
    endloop
  endfacet
  facet normal -0 0 1
    outer loop
      vertex 13.4356 3.20062 7
      vertex 14 -3.25 7
      vertex 14 3.25 7
    endloop
  endfacet
  facet normal 0 0 1
    outer loop
      vertex 13.4356 3.20062 7
      vertex 13.4356 -3.20062 7
      vertex 14 -3.25 7
    endloop
  endfacet
  facet normal -0 0 1
    outer loop
      vertex 12.8884 3.054 7
      vertex 13.4356 -3.20062 7
      vertex 13.4356 3.20062 7
    endloop
  endfacet
  facet normal 0 0 1
    outer loop
      vertex 12.8884 3.054 7
      vertex 12.8884 -3.054 7
      vertex 13.4356 -3.20062 7
    endloop
  endfacet
  facet normal -0 0 1
    outer loop
      vertex 12.375 2.81458 7
      vertex 12.8884 -3.054 7
      vertex 12.8884 3.054 7
    endloop
  endfacet
  facet normal 0 0 1
    outer loop
      vertex 12.375 2.81458 7
      vertex 12.375 -2.81458 7
      vertex 12.8884 -3.054 7
    endloop
  endfacet
  facet normal -0 0 1
    outer loop
      vertex 11.9109 2.48964 7
      vertex 12.375 -2.81458 7
      vertex 12.375 2.81458 7
    endloop
  endfacet
  facet normal 0 0 1
    outer loop
      vertex 11.9109 2.48964 7
      vertex 11.9109 -2.48964 7
      vertex 12.375 -2.81458 7
    endloop
  endfacet
  facet normal -0 0 1
    outer loop
      vertex 11.5104 2.08906 7
      vertex 11.9109 -2.48964 7
      vertex 11.9109 2.48964 7
    endloop
  endfacet
  facet normal 0 0 1
    outer loop
      vertex 11.5104 2.08906 7
      vertex 11.5104 -2.08906 7
      vertex 11.9109 -2.48964 7
    endloop
  endfacet
  facet normal -0 0 1
    outer loop
      vertex 11.1854 1.625 7
      vertex 11.5104 -2.08906 7
      vertex 11.5104 2.08906 7
    endloop
  endfacet
  facet normal 0 0 1
    outer loop
      vertex 11.1854 1.625 7
      vertex 11.1854 -1.625 7
      vertex 11.5104 -2.08906 7
    endloop
  endfacet
  facet normal -0 0 1
    outer loop
      vertex 10.946 1.11156 7
      vertex 11.1854 -1.625 7
      vertex 11.1854 1.625 7
    endloop
  endfacet
  facet normal 0 0 1
    outer loop
      vertex 10.946 1.11156 7
      vertex 10.946 -1.11156 7
      vertex 11.1854 -1.625 7
    endloop
  endfacet
  facet normal -0 0 1
    outer loop
      vertex 10.7994 0.564356 7
      vertex 10.946 -1.11156 7
      vertex 10.946 1.11156 7
    endloop
  endfacet
  facet normal 0 0 1
    outer loop
      vertex 10.7994 0.564356 7
      vertex 10.7994 -0.564356 7
      vertex 10.946 -1.11156 7
    endloop
  endfacet
  facet normal 0 -0 1
    outer loop
      vertex 10.7994 -0.564356 7
      vertex 10.7994 0.564356 7
      vertex 10.75 0 7
    endloop
  endfacet
  facet normal 0.906322 -0.422588 5.46637e-19
    outer loop
      vertex 10.946 1.11156 27
      vertex 11.1854 1.625 7
      vertex 11.1854 1.625 27
    endloop
  endfacet
  facet normal 0.906322 -0.422588 5.46637e-19
    outer loop
      vertex 11.1854 1.625 7
      vertex 10.946 1.11156 27
      vertex 10.946 1.11156 7
    endloop
  endfacet
  facet normal 0.996191 -0.0872 -1.13633e-20
    outer loop
      vertex 10.75 0 27
      vertex 10.7994 0.564356 7
      vertex 10.7994 0.564356 27
    endloop
  endfacet
  facet normal 0.996191 -0.0872 -1.13633e-20
    outer loop
      vertex 10.7994 0.564356 7
      vertex 10.75 0 27
      vertex 10.75 0 7
    endloop
  endfacet
  facet normal 0 0 -1
    outer loop
      vertex 17.2006 -0.564356 27
      vertex 17.2006 0.564356 27
      vertex 17.25 0 27
    endloop
  endfacet
  facet normal 0 0 -1
    outer loop
      vertex 17.054 -1.11156 27
      vertex 17.2006 0.564356 27
      vertex 17.2006 -0.564356 27
    endloop
  endfacet
  facet normal 0 0 -1
    outer loop
      vertex 17.054 -1.11156 27
      vertex 17.054 1.11156 27
      vertex 17.2006 0.564356 27
    endloop
  endfacet
  facet normal 0 0 -1
    outer loop
      vertex 16.8146 -1.625 27
      vertex 17.054 1.11156 27
      vertex 17.054 -1.11156 27
    endloop
  endfacet
  facet normal 0 0 -1
    outer loop
      vertex 16.8146 -1.625 27
      vertex 16.8146 1.625 27
      vertex 17.054 1.11156 27
    endloop
  endfacet
  facet normal 0 0 -1
    outer loop
      vertex 16.4896 -2.08906 27
      vertex 16.8146 1.625 27
      vertex 16.8146 -1.625 27
    endloop
  endfacet
  facet normal 0 0 -1
    outer loop
      vertex 16.4896 -2.08906 27
      vertex 16.4896 2.08906 27
      vertex 16.8146 1.625 27
    endloop
  endfacet
  facet normal 0 0 -1
    outer loop
      vertex 16.0891 -2.48964 27
      vertex 16.4896 2.08906 27
      vertex 16.4896 -2.08906 27
    endloop
  endfacet
  facet normal 0 0 -1
    outer loop
      vertex 16.0891 -2.48964 27
      vertex 16.0891 2.48964 27
      vertex 16.4896 2.08906 27
    endloop
  endfacet
  facet normal 0 0 -1
    outer loop
      vertex 15.625 -2.81458 27
      vertex 16.0891 2.48964 27
      vertex 16.0891 -2.48964 27
    endloop
  endfacet
  facet normal 0 0 -1
    outer loop
      vertex 15.625 -2.81458 27
      vertex 15.625 2.81458 27
      vertex 16.0891 2.48964 27
    endloop
  endfacet
  facet normal 0 0 -1
    outer loop
      vertex 15.1116 -3.054 27
      vertex 15.625 2.81458 27
      vertex 15.625 -2.81458 27
    endloop
  endfacet
  facet normal 0 0 -1
    outer loop
      vertex 15.1116 -3.054 27
      vertex 15.1116 3.054 27
      vertex 15.625 2.81458 27
    endloop
  endfacet
  facet normal 0 0 -1
    outer loop
      vertex 14.5644 -3.20062 27
      vertex 15.1116 3.054 27
      vertex 15.1116 -3.054 27
    endloop
  endfacet
  facet normal 0 0 -1
    outer loop
      vertex 14.5644 -3.20062 27
      vertex 14.5644 3.20062 27
      vertex 15.1116 3.054 27
    endloop
  endfacet
  facet normal 0 0 -1
    outer loop
      vertex 14 -3.25 27
      vertex 14.5644 3.20062 27
      vertex 14.5644 -3.20062 27
    endloop
  endfacet
  facet normal 0 0 -1
    outer loop
      vertex 14 -3.25 27
      vertex 14 3.25 27
      vertex 14.5644 3.20062 27
    endloop
  endfacet
  facet normal 0 0 -1
    outer loop
      vertex 13.4356 -3.20062 27
      vertex 14 3.25 27
      vertex 14 -3.25 27
    endloop
  endfacet
  facet normal 0 0 -1
    outer loop
      vertex 13.4356 -3.20062 27
      vertex 13.4356 3.20062 27
      vertex 14 3.25 27
    endloop
  endfacet
  facet normal 0 0 -1
    outer loop
      vertex 12.8884 -3.054 27
      vertex 13.4356 3.20062 27
      vertex 13.4356 -3.20062 27
    endloop
  endfacet
  facet normal 0 0 -1
    outer loop
      vertex 12.8884 -3.054 27
      vertex 12.8884 3.054 27
      vertex 13.4356 3.20062 27
    endloop
  endfacet
  facet normal 0 0 -1
    outer loop
      vertex 12.375 -2.81458 27
      vertex 12.8884 3.054 27
      vertex 12.8884 -3.054 27
    endloop
  endfacet
  facet normal 0 0 -1
    outer loop
      vertex 12.375 -2.81458 27
      vertex 12.375 2.81458 27
      vertex 12.8884 3.054 27
    endloop
  endfacet
  facet normal 0 0 -1
    outer loop
      vertex 11.9109 -2.48964 27
      vertex 12.375 2.81458 27
      vertex 12.375 -2.81458 27
    endloop
  endfacet
  facet normal 0 0 -1
    outer loop
      vertex 11.9109 -2.48964 27
      vertex 11.9109 2.48964 27
      vertex 12.375 2.81458 27
    endloop
  endfacet
  facet normal 0 0 -1
    outer loop
      vertex 11.5104 -2.08906 27
      vertex 11.9109 2.48964 27
      vertex 11.9109 -2.48964 27
    endloop
  endfacet
  facet normal 0 0 -1
    outer loop
      vertex 11.5104 -2.08906 27
      vertex 11.5104 2.08906 27
      vertex 11.9109 2.48964 27
    endloop
  endfacet
  facet normal 0 0 -1
    outer loop
      vertex 11.1854 -1.625 27
      vertex 11.5104 2.08906 27
      vertex 11.5104 -2.08906 27
    endloop
  endfacet
  facet normal 0 0 -1
    outer loop
      vertex 11.1854 -1.625 27
      vertex 11.1854 1.625 27
      vertex 11.5104 2.08906 27
    endloop
  endfacet
  facet normal 0 0 -1
    outer loop
      vertex 10.946 -1.11156 27
      vertex 11.1854 1.625 27
      vertex 11.1854 -1.625 27
    endloop
  endfacet
  facet normal 0 0 -1
    outer loop
      vertex 10.946 -1.11156 27
      vertex 10.946 1.11156 27
      vertex 11.1854 1.625 27
    endloop
  endfacet
  facet normal 0 0 -1
    outer loop
      vertex 10.7994 -0.564356 27
      vertex 10.946 1.11156 27
      vertex 10.946 -1.11156 27
    endloop
  endfacet
  facet normal 0 0 -1
    outer loop
      vertex 10.7994 -0.564356 27
      vertex 10.7994 0.564356 27
      vertex 10.946 1.11156 27
    endloop
  endfacet
  facet normal 0 -0 -1
    outer loop
      vertex 10.7994 0.564356 27
      vertex 10.7994 -0.564356 27
      vertex 10.75 0 27
    endloop
  endfacet
  facet normal 0.707177 -0.707036 -9.92905e-19
    outer loop
      vertex 11.5104 2.08906 27
      vertex 11.9109 2.48964 7
      vertex 11.9109 2.48964 27
    endloop
  endfacet
  facet normal 0.707177 -0.707036 -9.92905e-19
    outer loop
      vertex 11.9109 2.48964 7
      vertex 11.5104 2.08906 27
      vertex 11.5104 2.08906 7
    endloop
  endfacet
  facet normal 0.258816 -0.965927 0
    outer loop
      vertex 12.8884 3.054 7
      vertex 13.4356 3.20062 27
      vertex 12.8884 3.054 27
    endloop
  endfacet
  facet normal 0.258816 -0.965927 0
    outer loop
      vertex 13.4356 3.20062 27
      vertex 12.8884 3.054 7
      vertex 13.4356 3.20062 7
    endloop
  endfacet
  facet normal -0.996191 0.0872 -2.6614e-20
    outer loop
      vertex 17.2006 -0.564356 7
      vertex 17.25 0 27
      vertex 17.25 0 7
    endloop
  endfacet
  facet normal -0.996191 0.0872 -2.6614e-20
    outer loop
      vertex 17.25 0 27
      vertex 17.2006 -0.564356 7
      vertex 17.2006 -0.564356 27
    endloop
  endfacet
  facet normal -0.906322 0.422588 5.46637e-19
    outer loop
      vertex 16.8146 -1.625 7
      vertex 17.054 -1.11156 27
      vertex 17.054 -1.11156 7
    endloop
  endfacet
  facet normal -0.906322 0.422588 5.46637e-19
    outer loop
      vertex 17.054 -1.11156 27
      vertex 16.8146 -1.625 7
      vertex 16.8146 -1.625 27
    endloop
  endfacet
  facet normal -0.258816 0.965927 0
    outer loop
      vertex 15.1116 -3.054 7
      vertex 14.5644 -3.20062 27
      vertex 15.1116 -3.054 27
    endloop
  endfacet
  facet normal -0.258816 0.965927 0
    outer loop
      vertex 14.5644 -3.20062 27
      vertex 15.1116 -3.054 7
      vertex 14.5644 -3.20062 7
    endloop
  endfacet
  facet normal -0.707177 -0.707036 1.04076e-19
    outer loop
      vertex 16.4896 2.08906 7
      vertex 16.0891 2.48964 27
      vertex 16.0891 2.48964 7
    endloop
  endfacet
  facet normal -0.707177 -0.707036 1.04076e-19
    outer loop
      vertex 16.0891 2.48964 27
      vertex 16.4896 2.08906 7
      vertex 16.4896 2.08906 27
    endloop
  endfacet
  facet normal 0.996191 0.0872 1.13633e-20
    outer loop
      vertex 10.7994 -0.564356 27
      vertex 10.75 0 7
      vertex 10.75 0 27
    endloop
  endfacet
  facet normal 0.996191 0.0872 1.13633e-20
    outer loop
      vertex 10.75 0 7
      vertex 10.7994 -0.564356 27
      vertex 10.7994 -0.564356 7
    endloop
  endfacet
  facet normal -0.573545 0.819174 0
    outer loop
      vertex 16.0891 -2.48964 7
      vertex 15.625 -2.81458 27
      vertex 16.0891 -2.48964 27
    endloop
  endfacet
  facet normal -0.573545 0.819174 0
    outer loop
      vertex 15.625 -2.81458 27
      vertex 16.0891 -2.48964 7
      vertex 15.625 -2.81458 7
    endloop
  endfacet
  facet normal 0.819101 0.573649 4.90385e-20
    outer loop
      vertex 11.5104 -2.08906 27
      vertex 11.1854 -1.625 7
      vertex 11.1854 -1.625 27
    endloop
  endfacet
  facet normal 0.819101 0.573649 4.90385e-20
    outer loop
      vertex 11.1854 -1.625 7
      vertex 11.5104 -2.08906 27
      vertex 11.5104 -2.08906 7
    endloop
  endfacet
  facet normal 0.965936 0.258781 4.00116e-19
    outer loop
      vertex 10.946 -1.11156 27
      vertex 10.7994 -0.564356 7
      vertex 10.7994 -0.564356 27
    endloop
  endfacet
  facet normal 0.965936 0.258781 4.00116e-19
    outer loop
      vertex 10.7994 -0.564356 7
      vertex 10.946 -1.11156 27
      vertex 10.946 -1.11156 7
    endloop
  endfacet
  facet normal 0.906322 0.422588 -5.46637e-19
    outer loop
      vertex 11.1854 -1.625 27
      vertex 10.946 -1.11156 7
      vertex 10.946 -1.11156 27
    endloop
  endfacet
  facet normal 0.906322 0.422588 -5.46637e-19
    outer loop
      vertex 10.946 -1.11156 7
      vertex 11.1854 -1.625 27
      vertex 11.1854 -1.625 7
    endloop
  endfacet
  facet normal -0.422644 0.906296 0
    outer loop
      vertex 15.625 -2.81458 7
      vertex 15.1116 -3.054 27
      vertex 15.625 -2.81458 27
    endloop
  endfacet
  facet normal -0.422644 0.906296 0
    outer loop
      vertex 15.1116 -3.054 27
      vertex 15.625 -2.81458 7
      vertex 15.1116 -3.054 7
    endloop
  endfacet
  facet normal 0.422644 -0.906296 0
    outer loop
      vertex 12.375 2.81458 7
      vertex 12.8884 3.054 27
      vertex 12.375 2.81458 27
    endloop
  endfacet
  facet normal 0.422644 -0.906296 0
    outer loop
      vertex 12.8884 3.054 27
      vertex 12.375 2.81458 7
      vertex 12.8884 3.054 7
    endloop
  endfacet
  facet normal -0.965936 0.258781 -5.02985e-19
    outer loop
      vertex 17.054 -1.11156 7
      vertex 17.2006 -0.564356 27
      vertex 17.2006 -0.564356 7
    endloop
  endfacet
  facet normal -0.965936 0.258781 -5.02985e-19
    outer loop
      vertex 17.2006 -0.564356 27
      vertex 17.054 -1.11156 7
      vertex 17.054 -1.11156 27
    endloop
  endfacet
  facet normal -0.0871582 0.996194 0
    outer loop
      vertex 14.5644 -3.20062 7
      vertex 14 -3.25 27
      vertex 14.5644 -3.20062 27
    endloop
  endfacet
  facet normal -0.0871582 0.996194 0
    outer loop
      vertex 14 -3.25 27
      vertex 14.5644 -3.20062 7
      vertex 14 -3.25 7
    endloop
  endfacet
  facet normal 0.573545 0.819174 -0
    outer loop
      vertex 12.375 -2.81458 7
      vertex 11.9109 -2.48964 27
      vertex 12.375 -2.81458 27
    endloop
  endfacet
  facet normal 0.573545 0.819174 0
    outer loop
      vertex 11.9109 -2.48964 27
      vertex 12.375 -2.81458 7
      vertex 11.9109 -2.48964 7
    endloop
  endfacet
  facet normal 0.707177 0.707036 9.92905e-19
    outer loop
      vertex 11.9109 -2.48964 27
      vertex 11.5104 -2.08906 7
      vertex 11.5104 -2.08906 27
    endloop
  endfacet
  facet normal 0.707177 0.707036 9.92905e-19
    outer loop
      vertex 11.5104 -2.08906 7
      vertex 11.9109 -2.48964 27
      vertex 11.9109 -2.48964 7
    endloop
  endfacet
  facet normal -0.707177 0.707036 -1.04076e-19
    outer loop
      vertex 16.0891 -2.48964 7
      vertex 16.4896 -2.08906 27
      vertex 16.4896 -2.08906 7
    endloop
  endfacet
  facet normal -0.707177 0.707036 -1.04076e-19
    outer loop
      vertex 16.4896 -2.08906 27
      vertex 16.0891 -2.48964 7
      vertex 16.0891 -2.48964 27
    endloop
  endfacet
  facet normal 0.258816 0.965927 -0
    outer loop
      vertex 13.4356 -3.20062 7
      vertex 12.8884 -3.054 27
      vertex 13.4356 -3.20062 27
    endloop
  endfacet
  facet normal 0.258816 0.965927 0
    outer loop
      vertex 12.8884 -3.054 27
      vertex 13.4356 -3.20062 7
      vertex 12.8884 -3.054 7
    endloop
  endfacet
  facet normal 0.422644 0.906296 -0
    outer loop
      vertex 12.8884 -3.054 7
      vertex 12.375 -2.81458 27
      vertex 12.8884 -3.054 27
    endloop
  endfacet
  facet normal 0.422644 0.906296 0
    outer loop
      vertex 12.375 -2.81458 27
      vertex 12.8884 -3.054 7
      vertex 12.375 -2.81458 7
    endloop
  endfacet
  facet normal -0.819101 0.573649 -7.8342e-19
    outer loop
      vertex 16.4896 -2.08906 7
      vertex 16.8146 -1.625 27
      vertex 16.8146 -1.625 7
    endloop
  endfacet
  facet normal -0.819101 0.573649 -7.8342e-19
    outer loop
      vertex 16.8146 -1.625 27
      vertex 16.4896 -2.08906 7
      vertex 16.4896 -2.08906 27
    endloop
  endfacet
  facet normal 0.0871582 0.996194 -0
    outer loop
      vertex 14 -3.25 7
      vertex 13.4356 -3.20062 27
      vertex 14 -3.25 27
    endloop
  endfacet
  facet normal 0.0871582 0.996194 0
    outer loop
      vertex 13.4356 -3.20062 27
      vertex 14 -3.25 7
      vertex 13.4356 -3.20062 7
    endloop
  endfacet
  facet normal 0.573531 -0.819184 0
    outer loop
      vertex 4.91094 14.614 7
      vertex 5.375 14.9389 27
      vertex 4.91094 14.614 27
    endloop
  endfacet
  facet normal 0.573531 -0.819184 0
    outer loop
      vertex 5.375 14.9389 27
      vertex 4.91094 14.614 7
      vertex 5.375 14.9389 7
    endloop
  endfacet
  facet normal 0.573578 0.819151 -0
    outer loop
      vertex 5.375 9.30977 7
      vertex 4.91094 9.63471 27
      vertex 5.375 9.30977 27
    endloop
  endfacet
  facet normal 0.573578 0.819151 0
    outer loop
      vertex 4.91094 9.63471 27
      vertex 5.375 9.30977 7
      vertex 4.91094 9.63471 7
    endloop
  endfacet
  facet normal -0.573531 -0.819184 0
    outer loop
      vertex 8.625 14.9389 7
      vertex 9.08906 14.614 27
      vertex 8.625 14.9389 27
    endloop
  endfacet
  facet normal -0.573531 -0.819184 -0
    outer loop
      vertex 9.08906 14.614 27
      vertex 8.625 14.9389 7
      vertex 9.08906 14.614 7
    endloop
  endfacet
  facet normal -0.819174 0.573545 -3.09781e-19
    outer loop
      vertex 9.48964 10.0353 7
      vertex 9.81458 10.4994 27
      vertex 9.81458 10.4994 7
    endloop
  endfacet
  facet normal -0.819174 0.573545 -3.09781e-19
    outer loop
      vertex 9.81458 10.4994 27
      vertex 9.48964 10.0353 7
      vertex 9.48964 10.0353 27
    endloop
  endfacet
  facet normal 0.996195 -0.087156 -6.84857e-20
    outer loop
      vertex 3.75 12.1244 27
      vertex 3.79937 12.6887 7
      vertex 3.79937 12.6887 27
    endloop
  endfacet
  facet normal 0.996195 -0.087156 -6.84857e-20
    outer loop
      vertex 3.79937 12.6887 7
      vertex 3.75 12.1244 27
      vertex 3.75 12.1244 7
    endloop
  endfacet
  facet normal -0.965935 -0.258783 5.4306e-19
    outer loop
      vertex 10.2006 12.6887 7
      vertex 10.054 13.2359 27
      vertex 10.054 13.2359 7
    endloop
  endfacet
  facet normal -0.965935 -0.258783 5.4306e-19
    outer loop
      vertex 10.054 13.2359 27
      vertex 10.2006 12.6887 7
      vertex 10.2006 12.6887 27
    endloop
  endfacet
  facet normal -0.819116 -0.573628 -8.80431e-19
    outer loop
      vertex 9.81458 13.7494 7
      vertex 9.48964 14.2134 27
      vertex 9.48964 14.2134 7
    endloop
  endfacet
  facet normal -0.819116 -0.573628 -8.80431e-19
    outer loop
      vertex 9.48964 14.2134 27
      vertex 9.81458 13.7494 7
      vertex 9.81458 13.7494 27
    endloop
  endfacet
  facet normal -0.258816 0.965927 0
    outer loop
      vertex 8.11156 9.07035 7
      vertex 7.56436 8.92373 27
      vertex 8.11156 9.07035 27
    endloop
  endfacet
  facet normal -0.258816 0.965927 0
    outer loop
      vertex 7.56436 8.92373 27
      vertex 8.11156 9.07035 7
      vertex 7.56436 8.92373 7
    endloop
  endfacet
  facet normal -0.0871994 -0.996191 0
    outer loop
      vertex 7 15.3744 7
      vertex 7.56436 15.325 27
      vertex 7 15.3744 27
    endloop
  endfacet
  facet normal -0.0871994 -0.996191 -0
    outer loop
      vertex 7.56436 15.325 27
      vertex 7 15.3744 7
      vertex 7.56436 15.325 7
    endloop
  endfacet
  facet normal 0.258779 -0.965937 0
    outer loop
      vertex 5.88843 15.1784 7
      vertex 6.43564 15.325 27
      vertex 5.88843 15.1784 27
    endloop
  endfacet
  facet normal 0.258779 -0.965937 0
    outer loop
      vertex 6.43564 15.325 27
      vertex 5.88843 15.1784 7
      vertex 6.43564 15.325 7
    endloop
  endfacet
  facet normal 0.42274 -0.906251 0
    outer loop
      vertex 5.375 14.9389 7
      vertex 5.88843 15.1784 27
      vertex 5.375 14.9389 27
    endloop
  endfacet
  facet normal 0.42274 -0.906251 0
    outer loop
      vertex 5.88843 15.1784 27
      vertex 5.375 14.9389 7
      vertex 5.88843 15.1784 7
    endloop
  endfacet
  facet normal 0.707116 -0.707098 0
    outer loop
      vertex 4.51035 14.2134 7
      vertex 4.91094 14.614 27
      vertex 4.51035 14.2134 27
    endloop
  endfacet
  facet normal 0.707116 -0.707098 0
    outer loop
      vertex 4.91094 14.614 27
      vertex 4.51035 14.2134 7
      vertex 4.91094 14.614 7
    endloop
  endfacet
  facet normal 0.906327 -0.422576 -3.09169e-19
    outer loop
      vertex 3.946 13.2359 27
      vertex 4.18542 13.7494 7
      vertex 4.18542 13.7494 27
    endloop
  endfacet
  facet normal 0.906327 -0.422576 -3.09169e-19
    outer loop
      vertex 4.18542 13.7494 7
      vertex 3.946 13.2359 27
      vertex 3.946 13.2359 7
    endloop
  endfacet
  facet normal 0.422624 0.906305 -0
    outer loop
      vertex 5.88843 9.07035 7
      vertex 5.375 9.30977 27
      vertex 5.88843 9.07035 27
    endloop
  endfacet
  facet normal 0.422624 0.906305 0
    outer loop
      vertex 5.375 9.30977 27
      vertex 5.88843 9.07035 7
      vertex 5.375 9.30977 7
    endloop
  endfacet
  facet normal 0.906296 0.422644 -1.81823e-19
    outer loop
      vertex 4.18542 10.4994 27
      vertex 3.946 11.0128 7
      vertex 3.946 11.0128 27
    endloop
  endfacet
  facet normal 0.906296 0.422644 -1.81823e-19
    outer loop
      vertex 3.946 11.0128 7
      vertex 4.18542 10.4994 27
      vertex 4.18542 10.4994 7
    endloop
  endfacet
  facet normal 0 0 -1
    outer loop
      vertex 10.2006 11.56 27
      vertex 10.2006 12.6887 27
      vertex 10.25 12.1244 27
    endloop
  endfacet
  facet normal 0 0 -1
    outer loop
      vertex 10.054 11.0128 27
      vertex 10.2006 12.6887 27
      vertex 10.2006 11.56 27
    endloop
  endfacet
  facet normal 0 0 -1
    outer loop
      vertex 10.054 11.0128 27
      vertex 10.054 13.2359 27
      vertex 10.2006 12.6887 27
    endloop
  endfacet
  facet normal 0 0 -1
    outer loop
      vertex 9.81458 10.4994 27
      vertex 10.054 13.2359 27
      vertex 10.054 11.0128 27
    endloop
  endfacet
  facet normal 0 0 -1
    outer loop
      vertex 9.81458 10.4994 27
      vertex 9.81458 13.7494 27
      vertex 10.054 13.2359 27
    endloop
  endfacet
  facet normal 0 0 -1
    outer loop
      vertex 9.48964 10.0353 27
      vertex 9.81458 13.7494 27
      vertex 9.81458 10.4994 27
    endloop
  endfacet
  facet normal 0 0 -1
    outer loop
      vertex 9.48964 10.0353 27
      vertex 9.48964 14.2134 27
      vertex 9.81458 13.7494 27
    endloop
  endfacet
  facet normal 0 0 -1
    outer loop
      vertex 9.08906 9.63471 27
      vertex 9.48964 14.2134 27
      vertex 9.48964 10.0353 27
    endloop
  endfacet
  facet normal 0 0 -1
    outer loop
      vertex 9.08906 9.63471 27
      vertex 9.08906 14.614 27
      vertex 9.48964 14.2134 27
    endloop
  endfacet
  facet normal 0 0 -1
    outer loop
      vertex 8.625 9.30977 27
      vertex 9.08906 14.614 27
      vertex 9.08906 9.63471 27
    endloop
  endfacet
  facet normal 0 0 -1
    outer loop
      vertex 8.625 9.30977 27
      vertex 8.625 14.9389 27
      vertex 9.08906 14.614 27
    endloop
  endfacet
  facet normal 0 0 -1
    outer loop
      vertex 8.11156 9.07035 27
      vertex 8.625 14.9389 27
      vertex 8.625 9.30977 27
    endloop
  endfacet
  facet normal 0 0 -1
    outer loop
      vertex 8.11156 9.07035 27
      vertex 8.11156 15.1784 27
      vertex 8.625 14.9389 27
    endloop
  endfacet
  facet normal 0 0 -1
    outer loop
      vertex 7.56436 8.92373 27
      vertex 8.11156 15.1784 27
      vertex 8.11156 9.07035 27
    endloop
  endfacet
  facet normal 0 0 -1
    outer loop
      vertex 7.56436 8.92373 27
      vertex 7.56436 15.325 27
      vertex 8.11156 15.1784 27
    endloop
  endfacet
  facet normal 0 0 -1
    outer loop
      vertex 7 8.87436 27
      vertex 7.56436 15.325 27
      vertex 7.56436 8.92373 27
    endloop
  endfacet
  facet normal 0 0 -1
    outer loop
      vertex 7 8.87436 27
      vertex 7 15.3744 27
      vertex 7.56436 15.325 27
    endloop
  endfacet
  facet normal 0 0 -1
    outer loop
      vertex 6.43564 8.92373 27
      vertex 7 15.3744 27
      vertex 7 8.87436 27
    endloop
  endfacet
  facet normal 0 0 -1
    outer loop
      vertex 6.43564 8.92373 27
      vertex 6.43564 15.325 27
      vertex 7 15.3744 27
    endloop
  endfacet
  facet normal 0 0 -1
    outer loop
      vertex 5.88843 9.07035 27
      vertex 6.43564 15.325 27
      vertex 6.43564 8.92373 27
    endloop
  endfacet
  facet normal 0 0 -1
    outer loop
      vertex 5.88843 9.07035 27
      vertex 5.88843 15.1784 27
      vertex 6.43564 15.325 27
    endloop
  endfacet
  facet normal 0 0 -1
    outer loop
      vertex 5.375 9.30977 27
      vertex 5.88843 15.1784 27
      vertex 5.88843 9.07035 27
    endloop
  endfacet
  facet normal 0 0 -1
    outer loop
      vertex 5.375 9.30977 27
      vertex 5.375 14.9389 27
      vertex 5.88843 15.1784 27
    endloop
  endfacet
  facet normal 0 0 -1
    outer loop
      vertex 4.91094 9.63471 27
      vertex 5.375 14.9389 27
      vertex 5.375 9.30977 27
    endloop
  endfacet
  facet normal 0 0 -1
    outer loop
      vertex 4.91094 9.63471 27
      vertex 4.91094 14.614 27
      vertex 5.375 14.9389 27
    endloop
  endfacet
  facet normal 0 0 -1
    outer loop
      vertex 4.51035 10.0353 27
      vertex 4.91094 14.614 27
      vertex 4.91094 9.63471 27
    endloop
  endfacet
  facet normal 0 0 -1
    outer loop
      vertex 4.51035 10.0353 27
      vertex 4.51035 14.2134 27
      vertex 4.91094 14.614 27
    endloop
  endfacet
  facet normal 0 0 -1
    outer loop
      vertex 4.18542 10.4994 27
      vertex 4.51035 14.2134 27
      vertex 4.51035 10.0353 27
    endloop
  endfacet
  facet normal 0 0 -1
    outer loop
      vertex 4.18542 10.4994 27
      vertex 4.18542 13.7494 27
      vertex 4.51035 14.2134 27
    endloop
  endfacet
  facet normal 0 0 -1
    outer loop
      vertex 3.946 11.0128 27
      vertex 4.18542 13.7494 27
      vertex 4.18542 10.4994 27
    endloop
  endfacet
  facet normal 0 0 -1
    outer loop
      vertex 3.946 11.0128 27
      vertex 3.946 13.2359 27
      vertex 4.18542 13.7494 27
    endloop
  endfacet
  facet normal 0 0 -1
    outer loop
      vertex 3.79937 11.56 27
      vertex 3.946 13.2359 27
      vertex 3.946 11.0128 27
    endloop
  endfacet
  facet normal 0 0 -1
    outer loop
      vertex 3.79937 11.56 27
      vertex 3.79937 12.6887 27
      vertex 3.946 13.2359 27
    endloop
  endfacet
  facet normal 0 -0 -1
    outer loop
      vertex 3.79937 12.6887 27
      vertex 3.79937 11.56 27
      vertex 3.75 12.1244 27
    endloop
  endfacet
  facet normal 0.996196 0.0871407 -1.1198e-19
    outer loop
      vertex 3.79937 11.56 27
      vertex 3.75 12.1244 7
      vertex 3.75 12.1244 27
    endloop
  endfacet
  facet normal 0.996196 0.0871407 -1.1198e-19
    outer loop
      vertex 3.75 12.1244 7
      vertex 3.79937 11.56 27
      vertex 3.79937 11.56 7
    endloop
  endfacet
  facet normal 0.965922 -0.258833 -4.02505e-19
    outer loop
      vertex 3.79937 12.6887 27
      vertex 3.946 13.2359 7
      vertex 3.946 13.2359 27
    endloop
  endfacet
  facet normal 0.965922 -0.258833 -4.02505e-19
    outer loop
      vertex 3.946 13.2359 7
      vertex 3.79937 12.6887 27
      vertex 3.79937 12.6887 7
    endloop
  endfacet
  facet normal 0 0 1
    outer loop
      vertex 10.2006 12.6887 7
      vertex 10.2006 11.56 7
      vertex 10.25 12.1244 7
    endloop
  endfacet
  facet normal 0 0 1
    outer loop
      vertex 10.054 13.2359 7
      vertex 10.2006 11.56 7
      vertex 10.2006 12.6887 7
    endloop
  endfacet
  facet normal 0 0 1
    outer loop
      vertex 10.054 13.2359 7
      vertex 10.054 11.0128 7
      vertex 10.2006 11.56 7
    endloop
  endfacet
  facet normal 0 0 1
    outer loop
      vertex 9.81458 13.7494 7
      vertex 10.054 11.0128 7
      vertex 10.054 13.2359 7
    endloop
  endfacet
  facet normal 0 0 1
    outer loop
      vertex 9.81458 13.7494 7
      vertex 9.81458 10.4994 7
      vertex 10.054 11.0128 7
    endloop
  endfacet
  facet normal 0 0 1
    outer loop
      vertex 9.48964 14.2134 7
      vertex 9.81458 10.4994 7
      vertex 9.81458 13.7494 7
    endloop
  endfacet
  facet normal 0 0 1
    outer loop
      vertex 9.48964 14.2134 7
      vertex 9.48964 10.0353 7
      vertex 9.81458 10.4994 7
    endloop
  endfacet
  facet normal 0 0 1
    outer loop
      vertex 9.08906 14.614 7
      vertex 9.48964 10.0353 7
      vertex 9.48964 14.2134 7
    endloop
  endfacet
  facet normal 0 0 1
    outer loop
      vertex 9.08906 14.614 7
      vertex 9.08906 9.63471 7
      vertex 9.48964 10.0353 7
    endloop
  endfacet
  facet normal 0 0 1
    outer loop
      vertex 8.625 14.9389 7
      vertex 9.08906 9.63471 7
      vertex 9.08906 14.614 7
    endloop
  endfacet
  facet normal 0 0 1
    outer loop
      vertex 8.625 14.9389 7
      vertex 8.625 9.30977 7
      vertex 9.08906 9.63471 7
    endloop
  endfacet
  facet normal 0 0 1
    outer loop
      vertex 8.11156 15.1784 7
      vertex 8.625 9.30977 7
      vertex 8.625 14.9389 7
    endloop
  endfacet
  facet normal 0 0 1
    outer loop
      vertex 8.11156 15.1784 7
      vertex 8.11156 9.07035 7
      vertex 8.625 9.30977 7
    endloop
  endfacet
  facet normal 0 0 1
    outer loop
      vertex 7.56436 15.325 7
      vertex 8.11156 9.07035 7
      vertex 8.11156 15.1784 7
    endloop
  endfacet
  facet normal 0 0 1
    outer loop
      vertex 7.56436 15.325 7
      vertex 7.56436 8.92373 7
      vertex 8.11156 9.07035 7
    endloop
  endfacet
  facet normal 0 0 1
    outer loop
      vertex 7.56436 15.325 7
      vertex 7 8.87436 7
      vertex 7.56436 8.92373 7
    endloop
  endfacet
  facet normal 0 0 1
    outer loop
      vertex 7 15.3744 7
      vertex 7 8.87436 7
      vertex 7.56436 15.325 7
    endloop
  endfacet
  facet normal -0 0 1
    outer loop
      vertex 6.43564 15.325 7
      vertex 7 8.87436 7
      vertex 7 15.3744 7
    endloop
  endfacet
  facet normal 0 0 1
    outer loop
      vertex 6.43564 15.325 7
      vertex 6.43564 8.92373 7
      vertex 7 8.87436 7
    endloop
  endfacet
  facet normal -0 0 1
    outer loop
      vertex 5.88843 15.1784 7
      vertex 6.43564 8.92373 7
      vertex 6.43564 15.325 7
    endloop
  endfacet
  facet normal 0 0 1
    outer loop
      vertex 5.88843 15.1784 7
      vertex 5.88843 9.07035 7
      vertex 6.43564 8.92373 7
    endloop
  endfacet
  facet normal -0 0 1
    outer loop
      vertex 5.375 14.9389 7
      vertex 5.88843 9.07035 7
      vertex 5.88843 15.1784 7
    endloop
  endfacet
  facet normal 0 0 1
    outer loop
      vertex 5.375 14.9389 7
      vertex 5.375 9.30977 7
      vertex 5.88843 9.07035 7
    endloop
  endfacet
  facet normal -0 0 1
    outer loop
      vertex 4.91094 14.614 7
      vertex 5.375 9.30977 7
      vertex 5.375 14.9389 7
    endloop
  endfacet
  facet normal 0 0 1
    outer loop
      vertex 4.91094 14.614 7
      vertex 4.91094 9.63471 7
      vertex 5.375 9.30977 7
    endloop
  endfacet
  facet normal -0 0 1
    outer loop
      vertex 4.51035 14.2134 7
      vertex 4.91094 9.63471 7
      vertex 4.91094 14.614 7
    endloop
  endfacet
  facet normal 0 0 1
    outer loop
      vertex 4.51035 14.2134 7
      vertex 4.51035 10.0353 7
      vertex 4.91094 9.63471 7
    endloop
  endfacet
  facet normal -0 0 1
    outer loop
      vertex 4.18542 13.7494 7
      vertex 4.51035 10.0353 7
      vertex 4.51035 14.2134 7
    endloop
  endfacet
  facet normal 0 0 1
    outer loop
      vertex 4.18542 13.7494 7
      vertex 4.18542 10.4994 7
      vertex 4.51035 10.0353 7
    endloop
  endfacet
  facet normal -0 0 1
    outer loop
      vertex 3.946 13.2359 7
      vertex 4.18542 10.4994 7
      vertex 4.18542 13.7494 7
    endloop
  endfacet
  facet normal 0 0 1
    outer loop
      vertex 3.946 13.2359 7
      vertex 3.946 11.0128 7
      vertex 4.18542 10.4994 7
    endloop
  endfacet
  facet normal -0 0 1
    outer loop
      vertex 3.79937 12.6887 7
      vertex 3.946 11.0128 7
      vertex 3.946 13.2359 7
    endloop
  endfacet
  facet normal 0 0 1
    outer loop
      vertex 3.79937 12.6887 7
      vertex 3.79937 11.56 7
      vertex 3.946 11.0128 7
    endloop
  endfacet
  facet normal 0 -0 1
    outer loop
      vertex 3.79937 11.56 7
      vertex 3.79937 12.6887 7
      vertex 3.75 12.1244 7
    endloop
  endfacet
  facet normal -0.422733 -0.906254 0
    outer loop
      vertex 8.11156 15.1784 7
      vertex 8.625 14.9389 27
      vertex 8.11156 15.1784 27
    endloop
  endfacet
  facet normal -0.422733 -0.906254 -0
    outer loop
      vertex 8.625 14.9389 27
      vertex 8.11156 15.1784 7
      vertex 8.625 14.9389 7
    endloop
  endfacet
  facet normal -0.965935 0.258783 -5.4306e-19
    outer loop
      vertex 10.054 11.0128 7
      vertex 10.2006 11.56 27
      vertex 10.2006 11.56 7
    endloop
  endfacet
  facet normal -0.965935 0.258783 -5.4306e-19
    outer loop
      vertex 10.2006 11.56 27
      vertex 10.054 11.0128 7
      vertex 10.054 11.0128 27
    endloop
  endfacet
  facet normal -0.996191 0.0871932 -1.17063e-19
    outer loop
      vertex 10.2006 11.56 7
      vertex 10.25 12.1244 27
      vertex 10.25 12.1244 7
    endloop
  endfacet
  facet normal -0.996191 0.0871932 -1.17063e-19
    outer loop
      vertex 10.25 12.1244 27
      vertex 10.2006 11.56 7
      vertex 10.2006 11.56 27
    endloop
  endfacet
  facet normal -0.99619 -0.0872086 -1.44597e-19
    outer loop
      vertex 10.25 12.1244 7
      vertex 10.2006 12.6887 27
      vertex 10.2006 12.6887 7
    endloop
  endfacet
  facet normal -0.99619 -0.0872086 -1.44597e-19
    outer loop
      vertex 10.2006 12.6887 27
      vertex 10.25 12.1244 7
      vertex 10.25 12.1244 27
    endloop
  endfacet
  facet normal -0.906327 -0.422576 -5.53155e-19
    outer loop
      vertex 10.054 13.2359 7
      vertex 9.81458 13.7494 27
      vertex 9.81458 13.7494 7
    endloop
  endfacet
  facet normal -0.906327 -0.422576 -5.53155e-19
    outer loop
      vertex 9.81458 13.7494 27
      vertex 10.054 13.2359 7
      vertex 10.054 13.2359 27
    endloop
  endfacet
  facet normal -0.573578 0.819151 0
    outer loop
      vertex 9.08906 9.63471 7
      vertex 8.625 9.30977 27
      vertex 9.08906 9.63471 27
    endloop
  endfacet
  facet normal -0.573578 0.819151 0
    outer loop
      vertex 8.625 9.30977 27
      vertex 9.08906 9.63471 7
      vertex 8.625 9.30977 7
    endloop
  endfacet
  facet normal -0.707116 0.707098 -4.64101e-19
    outer loop
      vertex 9.08906 9.63471 7
      vertex 9.48964 10.0353 27
      vertex 9.48964 10.0353 7
    endloop
  endfacet
  facet normal -0.707116 0.707098 -4.64101e-19
    outer loop
      vertex 9.48964 10.0353 27
      vertex 9.08906 9.63471 7
      vertex 9.08906 9.63471 27
    endloop
  endfacet
  facet normal 0.258812 0.965928 -0
    outer loop
      vertex 6.43564 8.92373 7
      vertex 5.88843 9.07035 27
      vertex 6.43564 8.92373 27
    endloop
  endfacet
  facet normal 0.258812 0.965928 0
    outer loop
      vertex 5.88843 9.07035 27
      vertex 6.43564 8.92373 7
      vertex 5.88843 9.07035 7
    endloop
  endfacet
  facet normal -0.258783 -0.965935 0
    outer loop
      vertex 7.56436 15.325 7
      vertex 8.11156 15.1784 27
      vertex 7.56436 15.325 27
    endloop
  endfacet
  facet normal -0.258783 -0.965935 -0
    outer loop
      vertex 8.11156 15.1784 27
      vertex 7.56436 15.325 7
      vertex 8.11156 15.1784 7
    endloop
  endfacet
  facet normal 0.0871994 -0.996191 0
    outer loop
      vertex 6.43564 15.325 7
      vertex 7 15.3744 27
      vertex 6.43564 15.325 27
    endloop
  endfacet
  facet normal 0.0871994 -0.996191 0
    outer loop
      vertex 7 15.3744 27
      vertex 6.43564 15.325 7
      vertex 7 15.3744 7
    endloop
  endfacet
  facet normal 0.819124 -0.573616 5.742e-20
    outer loop
      vertex 4.18542 13.7494 27
      vertex 4.51035 14.2134 7
      vertex 4.51035 14.2134 27
    endloop
  endfacet
  facet normal 0.819124 -0.573616 5.742e-20
    outer loop
      vertex 4.51035 14.2134 7
      vertex 4.18542 13.7494 27
      vertex 4.18542 13.7494 7
    endloop
  endfacet
  facet normal 0.707107 0.707107 -4.60507e-19
    outer loop
      vertex 4.91094 9.63471 27
      vertex 4.51035 10.0353 7
      vertex 4.51035 10.0353 27
    endloop
  endfacet
  facet normal 0.707107 0.707107 -4.60507e-19
    outer loop
      vertex 4.51035 10.0353 7
      vertex 4.91094 9.63471 27
      vertex 4.91094 9.63471 7
    endloop
  endfacet
  facet normal 0.819182 0.573533 1.08963e-18
    outer loop
      vertex 4.51035 10.0353 27
      vertex 4.18542 10.4994 7
      vertex 4.18542 10.4994 27
    endloop
  endfacet
  facet normal 0.819182 0.573533 1.08963e-18
    outer loop
      vertex 4.18542 10.4994 7
      vertex 4.51035 10.0353 27
      vertex 4.51035 10.0353 7
    endloop
  endfacet
  facet normal 0.965922 0.258833 4.02505e-19
    outer loop
      vertex 3.946 11.0128 27
      vertex 3.79937 11.56 7
      vertex 3.79937 11.56 27
    endloop
  endfacet
  facet normal 0.965922 0.258833 4.02505e-19
    outer loop
      vertex 3.79937 11.56 7
      vertex 3.946 11.0128 27
      vertex 3.946 11.0128 7
    endloop
  endfacet
  facet normal -0.906296 0.422644 -1.68664e-19
    outer loop
      vertex 9.81458 10.4994 7
      vertex 10.054 11.0128 27
      vertex 10.054 11.0128 7
    endloop
  endfacet
  facet normal -0.906296 0.422644 -1.68664e-19
    outer loop
      vertex 10.054 11.0128 27
      vertex 9.81458 10.4994 7
      vertex 9.81458 10.4994 27
    endloop
  endfacet
  facet normal 0.0871468 0.996195 -0
    outer loop
      vertex 7 8.87436 7
      vertex 6.43564 8.92373 27
      vertex 7 8.87436 27
    endloop
  endfacet
  facet normal 0.0871468 0.996195 0
    outer loop
      vertex 6.43564 8.92373 27
      vertex 7 8.87436 7
      vertex 6.43564 8.92373 7
    endloop
  endfacet
  facet normal -0.0871468 0.996195 0
    outer loop
      vertex 7.56436 8.92373 7
      vertex 7 8.87436 27
      vertex 7.56436 8.92373 27
    endloop
  endfacet
  facet normal -0.0871468 0.996195 0
    outer loop
      vertex 7 8.87436 27
      vertex 7.56436 8.92373 7
      vertex 7 8.87436 7
    endloop
  endfacet
  facet normal -0.422617 0.906308 0
    outer loop
      vertex 8.625 9.30977 7
      vertex 8.11156 9.07035 27
      vertex 8.625 9.30977 27
    endloop
  endfacet
  facet normal -0.422617 0.906308 0
    outer loop
      vertex 8.11156 9.07035 27
      vertex 8.625 9.30977 7
      vertex 8.11156 9.07035 7
    endloop
  endfacet
  facet normal -0.707124 -0.707089 0
    outer loop
      vertex 9.08906 14.614 7
      vertex 9.48964 14.2134 27
      vertex 9.08906 14.614 27
    endloop
  endfacet
  facet normal -0.707124 -0.707089 -0
    outer loop
      vertex 9.48964 14.2134 27
      vertex 9.08906 14.614 7
      vertex 9.48964 14.2134 7
    endloop
  endfacet
  facet normal 0.573531 -0.819184 0
    outer loop
      vertex -9.08906 14.614 7
      vertex -8.625 14.9389 27
      vertex -9.08906 14.614 27
    endloop
  endfacet
  facet normal 0.573531 -0.819184 0
    outer loop
      vertex -8.625 14.9389 27
      vertex -9.08906 14.614 7
      vertex -8.625 14.9389 7
    endloop
  endfacet
  facet normal -0.819124 -0.573616 -5.742e-20
    outer loop
      vertex -4.18542 13.7494 7
      vertex -4.51035 14.2134 27
      vertex -4.51035 14.2134 7
    endloop
  endfacet
  facet normal -0.819124 -0.573616 -5.742e-20
    outer loop
      vertex -4.51035 14.2134 27
      vertex -4.18542 13.7494 7
      vertex -4.18542 13.7494 27
    endloop
  endfacet
  facet normal 0.99619 -0.0872086 1.44597e-19
    outer loop
      vertex -10.25 12.1244 27
      vertex -10.2006 12.6887 7
      vertex -10.2006 12.6887 27
    endloop
  endfacet
  facet normal 0.99619 -0.0872086 1.44597e-19
    outer loop
      vertex -10.2006 12.6887 7
      vertex -10.25 12.1244 27
      vertex -10.25 12.1244 7
    endloop
  endfacet
  facet normal 0 0 1
    outer loop
      vertex -3.79937 12.6887 7
      vertex -3.79937 11.56 7
      vertex -3.75 12.1244 7
    endloop
  endfacet
  facet normal 0 0 1
    outer loop
      vertex -3.946 13.2359 7
      vertex -3.79937 11.56 7
      vertex -3.79937 12.6887 7
    endloop
  endfacet
  facet normal 0 0 1
    outer loop
      vertex -3.946 13.2359 7
      vertex -3.946 11.0128 7
      vertex -3.79937 11.56 7
    endloop
  endfacet
  facet normal 0 0 1
    outer loop
      vertex -4.18542 13.7494 7
      vertex -3.946 11.0128 7
      vertex -3.946 13.2359 7
    endloop
  endfacet
  facet normal 0 0 1
    outer loop
      vertex -4.18542 13.7494 7
      vertex -4.18542 10.4994 7
      vertex -3.946 11.0128 7
    endloop
  endfacet
  facet normal 0 0 1
    outer loop
      vertex -4.51035 14.2134 7
      vertex -4.18542 10.4994 7
      vertex -4.18542 13.7494 7
    endloop
  endfacet
  facet normal 0 0 1
    outer loop
      vertex -4.51035 14.2134 7
      vertex -4.51035 10.0353 7
      vertex -4.18542 10.4994 7
    endloop
  endfacet
  facet normal 0 0 1
    outer loop
      vertex -4.91094 14.614 7
      vertex -4.51035 10.0353 7
      vertex -4.51035 14.2134 7
    endloop
  endfacet
  facet normal 0 0 1
    outer loop
      vertex -4.91094 14.614 7
      vertex -4.91094 9.63471 7
      vertex -4.51035 10.0353 7
    endloop
  endfacet
  facet normal 0 0 1
    outer loop
      vertex -5.375 14.9389 7
      vertex -4.91094 9.63471 7
      vertex -4.91094 14.614 7
    endloop
  endfacet
  facet normal 0 0 1
    outer loop
      vertex -5.375 14.9389 7
      vertex -5.375 9.30977 7
      vertex -4.91094 9.63471 7
    endloop
  endfacet
  facet normal 0 0 1
    outer loop
      vertex -5.88843 15.1784 7
      vertex -5.375 9.30977 7
      vertex -5.375 14.9389 7
    endloop
  endfacet
  facet normal 0 0 1
    outer loop
      vertex -5.88843 15.1784 7
      vertex -5.88843 9.07035 7
      vertex -5.375 9.30977 7
    endloop
  endfacet
  facet normal 0 0 1
    outer loop
      vertex -6.43564 15.325 7
      vertex -5.88843 9.07035 7
      vertex -5.88843 15.1784 7
    endloop
  endfacet
  facet normal 0 0 1
    outer loop
      vertex -6.43564 15.325 7
      vertex -6.43564 8.92373 7
      vertex -5.88843 9.07035 7
    endloop
  endfacet
  facet normal 0 0 1
    outer loop
      vertex -7 15.3744 7
      vertex -6.43564 8.92373 7
      vertex -6.43564 15.325 7
    endloop
  endfacet
  facet normal 0 0 1
    outer loop
      vertex -7 15.3744 7
      vertex -7 8.87436 7
      vertex -6.43564 8.92373 7
    endloop
  endfacet
  facet normal -0 0 1
    outer loop
      vertex -7.56436 15.325 7
      vertex -7 8.87436 7
      vertex -7 15.3744 7
    endloop
  endfacet
  facet normal 0 0 1
    outer loop
      vertex -7.56436 15.325 7
      vertex -7.56436 8.92373 7
      vertex -7 8.87436 7
    endloop
  endfacet
  facet normal -0 0 1
    outer loop
      vertex -8.11156 15.1784 7
      vertex -7.56436 8.92373 7
      vertex -7.56436 15.325 7
    endloop
  endfacet
  facet normal 0 0 1
    outer loop
      vertex -8.11156 15.1784 7
      vertex -8.11156 9.07035 7
      vertex -7.56436 8.92373 7
    endloop
  endfacet
  facet normal -0 0 1
    outer loop
      vertex -8.625 14.9389 7
      vertex -8.11156 9.07035 7
      vertex -8.11156 15.1784 7
    endloop
  endfacet
  facet normal 0 0 1
    outer loop
      vertex -8.625 14.9389 7
      vertex -8.625 9.30977 7
      vertex -8.11156 9.07035 7
    endloop
  endfacet
  facet normal -0 0 1
    outer loop
      vertex -9.08906 14.614 7
      vertex -8.625 9.30977 7
      vertex -8.625 14.9389 7
    endloop
  endfacet
  facet normal 0 0 1
    outer loop
      vertex -9.08906 14.614 7
      vertex -9.08906 9.63471 7
      vertex -8.625 9.30977 7
    endloop
  endfacet
  facet normal -0 0 1
    outer loop
      vertex -9.48964 14.2134 7
      vertex -9.08906 9.63471 7
      vertex -9.08906 14.614 7
    endloop
  endfacet
  facet normal 0 0 1
    outer loop
      vertex -9.48964 14.2134 7
      vertex -9.48964 10.0353 7
      vertex -9.08906 9.63471 7
    endloop
  endfacet
  facet normal -0 0 1
    outer loop
      vertex -9.81458 13.7494 7
      vertex -9.48964 10.0353 7
      vertex -9.48964 14.2134 7
    endloop
  endfacet
  facet normal 0 0 1
    outer loop
      vertex -9.81458 13.7494 7
      vertex -9.81458 10.4994 7
      vertex -9.48964 10.0353 7
    endloop
  endfacet
  facet normal -0 0 1
    outer loop
      vertex -10.054 13.2359 7
      vertex -9.81458 10.4994 7
      vertex -9.81458 13.7494 7
    endloop
  endfacet
  facet normal 0 0 1
    outer loop
      vertex -10.054 13.2359 7
      vertex -10.054 11.0128 7
      vertex -9.81458 10.4994 7
    endloop
  endfacet
  facet normal -0 0 1
    outer loop
      vertex -10.2006 12.6887 7
      vertex -10.054 11.0128 7
      vertex -10.054 13.2359 7
    endloop
  endfacet
  facet normal 0 0 1
    outer loop
      vertex -10.2006 12.6887 7
      vertex -10.2006 11.56 7
      vertex -10.054 11.0128 7
    endloop
  endfacet
  facet normal 0 -0 1
    outer loop
      vertex -10.2006 11.56 7
      vertex -10.2006 12.6887 7
      vertex -10.25 12.1244 7
    endloop
  endfacet
  facet normal 0.258816 0.965927 -0
    outer loop
      vertex -7.56436 8.92373 7
      vertex -8.11156 9.07035 27
      vertex -7.56436 8.92373 27
    endloop
  endfacet
  facet normal 0.258816 0.965927 0
    outer loop
      vertex -8.11156 9.07035 27
      vertex -7.56436 8.92373 7
      vertex -8.11156 9.07035 7
    endloop
  endfacet
  facet normal -0.258779 -0.965937 0
    outer loop
      vertex -6.43564 15.325 7
      vertex -5.88843 15.1784 27
      vertex -6.43564 15.325 27
    endloop
  endfacet
  facet normal -0.258779 -0.965937 -0
    outer loop
      vertex -5.88843 15.1784 27
      vertex -6.43564 15.325 7
      vertex -5.88843 15.1784 7
    endloop
  endfacet
  facet normal 0.906327 -0.422576 5.53155e-19
    outer loop
      vertex -10.054 13.2359 27
      vertex -9.81458 13.7494 7
      vertex -9.81458 13.7494 27
    endloop
  endfacet
  facet normal 0.906327 -0.422576 5.53155e-19
    outer loop
      vertex -9.81458 13.7494 7
      vertex -10.054 13.2359 27
      vertex -10.054 13.2359 7
    endloop
  endfacet
  facet normal 0.707124 -0.707089 0
    outer loop
      vertex -9.48964 14.2134 7
      vertex -9.08906 14.614 27
      vertex -9.48964 14.2134 27
    endloop
  endfacet
  facet normal 0.707124 -0.707089 0
    outer loop
      vertex -9.08906 14.614 27
      vertex -9.48964 14.2134 7
      vertex -9.08906 14.614 7
    endloop
  endfacet
  facet normal 0 0 -1
    outer loop
      vertex -3.79937 11.56 27
      vertex -3.79937 12.6887 27
      vertex -3.75 12.1244 27
    endloop
  endfacet
  facet normal 0 0 -1
    outer loop
      vertex -3.946 11.0128 27
      vertex -3.79937 12.6887 27
      vertex -3.79937 11.56 27
    endloop
  endfacet
  facet normal 0 0 -1
    outer loop
      vertex -3.946 11.0128 27
      vertex -3.946 13.2359 27
      vertex -3.79937 12.6887 27
    endloop
  endfacet
  facet normal 0 0 -1
    outer loop
      vertex -4.18542 10.4994 27
      vertex -3.946 13.2359 27
      vertex -3.946 11.0128 27
    endloop
  endfacet
  facet normal 0 0 -1
    outer loop
      vertex -4.18542 10.4994 27
      vertex -4.18542 13.7494 27
      vertex -3.946 13.2359 27
    endloop
  endfacet
  facet normal 0 0 -1
    outer loop
      vertex -4.51035 10.0353 27
      vertex -4.18542 13.7494 27
      vertex -4.18542 10.4994 27
    endloop
  endfacet
  facet normal 0 0 -1
    outer loop
      vertex -4.51035 10.0353 27
      vertex -4.51035 14.2134 27
      vertex -4.18542 13.7494 27
    endloop
  endfacet
  facet normal 0 0 -1
    outer loop
      vertex -4.91094 9.63471 27
      vertex -4.51035 14.2134 27
      vertex -4.51035 10.0353 27
    endloop
  endfacet
  facet normal 0 0 -1
    outer loop
      vertex -4.91094 9.63471 27
      vertex -4.91094 14.614 27
      vertex -4.51035 14.2134 27
    endloop
  endfacet
  facet normal 0 0 -1
    outer loop
      vertex -5.375 9.30977 27
      vertex -4.91094 14.614 27
      vertex -4.91094 9.63471 27
    endloop
  endfacet
  facet normal 0 0 -1
    outer loop
      vertex -5.375 9.30977 27
      vertex -5.375 14.9389 27
      vertex -4.91094 14.614 27
    endloop
  endfacet
  facet normal 0 0 -1
    outer loop
      vertex -5.88843 9.07035 27
      vertex -5.375 14.9389 27
      vertex -5.375 9.30977 27
    endloop
  endfacet
  facet normal 0 0 -1
    outer loop
      vertex -5.88843 9.07035 27
      vertex -5.88843 15.1784 27
      vertex -5.375 14.9389 27
    endloop
  endfacet
  facet normal 0 0 -1
    outer loop
      vertex -6.43564 8.92373 27
      vertex -5.88843 15.1784 27
      vertex -5.88843 9.07035 27
    endloop
  endfacet
  facet normal 0 0 -1
    outer loop
      vertex -6.43564 8.92373 27
      vertex -6.43564 15.325 27
      vertex -5.88843 15.1784 27
    endloop
  endfacet
  facet normal 0 0 -1
    outer loop
      vertex -6.43564 8.92373 27
      vertex -7 15.3744 27
      vertex -6.43564 15.325 27
    endloop
  endfacet
  facet normal 0 0 -1
    outer loop
      vertex -7 8.87436 27
      vertex -7 15.3744 27
      vertex -6.43564 8.92373 27
    endloop
  endfacet
  facet normal 0 0 -1
    outer loop
      vertex -7.56436 8.92373 27
      vertex -7 15.3744 27
      vertex -7 8.87436 27
    endloop
  endfacet
  facet normal 0 0 -1
    outer loop
      vertex -7.56436 8.92373 27
      vertex -7.56436 15.325 27
      vertex -7 15.3744 27
    endloop
  endfacet
  facet normal 0 0 -1
    outer loop
      vertex -8.11156 9.07035 27
      vertex -7.56436 15.325 27
      vertex -7.56436 8.92373 27
    endloop
  endfacet
  facet normal 0 0 -1
    outer loop
      vertex -8.11156 9.07035 27
      vertex -8.11156 15.1784 27
      vertex -7.56436 15.325 27
    endloop
  endfacet
  facet normal 0 0 -1
    outer loop
      vertex -8.625 9.30977 27
      vertex -8.11156 15.1784 27
      vertex -8.11156 9.07035 27
    endloop
  endfacet
  facet normal 0 0 -1
    outer loop
      vertex -8.625 9.30977 27
      vertex -8.625 14.9389 27
      vertex -8.11156 15.1784 27
    endloop
  endfacet
  facet normal 0 0 -1
    outer loop
      vertex -9.08906 9.63471 27
      vertex -8.625 14.9389 27
      vertex -8.625 9.30977 27
    endloop
  endfacet
  facet normal 0 0 -1
    outer loop
      vertex -9.08906 9.63471 27
      vertex -9.08906 14.614 27
      vertex -8.625 14.9389 27
    endloop
  endfacet
  facet normal 0 0 -1
    outer loop
      vertex -9.48964 10.0353 27
      vertex -9.08906 14.614 27
      vertex -9.08906 9.63471 27
    endloop
  endfacet
  facet normal 0 0 -1
    outer loop
      vertex -9.48964 10.0353 27
      vertex -9.48964 14.2134 27
      vertex -9.08906 14.614 27
    endloop
  endfacet
  facet normal 0 0 -1
    outer loop
      vertex -9.81458 10.4994 27
      vertex -9.48964 14.2134 27
      vertex -9.48964 10.0353 27
    endloop
  endfacet
  facet normal 0 0 -1
    outer loop
      vertex -9.81458 10.4994 27
      vertex -9.81458 13.7494 27
      vertex -9.48964 14.2134 27
    endloop
  endfacet
  facet normal 0 0 -1
    outer loop
      vertex -10.054 11.0128 27
      vertex -9.81458 13.7494 27
      vertex -9.81458 10.4994 27
    endloop
  endfacet
  facet normal 0 0 -1
    outer loop
      vertex -10.054 11.0128 27
      vertex -10.054 13.2359 27
      vertex -9.81458 13.7494 27
    endloop
  endfacet
  facet normal 0 0 -1
    outer loop
      vertex -10.2006 11.56 27
      vertex -10.054 13.2359 27
      vertex -10.054 11.0128 27
    endloop
  endfacet
  facet normal 0 0 -1
    outer loop
      vertex -10.2006 11.56 27
      vertex -10.2006 12.6887 27
      vertex -10.054 13.2359 27
    endloop
  endfacet
  facet normal 0 -0 -1
    outer loop
      vertex -10.2006 12.6887 27
      vertex -10.2006 11.56 27
      vertex -10.25 12.1244 27
    endloop
  endfacet
  facet normal 0.965935 -0.258783 -5.4306e-19
    outer loop
      vertex -10.2006 12.6887 27
      vertex -10.054 13.2359 7
      vertex -10.054 13.2359 27
    endloop
  endfacet
  facet normal 0.965935 -0.258783 -5.4306e-19
    outer loop
      vertex -10.054 13.2359 7
      vertex -10.2006 12.6887 27
      vertex -10.2006 12.6887 7
    endloop
  endfacet
  facet normal 0.906296 0.422644 1.68664e-19
    outer loop
      vertex -9.81458 10.4994 27
      vertex -10.054 11.0128 7
      vertex -10.054 11.0128 27
    endloop
  endfacet
  facet normal 0.906296 0.422644 1.68664e-19
    outer loop
      vertex -10.054 11.0128 7
      vertex -9.81458 10.4994 27
      vertex -9.81458 10.4994 7
    endloop
  endfacet
  facet normal 0.996191 0.0871932 1.17063e-19
    outer loop
      vertex -10.2006 11.56 27
      vertex -10.25 12.1244 7
      vertex -10.25 12.1244 27
    endloop
  endfacet
  facet normal 0.996191 0.0871932 1.17063e-19
    outer loop
      vertex -10.25 12.1244 7
      vertex -10.2006 11.56 27
      vertex -10.2006 11.56 7
    endloop
  endfacet
  facet normal 0.0871468 0.996195 -0
    outer loop
      vertex -7 8.87436 7
      vertex -7.56436 8.92373 27
      vertex -7 8.87436 27
    endloop
  endfacet
  facet normal 0.0871468 0.996195 0
    outer loop
      vertex -7.56436 8.92373 27
      vertex -7 8.87436 7
      vertex -7.56436 8.92373 7
    endloop
  endfacet
  facet normal 0.422617 0.906308 -0
    outer loop
      vertex -8.11156 9.07035 7
      vertex -8.625 9.30977 27
      vertex -8.11156 9.07035 27
    endloop
  endfacet
  facet normal 0.422617 0.906308 0
    outer loop
      vertex -8.625 9.30977 27
      vertex -8.11156 9.07035 7
      vertex -8.625 9.30977 7
    endloop
  endfacet
  facet normal 0.707116 0.707098 4.64101e-19
    outer loop
      vertex -9.08906 9.63471 27
      vertex -9.48964 10.0353 7
      vertex -9.48964 10.0353 27
    endloop
  endfacet
  facet normal 0.707116 0.707098 4.64101e-19
    outer loop
      vertex -9.48964 10.0353 7
      vertex -9.08906 9.63471 27
      vertex -9.08906 9.63471 7
    endloop
  endfacet
  facet normal -0.573531 -0.819184 0
    outer loop
      vertex -5.375 14.9389 7
      vertex -4.91094 14.614 27
      vertex -5.375 14.9389 27
    endloop
  endfacet
  facet normal -0.573531 -0.819184 -0
    outer loop
      vertex -4.91094 14.614 27
      vertex -5.375 14.9389 7
      vertex -4.91094 14.614 7
    endloop
  endfacet
  facet normal -0.707116 -0.707098 0
    outer loop
      vertex -4.91094 14.614 7
      vertex -4.51035 14.2134 27
      vertex -4.91094 14.614 27
    endloop
  endfacet
  facet normal -0.707116 -0.707098 -0
    outer loop
      vertex -4.51035 14.2134 27
      vertex -4.91094 14.614 7
      vertex -4.51035 14.2134 7
    endloop
  endfacet
  facet normal -0.42274 -0.906251 0
    outer loop
      vertex -5.88843 15.1784 7
      vertex -5.375 14.9389 27
      vertex -5.88843 15.1784 27
    endloop
  endfacet
  facet normal -0.42274 -0.906251 -0
    outer loop
      vertex -5.375 14.9389 27
      vertex -5.88843 15.1784 7
      vertex -5.375 14.9389 7
    endloop
  endfacet
  facet normal -0.965922 -0.258833 4.02505e-19
    outer loop
      vertex -3.79937 12.6887 7
      vertex -3.946 13.2359 27
      vertex -3.946 13.2359 7
    endloop
  endfacet
  facet normal -0.965922 -0.258833 4.02505e-19
    outer loop
      vertex -3.946 13.2359 27
      vertex -3.79937 12.6887 7
      vertex -3.79937 12.6887 27
    endloop
  endfacet
  facet normal -0.906327 -0.422576 3.09169e-19
    outer loop
      vertex -3.946 13.2359 7
      vertex -4.18542 13.7494 27
      vertex -4.18542 13.7494 7
    endloop
  endfacet
  facet normal -0.906327 -0.422576 3.09169e-19
    outer loop
      vertex -4.18542 13.7494 27
      vertex -3.946 13.2359 7
      vertex -3.946 13.2359 27
    endloop
  endfacet
  facet normal -0.906296 0.422644 1.81823e-19
    outer loop
      vertex -4.18542 10.4994 7
      vertex -3.946 11.0128 27
      vertex -3.946 11.0128 7
    endloop
  endfacet
  facet normal -0.906296 0.422644 1.81823e-19
    outer loop
      vertex -3.946 11.0128 27
      vertex -4.18542 10.4994 7
      vertex -4.18542 10.4994 27
    endloop
  endfacet
  facet normal -0.965922 0.258833 -4.02505e-19
    outer loop
      vertex -3.946 11.0128 7
      vertex -3.79937 11.56 27
      vertex -3.79937 11.56 7
    endloop
  endfacet
  facet normal -0.965922 0.258833 -4.02505e-19
    outer loop
      vertex -3.79937 11.56 27
      vertex -3.946 11.0128 7
      vertex -3.946 11.0128 27
    endloop
  endfacet
  facet normal -0.707107 0.707107 4.60507e-19
    outer loop
      vertex -4.91094 9.63471 7
      vertex -4.51035 10.0353 27
      vertex -4.51035 10.0353 7
    endloop
  endfacet
  facet normal -0.707107 0.707107 4.60507e-19
    outer loop
      vertex -4.51035 10.0353 27
      vertex -4.91094 9.63471 7
      vertex -4.91094 9.63471 27
    endloop
  endfacet
  facet normal 0.819116 -0.573628 8.80431e-19
    outer loop
      vertex -9.81458 13.7494 27
      vertex -9.48964 14.2134 7
      vertex -9.48964 14.2134 27
    endloop
  endfacet
  facet normal 0.819116 -0.573628 8.80431e-19
    outer loop
      vertex -9.48964 14.2134 7
      vertex -9.81458 13.7494 27
      vertex -9.81458 13.7494 7
    endloop
  endfacet
  facet normal 0.819174 0.573545 3.09781e-19
    outer loop
      vertex -9.48964 10.0353 27
      vertex -9.81458 10.4994 7
      vertex -9.81458 10.4994 27
    endloop
  endfacet
  facet normal 0.819174 0.573545 3.09781e-19
    outer loop
      vertex -9.81458 10.4994 7
      vertex -9.48964 10.0353 27
      vertex -9.48964 10.0353 7
    endloop
  endfacet
  facet normal 0.965935 0.258783 5.4306e-19
    outer loop
      vertex -10.054 11.0128 27
      vertex -10.2006 11.56 7
      vertex -10.2006 11.56 27
    endloop
  endfacet
  facet normal 0.965935 0.258783 5.4306e-19
    outer loop
      vertex -10.2006 11.56 7
      vertex -10.054 11.0128 27
      vertex -10.054 11.0128 7
    endloop
  endfacet
  facet normal -0.0871468 0.996195 0
    outer loop
      vertex -6.43564 8.92373 7
      vertex -7 8.87436 27
      vertex -6.43564 8.92373 27
    endloop
  endfacet
  facet normal -0.0871468 0.996195 0
    outer loop
      vertex -7 8.87436 27
      vertex -6.43564 8.92373 7
      vertex -7 8.87436 7
    endloop
  endfacet
  facet normal -0.422624 0.906305 0
    outer loop
      vertex -5.375 9.30977 7
      vertex -5.88843 9.07035 27
      vertex -5.375 9.30977 27
    endloop
  endfacet
  facet normal -0.422624 0.906305 0
    outer loop
      vertex -5.88843 9.07035 27
      vertex -5.375 9.30977 7
      vertex -5.88843 9.07035 7
    endloop
  endfacet
  facet normal -0.258812 0.965928 0
    outer loop
      vertex -5.88843 9.07035 7
      vertex -6.43564 8.92373 27
      vertex -5.88843 9.07035 27
    endloop
  endfacet
  facet normal -0.258812 0.965928 0
    outer loop
      vertex -6.43564 8.92373 27
      vertex -5.88843 9.07035 7
      vertex -6.43564 8.92373 7
    endloop
  endfacet
  facet normal -0.573578 0.819151 0
    outer loop
      vertex -4.91094 9.63471 7
      vertex -5.375 9.30977 27
      vertex -4.91094 9.63471 27
    endloop
  endfacet
  facet normal -0.573578 0.819151 0
    outer loop
      vertex -5.375 9.30977 27
      vertex -4.91094 9.63471 7
      vertex -5.375 9.30977 7
    endloop
  endfacet
  facet normal 0.573578 0.819151 -0
    outer loop
      vertex -8.625 9.30977 7
      vertex -9.08906 9.63471 27
      vertex -8.625 9.30977 27
    endloop
  endfacet
  facet normal 0.573578 0.819151 0
    outer loop
      vertex -9.08906 9.63471 27
      vertex -8.625 9.30977 7
      vertex -9.08906 9.63471 7
    endloop
  endfacet
  facet normal 0.422733 -0.906254 0
    outer loop
      vertex -8.625 14.9389 7
      vertex -8.11156 15.1784 27
      vertex -8.625 14.9389 27
    endloop
  endfacet
  facet normal 0.422733 -0.906254 0
    outer loop
      vertex -8.11156 15.1784 27
      vertex -8.625 14.9389 7
      vertex -8.11156 15.1784 7
    endloop
  endfacet
  facet normal 0.0871994 -0.996191 0
    outer loop
      vertex -7.56436 15.325 7
      vertex -7 15.3744 27
      vertex -7.56436 15.325 27
    endloop
  endfacet
  facet normal 0.0871994 -0.996191 0
    outer loop
      vertex -7 15.3744 27
      vertex -7.56436 15.325 7
      vertex -7 15.3744 7
    endloop
  endfacet
  facet normal -0.0871994 -0.996191 0
    outer loop
      vertex -7 15.3744 7
      vertex -6.43564 15.325 27
      vertex -7 15.3744 27
    endloop
  endfacet
  facet normal -0.0871994 -0.996191 -0
    outer loop
      vertex -6.43564 15.325 27
      vertex -7 15.3744 7
      vertex -6.43564 15.325 7
    endloop
  endfacet
  facet normal 0.258783 -0.965935 0
    outer loop
      vertex -8.11156 15.1784 7
      vertex -7.56436 15.325 27
      vertex -8.11156 15.1784 27
    endloop
  endfacet
  facet normal 0.258783 -0.965935 0
    outer loop
      vertex -7.56436 15.325 27
      vertex -8.11156 15.1784 7
      vertex -7.56436 15.325 7
    endloop
  endfacet
  facet normal -0.996196 0.0871407 1.1198e-19
    outer loop
      vertex -3.79937 11.56 7
      vertex -3.75 12.1244 27
      vertex -3.75 12.1244 7
    endloop
  endfacet
  facet normal -0.996196 0.0871407 1.1198e-19
    outer loop
      vertex -3.75 12.1244 27
      vertex -3.79937 11.56 7
      vertex -3.79937 11.56 27
    endloop
  endfacet
  facet normal -0.996195 -0.087156 6.84857e-20
    outer loop
      vertex -3.75 12.1244 7
      vertex -3.79937 12.6887 27
      vertex -3.79937 12.6887 7
    endloop
  endfacet
  facet normal -0.996195 -0.087156 6.84857e-20
    outer loop
      vertex -3.79937 12.6887 27
      vertex -3.75 12.1244 7
      vertex -3.75 12.1244 27
    endloop
  endfacet
  facet normal -0.819182 0.573533 -1.08963e-18
    outer loop
      vertex -4.51035 10.0353 7
      vertex -4.18542 10.4994 27
      vertex -4.18542 10.4994 7
    endloop
  endfacet
  facet normal -0.819182 0.573533 -1.08963e-18
    outer loop
      vertex -4.18542 10.4994 27
      vertex -4.51035 10.0353 7
      vertex -4.51035 10.0353 27
    endloop
  endfacet
  facet normal 0.996191 0.0872 2.6614e-20
    outer loop
      vertex -17.2006 -0.564356 27
      vertex -17.25 0 7
      vertex -17.25 0 27
    endloop
  endfacet
  facet normal 0.996191 0.0872 2.6614e-20
    outer loop
      vertex -17.25 0 7
      vertex -17.2006 -0.564356 27
      vertex -17.2006 -0.564356 7
    endloop
  endfacet
  facet normal -0.996191 -0.0872 1.13633e-20
    outer loop
      vertex -10.75 0 7
      vertex -10.7994 0.564356 27
      vertex -10.7994 0.564356 7
    endloop
  endfacet
  facet normal -0.996191 -0.0872 1.13633e-20
    outer loop
      vertex -10.7994 0.564356 27
      vertex -10.75 0 7
      vertex -10.75 0 27
    endloop
  endfacet
  facet normal 0.0871582 -0.996194 0
    outer loop
      vertex -14.5644 3.20062 7
      vertex -14 3.25 27
      vertex -14.5644 3.20062 27
    endloop
  endfacet
  facet normal 0.0871582 -0.996194 0
    outer loop
      vertex -14 3.25 27
      vertex -14.5644 3.20062 7
      vertex -14 3.25 7
    endloop
  endfacet
  facet normal 0.819101 -0.573649 -7.8342e-19
    outer loop
      vertex -16.8146 1.625 27
      vertex -16.4896 2.08906 7
      vertex -16.4896 2.08906 27
    endloop
  endfacet
  facet normal 0.819101 -0.573649 -7.8342e-19
    outer loop
      vertex -16.4896 2.08906 7
      vertex -16.8146 1.625 27
      vertex -16.8146 1.625 7
    endloop
  endfacet
  facet normal 0 0 -1
    outer loop
      vertex -10.7994 -0.564356 27
      vertex -10.7994 0.564356 27
      vertex -10.75 0 27
    endloop
  endfacet
  facet normal 0 0 -1
    outer loop
      vertex -10.946 -1.11156 27
      vertex -10.7994 0.564356 27
      vertex -10.7994 -0.564356 27
    endloop
  endfacet
  facet normal 0 0 -1
    outer loop
      vertex -10.946 -1.11156 27
      vertex -10.946 1.11156 27
      vertex -10.7994 0.564356 27
    endloop
  endfacet
  facet normal 0 0 -1
    outer loop
      vertex -11.1854 -1.625 27
      vertex -10.946 1.11156 27
      vertex -10.946 -1.11156 27
    endloop
  endfacet
  facet normal 0 0 -1
    outer loop
      vertex -11.1854 -1.625 27
      vertex -11.1854 1.625 27
      vertex -10.946 1.11156 27
    endloop
  endfacet
  facet normal 0 0 -1
    outer loop
      vertex -11.5104 -2.08906 27
      vertex -11.1854 1.625 27
      vertex -11.1854 -1.625 27
    endloop
  endfacet
  facet normal 0 0 -1
    outer loop
      vertex -11.5104 -2.08906 27
      vertex -11.5104 2.08906 27
      vertex -11.1854 1.625 27
    endloop
  endfacet
  facet normal 0 0 -1
    outer loop
      vertex -11.9109 -2.48964 27
      vertex -11.5104 2.08906 27
      vertex -11.5104 -2.08906 27
    endloop
  endfacet
  facet normal 0 0 -1
    outer loop
      vertex -11.9109 -2.48964 27
      vertex -11.9109 2.48964 27
      vertex -11.5104 2.08906 27
    endloop
  endfacet
  facet normal 0 0 -1
    outer loop
      vertex -12.375 -2.81458 27
      vertex -11.9109 2.48964 27
      vertex -11.9109 -2.48964 27
    endloop
  endfacet
  facet normal 0 0 -1
    outer loop
      vertex -12.375 -2.81458 27
      vertex -12.375 2.81458 27
      vertex -11.9109 2.48964 27
    endloop
  endfacet
  facet normal 0 0 -1
    outer loop
      vertex -12.8884 -3.054 27
      vertex -12.375 2.81458 27
      vertex -12.375 -2.81458 27
    endloop
  endfacet
  facet normal 0 0 -1
    outer loop
      vertex -12.8884 -3.054 27
      vertex -12.8884 3.054 27
      vertex -12.375 2.81458 27
    endloop
  endfacet
  facet normal 0 0 -1
    outer loop
      vertex -13.4356 -3.20062 27
      vertex -12.8884 3.054 27
      vertex -12.8884 -3.054 27
    endloop
  endfacet
  facet normal 0 0 -1
    outer loop
      vertex -13.4356 -3.20062 27
      vertex -13.4356 3.20062 27
      vertex -12.8884 3.054 27
    endloop
  endfacet
  facet normal 0 0 -1
    outer loop
      vertex -14 -3.25 27
      vertex -13.4356 3.20062 27
      vertex -13.4356 -3.20062 27
    endloop
  endfacet
  facet normal 0 0 -1
    outer loop
      vertex -14 -3.25 27
      vertex -14 3.25 27
      vertex -13.4356 3.20062 27
    endloop
  endfacet
  facet normal 0 0 -1
    outer loop
      vertex -14.5644 -3.20062 27
      vertex -14 3.25 27
      vertex -14 -3.25 27
    endloop
  endfacet
  facet normal 0 0 -1
    outer loop
      vertex -14.5644 -3.20062 27
      vertex -14.5644 3.20062 27
      vertex -14 3.25 27
    endloop
  endfacet
  facet normal 0 0 -1
    outer loop
      vertex -15.1116 -3.054 27
      vertex -14.5644 3.20062 27
      vertex -14.5644 -3.20062 27
    endloop
  endfacet
  facet normal 0 0 -1
    outer loop
      vertex -15.1116 -3.054 27
      vertex -15.1116 3.054 27
      vertex -14.5644 3.20062 27
    endloop
  endfacet
  facet normal 0 0 -1
    outer loop
      vertex -15.625 -2.81458 27
      vertex -15.1116 3.054 27
      vertex -15.1116 -3.054 27
    endloop
  endfacet
  facet normal 0 0 -1
    outer loop
      vertex -15.625 -2.81458 27
      vertex -15.625 2.81458 27
      vertex -15.1116 3.054 27
    endloop
  endfacet
  facet normal 0 0 -1
    outer loop
      vertex -16.0891 -2.48964 27
      vertex -15.625 2.81458 27
      vertex -15.625 -2.81458 27
    endloop
  endfacet
  facet normal 0 0 -1
    outer loop
      vertex -16.0891 -2.48964 27
      vertex -16.0891 2.48964 27
      vertex -15.625 2.81458 27
    endloop
  endfacet
  facet normal 0 0 -1
    outer loop
      vertex -16.4896 -2.08906 27
      vertex -16.0891 2.48964 27
      vertex -16.0891 -2.48964 27
    endloop
  endfacet
  facet normal 0 0 -1
    outer loop
      vertex -16.4896 -2.08906 27
      vertex -16.4896 2.08906 27
      vertex -16.0891 2.48964 27
    endloop
  endfacet
  facet normal 0 0 -1
    outer loop
      vertex -16.8146 -1.625 27
      vertex -16.4896 2.08906 27
      vertex -16.4896 -2.08906 27
    endloop
  endfacet
  facet normal 0 0 -1
    outer loop
      vertex -16.8146 -1.625 27
      vertex -16.8146 1.625 27
      vertex -16.4896 2.08906 27
    endloop
  endfacet
  facet normal 0 0 -1
    outer loop
      vertex -17.054 -1.11156 27
      vertex -16.8146 1.625 27
      vertex -16.8146 -1.625 27
    endloop
  endfacet
  facet normal 0 0 -1
    outer loop
      vertex -17.054 -1.11156 27
      vertex -17.054 1.11156 27
      vertex -16.8146 1.625 27
    endloop
  endfacet
  facet normal 0 0 -1
    outer loop
      vertex -17.2006 -0.564356 27
      vertex -17.054 1.11156 27
      vertex -17.054 -1.11156 27
    endloop
  endfacet
  facet normal 0 0 -1
    outer loop
      vertex -17.2006 -0.564356 27
      vertex -17.2006 0.564356 27
      vertex -17.054 1.11156 27
    endloop
  endfacet
  facet normal 0 -0 -1
    outer loop
      vertex -17.2006 0.564356 27
      vertex -17.2006 -0.564356 27
      vertex -17.25 0 27
    endloop
  endfacet
  facet normal 0.965936 -0.258781 -5.02985e-19
    outer loop
      vertex -17.2006 0.564356 27
      vertex -17.054 1.11156 7
      vertex -17.054 1.11156 27
    endloop
  endfacet
  facet normal 0.965936 -0.258781 -5.02985e-19
    outer loop
      vertex -17.054 1.11156 7
      vertex -17.2006 0.564356 27
      vertex -17.2006 0.564356 7
    endloop
  endfacet
  facet normal 0.965936 0.258781 5.02985e-19
    outer loop
      vertex -17.054 -1.11156 27
      vertex -17.2006 -0.564356 7
      vertex -17.2006 -0.564356 27
    endloop
  endfacet
  facet normal 0.965936 0.258781 5.02985e-19
    outer loop
      vertex -17.2006 -0.564356 7
      vertex -17.054 -1.11156 27
      vertex -17.054 -1.11156 7
    endloop
  endfacet
  facet normal 0.819101 0.573649 7.8342e-19
    outer loop
      vertex -16.4896 -2.08906 27
      vertex -16.8146 -1.625 7
      vertex -16.8146 -1.625 27
    endloop
  endfacet
  facet normal 0.819101 0.573649 7.8342e-19
    outer loop
      vertex -16.8146 -1.625 7
      vertex -16.4896 -2.08906 27
      vertex -16.4896 -2.08906 7
    endloop
  endfacet
  facet normal 0.0871582 0.996194 -0
    outer loop
      vertex -14 -3.25 7
      vertex -14.5644 -3.20062 27
      vertex -14 -3.25 27
    endloop
  endfacet
  facet normal 0.0871582 0.996194 0
    outer loop
      vertex -14.5644 -3.20062 27
      vertex -14 -3.25 7
      vertex -14.5644 -3.20062 7
    endloop
  endfacet
  facet normal 0.422644 0.906296 -0
    outer loop
      vertex -15.1116 -3.054 7
      vertex -15.625 -2.81458 27
      vertex -15.1116 -3.054 27
    endloop
  endfacet
  facet normal 0.422644 0.906296 0
    outer loop
      vertex -15.625 -2.81458 27
      vertex -15.1116 -3.054 7
      vertex -15.625 -2.81458 7
    endloop
  endfacet
  facet normal -0.906322 0.422588 5.46637e-19
    outer loop
      vertex -11.1854 -1.625 7
      vertex -10.946 -1.11156 27
      vertex -10.946 -1.11156 7
    endloop
  endfacet
  facet normal -0.906322 0.422588 5.46637e-19
    outer loop
      vertex -10.946 -1.11156 27
      vertex -11.1854 -1.625 7
      vertex -11.1854 -1.625 27
    endloop
  endfacet
  facet normal -0.996191 0.0872 -1.13633e-20
    outer loop
      vertex -10.7994 -0.564356 7
      vertex -10.75 0 27
      vertex -10.75 0 7
    endloop
  endfacet
  facet normal -0.996191 0.0872 -1.13633e-20
    outer loop
      vertex -10.75 0 27
      vertex -10.7994 -0.564356 7
      vertex -10.7994 -0.564356 27
    endloop
  endfacet
  facet normal -0.707177 0.707036 -9.92905e-19
    outer loop
      vertex -11.9109 -2.48964 7
      vertex -11.5104 -2.08906 27
      vertex -11.5104 -2.08906 7
    endloop
  endfacet
  facet normal -0.707177 0.707036 -9.92905e-19
    outer loop
      vertex -11.5104 -2.08906 27
      vertex -11.9109 -2.48964 7
      vertex -11.9109 -2.48964 27
    endloop
  endfacet
  facet normal -0.258816 0.965927 0
    outer loop
      vertex -12.8884 -3.054 7
      vertex -13.4356 -3.20062 27
      vertex -12.8884 -3.054 27
    endloop
  endfacet
  facet normal -0.258816 0.965927 0
    outer loop
      vertex -13.4356 -3.20062 27
      vertex -12.8884 -3.054 7
      vertex -13.4356 -3.20062 7
    endloop
  endfacet
  facet normal 0.996191 -0.0872 -2.6614e-20
    outer loop
      vertex -17.25 0 27
      vertex -17.2006 0.564356 7
      vertex -17.2006 0.564356 27
    endloop
  endfacet
  facet normal 0.996191 -0.0872 -2.6614e-20
    outer loop
      vertex -17.2006 0.564356 7
      vertex -17.25 0 27
      vertex -17.25 0 7
    endloop
  endfacet
  facet normal 0 0 1
    outer loop
      vertex -10.7994 0.564356 7
      vertex -10.7994 -0.564356 7
      vertex -10.75 0 7
    endloop
  endfacet
  facet normal 0 0 1
    outer loop
      vertex -10.946 1.11156 7
      vertex -10.7994 -0.564356 7
      vertex -10.7994 0.564356 7
    endloop
  endfacet
  facet normal 0 0 1
    outer loop
      vertex -10.946 1.11156 7
      vertex -10.946 -1.11156 7
      vertex -10.7994 -0.564356 7
    endloop
  endfacet
  facet normal 0 0 1
    outer loop
      vertex -11.1854 1.625 7
      vertex -10.946 -1.11156 7
      vertex -10.946 1.11156 7
    endloop
  endfacet
  facet normal 0 0 1
    outer loop
      vertex -11.1854 1.625 7
      vertex -11.1854 -1.625 7
      vertex -10.946 -1.11156 7
    endloop
  endfacet
  facet normal 0 0 1
    outer loop
      vertex -11.5104 2.08906 7
      vertex -11.1854 -1.625 7
      vertex -11.1854 1.625 7
    endloop
  endfacet
  facet normal 0 0 1
    outer loop
      vertex -11.5104 2.08906 7
      vertex -11.5104 -2.08906 7
      vertex -11.1854 -1.625 7
    endloop
  endfacet
  facet normal 0 0 1
    outer loop
      vertex -11.9109 2.48964 7
      vertex -11.5104 -2.08906 7
      vertex -11.5104 2.08906 7
    endloop
  endfacet
  facet normal 0 0 1
    outer loop
      vertex -11.9109 2.48964 7
      vertex -11.9109 -2.48964 7
      vertex -11.5104 -2.08906 7
    endloop
  endfacet
  facet normal 0 0 1
    outer loop
      vertex -12.375 2.81458 7
      vertex -11.9109 -2.48964 7
      vertex -11.9109 2.48964 7
    endloop
  endfacet
  facet normal 0 0 1
    outer loop
      vertex -12.375 2.81458 7
      vertex -12.375 -2.81458 7
      vertex -11.9109 -2.48964 7
    endloop
  endfacet
  facet normal 0 0 1
    outer loop
      vertex -12.8884 3.054 7
      vertex -12.375 -2.81458 7
      vertex -12.375 2.81458 7
    endloop
  endfacet
  facet normal 0 0 1
    outer loop
      vertex -12.8884 3.054 7
      vertex -12.8884 -3.054 7
      vertex -12.375 -2.81458 7
    endloop
  endfacet
  facet normal 0 0 1
    outer loop
      vertex -13.4356 3.20062 7
      vertex -12.8884 -3.054 7
      vertex -12.8884 3.054 7
    endloop
  endfacet
  facet normal 0 0 1
    outer loop
      vertex -13.4356 3.20062 7
      vertex -13.4356 -3.20062 7
      vertex -12.8884 -3.054 7
    endloop
  endfacet
  facet normal 0 0 1
    outer loop
      vertex -14 3.25 7
      vertex -13.4356 -3.20062 7
      vertex -13.4356 3.20062 7
    endloop
  endfacet
  facet normal 0 0 1
    outer loop
      vertex -14 3.25 7
      vertex -14 -3.25 7
      vertex -13.4356 -3.20062 7
    endloop
  endfacet
  facet normal -0 0 1
    outer loop
      vertex -14.5644 3.20062 7
      vertex -14 -3.25 7
      vertex -14 3.25 7
    endloop
  endfacet
  facet normal 0 0 1
    outer loop
      vertex -14.5644 3.20062 7
      vertex -14.5644 -3.20062 7
      vertex -14 -3.25 7
    endloop
  endfacet
  facet normal -0 0 1
    outer loop
      vertex -15.1116 3.054 7
      vertex -14.5644 -3.20062 7
      vertex -14.5644 3.20062 7
    endloop
  endfacet
  facet normal 0 0 1
    outer loop
      vertex -15.1116 3.054 7
      vertex -15.1116 -3.054 7
      vertex -14.5644 -3.20062 7
    endloop
  endfacet
  facet normal -0 0 1
    outer loop
      vertex -15.625 2.81458 7
      vertex -15.1116 -3.054 7
      vertex -15.1116 3.054 7
    endloop
  endfacet
  facet normal 0 0 1
    outer loop
      vertex -15.625 2.81458 7
      vertex -15.625 -2.81458 7
      vertex -15.1116 -3.054 7
    endloop
  endfacet
  facet normal -0 0 1
    outer loop
      vertex -16.0891 2.48964 7
      vertex -15.625 -2.81458 7
      vertex -15.625 2.81458 7
    endloop
  endfacet
  facet normal 0 0 1
    outer loop
      vertex -16.0891 2.48964 7
      vertex -16.0891 -2.48964 7
      vertex -15.625 -2.81458 7
    endloop
  endfacet
  facet normal -0 0 1
    outer loop
      vertex -16.4896 2.08906 7
      vertex -16.0891 -2.48964 7
      vertex -16.0891 2.48964 7
    endloop
  endfacet
  facet normal 0 0 1
    outer loop
      vertex -16.4896 2.08906 7
      vertex -16.4896 -2.08906 7
      vertex -16.0891 -2.48964 7
    endloop
  endfacet
  facet normal -0 0 1
    outer loop
      vertex -16.8146 1.625 7
      vertex -16.4896 -2.08906 7
      vertex -16.4896 2.08906 7
    endloop
  endfacet
  facet normal 0 0 1
    outer loop
      vertex -16.8146 1.625 7
      vertex -16.8146 -1.625 7
      vertex -16.4896 -2.08906 7
    endloop
  endfacet
  facet normal -0 0 1
    outer loop
      vertex -17.054 1.11156 7
      vertex -16.8146 -1.625 7
      vertex -16.8146 1.625 7
    endloop
  endfacet
  facet normal 0 0 1
    outer loop
      vertex -17.054 1.11156 7
      vertex -17.054 -1.11156 7
      vertex -16.8146 -1.625 7
    endloop
  endfacet
  facet normal -0 0 1
    outer loop
      vertex -17.2006 0.564356 7
      vertex -17.054 -1.11156 7
      vertex -17.054 1.11156 7
    endloop
  endfacet
  facet normal 0 0 1
    outer loop
      vertex -17.2006 0.564356 7
      vertex -17.2006 -0.564356 7
      vertex -17.054 -1.11156 7
    endloop
  endfacet
  facet normal 0 -0 1
    outer loop
      vertex -17.2006 -0.564356 7
      vertex -17.2006 0.564356 7
      vertex -17.25 0 7
    endloop
  endfacet
  facet normal 0.906322 0.422588 -5.46637e-19
    outer loop
      vertex -16.8146 -1.625 27
      vertex -17.054 -1.11156 7
      vertex -17.054 -1.11156 27
    endloop
  endfacet
  facet normal 0.906322 0.422588 -5.46637e-19
    outer loop
      vertex -17.054 -1.11156 7
      vertex -16.8146 -1.625 27
      vertex -16.8146 -1.625 7
    endloop
  endfacet
  facet normal 0.707177 0.707036 1.04076e-19
    outer loop
      vertex -16.0891 -2.48964 27
      vertex -16.4896 -2.08906 7
      vertex -16.4896 -2.08906 27
    endloop
  endfacet
  facet normal 0.707177 0.707036 1.04076e-19
    outer loop
      vertex -16.4896 -2.08906 7
      vertex -16.0891 -2.48964 27
      vertex -16.0891 -2.48964 7
    endloop
  endfacet
  facet normal -0.0871582 0.996194 0
    outer loop
      vertex -13.4356 -3.20062 7
      vertex -14 -3.25 27
      vertex -13.4356 -3.20062 27
    endloop
  endfacet
  facet normal -0.0871582 0.996194 0
    outer loop
      vertex -14 -3.25 27
      vertex -13.4356 -3.20062 7
      vertex -14 -3.25 7
    endloop
  endfacet
  facet normal 0.258816 0.965927 -0
    outer loop
      vertex -14.5644 -3.20062 7
      vertex -15.1116 -3.054 27
      vertex -14.5644 -3.20062 27
    endloop
  endfacet
  facet normal 0.258816 0.965927 0
    outer loop
      vertex -15.1116 -3.054 27
      vertex -14.5644 -3.20062 7
      vertex -15.1116 -3.054 7
    endloop
  endfacet
  facet normal -0.965936 0.258781 -4.00116e-19
    outer loop
      vertex -10.946 -1.11156 7
      vertex -10.7994 -0.564356 27
      vertex -10.7994 -0.564356 7
    endloop
  endfacet
  facet normal -0.965936 0.258781 -4.00116e-19
    outer loop
      vertex -10.7994 -0.564356 27
      vertex -10.946 -1.11156 7
      vertex -10.946 -1.11156 27
    endloop
  endfacet
  facet normal -0.819101 0.573649 -4.90385e-20
    outer loop
      vertex -11.5104 -2.08906 7
      vertex -11.1854 -1.625 27
      vertex -11.1854 -1.625 7
    endloop
  endfacet
  facet normal -0.819101 0.573649 -4.90385e-20
    outer loop
      vertex -11.1854 -1.625 27
      vertex -11.5104 -2.08906 7
      vertex -11.5104 -2.08906 27
    endloop
  endfacet
  facet normal -0.422644 0.906296 0
    outer loop
      vertex -12.375 -2.81458 7
      vertex -12.8884 -3.054 27
      vertex -12.375 -2.81458 27
    endloop
  endfacet
  facet normal -0.422644 0.906296 0
    outer loop
      vertex -12.8884 -3.054 27
      vertex -12.375 -2.81458 7
      vertex -12.8884 -3.054 7
    endloop
  endfacet
  facet normal -0.573545 0.819174 0
    outer loop
      vertex -11.9109 -2.48964 7
      vertex -12.375 -2.81458 27
      vertex -11.9109 -2.48964 27
    endloop
  endfacet
  facet normal -0.573545 0.819174 0
    outer loop
      vertex -12.375 -2.81458 27
      vertex -11.9109 -2.48964 7
      vertex -12.375 -2.81458 7
    endloop
  endfacet
  facet normal 0.906322 -0.422588 5.46637e-19
    outer loop
      vertex -17.054 1.11156 27
      vertex -16.8146 1.625 7
      vertex -16.8146 1.625 27
    endloop
  endfacet
  facet normal 0.906322 -0.422588 5.46637e-19
    outer loop
      vertex -16.8146 1.625 7
      vertex -17.054 1.11156 27
      vertex -17.054 1.11156 7
    endloop
  endfacet
  facet normal -0.422644 -0.906296 0
    outer loop
      vertex -12.8884 3.054 7
      vertex -12.375 2.81458 27
      vertex -12.8884 3.054 27
    endloop
  endfacet
  facet normal -0.422644 -0.906296 -0
    outer loop
      vertex -12.375 2.81458 27
      vertex -12.8884 3.054 7
      vertex -12.375 2.81458 7
    endloop
  endfacet
  facet normal 0.573545 -0.819174 0
    outer loop
      vertex -16.0891 2.48964 7
      vertex -15.625 2.81458 27
      vertex -16.0891 2.48964 27
    endloop
  endfacet
  facet normal 0.573545 -0.819174 0
    outer loop
      vertex -15.625 2.81458 27
      vertex -16.0891 2.48964 7
      vertex -15.625 2.81458 7
    endloop
  endfacet
  facet normal 0.422644 -0.906296 0
    outer loop
      vertex -15.625 2.81458 7
      vertex -15.1116 3.054 27
      vertex -15.625 2.81458 27
    endloop
  endfacet
  facet normal 0.422644 -0.906296 0
    outer loop
      vertex -15.1116 3.054 27
      vertex -15.625 2.81458 7
      vertex -15.1116 3.054 7
    endloop
  endfacet
  facet normal 0.258816 -0.965927 0
    outer loop
      vertex -15.1116 3.054 7
      vertex -14.5644 3.20062 27
      vertex -15.1116 3.054 27
    endloop
  endfacet
  facet normal 0.258816 -0.965927 0
    outer loop
      vertex -14.5644 3.20062 27
      vertex -15.1116 3.054 7
      vertex -14.5644 3.20062 7
    endloop
  endfacet
  facet normal 0.573545 0.819174 -0
    outer loop
      vertex -15.625 -2.81458 7
      vertex -16.0891 -2.48964 27
      vertex -15.625 -2.81458 27
    endloop
  endfacet
  facet normal 0.573545 0.819174 0
    outer loop
      vertex -16.0891 -2.48964 27
      vertex -15.625 -2.81458 7
      vertex -16.0891 -2.48964 7
    endloop
  endfacet
  facet normal -0.258816 -0.965927 0
    outer loop
      vertex -13.4356 3.20062 7
      vertex -12.8884 3.054 27
      vertex -13.4356 3.20062 27
    endloop
  endfacet
  facet normal -0.258816 -0.965927 -0
    outer loop
      vertex -12.8884 3.054 27
      vertex -13.4356 3.20062 7
      vertex -12.8884 3.054 7
    endloop
  endfacet
  facet normal -0.573545 -0.819174 0
    outer loop
      vertex -12.375 2.81458 7
      vertex -11.9109 2.48964 27
      vertex -12.375 2.81458 27
    endloop
  endfacet
  facet normal -0.573545 -0.819174 -0
    outer loop
      vertex -11.9109 2.48964 27
      vertex -12.375 2.81458 7
      vertex -11.9109 2.48964 7
    endloop
  endfacet
  facet normal -0.707177 -0.707036 9.92905e-19
    outer loop
      vertex -11.5104 2.08906 7
      vertex -11.9109 2.48964 27
      vertex -11.9109 2.48964 7
    endloop
  endfacet
  facet normal -0.707177 -0.707036 9.92905e-19
    outer loop
      vertex -11.9109 2.48964 27
      vertex -11.5104 2.08906 7
      vertex -11.5104 2.08906 27
    endloop
  endfacet
  facet normal -0.819101 -0.573649 4.90385e-20
    outer loop
      vertex -11.1854 1.625 7
      vertex -11.5104 2.08906 27
      vertex -11.5104 2.08906 7
    endloop
  endfacet
  facet normal -0.819101 -0.573649 4.90385e-20
    outer loop
      vertex -11.5104 2.08906 27
      vertex -11.1854 1.625 7
      vertex -11.1854 1.625 27
    endloop
  endfacet
  facet normal -0.906322 -0.422588 -5.46637e-19
    outer loop
      vertex -10.946 1.11156 7
      vertex -11.1854 1.625 27
      vertex -11.1854 1.625 7
    endloop
  endfacet
  facet normal -0.906322 -0.422588 -5.46637e-19
    outer loop
      vertex -11.1854 1.625 27
      vertex -10.946 1.11156 7
      vertex -10.946 1.11156 27
    endloop
  endfacet
  facet normal -0.965936 -0.258781 4.00116e-19
    outer loop
      vertex -10.7994 0.564356 7
      vertex -10.946 1.11156 27
      vertex -10.946 1.11156 7
    endloop
  endfacet
  facet normal -0.965936 -0.258781 4.00116e-19
    outer loop
      vertex -10.946 1.11156 27
      vertex -10.7994 0.564356 7
      vertex -10.7994 0.564356 27
    endloop
  endfacet
  facet normal 0.707177 -0.707036 -1.04076e-19
    outer loop
      vertex -16.4896 2.08906 27
      vertex -16.0891 2.48964 7
      vertex -16.0891 2.48964 27
    endloop
  endfacet
  facet normal 0.707177 -0.707036 -1.04076e-19
    outer loop
      vertex -16.0891 2.48964 7
      vertex -16.4896 2.08906 27
      vertex -16.4896 2.08906 7
    endloop
  endfacet
  facet normal -0.0871582 -0.996194 0
    outer loop
      vertex -14 3.25 7
      vertex -13.4356 3.20062 27
      vertex -14 3.25 27
    endloop
  endfacet
  facet normal -0.0871582 -0.996194 -0
    outer loop
      vertex -13.4356 3.20062 27
      vertex -14 3.25 7
      vertex -13.4356 3.20062 7
    endloop
  endfacet
  facet normal 0.422733 0.906254 -0
    outer loop
      vertex -8.11156 -15.1784 7
      vertex -8.625 -14.9389 27
      vertex -8.11156 -15.1784 27
    endloop
  endfacet
  facet normal 0.422733 0.906254 0
    outer loop
      vertex -8.625 -14.9389 27
      vertex -8.11156 -15.1784 7
      vertex -8.625 -14.9389 7
    endloop
  endfacet
  facet normal -0.422624 -0.906305 0
    outer loop
      vertex -5.88843 -9.07035 7
      vertex -5.375 -9.30977 27
      vertex -5.88843 -9.07035 27
    endloop
  endfacet
  facet normal -0.422624 -0.906305 -0
    outer loop
      vertex -5.375 -9.30977 27
      vertex -5.88843 -9.07035 7
      vertex -5.375 -9.30977 7
    endloop
  endfacet
  facet normal 0.906296 -0.422644 -1.68664e-19
    outer loop
      vertex -10.054 -11.0128 27
      vertex -9.81458 -10.4994 7
      vertex -9.81458 -10.4994 27
    endloop
  endfacet
  facet normal 0.906296 -0.422644 -1.68664e-19
    outer loop
      vertex -9.81458 -10.4994 7
      vertex -10.054 -11.0128 27
      vertex -10.054 -11.0128 7
    endloop
  endfacet
  facet normal 0.422617 -0.906308 0
    outer loop
      vertex -8.625 -9.30977 7
      vertex -8.11156 -9.07035 27
      vertex -8.625 -9.30977 27
    endloop
  endfacet
  facet normal 0.422617 -0.906308 0
    outer loop
      vertex -8.11156 -9.07035 27
      vertex -8.625 -9.30977 7
      vertex -8.11156 -9.07035 7
    endloop
  endfacet
  facet normal -0.965922 -0.258833 4.02505e-19
    outer loop
      vertex -3.79937 -11.56 7
      vertex -3.946 -11.0128 27
      vertex -3.946 -11.0128 7
    endloop
  endfacet
  facet normal -0.965922 -0.258833 4.02505e-19
    outer loop
      vertex -3.946 -11.0128 27
      vertex -3.79937 -11.56 7
      vertex -3.79937 -11.56 27
    endloop
  endfacet
  facet normal 0.965935 0.258783 5.4306e-19
    outer loop
      vertex -10.054 -13.2359 27
      vertex -10.2006 -12.6887 7
      vertex -10.2006 -12.6887 27
    endloop
  endfacet
  facet normal 0.965935 0.258783 5.4306e-19
    outer loop
      vertex -10.2006 -12.6887 7
      vertex -10.054 -13.2359 27
      vertex -10.054 -13.2359 7
    endloop
  endfacet
  facet normal 0.906327 0.422576 -5.53155e-19
    outer loop
      vertex -9.81458 -13.7494 27
      vertex -10.054 -13.2359 7
      vertex -10.054 -13.2359 27
    endloop
  endfacet
  facet normal 0.906327 0.422576 -5.53155e-19
    outer loop
      vertex -10.054 -13.2359 7
      vertex -9.81458 -13.7494 27
      vertex -9.81458 -13.7494 7
    endloop
  endfacet
  facet normal 0.0871468 -0.996195 0
    outer loop
      vertex -7.56436 -8.92373 7
      vertex -7 -8.87436 27
      vertex -7.56436 -8.92373 27
    endloop
  endfacet
  facet normal 0.0871468 -0.996195 0
    outer loop
      vertex -7 -8.87436 27
      vertex -7.56436 -8.92373 7
      vertex -7 -8.87436 7
    endloop
  endfacet
  facet normal -0.0871994 0.996191 0
    outer loop
      vertex -6.43564 -15.325 7
      vertex -7 -15.3744 27
      vertex -6.43564 -15.325 27
    endloop
  endfacet
  facet normal -0.0871994 0.996191 0
    outer loop
      vertex -7 -15.3744 27
      vertex -6.43564 -15.325 7
      vertex -7 -15.3744 7
    endloop
  endfacet
  facet normal 0.258783 0.965935 -0
    outer loop
      vertex -7.56436 -15.325 7
      vertex -8.11156 -15.1784 27
      vertex -7.56436 -15.325 27
    endloop
  endfacet
  facet normal 0.258783 0.965935 0
    outer loop
      vertex -8.11156 -15.1784 27
      vertex -7.56436 -15.325 7
      vertex -8.11156 -15.1784 7
    endloop
  endfacet
  facet normal -0.258779 0.965937 0
    outer loop
      vertex -5.88843 -15.1784 7
      vertex -6.43564 -15.325 27
      vertex -5.88843 -15.1784 27
    endloop
  endfacet
  facet normal -0.258779 0.965937 0
    outer loop
      vertex -6.43564 -15.325 27
      vertex -5.88843 -15.1784 7
      vertex -6.43564 -15.325 7
    endloop
  endfacet
  facet normal -0.819124 0.573616 5.742e-20
    outer loop
      vertex -4.51035 -14.2134 7
      vertex -4.18542 -13.7494 27
      vertex -4.18542 -13.7494 7
    endloop
  endfacet
  facet normal -0.819124 0.573616 5.742e-20
    outer loop
      vertex -4.18542 -13.7494 27
      vertex -4.51035 -14.2134 7
      vertex -4.51035 -14.2134 27
    endloop
  endfacet
  facet normal -0.573531 0.819184 0
    outer loop
      vertex -4.91094 -14.614 7
      vertex -5.375 -14.9389 27
      vertex -4.91094 -14.614 27
    endloop
  endfacet
  facet normal -0.573531 0.819184 0
    outer loop
      vertex -5.375 -14.9389 27
      vertex -4.91094 -14.614 7
      vertex -5.375 -14.9389 7
    endloop
  endfacet
  facet normal -0.707107 -0.707107 -4.60507e-19
    outer loop
      vertex -4.51035 -10.0353 7
      vertex -4.91094 -9.63471 27
      vertex -4.91094 -9.63471 7
    endloop
  endfacet
  facet normal -0.707107 -0.707107 -4.60507e-19
    outer loop
      vertex -4.91094 -9.63471 27
      vertex -4.51035 -10.0353 7
      vertex -4.51035 -10.0353 27
    endloop
  endfacet
  facet normal -0.573578 -0.819151 0
    outer loop
      vertex -5.375 -9.30977 7
      vertex -4.91094 -9.63471 27
      vertex -5.375 -9.30977 27
    endloop
  endfacet
  facet normal -0.573578 -0.819151 -0
    outer loop
      vertex -4.91094 -9.63471 27
      vertex -5.375 -9.30977 7
      vertex -4.91094 -9.63471 7
    endloop
  endfacet
  facet normal -0.996196 -0.0871407 -1.1198e-19
    outer loop
      vertex -3.75 -12.1244 7
      vertex -3.79937 -11.56 27
      vertex -3.79937 -11.56 7
    endloop
  endfacet
  facet normal -0.996196 -0.0871407 -1.1198e-19
    outer loop
      vertex -3.79937 -11.56 27
      vertex -3.75 -12.1244 7
      vertex -3.75 -12.1244 27
    endloop
  endfacet
  facet normal -0.965922 0.258833 -4.02505e-19
    outer loop
      vertex -3.946 -13.2359 7
      vertex -3.79937 -12.6887 27
      vertex -3.79937 -12.6887 7
    endloop
  endfacet
  facet normal -0.965922 0.258833 -4.02505e-19
    outer loop
      vertex -3.79937 -12.6887 27
      vertex -3.946 -13.2359 7
      vertex -3.946 -13.2359 27
    endloop
  endfacet
  facet normal 0.996191 -0.0871932 -1.17063e-19
    outer loop
      vertex -10.25 -12.1244 27
      vertex -10.2006 -11.56 7
      vertex -10.2006 -11.56 27
    endloop
  endfacet
  facet normal 0.996191 -0.0871932 -1.17063e-19
    outer loop
      vertex -10.2006 -11.56 7
      vertex -10.25 -12.1244 27
      vertex -10.25 -12.1244 7
    endloop
  endfacet
  facet normal 0.965935 -0.258783 -5.4306e-19
    outer loop
      vertex -10.2006 -11.56 27
      vertex -10.054 -11.0128 7
      vertex -10.054 -11.0128 27
    endloop
  endfacet
  facet normal 0.965935 -0.258783 -5.4306e-19
    outer loop
      vertex -10.054 -11.0128 7
      vertex -10.2006 -11.56 27
      vertex -10.2006 -11.56 7
    endloop
  endfacet
  facet normal 0.99619 0.0872086 -1.44597e-19
    outer loop
      vertex -10.2006 -12.6887 27
      vertex -10.25 -12.1244 7
      vertex -10.25 -12.1244 27
    endloop
  endfacet
  facet normal 0.99619 0.0872086 -1.44597e-19
    outer loop
      vertex -10.25 -12.1244 7
      vertex -10.2006 -12.6887 27
      vertex -10.2006 -12.6887 7
    endloop
  endfacet
  facet normal 0 0 1
    outer loop
      vertex -3.79937 -11.56 7
      vertex -3.79937 -12.6887 7
      vertex -3.75 -12.1244 7
    endloop
  endfacet
  facet normal 0 0 1
    outer loop
      vertex -3.946 -11.0128 7
      vertex -3.79937 -12.6887 7
      vertex -3.79937 -11.56 7
    endloop
  endfacet
  facet normal 0 0 1
    outer loop
      vertex -3.946 -11.0128 7
      vertex -3.946 -13.2359 7
      vertex -3.79937 -12.6887 7
    endloop
  endfacet
  facet normal 0 0 1
    outer loop
      vertex -4.18542 -10.4994 7
      vertex -3.946 -13.2359 7
      vertex -3.946 -11.0128 7
    endloop
  endfacet
  facet normal 0 0 1
    outer loop
      vertex -4.18542 -10.4994 7
      vertex -4.18542 -13.7494 7
      vertex -3.946 -13.2359 7
    endloop
  endfacet
  facet normal 0 0 1
    outer loop
      vertex -4.51035 -10.0353 7
      vertex -4.18542 -13.7494 7
      vertex -4.18542 -10.4994 7
    endloop
  endfacet
  facet normal 0 0 1
    outer loop
      vertex -4.51035 -10.0353 7
      vertex -4.51035 -14.2134 7
      vertex -4.18542 -13.7494 7
    endloop
  endfacet
  facet normal 0 0 1
    outer loop
      vertex -4.91094 -9.63471 7
      vertex -4.51035 -14.2134 7
      vertex -4.51035 -10.0353 7
    endloop
  endfacet
  facet normal 0 0 1
    outer loop
      vertex -4.91094 -9.63471 7
      vertex -4.91094 -14.614 7
      vertex -4.51035 -14.2134 7
    endloop
  endfacet
  facet normal 0 0 1
    outer loop
      vertex -5.375 -9.30977 7
      vertex -4.91094 -14.614 7
      vertex -4.91094 -9.63471 7
    endloop
  endfacet
  facet normal 0 0 1
    outer loop
      vertex -5.375 -9.30977 7
      vertex -5.375 -14.9389 7
      vertex -4.91094 -14.614 7
    endloop
  endfacet
  facet normal 0 0 1
    outer loop
      vertex -5.88843 -9.07035 7
      vertex -5.375 -14.9389 7
      vertex -5.375 -9.30977 7
    endloop
  endfacet
  facet normal 0 0 1
    outer loop
      vertex -5.88843 -9.07035 7
      vertex -5.88843 -15.1784 7
      vertex -5.375 -14.9389 7
    endloop
  endfacet
  facet normal 0 0 1
    outer loop
      vertex -6.43564 -8.92373 7
      vertex -5.88843 -15.1784 7
      vertex -5.88843 -9.07035 7
    endloop
  endfacet
  facet normal 0 0 1
    outer loop
      vertex -6.43564 -8.92373 7
      vertex -6.43564 -15.325 7
      vertex -5.88843 -15.1784 7
    endloop
  endfacet
  facet normal 0 0 1
    outer loop
      vertex -6.43564 -8.92373 7
      vertex -7 -15.3744 7
      vertex -6.43564 -15.325 7
    endloop
  endfacet
  facet normal 0 0 1
    outer loop
      vertex -7 -8.87436 7
      vertex -7 -15.3744 7
      vertex -6.43564 -8.92373 7
    endloop
  endfacet
  facet normal -0 0 1
    outer loop
      vertex -7.56436 -8.92373 7
      vertex -7 -15.3744 7
      vertex -7 -8.87436 7
    endloop
  endfacet
  facet normal 0 0 1
    outer loop
      vertex -7.56436 -8.92373 7
      vertex -7.56436 -15.325 7
      vertex -7 -15.3744 7
    endloop
  endfacet
  facet normal -0 0 1
    outer loop
      vertex -8.11156 -9.07035 7
      vertex -7.56436 -15.325 7
      vertex -7.56436 -8.92373 7
    endloop
  endfacet
  facet normal 0 0 1
    outer loop
      vertex -8.11156 -9.07035 7
      vertex -8.11156 -15.1784 7
      vertex -7.56436 -15.325 7
    endloop
  endfacet
  facet normal -0 0 1
    outer loop
      vertex -8.625 -9.30977 7
      vertex -8.11156 -15.1784 7
      vertex -8.11156 -9.07035 7
    endloop
  endfacet
  facet normal 0 0 1
    outer loop
      vertex -8.625 -9.30977 7
      vertex -8.625 -14.9389 7
      vertex -8.11156 -15.1784 7
    endloop
  endfacet
  facet normal -0 0 1
    outer loop
      vertex -9.08906 -9.63471 7
      vertex -8.625 -14.9389 7
      vertex -8.625 -9.30977 7
    endloop
  endfacet
  facet normal 0 0 1
    outer loop
      vertex -9.08906 -9.63471 7
      vertex -9.08906 -14.614 7
      vertex -8.625 -14.9389 7
    endloop
  endfacet
  facet normal -0 0 1
    outer loop
      vertex -9.48964 -10.0353 7
      vertex -9.08906 -14.614 7
      vertex -9.08906 -9.63471 7
    endloop
  endfacet
  facet normal 0 0 1
    outer loop
      vertex -9.48964 -10.0353 7
      vertex -9.48964 -14.2134 7
      vertex -9.08906 -14.614 7
    endloop
  endfacet
  facet normal -0 0 1
    outer loop
      vertex -9.81458 -10.4994 7
      vertex -9.48964 -14.2134 7
      vertex -9.48964 -10.0353 7
    endloop
  endfacet
  facet normal 0 0 1
    outer loop
      vertex -9.81458 -10.4994 7
      vertex -9.81458 -13.7494 7
      vertex -9.48964 -14.2134 7
    endloop
  endfacet
  facet normal -0 0 1
    outer loop
      vertex -10.054 -11.0128 7
      vertex -9.81458 -13.7494 7
      vertex -9.81458 -10.4994 7
    endloop
  endfacet
  facet normal 0 0 1
    outer loop
      vertex -10.054 -11.0128 7
      vertex -10.054 -13.2359 7
      vertex -9.81458 -13.7494 7
    endloop
  endfacet
  facet normal -0 0 1
    outer loop
      vertex -10.2006 -11.56 7
      vertex -10.054 -13.2359 7
      vertex -10.054 -11.0128 7
    endloop
  endfacet
  facet normal 0 0 1
    outer loop
      vertex -10.2006 -11.56 7
      vertex -10.2006 -12.6887 7
      vertex -10.054 -13.2359 7
    endloop
  endfacet
  facet normal 0 -0 1
    outer loop
      vertex -10.2006 -12.6887 7
      vertex -10.2006 -11.56 7
      vertex -10.25 -12.1244 7
    endloop
  endfacet
  facet normal 0.707116 -0.707098 -4.64101e-19
    outer loop
      vertex -9.48964 -10.0353 27
      vertex -9.08906 -9.63471 7
      vertex -9.08906 -9.63471 27
    endloop
  endfacet
  facet normal 0.707116 -0.707098 -4.64101e-19
    outer loop
      vertex -9.08906 -9.63471 7
      vertex -9.48964 -10.0353 27
      vertex -9.48964 -10.0353 7
    endloop
  endfacet
  facet normal 0.573578 -0.819151 0
    outer loop
      vertex -9.08906 -9.63471 7
      vertex -8.625 -9.30977 27
      vertex -9.08906 -9.63471 27
    endloop
  endfacet
  facet normal 0.573578 -0.819151 0
    outer loop
      vertex -8.625 -9.30977 27
      vertex -9.08906 -9.63471 7
      vertex -8.625 -9.30977 7
    endloop
  endfacet
  facet normal 0.819174 -0.573545 -3.09781e-19
    outer loop
      vertex -9.81458 -10.4994 27
      vertex -9.48964 -10.0353 7
      vertex -9.48964 -10.0353 27
    endloop
  endfacet
  facet normal 0.819174 -0.573545 -3.09781e-19
    outer loop
      vertex -9.48964 -10.0353 7
      vertex -9.81458 -10.4994 27
      vertex -9.81458 -10.4994 7
    endloop
  endfacet
  facet normal 0.258816 -0.965927 0
    outer loop
      vertex -8.11156 -9.07035 7
      vertex -7.56436 -8.92373 27
      vertex -8.11156 -9.07035 27
    endloop
  endfacet
  facet normal 0.258816 -0.965927 0
    outer loop
      vertex -7.56436 -8.92373 27
      vertex -8.11156 -9.07035 7
      vertex -7.56436 -8.92373 7
    endloop
  endfacet
  facet normal -0.258812 -0.965928 0
    outer loop
      vertex -6.43564 -8.92373 7
      vertex -5.88843 -9.07035 27
      vertex -6.43564 -8.92373 27
    endloop
  endfacet
  facet normal -0.258812 -0.965928 -0
    outer loop
      vertex -5.88843 -9.07035 27
      vertex -6.43564 -8.92373 7
      vertex -5.88843 -9.07035 7
    endloop
  endfacet
  facet normal 0.0871994 0.996191 -0
    outer loop
      vertex -7 -15.3744 7
      vertex -7.56436 -15.325 27
      vertex -7 -15.3744 27
    endloop
  endfacet
  facet normal 0.0871994 0.996191 0
    outer loop
      vertex -7.56436 -15.325 27
      vertex -7 -15.3744 7
      vertex -7.56436 -15.325 7
    endloop
  endfacet
  facet normal -0.42274 0.906251 0
    outer loop
      vertex -5.375 -14.9389 7
      vertex -5.88843 -15.1784 27
      vertex -5.375 -14.9389 27
    endloop
  endfacet
  facet normal -0.42274 0.906251 0
    outer loop
      vertex -5.88843 -15.1784 27
      vertex -5.375 -14.9389 7
      vertex -5.88843 -15.1784 7
    endloop
  endfacet
  facet normal -0.906327 0.422576 -3.09169e-19
    outer loop
      vertex -4.18542 -13.7494 7
      vertex -3.946 -13.2359 27
      vertex -3.946 -13.2359 7
    endloop
  endfacet
  facet normal -0.906327 0.422576 -3.09169e-19
    outer loop
      vertex -3.946 -13.2359 27
      vertex -4.18542 -13.7494 7
      vertex -4.18542 -13.7494 27
    endloop
  endfacet
  facet normal -0.707116 0.707098 0
    outer loop
      vertex -4.51035 -14.2134 7
      vertex -4.91094 -14.614 27
      vertex -4.51035 -14.2134 27
    endloop
  endfacet
  facet normal -0.707116 0.707098 0
    outer loop
      vertex -4.91094 -14.614 27
      vertex -4.51035 -14.2134 7
      vertex -4.91094 -14.614 7
    endloop
  endfacet
  facet normal -0.819182 -0.573533 1.08963e-18
    outer loop
      vertex -4.18542 -10.4994 7
      vertex -4.51035 -10.0353 27
      vertex -4.51035 -10.0353 7
    endloop
  endfacet
  facet normal -0.819182 -0.573533 1.08963e-18
    outer loop
      vertex -4.51035 -10.0353 27
      vertex -4.18542 -10.4994 7
      vertex -4.18542 -10.4994 27
    endloop
  endfacet
  facet normal -0.906296 -0.422644 -1.81823e-19
    outer loop
      vertex -3.946 -11.0128 7
      vertex -4.18542 -10.4994 27
      vertex -4.18542 -10.4994 7
    endloop
  endfacet
  facet normal -0.906296 -0.422644 -1.81823e-19
    outer loop
      vertex -4.18542 -10.4994 27
      vertex -3.946 -11.0128 7
      vertex -3.946 -11.0128 27
    endloop
  endfacet
  facet normal -0.996195 0.087156 -6.84857e-20
    outer loop
      vertex -3.79937 -12.6887 7
      vertex -3.75 -12.1244 27
      vertex -3.75 -12.1244 7
    endloop
  endfacet
  facet normal -0.996195 0.087156 -6.84857e-20
    outer loop
      vertex -3.75 -12.1244 27
      vertex -3.79937 -12.6887 7
      vertex -3.79937 -12.6887 27
    endloop
  endfacet
  facet normal 0.573531 0.819184 -0
    outer loop
      vertex -8.625 -14.9389 7
      vertex -9.08906 -14.614 27
      vertex -8.625 -14.9389 27
    endloop
  endfacet
  facet normal 0.573531 0.819184 0
    outer loop
      vertex -9.08906 -14.614 27
      vertex -8.625 -14.9389 7
      vertex -9.08906 -14.614 7
    endloop
  endfacet
  facet normal 0 0 -1
    outer loop
      vertex -3.79937 -12.6887 27
      vertex -3.79937 -11.56 27
      vertex -3.75 -12.1244 27
    endloop
  endfacet
  facet normal 0 0 -1
    outer loop
      vertex -3.946 -13.2359 27
      vertex -3.79937 -11.56 27
      vertex -3.79937 -12.6887 27
    endloop
  endfacet
  facet normal 0 0 -1
    outer loop
      vertex -3.946 -13.2359 27
      vertex -3.946 -11.0128 27
      vertex -3.79937 -11.56 27
    endloop
  endfacet
  facet normal 0 0 -1
    outer loop
      vertex -4.18542 -13.7494 27
      vertex -3.946 -11.0128 27
      vertex -3.946 -13.2359 27
    endloop
  endfacet
  facet normal 0 0 -1
    outer loop
      vertex -4.18542 -13.7494 27
      vertex -4.18542 -10.4994 27
      vertex -3.946 -11.0128 27
    endloop
  endfacet
  facet normal 0 0 -1
    outer loop
      vertex -4.51035 -14.2134 27
      vertex -4.18542 -10.4994 27
      vertex -4.18542 -13.7494 27
    endloop
  endfacet
  facet normal 0 0 -1
    outer loop
      vertex -4.51035 -14.2134 27
      vertex -4.51035 -10.0353 27
      vertex -4.18542 -10.4994 27
    endloop
  endfacet
  facet normal 0 0 -1
    outer loop
      vertex -4.91094 -14.614 27
      vertex -4.51035 -10.0353 27
      vertex -4.51035 -14.2134 27
    endloop
  endfacet
  facet normal 0 0 -1
    outer loop
      vertex -4.91094 -14.614 27
      vertex -4.91094 -9.63471 27
      vertex -4.51035 -10.0353 27
    endloop
  endfacet
  facet normal 0 0 -1
    outer loop
      vertex -5.375 -14.9389 27
      vertex -4.91094 -9.63471 27
      vertex -4.91094 -14.614 27
    endloop
  endfacet
  facet normal 0 0 -1
    outer loop
      vertex -5.375 -14.9389 27
      vertex -5.375 -9.30977 27
      vertex -4.91094 -9.63471 27
    endloop
  endfacet
  facet normal 0 0 -1
    outer loop
      vertex -5.88843 -15.1784 27
      vertex -5.375 -9.30977 27
      vertex -5.375 -14.9389 27
    endloop
  endfacet
  facet normal 0 0 -1
    outer loop
      vertex -5.88843 -15.1784 27
      vertex -5.88843 -9.07035 27
      vertex -5.375 -9.30977 27
    endloop
  endfacet
  facet normal 0 0 -1
    outer loop
      vertex -6.43564 -15.325 27
      vertex -5.88843 -9.07035 27
      vertex -5.88843 -15.1784 27
    endloop
  endfacet
  facet normal 0 0 -1
    outer loop
      vertex -6.43564 -15.325 27
      vertex -6.43564 -8.92373 27
      vertex -5.88843 -9.07035 27
    endloop
  endfacet
  facet normal 0 0 -1
    outer loop
      vertex -7 -15.3744 27
      vertex -6.43564 -8.92373 27
      vertex -6.43564 -15.325 27
    endloop
  endfacet
  facet normal 0 0 -1
    outer loop
      vertex -7 -15.3744 27
      vertex -7 -8.87436 27
      vertex -6.43564 -8.92373 27
    endloop
  endfacet
  facet normal 0 0 -1
    outer loop
      vertex -7.56436 -15.325 27
      vertex -7 -8.87436 27
      vertex -7 -15.3744 27
    endloop
  endfacet
  facet normal 0 0 -1
    outer loop
      vertex -7.56436 -15.325 27
      vertex -7.56436 -8.92373 27
      vertex -7 -8.87436 27
    endloop
  endfacet
  facet normal 0 0 -1
    outer loop
      vertex -8.11156 -15.1784 27
      vertex -7.56436 -8.92373 27
      vertex -7.56436 -15.325 27
    endloop
  endfacet
  facet normal 0 0 -1
    outer loop
      vertex -8.11156 -15.1784 27
      vertex -8.11156 -9.07035 27
      vertex -7.56436 -8.92373 27
    endloop
  endfacet
  facet normal 0 0 -1
    outer loop
      vertex -8.625 -14.9389 27
      vertex -8.11156 -9.07035 27
      vertex -8.11156 -15.1784 27
    endloop
  endfacet
  facet normal 0 0 -1
    outer loop
      vertex -8.625 -14.9389 27
      vertex -8.625 -9.30977 27
      vertex -8.11156 -9.07035 27
    endloop
  endfacet
  facet normal 0 0 -1
    outer loop
      vertex -9.08906 -14.614 27
      vertex -8.625 -9.30977 27
      vertex -8.625 -14.9389 27
    endloop
  endfacet
  facet normal 0 0 -1
    outer loop
      vertex -9.08906 -14.614 27
      vertex -9.08906 -9.63471 27
      vertex -8.625 -9.30977 27
    endloop
  endfacet
  facet normal 0 0 -1
    outer loop
      vertex -9.48964 -14.2134 27
      vertex -9.08906 -9.63471 27
      vertex -9.08906 -14.614 27
    endloop
  endfacet
  facet normal 0 0 -1
    outer loop
      vertex -9.48964 -14.2134 27
      vertex -9.48964 -10.0353 27
      vertex -9.08906 -9.63471 27
    endloop
  endfacet
  facet normal 0 0 -1
    outer loop
      vertex -9.81458 -13.7494 27
      vertex -9.48964 -10.0353 27
      vertex -9.48964 -14.2134 27
    endloop
  endfacet
  facet normal 0 0 -1
    outer loop
      vertex -9.81458 -13.7494 27
      vertex -9.81458 -10.4994 27
      vertex -9.48964 -10.0353 27
    endloop
  endfacet
  facet normal 0 0 -1
    outer loop
      vertex -10.054 -13.2359 27
      vertex -9.81458 -10.4994 27
      vertex -9.81458 -13.7494 27
    endloop
  endfacet
  facet normal 0 0 -1
    outer loop
      vertex -10.054 -13.2359 27
      vertex -10.054 -11.0128 27
      vertex -9.81458 -10.4994 27
    endloop
  endfacet
  facet normal 0 0 -1
    outer loop
      vertex -10.2006 -12.6887 27
      vertex -10.054 -11.0128 27
      vertex -10.054 -13.2359 27
    endloop
  endfacet
  facet normal 0 0 -1
    outer loop
      vertex -10.2006 -12.6887 27
      vertex -10.2006 -11.56 27
      vertex -10.054 -11.0128 27
    endloop
  endfacet
  facet normal 0 -0 -1
    outer loop
      vertex -10.2006 -11.56 27
      vertex -10.2006 -12.6887 27
      vertex -10.25 -12.1244 27
    endloop
  endfacet
  facet normal 0.819116 0.573628 -8.80431e-19
    outer loop
      vertex -9.48964 -14.2134 27
      vertex -9.81458 -13.7494 7
      vertex -9.81458 -13.7494 27
    endloop
  endfacet
  facet normal 0.819116 0.573628 -8.80431e-19
    outer loop
      vertex -9.81458 -13.7494 7
      vertex -9.48964 -14.2134 27
      vertex -9.48964 -14.2134 7
    endloop
  endfacet
  facet normal 0.707124 0.707089 -0
    outer loop
      vertex -9.08906 -14.614 7
      vertex -9.48964 -14.2134 27
      vertex -9.08906 -14.614 27
    endloop
  endfacet
  facet normal 0.707124 0.707089 0
    outer loop
      vertex -9.48964 -14.2134 27
      vertex -9.08906 -14.614 7
      vertex -9.48964 -14.2134 7
    endloop
  endfacet
  facet normal -0.0871468 -0.996195 0
    outer loop
      vertex -7 -8.87436 7
      vertex -6.43564 -8.92373 27
      vertex -7 -8.87436 27
    endloop
  endfacet
  facet normal -0.0871468 -0.996195 -0
    outer loop
      vertex -6.43564 -8.92373 27
      vertex -7 -8.87436 7
      vertex -6.43564 -8.92373 7
    endloop
  endfacet
  facet normal -0.573531 0.819184 0
    outer loop
      vertex 9.08906 -14.614 7
      vertex 8.625 -14.9389 27
      vertex 9.08906 -14.614 27
    endloop
  endfacet
  facet normal -0.573531 0.819184 0
    outer loop
      vertex 8.625 -14.9389 27
      vertex 9.08906 -14.614 7
      vertex 8.625 -14.9389 7
    endloop
  endfacet
  facet normal 0.573578 -0.819151 0
    outer loop
      vertex 4.91094 -9.63471 7
      vertex 5.375 -9.30977 27
      vertex 4.91094 -9.63471 27
    endloop
  endfacet
  facet normal 0.573578 -0.819151 0
    outer loop
      vertex 5.375 -9.30977 27
      vertex 4.91094 -9.63471 7
      vertex 5.375 -9.30977 7
    endloop
  endfacet
  facet normal -0.819174 -0.573545 3.09781e-19
    outer loop
      vertex 9.81458 -10.4994 7
      vertex 9.48964 -10.0353 27
      vertex 9.48964 -10.0353 7
    endloop
  endfacet
  facet normal -0.819174 -0.573545 3.09781e-19
    outer loop
      vertex 9.48964 -10.0353 27
      vertex 9.81458 -10.4994 7
      vertex 9.81458 -10.4994 27
    endloop
  endfacet
  facet normal 0.965922 -0.258833 -4.02505e-19
    outer loop
      vertex 3.79937 -11.56 27
      vertex 3.946 -11.0128 7
      vertex 3.946 -11.0128 27
    endloop
  endfacet
  facet normal 0.965922 -0.258833 -4.02505e-19
    outer loop
      vertex 3.946 -11.0128 7
      vertex 3.79937 -11.56 27
      vertex 3.79937 -11.56 7
    endloop
  endfacet
  facet normal -0.258816 -0.965927 0
    outer loop
      vertex 7.56436 -8.92373 7
      vertex 8.11156 -9.07035 27
      vertex 7.56436 -8.92373 27
    endloop
  endfacet
  facet normal -0.258816 -0.965927 -0
    outer loop
      vertex 8.11156 -9.07035 27
      vertex 7.56436 -8.92373 7
      vertex 8.11156 -9.07035 7
    endloop
  endfacet
  facet normal -0.573578 -0.819151 0
    outer loop
      vertex 8.625 -9.30977 7
      vertex 9.08906 -9.63471 27
      vertex 8.625 -9.30977 27
    endloop
  endfacet
  facet normal -0.573578 -0.819151 -0
    outer loop
      vertex 9.08906 -9.63471 27
      vertex 8.625 -9.30977 7
      vertex 9.08906 -9.63471 7
    endloop
  endfacet
  facet normal 0.819182 -0.573533 -1.08963e-18
    outer loop
      vertex 4.18542 -10.4994 27
      vertex 4.51035 -10.0353 7
      vertex 4.51035 -10.0353 27
    endloop
  endfacet
  facet normal 0.819182 -0.573533 -1.08963e-18
    outer loop
      vertex 4.51035 -10.0353 7
      vertex 4.18542 -10.4994 27
      vertex 4.18542 -10.4994 7
    endloop
  endfacet
  facet normal -0.707124 0.707089 0
    outer loop
      vertex 9.48964 -14.2134 7
      vertex 9.08906 -14.614 27
      vertex 9.48964 -14.2134 27
    endloop
  endfacet
  facet normal -0.707124 0.707089 0
    outer loop
      vertex 9.08906 -14.614 27
      vertex 9.48964 -14.2134 7
      vertex 9.08906 -14.614 7
    endloop
  endfacet
  facet normal -0.965935 0.258783 -5.4306e-19
    outer loop
      vertex 10.054 -13.2359 7
      vertex 10.2006 -12.6887 27
      vertex 10.2006 -12.6887 7
    endloop
  endfacet
  facet normal -0.965935 0.258783 -5.4306e-19
    outer loop
      vertex 10.2006 -12.6887 27
      vertex 10.054 -13.2359 7
      vertex 10.054 -13.2359 27
    endloop
  endfacet
  facet normal -0.965935 -0.258783 5.4306e-19
    outer loop
      vertex 10.2006 -11.56 7
      vertex 10.054 -11.0128 27
      vertex 10.054 -11.0128 7
    endloop
  endfacet
  facet normal -0.965935 -0.258783 5.4306e-19
    outer loop
      vertex 10.054 -11.0128 27
      vertex 10.2006 -11.56 7
      vertex 10.2006 -11.56 27
    endloop
  endfacet
  facet normal -0.906296 -0.422644 1.68664e-19
    outer loop
      vertex 10.054 -11.0128 7
      vertex 9.81458 -10.4994 27
      vertex 9.81458 -10.4994 7
    endloop
  endfacet
  facet normal -0.906296 -0.422644 1.68664e-19
    outer loop
      vertex 9.81458 -10.4994 27
      vertex 10.054 -11.0128 7
      vertex 10.054 -11.0128 27
    endloop
  endfacet
  facet normal -0.996191 -0.0871932 1.17063e-19
    outer loop
      vertex 10.25 -12.1244 7
      vertex 10.2006 -11.56 27
      vertex 10.2006 -11.56 7
    endloop
  endfacet
  facet normal -0.996191 -0.0871932 1.17063e-19
    outer loop
      vertex 10.2006 -11.56 27
      vertex 10.25 -12.1244 7
      vertex 10.25 -12.1244 27
    endloop
  endfacet
  facet normal 0.0871468 -0.996195 0
    outer loop
      vertex 6.43564 -8.92373 7
      vertex 7 -8.87436 27
      vertex 6.43564 -8.92373 27
    endloop
  endfacet
  facet normal 0.0871468 -0.996195 0
    outer loop
      vertex 7 -8.87436 27
      vertex 6.43564 -8.92373 7
      vertex 7 -8.87436 7
    endloop
  endfacet
  facet normal -0.0871468 -0.996195 0
    outer loop
      vertex 7 -8.87436 7
      vertex 7.56436 -8.92373 27
      vertex 7 -8.87436 27
    endloop
  endfacet
  facet normal -0.0871468 -0.996195 -0
    outer loop
      vertex 7.56436 -8.92373 27
      vertex 7 -8.87436 7
      vertex 7.56436 -8.92373 7
    endloop
  endfacet
  facet normal -0.422617 -0.906308 0
    outer loop
      vertex 8.11156 -9.07035 7
      vertex 8.625 -9.30977 27
      vertex 8.11156 -9.07035 27
    endloop
  endfacet
  facet normal -0.422617 -0.906308 -0
    outer loop
      vertex 8.625 -9.30977 27
      vertex 8.11156 -9.07035 7
      vertex 8.625 -9.30977 7
    endloop
  endfacet
  facet normal -0.707116 -0.707098 4.64101e-19
    outer loop
      vertex 9.48964 -10.0353 7
      vertex 9.08906 -9.63471 27
      vertex 9.08906 -9.63471 7
    endloop
  endfacet
  facet normal -0.707116 -0.707098 4.64101e-19
    outer loop
      vertex 9.08906 -9.63471 27
      vertex 9.48964 -10.0353 7
      vertex 9.48964 -10.0353 27
    endloop
  endfacet
  facet normal 0.707116 0.707098 -0
    outer loop
      vertex 4.91094 -14.614 7
      vertex 4.51035 -14.2134 27
      vertex 4.91094 -14.614 27
    endloop
  endfacet
  facet normal 0.707116 0.707098 0
    outer loop
      vertex 4.51035 -14.2134 27
      vertex 4.91094 -14.614 7
      vertex 4.51035 -14.2134 7
    endloop
  endfacet
  facet normal 0.42274 0.906251 -0
    outer loop
      vertex 5.88843 -15.1784 7
      vertex 5.375 -14.9389 27
      vertex 5.88843 -15.1784 27
    endloop
  endfacet
  facet normal 0.42274 0.906251 0
    outer loop
      vertex 5.375 -14.9389 27
      vertex 5.88843 -15.1784 7
      vertex 5.375 -14.9389 7
    endloop
  endfacet
  facet normal 0 0 1
    outer loop
      vertex 10.2006 -11.56 7
      vertex 10.2006 -12.6887 7
      vertex 10.25 -12.1244 7
    endloop
  endfacet
  facet normal 0 0 1
    outer loop
      vertex 10.054 -11.0128 7
      vertex 10.2006 -12.6887 7
      vertex 10.2006 -11.56 7
    endloop
  endfacet
  facet normal 0 0 1
    outer loop
      vertex 10.054 -11.0128 7
      vertex 10.054 -13.2359 7
      vertex 10.2006 -12.6887 7
    endloop
  endfacet
  facet normal 0 0 1
    outer loop
      vertex 9.81458 -10.4994 7
      vertex 10.054 -13.2359 7
      vertex 10.054 -11.0128 7
    endloop
  endfacet
  facet normal 0 0 1
    outer loop
      vertex 9.81458 -10.4994 7
      vertex 9.81458 -13.7494 7
      vertex 10.054 -13.2359 7
    endloop
  endfacet
  facet normal 0 0 1
    outer loop
      vertex 9.48964 -10.0353 7
      vertex 9.81458 -13.7494 7
      vertex 9.81458 -10.4994 7
    endloop
  endfacet
  facet normal 0 0 1
    outer loop
      vertex 9.48964 -10.0353 7
      vertex 9.48964 -14.2134 7
      vertex 9.81458 -13.7494 7
    endloop
  endfacet
  facet normal 0 0 1
    outer loop
      vertex 9.08906 -9.63471 7
      vertex 9.48964 -14.2134 7
      vertex 9.48964 -10.0353 7
    endloop
  endfacet
  facet normal 0 0 1
    outer loop
      vertex 9.08906 -9.63471 7
      vertex 9.08906 -14.614 7
      vertex 9.48964 -14.2134 7
    endloop
  endfacet
  facet normal 0 0 1
    outer loop
      vertex 8.625 -9.30977 7
      vertex 9.08906 -14.614 7
      vertex 9.08906 -9.63471 7
    endloop
  endfacet
  facet normal 0 0 1
    outer loop
      vertex 8.625 -9.30977 7
      vertex 8.625 -14.9389 7
      vertex 9.08906 -14.614 7
    endloop
  endfacet
  facet normal 0 0 1
    outer loop
      vertex 8.11156 -9.07035 7
      vertex 8.625 -14.9389 7
      vertex 8.625 -9.30977 7
    endloop
  endfacet
  facet normal 0 0 1
    outer loop
      vertex 8.11156 -9.07035 7
      vertex 8.11156 -15.1784 7
      vertex 8.625 -14.9389 7
    endloop
  endfacet
  facet normal 0 0 1
    outer loop
      vertex 7.56436 -8.92373 7
      vertex 8.11156 -15.1784 7
      vertex 8.11156 -9.07035 7
    endloop
  endfacet
  facet normal 0 0 1
    outer loop
      vertex 7.56436 -8.92373 7
      vertex 7.56436 -15.325 7
      vertex 8.11156 -15.1784 7
    endloop
  endfacet
  facet normal 0 0 1
    outer loop
      vertex 7 -8.87436 7
      vertex 7.56436 -15.325 7
      vertex 7.56436 -8.92373 7
    endloop
  endfacet
  facet normal 0 0 1
    outer loop
      vertex 7 -8.87436 7
      vertex 7 -15.3744 7
      vertex 7.56436 -15.325 7
    endloop
  endfacet
  facet normal -0 0 1
    outer loop
      vertex 6.43564 -8.92373 7
      vertex 7 -15.3744 7
      vertex 7 -8.87436 7
    endloop
  endfacet
  facet normal 0 0 1
    outer loop
      vertex 6.43564 -8.92373 7
      vertex 6.43564 -15.325 7
      vertex 7 -15.3744 7
    endloop
  endfacet
  facet normal -0 0 1
    outer loop
      vertex 5.88843 -9.07035 7
      vertex 6.43564 -15.325 7
      vertex 6.43564 -8.92373 7
    endloop
  endfacet
  facet normal 0 0 1
    outer loop
      vertex 5.88843 -9.07035 7
      vertex 5.88843 -15.1784 7
      vertex 6.43564 -15.325 7
    endloop
  endfacet
  facet normal -0 0 1
    outer loop
      vertex 5.375 -9.30977 7
      vertex 5.88843 -15.1784 7
      vertex 5.88843 -9.07035 7
    endloop
  endfacet
  facet normal 0 0 1
    outer loop
      vertex 5.375 -9.30977 7
      vertex 5.375 -14.9389 7
      vertex 5.88843 -15.1784 7
    endloop
  endfacet
  facet normal -0 0 1
    outer loop
      vertex 4.91094 -9.63471 7
      vertex 5.375 -14.9389 7
      vertex 5.375 -9.30977 7
    endloop
  endfacet
  facet normal 0 0 1
    outer loop
      vertex 4.91094 -9.63471 7
      vertex 4.91094 -14.614 7
      vertex 5.375 -14.9389 7
    endloop
  endfacet
  facet normal -0 0 1
    outer loop
      vertex 4.51035 -10.0353 7
      vertex 4.91094 -14.614 7
      vertex 4.91094 -9.63471 7
    endloop
  endfacet
  facet normal 0 0 1
    outer loop
      vertex 4.51035 -10.0353 7
      vertex 4.51035 -14.2134 7
      vertex 4.91094 -14.614 7
    endloop
  endfacet
  facet normal -0 0 1
    outer loop
      vertex 4.18542 -10.4994 7
      vertex 4.51035 -14.2134 7
      vertex 4.51035 -10.0353 7
    endloop
  endfacet
  facet normal 0 0 1
    outer loop
      vertex 4.18542 -10.4994 7
      vertex 4.18542 -13.7494 7
      vertex 4.51035 -14.2134 7
    endloop
  endfacet
  facet normal -0 0 1
    outer loop
      vertex 3.946 -11.0128 7
      vertex 4.18542 -13.7494 7
      vertex 4.18542 -10.4994 7
    endloop
  endfacet
  facet normal 0 0 1
    outer loop
      vertex 3.946 -11.0128 7
      vertex 3.946 -13.2359 7
      vertex 4.18542 -13.7494 7
    endloop
  endfacet
  facet normal -0 0 1
    outer loop
      vertex 3.79937 -11.56 7
      vertex 3.946 -13.2359 7
      vertex 3.946 -11.0128 7
    endloop
  endfacet
  facet normal 0 0 1
    outer loop
      vertex 3.79937 -11.56 7
      vertex 3.79937 -12.6887 7
      vertex 3.946 -13.2359 7
    endloop
  endfacet
  facet normal 0 -0 1
    outer loop
      vertex 3.79937 -12.6887 7
      vertex 3.79937 -11.56 7
      vertex 3.75 -12.1244 7
    endloop
  endfacet
  facet normal 0.906327 0.422576 3.09169e-19
    outer loop
      vertex 4.18542 -13.7494 27
      vertex 3.946 -13.2359 7
      vertex 3.946 -13.2359 27
    endloop
  endfacet
  facet normal 0.906327 0.422576 3.09169e-19
    outer loop
      vertex 3.946 -13.2359 7
      vertex 4.18542 -13.7494 27
      vertex 4.18542 -13.7494 7
    endloop
  endfacet
  facet normal 0.707107 -0.707107 4.60507e-19
    outer loop
      vertex 4.51035 -10.0353 27
      vertex 4.91094 -9.63471 7
      vertex 4.91094 -9.63471 27
    endloop
  endfacet
  facet normal 0.707107 -0.707107 4.60507e-19
    outer loop
      vertex 4.91094 -9.63471 7
      vertex 4.51035 -10.0353 27
      vertex 4.51035 -10.0353 7
    endloop
  endfacet
  facet normal -0.819116 0.573628 8.80431e-19
    outer loop
      vertex 9.48964 -14.2134 7
      vertex 9.81458 -13.7494 27
      vertex 9.81458 -13.7494 7
    endloop
  endfacet
  facet normal -0.819116 0.573628 8.80431e-19
    outer loop
      vertex 9.81458 -13.7494 27
      vertex 9.48964 -14.2134 7
      vertex 9.48964 -14.2134 27
    endloop
  endfacet
  facet normal -0.99619 0.0872086 1.44597e-19
    outer loop
      vertex 10.2006 -12.6887 7
      vertex 10.25 -12.1244 27
      vertex 10.25 -12.1244 7
    endloop
  endfacet
  facet normal -0.99619 0.0872086 1.44597e-19
    outer loop
      vertex 10.25 -12.1244 27
      vertex 10.2006 -12.6887 7
      vertex 10.2006 -12.6887 27
    endloop
  endfacet
  facet normal 0.422624 -0.906305 0
    outer loop
      vertex 5.375 -9.30977 7
      vertex 5.88843 -9.07035 27
      vertex 5.375 -9.30977 27
    endloop
  endfacet
  facet normal 0.422624 -0.906305 0
    outer loop
      vertex 5.88843 -9.07035 27
      vertex 5.375 -9.30977 7
      vertex 5.88843 -9.07035 7
    endloop
  endfacet
  facet normal 0.573531 0.819184 -0
    outer loop
      vertex 5.375 -14.9389 7
      vertex 4.91094 -14.614 27
      vertex 5.375 -14.9389 27
    endloop
  endfacet
  facet normal 0.573531 0.819184 0
    outer loop
      vertex 4.91094 -14.614 27
      vertex 5.375 -14.9389 7
      vertex 4.91094 -14.614 7
    endloop
  endfacet
  facet normal 0.258779 0.965937 -0
    outer loop
      vertex 6.43564 -15.325 7
      vertex 5.88843 -15.1784 27
      vertex 6.43564 -15.325 27
    endloop
  endfacet
  facet normal 0.258779 0.965937 0
    outer loop
      vertex 5.88843 -15.1784 27
      vertex 6.43564 -15.325 7
      vertex 5.88843 -15.1784 7
    endloop
  endfacet
  facet normal -0.0871994 0.996191 0
    outer loop
      vertex 7.56436 -15.325 7
      vertex 7 -15.3744 27
      vertex 7.56436 -15.325 27
    endloop
  endfacet
  facet normal -0.0871994 0.996191 0
    outer loop
      vertex 7 -15.3744 27
      vertex 7.56436 -15.325 7
      vertex 7 -15.3744 7
    endloop
  endfacet
  facet normal 0.0871994 0.996191 -0
    outer loop
      vertex 7 -15.3744 7
      vertex 6.43564 -15.325 27
      vertex 7 -15.3744 27
    endloop
  endfacet
  facet normal 0.0871994 0.996191 0
    outer loop
      vertex 6.43564 -15.325 27
      vertex 7 -15.3744 7
      vertex 6.43564 -15.325 7
    endloop
  endfacet
  facet normal -0.258783 0.965935 0
    outer loop
      vertex 8.11156 -15.1784 7
      vertex 7.56436 -15.325 27
      vertex 8.11156 -15.1784 27
    endloop
  endfacet
  facet normal -0.258783 0.965935 0
    outer loop
      vertex 7.56436 -15.325 27
      vertex 8.11156 -15.1784 7
      vertex 7.56436 -15.325 7
    endloop
  endfacet
  facet normal 0.996195 0.087156 6.84857e-20
    outer loop
      vertex 3.79937 -12.6887 27
      vertex 3.75 -12.1244 7
      vertex 3.75 -12.1244 27
    endloop
  endfacet
  facet normal 0.996195 0.087156 6.84857e-20
    outer loop
      vertex 3.75 -12.1244 7
      vertex 3.79937 -12.6887 27
      vertex 3.79937 -12.6887 7
    endloop
  endfacet
  facet normal 0.965922 0.258833 4.02505e-19
    outer loop
      vertex 3.946 -13.2359 27
      vertex 3.79937 -12.6887 7
      vertex 3.79937 -12.6887 27
    endloop
  endfacet
  facet normal 0.965922 0.258833 4.02505e-19
    outer loop
      vertex 3.79937 -12.6887 7
      vertex 3.946 -13.2359 27
      vertex 3.946 -13.2359 7
    endloop
  endfacet
  facet normal 0.819124 0.573616 -5.742e-20
    outer loop
      vertex 4.51035 -14.2134 27
      vertex 4.18542 -13.7494 7
      vertex 4.18542 -13.7494 27
    endloop
  endfacet
  facet normal 0.819124 0.573616 -5.742e-20
    outer loop
      vertex 4.18542 -13.7494 7
      vertex 4.51035 -14.2134 27
      vertex 4.51035 -14.2134 7
    endloop
  endfacet
  facet normal 0.906296 -0.422644 1.81823e-19
    outer loop
      vertex 3.946 -11.0128 27
      vertex 4.18542 -10.4994 7
      vertex 4.18542 -10.4994 27
    endloop
  endfacet
  facet normal 0.906296 -0.422644 1.81823e-19
    outer loop
      vertex 4.18542 -10.4994 7
      vertex 3.946 -11.0128 27
      vertex 3.946 -11.0128 7
    endloop
  endfacet
  facet normal -0.906327 0.422576 5.53155e-19
    outer loop
      vertex 9.81458 -13.7494 7
      vertex 10.054 -13.2359 27
      vertex 10.054 -13.2359 7
    endloop
  endfacet
  facet normal -0.906327 0.422576 5.53155e-19
    outer loop
      vertex 10.054 -13.2359 27
      vertex 9.81458 -13.7494 7
      vertex 9.81458 -13.7494 27
    endloop
  endfacet
  facet normal 0.258812 -0.965928 0
    outer loop
      vertex 5.88843 -9.07035 7
      vertex 6.43564 -8.92373 27
      vertex 5.88843 -9.07035 27
    endloop
  endfacet
  facet normal 0.258812 -0.965928 0
    outer loop
      vertex 6.43564 -8.92373 27
      vertex 5.88843 -9.07035 7
      vertex 6.43564 -8.92373 7
    endloop
  endfacet
  facet normal -0.422733 0.906254 0
    outer loop
      vertex 8.625 -14.9389 7
      vertex 8.11156 -15.1784 27
      vertex 8.625 -14.9389 27
    endloop
  endfacet
  facet normal -0.422733 0.906254 0
    outer loop
      vertex 8.11156 -15.1784 27
      vertex 8.625 -14.9389 7
      vertex 8.11156 -15.1784 7
    endloop
  endfacet
  facet normal 0 0 -1
    outer loop
      vertex 10.2006 -12.6887 27
      vertex 10.2006 -11.56 27
      vertex 10.25 -12.1244 27
    endloop
  endfacet
  facet normal 0 0 -1
    outer loop
      vertex 10.054 -13.2359 27
      vertex 10.2006 -11.56 27
      vertex 10.2006 -12.6887 27
    endloop
  endfacet
  facet normal 0 0 -1
    outer loop
      vertex 10.054 -13.2359 27
      vertex 10.054 -11.0128 27
      vertex 10.2006 -11.56 27
    endloop
  endfacet
  facet normal 0 0 -1
    outer loop
      vertex 9.81458 -13.7494 27
      vertex 10.054 -11.0128 27
      vertex 10.054 -13.2359 27
    endloop
  endfacet
  facet normal 0 0 -1
    outer loop
      vertex 9.81458 -13.7494 27
      vertex 9.81458 -10.4994 27
      vertex 10.054 -11.0128 27
    endloop
  endfacet
  facet normal 0 0 -1
    outer loop
      vertex 9.48964 -14.2134 27
      vertex 9.81458 -10.4994 27
      vertex 9.81458 -13.7494 27
    endloop
  endfacet
  facet normal 0 0 -1
    outer loop
      vertex 9.48964 -14.2134 27
      vertex 9.48964 -10.0353 27
      vertex 9.81458 -10.4994 27
    endloop
  endfacet
  facet normal 0 0 -1
    outer loop
      vertex 9.08906 -14.614 27
      vertex 9.48964 -10.0353 27
      vertex 9.48964 -14.2134 27
    endloop
  endfacet
  facet normal 0 0 -1
    outer loop
      vertex 9.08906 -14.614 27
      vertex 9.08906 -9.63471 27
      vertex 9.48964 -10.0353 27
    endloop
  endfacet
  facet normal 0 0 -1
    outer loop
      vertex 8.625 -14.9389 27
      vertex 9.08906 -9.63471 27
      vertex 9.08906 -14.614 27
    endloop
  endfacet
  facet normal 0 0 -1
    outer loop
      vertex 8.625 -14.9389 27
      vertex 8.625 -9.30977 27
      vertex 9.08906 -9.63471 27
    endloop
  endfacet
  facet normal 0 0 -1
    outer loop
      vertex 8.11156 -15.1784 27
      vertex 8.625 -9.30977 27
      vertex 8.625 -14.9389 27
    endloop
  endfacet
  facet normal 0 0 -1
    outer loop
      vertex 8.11156 -15.1784 27
      vertex 8.11156 -9.07035 27
      vertex 8.625 -9.30977 27
    endloop
  endfacet
  facet normal 0 0 -1
    outer loop
      vertex 7.56436 -15.325 27
      vertex 8.11156 -9.07035 27
      vertex 8.11156 -15.1784 27
    endloop
  endfacet
  facet normal 0 0 -1
    outer loop
      vertex 7.56436 -15.325 27
      vertex 7.56436 -8.92373 27
      vertex 8.11156 -9.07035 27
    endloop
  endfacet
  facet normal 0 0 -1
    outer loop
      vertex 7.56436 -15.325 27
      vertex 7 -8.87436 27
      vertex 7.56436 -8.92373 27
    endloop
  endfacet
  facet normal 0 0 -1
    outer loop
      vertex 7 -15.3744 27
      vertex 7 -8.87436 27
      vertex 7.56436 -15.325 27
    endloop
  endfacet
  facet normal 0 0 -1
    outer loop
      vertex 6.43564 -15.325 27
      vertex 7 -8.87436 27
      vertex 7 -15.3744 27
    endloop
  endfacet
  facet normal 0 0 -1
    outer loop
      vertex 6.43564 -15.325 27
      vertex 6.43564 -8.92373 27
      vertex 7 -8.87436 27
    endloop
  endfacet
  facet normal 0 0 -1
    outer loop
      vertex 5.88843 -15.1784 27
      vertex 6.43564 -8.92373 27
      vertex 6.43564 -15.325 27
    endloop
  endfacet
  facet normal 0 0 -1
    outer loop
      vertex 5.88843 -15.1784 27
      vertex 5.88843 -9.07035 27
      vertex 6.43564 -8.92373 27
    endloop
  endfacet
  facet normal 0 0 -1
    outer loop
      vertex 5.375 -14.9389 27
      vertex 5.88843 -9.07035 27
      vertex 5.88843 -15.1784 27
    endloop
  endfacet
  facet normal 0 0 -1
    outer loop
      vertex 5.375 -14.9389 27
      vertex 5.375 -9.30977 27
      vertex 5.88843 -9.07035 27
    endloop
  endfacet
  facet normal 0 0 -1
    outer loop
      vertex 4.91094 -14.614 27
      vertex 5.375 -9.30977 27
      vertex 5.375 -14.9389 27
    endloop
  endfacet
  facet normal 0 0 -1
    outer loop
      vertex 4.91094 -14.614 27
      vertex 4.91094 -9.63471 27
      vertex 5.375 -9.30977 27
    endloop
  endfacet
  facet normal 0 0 -1
    outer loop
      vertex 4.51035 -14.2134 27
      vertex 4.91094 -9.63471 27
      vertex 4.91094 -14.614 27
    endloop
  endfacet
  facet normal 0 0 -1
    outer loop
      vertex 4.51035 -14.2134 27
      vertex 4.51035 -10.0353 27
      vertex 4.91094 -9.63471 27
    endloop
  endfacet
  facet normal 0 0 -1
    outer loop
      vertex 4.18542 -13.7494 27
      vertex 4.51035 -10.0353 27
      vertex 4.51035 -14.2134 27
    endloop
  endfacet
  facet normal 0 0 -1
    outer loop
      vertex 4.18542 -13.7494 27
      vertex 4.18542 -10.4994 27
      vertex 4.51035 -10.0353 27
    endloop
  endfacet
  facet normal 0 0 -1
    outer loop
      vertex 3.946 -13.2359 27
      vertex 4.18542 -10.4994 27
      vertex 4.18542 -13.7494 27
    endloop
  endfacet
  facet normal 0 0 -1
    outer loop
      vertex 3.946 -13.2359 27
      vertex 3.946 -11.0128 27
      vertex 4.18542 -10.4994 27
    endloop
  endfacet
  facet normal 0 0 -1
    outer loop
      vertex 3.79937 -12.6887 27
      vertex 3.946 -11.0128 27
      vertex 3.946 -13.2359 27
    endloop
  endfacet
  facet normal 0 0 -1
    outer loop
      vertex 3.79937 -12.6887 27
      vertex 3.79937 -11.56 27
      vertex 3.946 -11.0128 27
    endloop
  endfacet
  facet normal 0 -0 -1
    outer loop
      vertex 3.79937 -11.56 27
      vertex 3.79937 -12.6887 27
      vertex 3.75 -12.1244 27
    endloop
  endfacet
  facet normal 0.996196 -0.0871407 1.1198e-19
    outer loop
      vertex 3.75 -12.1244 27
      vertex 3.79937 -11.56 7
      vertex 3.79937 -11.56 27
    endloop
  endfacet
  facet normal 0.996196 -0.0871407 1.1198e-19
    outer loop
      vertex 3.79937 -11.56 7
      vertex 3.75 -12.1244 27
      vertex 3.75 -12.1244 7
    endloop
  endfacet
  facet normal 0 0 1
    outer loop
      vertex 46 0 15
      vertex 48 0 15
      vertex 47.2708 8.33511 15
    endloop
  endfacet
  facet normal 0 0 1
    outer loop
      vertex 48 0 15
      vertex 46 0 15
      vertex 47.2708 -8.33511 15
    endloop
  endfacet
  facet normal 0 0 1
    outer loop
      vertex 47.2708 8.33511 15
      vertex 45.3012 7.98782 15
      vertex 46 0 15
    endloop
  endfacet
  facet normal 0 0 1
    outer loop
      vertex 45.1052 16.417 15
      vertex 45.3012 7.98782 15
      vertex 47.2708 8.33511 15
    endloop
  endfacet
  facet normal 0 0 1
    outer loop
      vertex 45.1052 16.417 15
      vertex 43.2259 15.7329 15
      vertex 45.3012 7.98782 15
    endloop
  endfacet
  facet normal 0 0 1
    outer loop
      vertex 41.5692 24 15
      vertex 43.2259 15.7329 15
      vertex 45.1052 16.417 15
    endloop
  endfacet
  facet normal 0 0 1
    outer loop
      vertex 41.5692 24 15
      vertex 39.8372 23 15
      vertex 43.2259 15.7329 15
    endloop
  endfacet
  facet normal 0 0 1
    outer loop
      vertex 36.7701 30.8538 15
      vertex 39.8372 23 15
      vertex 41.5692 24 15
    endloop
  endfacet
  facet normal 0 0 1
    outer loop
      vertex 36.7701 30.8538 15
      vertex 35.238 29.5682 15
      vertex 39.8372 23 15
    endloop
  endfacet
  facet normal 0 0 1
    outer loop
      vertex 30.8538 36.7701 15
      vertex 35.238 29.5682 15
      vertex 36.7701 30.8538 15
    endloop
  endfacet
  facet normal 0 0 1
    outer loop
      vertex 30.8538 36.7701 15
      vertex 29.5682 35.238 15
      vertex 35.238 29.5682 15
    endloop
  endfacet
  facet normal 0 0 1
    outer loop
      vertex 24 41.5692 15
      vertex 29.5682 35.238 15
      vertex 30.8538 36.7701 15
    endloop
  endfacet
  facet normal 0 0 1
    outer loop
      vertex 24 41.5692 15
      vertex 23 39.8372 15
      vertex 29.5682 35.238 15
    endloop
  endfacet
  facet normal 0 0 1
    outer loop
      vertex 16.417 45.1052 15
      vertex 23 39.8372 15
      vertex 24 41.5692 15
    endloop
  endfacet
  facet normal 0 0 1
    outer loop
      vertex 16.417 45.1052 15
      vertex 15.7329 43.2259 15
      vertex 23 39.8372 15
    endloop
  endfacet
  facet normal 0 0 1
    outer loop
      vertex 8.33511 47.2708 15
      vertex 15.7329 43.2259 15
      vertex 16.417 45.1052 15
    endloop
  endfacet
  facet normal 0 0 1
    outer loop
      vertex 8.33511 47.2708 15
      vertex 7.98782 45.3012 15
      vertex 15.7329 43.2259 15
    endloop
  endfacet
  facet normal 0 0 1
    outer loop
      vertex 0 48 15
      vertex 7.98782 45.3012 15
      vertex 8.33511 47.2708 15
    endloop
  endfacet
  facet normal 0 0 1
    outer loop
      vertex 0 48 15
      vertex 0 46 15
      vertex 7.98782 45.3012 15
    endloop
  endfacet
  facet normal 0 0 1
    outer loop
      vertex 0 48 15
      vertex -7.98782 45.3012 15
      vertex 0 46 15
    endloop
  endfacet
  facet normal -0 0 1
    outer loop
      vertex -8.33511 47.2708 15
      vertex -7.98782 45.3012 15
      vertex 0 48 15
    endloop
  endfacet
  facet normal 0 0 1
    outer loop
      vertex -8.33511 47.2708 15
      vertex -15.7329 43.2259 15
      vertex -7.98782 45.3012 15
    endloop
  endfacet
  facet normal -0 0 1
    outer loop
      vertex -16.417 45.1052 15
      vertex -15.7329 43.2259 15
      vertex -8.33511 47.2708 15
    endloop
  endfacet
  facet normal 0 0 1
    outer loop
      vertex -16.417 45.1052 15
      vertex -23 39.8372 15
      vertex -15.7329 43.2259 15
    endloop
  endfacet
  facet normal -0 0 1
    outer loop
      vertex -24 41.5692 15
      vertex -23 39.8372 15
      vertex -16.417 45.1052 15
    endloop
  endfacet
  facet normal 0 0 1
    outer loop
      vertex -24 41.5692 15
      vertex -29.5682 35.238 15
      vertex -23 39.8372 15
    endloop
  endfacet
  facet normal -0 0 1
    outer loop
      vertex -30.8538 36.7701 15
      vertex -29.5682 35.238 15
      vertex -24 41.5692 15
    endloop
  endfacet
  facet normal 0 0 1
    outer loop
      vertex -30.8538 36.7701 15
      vertex -35.238 29.5682 15
      vertex -29.5682 35.238 15
    endloop
  endfacet
  facet normal -0 0 1
    outer loop
      vertex -36.7701 30.8538 15
      vertex -35.238 29.5682 15
      vertex -30.8538 36.7701 15
    endloop
  endfacet
  facet normal 0 0 1
    outer loop
      vertex -36.7701 30.8538 15
      vertex -39.8372 23 15
      vertex -35.238 29.5682 15
    endloop
  endfacet
  facet normal -0 0 1
    outer loop
      vertex -41.5692 24 15
      vertex -39.8372 23 15
      vertex -36.7701 30.8538 15
    endloop
  endfacet
  facet normal 0 0 1
    outer loop
      vertex -41.5692 24 15
      vertex -43.2259 15.7329 15
      vertex -39.8372 23 15
    endloop
  endfacet
  facet normal -0 0 1
    outer loop
      vertex -45.1052 16.417 15
      vertex -43.2259 15.7329 15
      vertex -41.5692 24 15
    endloop
  endfacet
  facet normal 0 0 1
    outer loop
      vertex -45.1052 16.417 15
      vertex -45.3012 7.98782 15
      vertex -43.2259 15.7329 15
    endloop
  endfacet
  facet normal -0 0 1
    outer loop
      vertex -47.2708 8.33511 15
      vertex -45.3012 7.98782 15
      vertex -45.1052 16.417 15
    endloop
  endfacet
  facet normal 0 0 1
    outer loop
      vertex -45.3012 7.98782 15
      vertex -47.2708 8.33511 15
      vertex -46 0 15
    endloop
  endfacet
  facet normal -0 0 1
    outer loop
      vertex 45.3012 -7.98782 15
      vertex 47.2708 -8.33511 15
      vertex 46 0 15
    endloop
  endfacet
  facet normal 0 0 1
    outer loop
      vertex 45.3012 -7.98782 15
      vertex 45.1052 -16.417 15
      vertex 47.2708 -8.33511 15
    endloop
  endfacet
  facet normal -0 0 1
    outer loop
      vertex 43.2259 -15.7329 15
      vertex 45.1052 -16.417 15
      vertex 45.3012 -7.98782 15
    endloop
  endfacet
  facet normal 0 0 1
    outer loop
      vertex 43.2259 -15.7329 15
      vertex 41.5692 -24 15
      vertex 45.1052 -16.417 15
    endloop
  endfacet
  facet normal -0 0 1
    outer loop
      vertex 39.8372 -23 15
      vertex 41.5692 -24 15
      vertex 43.2259 -15.7329 15
    endloop
  endfacet
  facet normal 0 0 1
    outer loop
      vertex 39.8372 -23 15
      vertex 36.7701 -30.8538 15
      vertex 41.5692 -24 15
    endloop
  endfacet
  facet normal -0 0 1
    outer loop
      vertex 35.238 -29.5682 15
      vertex 36.7701 -30.8538 15
      vertex 39.8372 -23 15
    endloop
  endfacet
  facet normal 0 0 1
    outer loop
      vertex 35.238 -29.5682 15
      vertex 30.8538 -36.7701 15
      vertex 36.7701 -30.8538 15
    endloop
  endfacet
  facet normal -0 0 1
    outer loop
      vertex 29.5682 -35.238 15
      vertex 30.8538 -36.7701 15
      vertex 35.238 -29.5682 15
    endloop
  endfacet
  facet normal 0 0 1
    outer loop
      vertex 29.5682 -35.238 15
      vertex 24 -41.5692 15
      vertex 30.8538 -36.7701 15
    endloop
  endfacet
  facet normal -0 0 1
    outer loop
      vertex 23 -39.8372 15
      vertex 24 -41.5692 15
      vertex 29.5682 -35.238 15
    endloop
  endfacet
  facet normal 0 0 1
    outer loop
      vertex 23 -39.8372 15
      vertex 16.417 -45.1052 15
      vertex 24 -41.5692 15
    endloop
  endfacet
  facet normal -0 0 1
    outer loop
      vertex 15.7329 -43.2259 15
      vertex 16.417 -45.1052 15
      vertex 23 -39.8372 15
    endloop
  endfacet
  facet normal 0 0 1
    outer loop
      vertex 15.7329 -43.2259 15
      vertex 8.33511 -47.2708 15
      vertex 16.417 -45.1052 15
    endloop
  endfacet
  facet normal -0 0 1
    outer loop
      vertex 7.98782 -45.3012 15
      vertex 8.33511 -47.2708 15
      vertex 15.7329 -43.2259 15
    endloop
  endfacet
  facet normal -0 0 1
    outer loop
      vertex 0 -46 15
      vertex 8.33511 -47.2708 15
      vertex 7.98782 -45.3012 15
    endloop
  endfacet
  facet normal 0 0 1
    outer loop
      vertex 0 -46 15
      vertex 0 -48 15
      vertex 8.33511 -47.2708 15
    endloop
  endfacet
  facet normal 0 0 1
    outer loop
      vertex -7.98782 -45.3012 15
      vertex 0 -48 15
      vertex 0 -46 15
    endloop
  endfacet
  facet normal 0 0 1
    outer loop
      vertex -7.98782 -45.3012 15
      vertex -8.33511 -47.2708 15
      vertex 0 -48 15
    endloop
  endfacet
  facet normal 0 0 1
    outer loop
      vertex -15.7329 -43.2259 15
      vertex -8.33511 -47.2708 15
      vertex -7.98782 -45.3012 15
    endloop
  endfacet
  facet normal 0 0 1
    outer loop
      vertex -15.7329 -43.2259 15
      vertex -16.417 -45.1052 15
      vertex -8.33511 -47.2708 15
    endloop
  endfacet
  facet normal 0 0 1
    outer loop
      vertex -23 -39.8372 15
      vertex -16.417 -45.1052 15
      vertex -15.7329 -43.2259 15
    endloop
  endfacet
  facet normal 0 0 1
    outer loop
      vertex -23 -39.8372 15
      vertex -24 -41.5692 15
      vertex -16.417 -45.1052 15
    endloop
  endfacet
  facet normal 0 0 1
    outer loop
      vertex -29.5682 -35.238 15
      vertex -24 -41.5692 15
      vertex -23 -39.8372 15
    endloop
  endfacet
  facet normal 0 0 1
    outer loop
      vertex -29.5682 -35.238 15
      vertex -30.8538 -36.7701 15
      vertex -24 -41.5692 15
    endloop
  endfacet
  facet normal 0 0 1
    outer loop
      vertex -35.238 -29.5682 15
      vertex -30.8538 -36.7701 15
      vertex -29.5682 -35.238 15
    endloop
  endfacet
  facet normal 0 0 1
    outer loop
      vertex -35.238 -29.5682 15
      vertex -36.7701 -30.8538 15
      vertex -30.8538 -36.7701 15
    endloop
  endfacet
  facet normal 0 0 1
    outer loop
      vertex -39.8372 -23 15
      vertex -36.7701 -30.8538 15
      vertex -35.238 -29.5682 15
    endloop
  endfacet
  facet normal 0 0 1
    outer loop
      vertex -39.8372 -23 15
      vertex -41.5692 -24 15
      vertex -36.7701 -30.8538 15
    endloop
  endfacet
  facet normal 0 0 1
    outer loop
      vertex -43.2259 -15.7329 15
      vertex -41.5692 -24 15
      vertex -39.8372 -23 15
    endloop
  endfacet
  facet normal 0 0 1
    outer loop
      vertex -43.2259 -15.7329 15
      vertex -45.1052 -16.417 15
      vertex -41.5692 -24 15
    endloop
  endfacet
  facet normal 0 0 1
    outer loop
      vertex -45.3012 -7.98782 15
      vertex -45.1052 -16.417 15
      vertex -43.2259 -15.7329 15
    endloop
  endfacet
  facet normal 0 0 1
    outer loop
      vertex -47.2708 -8.33511 15
      vertex -45.3012 -7.98782 15
      vertex -46 0 15
    endloop
  endfacet
  facet normal 0 0 1
    outer loop
      vertex -48 0 15
      vertex -46 0 15
      vertex -47.2708 8.33511 15
    endloop
  endfacet
  facet normal 0 0 1
    outer loop
      vertex -45.3012 -7.98782 15
      vertex -47.2708 -8.33511 15
      vertex -45.1052 -16.417 15
    endloop
  endfacet
  facet normal 0 0 1
    outer loop
      vertex -46 0 15
      vertex -48 0 15
      vertex -47.2708 -8.33511 15
    endloop
  endfacet
  facet normal 0 0 -1
    outer loop
      vertex 46 0 19
      vertex 48 0 19
      vertex 47.2708 -8.33511 19
    endloop
  endfacet
  facet normal 0 0 -1
    outer loop
      vertex 48 0 19
      vertex 46 0 19
      vertex 47.2708 8.33511 19
    endloop
  endfacet
  facet normal 0 0 -1
    outer loop
      vertex 47.2708 -8.33511 19
      vertex 45.3012 -7.98782 19
      vertex 46 0 19
    endloop
  endfacet
  facet normal 0 0 -1
    outer loop
      vertex 45.1052 -16.417 19
      vertex 45.3012 -7.98782 19
      vertex 47.2708 -8.33511 19
    endloop
  endfacet
  facet normal 0 0 -1
    outer loop
      vertex 45.1052 -16.417 19
      vertex 43.2259 -15.7329 19
      vertex 45.3012 -7.98782 19
    endloop
  endfacet
  facet normal 0 0 -1
    outer loop
      vertex 41.5692 -24 19
      vertex 43.2259 -15.7329 19
      vertex 45.1052 -16.417 19
    endloop
  endfacet
  facet normal 0 0 -1
    outer loop
      vertex 41.5692 -24 19
      vertex 39.8372 -23 19
      vertex 43.2259 -15.7329 19
    endloop
  endfacet
  facet normal 0 0 -1
    outer loop
      vertex 36.7701 -30.8538 19
      vertex 39.8372 -23 19
      vertex 41.5692 -24 19
    endloop
  endfacet
  facet normal 0 0 -1
    outer loop
      vertex 36.7701 -30.8538 19
      vertex 35.238 -29.5682 19
      vertex 39.8372 -23 19
    endloop
  endfacet
  facet normal 0 0 -1
    outer loop
      vertex 30.8538 -36.7701 19
      vertex 35.238 -29.5682 19
      vertex 36.7701 -30.8538 19
    endloop
  endfacet
  facet normal 0 0 -1
    outer loop
      vertex 30.8538 -36.7701 19
      vertex 29.5682 -35.238 19
      vertex 35.238 -29.5682 19
    endloop
  endfacet
  facet normal 0 0 -1
    outer loop
      vertex 24 -41.5692 19
      vertex 29.5682 -35.238 19
      vertex 30.8538 -36.7701 19
    endloop
  endfacet
  facet normal 0 0 -1
    outer loop
      vertex 24 -41.5692 19
      vertex 23 -39.8372 19
      vertex 29.5682 -35.238 19
    endloop
  endfacet
  facet normal 0 0 -1
    outer loop
      vertex 16.417 -45.1052 19
      vertex 23 -39.8372 19
      vertex 24 -41.5692 19
    endloop
  endfacet
  facet normal 0 0 -1
    outer loop
      vertex 16.417 -45.1052 19
      vertex 15.7329 -43.2259 19
      vertex 23 -39.8372 19
    endloop
  endfacet
  facet normal 0 0 -1
    outer loop
      vertex 8.33511 -47.2708 19
      vertex 15.7329 -43.2259 19
      vertex 16.417 -45.1052 19
    endloop
  endfacet
  facet normal 0 0 -1
    outer loop
      vertex 8.33511 -47.2708 19
      vertex 7.98782 -45.3012 19
      vertex 15.7329 -43.2259 19
    endloop
  endfacet
  facet normal 0 0 -1
    outer loop
      vertex 0 -48 19
      vertex 7.98782 -45.3012 19
      vertex 8.33511 -47.2708 19
    endloop
  endfacet
  facet normal 0 0 -1
    outer loop
      vertex 0 -48 19
      vertex 0 -46 19
      vertex 7.98782 -45.3012 19
    endloop
  endfacet
  facet normal 0 0 -1
    outer loop
      vertex 0 -48 19
      vertex -7.98782 -45.3012 19
      vertex 0 -46 19
    endloop
  endfacet
  facet normal 0 0 -1
    outer loop
      vertex -8.33511 -47.2708 19
      vertex -7.98782 -45.3012 19
      vertex 0 -48 19
    endloop
  endfacet
  facet normal 0 0 -1
    outer loop
      vertex -8.33511 -47.2708 19
      vertex -15.7329 -43.2259 19
      vertex -7.98782 -45.3012 19
    endloop
  endfacet
  facet normal 0 0 -1
    outer loop
      vertex -16.417 -45.1052 19
      vertex -15.7329 -43.2259 19
      vertex -8.33511 -47.2708 19
    endloop
  endfacet
  facet normal 0 0 -1
    outer loop
      vertex -16.417 -45.1052 19
      vertex -23 -39.8372 19
      vertex -15.7329 -43.2259 19
    endloop
  endfacet
  facet normal 0 0 -1
    outer loop
      vertex -24 -41.5692 19
      vertex -23 -39.8372 19
      vertex -16.417 -45.1052 19
    endloop
  endfacet
  facet normal 0 0 -1
    outer loop
      vertex -24 -41.5692 19
      vertex -29.5682 -35.238 19
      vertex -23 -39.8372 19
    endloop
  endfacet
  facet normal 0 0 -1
    outer loop
      vertex -30.8538 -36.7701 19
      vertex -29.5682 -35.238 19
      vertex -24 -41.5692 19
    endloop
  endfacet
  facet normal 0 0 -1
    outer loop
      vertex -30.8538 -36.7701 19
      vertex -35.238 -29.5682 19
      vertex -29.5682 -35.238 19
    endloop
  endfacet
  facet normal 0 0 -1
    outer loop
      vertex -36.7701 -30.8538 19
      vertex -35.238 -29.5682 19
      vertex -30.8538 -36.7701 19
    endloop
  endfacet
  facet normal 0 0 -1
    outer loop
      vertex -36.7701 -30.8538 19
      vertex -39.8372 -23 19
      vertex -35.238 -29.5682 19
    endloop
  endfacet
  facet normal 0 0 -1
    outer loop
      vertex -41.5692 -24 19
      vertex -39.8372 -23 19
      vertex -36.7701 -30.8538 19
    endloop
  endfacet
  facet normal 0 0 -1
    outer loop
      vertex -41.5692 -24 19
      vertex -43.2259 -15.7329 19
      vertex -39.8372 -23 19
    endloop
  endfacet
  facet normal 0 0 -1
    outer loop
      vertex -45.1052 -16.417 19
      vertex -43.2259 -15.7329 19
      vertex -41.5692 -24 19
    endloop
  endfacet
  facet normal 0 0 -1
    outer loop
      vertex -45.1052 -16.417 19
      vertex -45.3012 -7.98782 19
      vertex -43.2259 -15.7329 19
    endloop
  endfacet
  facet normal 0 0 -1
    outer loop
      vertex -47.2708 -8.33511 19
      vertex -45.3012 -7.98782 19
      vertex -45.1052 -16.417 19
    endloop
  endfacet
  facet normal -0 0 -1
    outer loop
      vertex -45.3012 -7.98782 19
      vertex -47.2708 -8.33511 19
      vertex -46 0 19
    endloop
  endfacet
  facet normal 0 0 -1
    outer loop
      vertex 45.3012 7.98782 19
      vertex 47.2708 8.33511 19
      vertex 46 0 19
    endloop
  endfacet
  facet normal 0 0 -1
    outer loop
      vertex 45.3012 7.98782 19
      vertex 45.1052 16.417 19
      vertex 47.2708 8.33511 19
    endloop
  endfacet
  facet normal 0 0 -1
    outer loop
      vertex 43.2259 15.7329 19
      vertex 45.1052 16.417 19
      vertex 45.3012 7.98782 19
    endloop
  endfacet
  facet normal 0 0 -1
    outer loop
      vertex 43.2259 15.7329 19
      vertex 41.5692 24 19
      vertex 45.1052 16.417 19
    endloop
  endfacet
  facet normal 0 0 -1
    outer loop
      vertex 39.8372 23 19
      vertex 41.5692 24 19
      vertex 43.2259 15.7329 19
    endloop
  endfacet
  facet normal 0 0 -1
    outer loop
      vertex 39.8372 23 19
      vertex 36.7701 30.8538 19
      vertex 41.5692 24 19
    endloop
  endfacet
  facet normal 0 0 -1
    outer loop
      vertex 35.238 29.5682 19
      vertex 36.7701 30.8538 19
      vertex 39.8372 23 19
    endloop
  endfacet
  facet normal 0 0 -1
    outer loop
      vertex 35.238 29.5682 19
      vertex 30.8538 36.7701 19
      vertex 36.7701 30.8538 19
    endloop
  endfacet
  facet normal 0 0 -1
    outer loop
      vertex 29.5682 35.238 19
      vertex 30.8538 36.7701 19
      vertex 35.238 29.5682 19
    endloop
  endfacet
  facet normal 0 0 -1
    outer loop
      vertex 29.5682 35.238 19
      vertex 24 41.5692 19
      vertex 30.8538 36.7701 19
    endloop
  endfacet
  facet normal 0 0 -1
    outer loop
      vertex 23 39.8372 19
      vertex 24 41.5692 19
      vertex 29.5682 35.238 19
    endloop
  endfacet
  facet normal 0 0 -1
    outer loop
      vertex 23 39.8372 19
      vertex 16.417 45.1052 19
      vertex 24 41.5692 19
    endloop
  endfacet
  facet normal 0 0 -1
    outer loop
      vertex 15.7329 43.2259 19
      vertex 16.417 45.1052 19
      vertex 23 39.8372 19
    endloop
  endfacet
  facet normal 0 0 -1
    outer loop
      vertex 15.7329 43.2259 19
      vertex 8.33511 47.2708 19
      vertex 16.417 45.1052 19
    endloop
  endfacet
  facet normal 0 0 -1
    outer loop
      vertex 7.98782 45.3012 19
      vertex 8.33511 47.2708 19
      vertex 15.7329 43.2259 19
    endloop
  endfacet
  facet normal 0 0 -1
    outer loop
      vertex 0 46 19
      vertex 8.33511 47.2708 19
      vertex 7.98782 45.3012 19
    endloop
  endfacet
  facet normal 0 0 -1
    outer loop
      vertex 0 46 19
      vertex 0 48 19
      vertex 8.33511 47.2708 19
    endloop
  endfacet
  facet normal 0 0 -1
    outer loop
      vertex -7.98782 45.3012 19
      vertex 0 48 19
      vertex 0 46 19
    endloop
  endfacet
  facet normal 0 0 -1
    outer loop
      vertex -7.98782 45.3012 19
      vertex -8.33511 47.2708 19
      vertex 0 48 19
    endloop
  endfacet
  facet normal 0 0 -1
    outer loop
      vertex -15.7329 43.2259 19
      vertex -8.33511 47.2708 19
      vertex -7.98782 45.3012 19
    endloop
  endfacet
  facet normal 0 0 -1
    outer loop
      vertex -15.7329 43.2259 19
      vertex -16.417 45.1052 19
      vertex -8.33511 47.2708 19
    endloop
  endfacet
  facet normal 0 0 -1
    outer loop
      vertex -23 39.8372 19
      vertex -16.417 45.1052 19
      vertex -15.7329 43.2259 19
    endloop
  endfacet
  facet normal 0 0 -1
    outer loop
      vertex -23 39.8372 19
      vertex -24 41.5692 19
      vertex -16.417 45.1052 19
    endloop
  endfacet
  facet normal 0 0 -1
    outer loop
      vertex -29.5682 35.238 19
      vertex -24 41.5692 19
      vertex -23 39.8372 19
    endloop
  endfacet
  facet normal 0 0 -1
    outer loop
      vertex -29.5682 35.238 19
      vertex -30.8538 36.7701 19
      vertex -24 41.5692 19
    endloop
  endfacet
  facet normal 0 0 -1
    outer loop
      vertex -35.238 29.5682 19
      vertex -30.8538 36.7701 19
      vertex -29.5682 35.238 19
    endloop
  endfacet
  facet normal 0 0 -1
    outer loop
      vertex -35.238 29.5682 19
      vertex -36.7701 30.8538 19
      vertex -30.8538 36.7701 19
    endloop
  endfacet
  facet normal 0 0 -1
    outer loop
      vertex -39.8372 23 19
      vertex -36.7701 30.8538 19
      vertex -35.238 29.5682 19
    endloop
  endfacet
  facet normal 0 0 -1
    outer loop
      vertex -39.8372 23 19
      vertex -41.5692 24 19
      vertex -36.7701 30.8538 19
    endloop
  endfacet
  facet normal 0 0 -1
    outer loop
      vertex -43.2259 15.7329 19
      vertex -41.5692 24 19
      vertex -39.8372 23 19
    endloop
  endfacet
  facet normal 0 0 -1
    outer loop
      vertex -43.2259 15.7329 19
      vertex -45.1052 16.417 19
      vertex -41.5692 24 19
    endloop
  endfacet
  facet normal 0 0 -1
    outer loop
      vertex -45.3012 7.98782 19
      vertex -45.1052 16.417 19
      vertex -43.2259 15.7329 19
    endloop
  endfacet
  facet normal 0 0 -1
    outer loop
      vertex -47.2708 8.33511 19
      vertex -45.3012 7.98782 19
      vertex -46 0 19
    endloop
  endfacet
  facet normal 0 0 -1
    outer loop
      vertex -48 0 19
      vertex -46 0 19
      vertex -47.2708 -8.33511 19
    endloop
  endfacet
  facet normal 0 0 -1
    outer loop
      vertex -45.3012 7.98782 19
      vertex -47.2708 8.33511 19
      vertex -45.1052 16.417 19
    endloop
  endfacet
  facet normal 0 0 -1
    outer loop
      vertex -46 0 19
      vertex -48 0 19
      vertex -47.2708 8.33511 19
    endloop
  endfacet
  facet normal 0.996195 0.0871503 9.18113e-18
    outer loop
      vertex 46 0 19
      vertex 45.3012 7.98782 15
      vertex 45.3012 7.98782 19
    endloop
  endfacet
  facet normal 0.996195 0.0871503 9.18113e-18
    outer loop
      vertex 45.3012 7.98782 15
      vertex 46 0 19
      vertex 46 0 15
    endloop
  endfacet
  facet normal -0.996195 0.0871503 -9.18113e-18
    outer loop
      vertex -46 0 15
      vertex -45.3012 7.98782 19
      vertex -45.3012 7.98782 15
    endloop
  endfacet
  facet normal -0.996195 0.0871503 -9.18113e-18
    outer loop
      vertex -45.3012 7.98782 19
      vertex -46 0 15
      vertex -46 0 19
    endloop
  endfacet
  facet normal 0.0871503 0.996195 -0
    outer loop
      vertex 7.98782 45.3012 15
      vertex 0 46 19
      vertex 7.98782 45.3012 19
    endloop
  endfacet
  facet normal 0.0871503 0.996195 0
    outer loop
      vertex 0 46 19
      vertex 7.98782 45.3012 15
      vertex 0 46 15
    endloop
  endfacet
  facet normal -0.0871503 -0.996195 0
    outer loop
      vertex -7.98782 -45.3012 15
      vertex 0 -46 19
      vertex -7.98782 -45.3012 19
    endloop
  endfacet
  facet normal -0.0871503 -0.996195 -0
    outer loop
      vertex 0 -46 19
      vertex -7.98782 -45.3012 15
      vertex 0 -46 15
    endloop
  endfacet
  facet normal -0.819146 -0.573585 -7.78839e-18
    outer loop
      vertex -35.238 -29.5682 15
      vertex -39.8372 -23 19
      vertex -39.8372 -23 15
    endloop
  endfacet
  facet normal -0.819146 -0.573585 -7.78839e-18
    outer loop
      vertex -39.8372 -23 19
      vertex -35.238 -29.5682 15
      vertex -35.238 -29.5682 19
    endloop
  endfacet
  facet normal 0.707107 0.707107 -4.7596e-17
    outer loop
      vertex 35.238 29.5682 19
      vertex 29.5682 35.238 15
      vertex 29.5682 35.238 19
    endloop
  endfacet
  facet normal 0.707107 0.707107 -4.7596e-17
    outer loop
      vertex 29.5682 35.238 15
      vertex 35.238 29.5682 19
      vertex 35.238 29.5682 15
    endloop
  endfacet
  facet normal -0.573585 0.819146 0
    outer loop
      vertex -23 39.8372 15
      vertex -29.5682 35.238 19
      vertex -23 39.8372 19
    endloop
  endfacet
  facet normal -0.573585 0.819146 0
    outer loop
      vertex -29.5682 35.238 19
      vertex -23 39.8372 15
      vertex -29.5682 35.238 15
    endloop
  endfacet
  facet normal -0.25882 0.965925 0
    outer loop
      vertex -7.98782 45.3012 15
      vertex -15.7329 43.2259 19
      vertex -7.98782 45.3012 19
    endloop
  endfacet
  facet normal -0.25882 0.965925 0
    outer loop
      vertex -15.7329 43.2259 19
      vertex -7.98782 45.3012 15
      vertex -15.7329 43.2259 15
    endloop
  endfacet
  facet normal 0.707107 -0.707107 4.7596e-17
    outer loop
      vertex 29.5682 -35.238 19
      vertex 35.238 -29.5682 15
      vertex 35.238 -29.5682 19
    endloop
  endfacet
  facet normal 0.707107 -0.707107 4.7596e-17
    outer loop
      vertex 35.238 -29.5682 15
      vertex 29.5682 -35.238 19
      vertex 29.5682 -35.238 15
    endloop
  endfacet
  facet normal 0.906308 0.422618 2.7043e-19
    outer loop
      vertex 43.2259 15.7329 19
      vertex 39.8372 23 15
      vertex 39.8372 23 19
    endloop
  endfacet
  facet normal 0.906308 0.422618 2.7043e-19
    outer loop
      vertex 39.8372 23 15
      vertex 43.2259 15.7329 19
      vertex 43.2259 15.7329 15
    endloop
  endfacet
  facet normal 0.965925 0.25882 -3.78605e-17
    outer loop
      vertex 45.3012 7.98782 19
      vertex 43.2259 15.7329 15
      vertex 43.2259 15.7329 19
    endloop
  endfacet
  facet normal 0.965925 0.25882 -3.78605e-17
    outer loop
      vertex 43.2259 15.7329 15
      vertex 45.3012 7.98782 19
      vertex 45.3012 7.98782 15
    endloop
  endfacet
  facet normal 0.819146 0.573585 -7.78839e-18
    outer loop
      vertex 39.8372 23 19
      vertex 35.238 29.5682 15
      vertex 35.238 29.5682 19
    endloop
  endfacet
  facet normal 0.819146 0.573585 -7.78839e-18
    outer loop
      vertex 35.238 29.5682 15
      vertex 39.8372 23 19
      vertex 39.8372 23 15
    endloop
  endfacet
  facet normal 0.422618 0.906308 -0
    outer loop
      vertex 23 39.8372 15
      vertex 15.7329 43.2259 19
      vertex 23 39.8372 19
    endloop
  endfacet
  facet normal 0.422618 0.906308 0
    outer loop
      vertex 15.7329 43.2259 19
      vertex 23 39.8372 15
      vertex 15.7329 43.2259 15
    endloop
  endfacet
  facet normal 0.25882 0.965925 -0
    outer loop
      vertex 15.7329 43.2259 15
      vertex 7.98782 45.3012 19
      vertex 15.7329 43.2259 19
    endloop
  endfacet
  facet normal 0.25882 0.965925 0
    outer loop
      vertex 7.98782 45.3012 19
      vertex 15.7329 43.2259 15
      vertex 7.98782 45.3012 15
    endloop
  endfacet
  facet normal 0.573585 0.819146 -0
    outer loop
      vertex 29.5682 35.238 15
      vertex 23 39.8372 19
      vertex 29.5682 35.238 19
    endloop
  endfacet
  facet normal 0.573585 0.819146 0
    outer loop
      vertex 23 39.8372 19
      vertex 29.5682 35.238 15
      vertex 23 39.8372 15
    endloop
  endfacet
  facet normal -0.819146 0.573585 7.78839e-18
    outer loop
      vertex -39.8372 23 15
      vertex -35.238 29.5682 19
      vertex -35.238 29.5682 15
    endloop
  endfacet
  facet normal -0.819146 0.573585 7.78839e-18
    outer loop
      vertex -35.238 29.5682 19
      vertex -39.8372 23 15
      vertex -39.8372 23 19
    endloop
  endfacet
  facet normal -0.707107 0.707107 4.7596e-17
    outer loop
      vertex -35.238 29.5682 15
      vertex -29.5682 35.238 19
      vertex -29.5682 35.238 15
    endloop
  endfacet
  facet normal -0.707107 0.707107 4.7596e-17
    outer loop
      vertex -29.5682 35.238 19
      vertex -35.238 29.5682 15
      vertex -35.238 29.5682 19
    endloop
  endfacet
  facet normal -0.422618 0.906308 0
    outer loop
      vertex -15.7329 43.2259 15
      vertex -23 39.8372 19
      vertex -15.7329 43.2259 19
    endloop
  endfacet
  facet normal -0.422618 0.906308 0
    outer loop
      vertex -23 39.8372 19
      vertex -15.7329 43.2259 15
      vertex -23 39.8372 15
    endloop
  endfacet
  facet normal -0.0871503 0.996195 0
    outer loop
      vertex 0 46 15
      vertex -7.98782 45.3012 19
      vertex 0 46 19
    endloop
  endfacet
  facet normal -0.0871503 0.996195 0
    outer loop
      vertex -7.98782 45.3012 19
      vertex 0 46 15
      vertex -7.98782 45.3012 15
    endloop
  endfacet
  facet normal 0.996195 -0.0871503 -9.18113e-18
    outer loop
      vertex 45.3012 -7.98782 19
      vertex 46 0 15
      vertex 46 0 19
    endloop
  endfacet
  facet normal 0.996195 -0.0871503 -9.18113e-18
    outer loop
      vertex 46 0 15
      vertex 45.3012 -7.98782 19
      vertex 45.3012 -7.98782 15
    endloop
  endfacet
  facet normal 0.422618 -0.906308 0
    outer loop
      vertex 15.7329 -43.2259 15
      vertex 23 -39.8372 19
      vertex 15.7329 -43.2259 19
    endloop
  endfacet
  facet normal 0.422618 -0.906308 0
    outer loop
      vertex 23 -39.8372 19
      vertex 15.7329 -43.2259 15
      vertex 23 -39.8372 15
    endloop
  endfacet
  facet normal 0.0871503 -0.996195 0
    outer loop
      vertex 0 -46 15
      vertex 7.98782 -45.3012 19
      vertex 0 -46 19
    endloop
  endfacet
  facet normal 0.0871503 -0.996195 0
    outer loop
      vertex 7.98782 -45.3012 19
      vertex 0 -46 15
      vertex 7.98782 -45.3012 15
    endloop
  endfacet
  facet normal 0.573585 -0.819146 0
    outer loop
      vertex 23 -39.8372 15
      vertex 29.5682 -35.238 19
      vertex 23 -39.8372 19
    endloop
  endfacet
  facet normal 0.573585 -0.819146 0
    outer loop
      vertex 29.5682 -35.238 19
      vertex 23 -39.8372 15
      vertex 29.5682 -35.238 15
    endloop
  endfacet
  facet normal -0.707107 -0.707107 -4.7596e-17
    outer loop
      vertex -29.5682 -35.238 15
      vertex -35.238 -29.5682 19
      vertex -35.238 -29.5682 15
    endloop
  endfacet
  facet normal -0.707107 -0.707107 -4.7596e-17
    outer loop
      vertex -35.238 -29.5682 19
      vertex -29.5682 -35.238 15
      vertex -29.5682 -35.238 19
    endloop
  endfacet
  facet normal -0.906308 -0.422618 2.7043e-19
    outer loop
      vertex -39.8372 -23 15
      vertex -43.2259 -15.7329 19
      vertex -43.2259 -15.7329 15
    endloop
  endfacet
  facet normal -0.906308 -0.422618 2.7043e-19
    outer loop
      vertex -43.2259 -15.7329 19
      vertex -39.8372 -23 15
      vertex -39.8372 -23 19
    endloop
  endfacet
  facet normal -0.996195 -0.0871503 9.18113e-18
    outer loop
      vertex -45.3012 -7.98782 15
      vertex -46 0 19
      vertex -46 0 15
    endloop
  endfacet
  facet normal -0.996195 -0.0871503 9.18113e-18
    outer loop
      vertex -46 0 19
      vertex -45.3012 -7.98782 15
      vertex -45.3012 -7.98782 19
    endloop
  endfacet
  facet normal -0.906308 0.422618 -2.7043e-19
    outer loop
      vertex -43.2259 15.7329 15
      vertex -39.8372 23 19
      vertex -39.8372 23 15
    endloop
  endfacet
  facet normal -0.906308 0.422618 -2.7043e-19
    outer loop
      vertex -39.8372 23 19
      vertex -43.2259 15.7329 15
      vertex -43.2259 15.7329 19
    endloop
  endfacet
  facet normal -0.965925 0.25882 3.78605e-17
    outer loop
      vertex -45.3012 7.98782 15
      vertex -43.2259 15.7329 19
      vertex -43.2259 15.7329 15
    endloop
  endfacet
  facet normal -0.965925 0.25882 3.78605e-17
    outer loop
      vertex -43.2259 15.7329 19
      vertex -45.3012 7.98782 15
      vertex -45.3012 7.98782 19
    endloop
  endfacet
  facet normal 0.25882 -0.965925 0
    outer loop
      vertex 7.98782 -45.3012 15
      vertex 15.7329 -43.2259 19
      vertex 7.98782 -45.3012 19
    endloop
  endfacet
  facet normal 0.25882 -0.965925 0
    outer loop
      vertex 15.7329 -43.2259 19
      vertex 7.98782 -45.3012 15
      vertex 15.7329 -43.2259 15
    endloop
  endfacet
  facet normal 0.819146 -0.573585 7.78839e-18
    outer loop
      vertex 35.238 -29.5682 19
      vertex 39.8372 -23 15
      vertex 39.8372 -23 19
    endloop
  endfacet
  facet normal 0.819146 -0.573585 7.78839e-18
    outer loop
      vertex 39.8372 -23 15
      vertex 35.238 -29.5682 19
      vertex 35.238 -29.5682 15
    endloop
  endfacet
  facet normal -0.573585 -0.819146 0
    outer loop
      vertex -29.5682 -35.238 15
      vertex -23 -39.8372 19
      vertex -29.5682 -35.238 19
    endloop
  endfacet
  facet normal -0.573585 -0.819146 -0
    outer loop
      vertex -23 -39.8372 19
      vertex -29.5682 -35.238 15
      vertex -23 -39.8372 15
    endloop
  endfacet
  facet normal -0.422618 -0.906308 0
    outer loop
      vertex -23 -39.8372 15
      vertex -15.7329 -43.2259 19
      vertex -23 -39.8372 19
    endloop
  endfacet
  facet normal -0.422618 -0.906308 -0
    outer loop
      vertex -15.7329 -43.2259 19
      vertex -23 -39.8372 15
      vertex -15.7329 -43.2259 15
    endloop
  endfacet
  facet normal -0.965925 -0.25882 -3.78605e-17
    outer loop
      vertex -43.2259 -15.7329 15
      vertex -45.3012 -7.98782 19
      vertex -45.3012 -7.98782 15
    endloop
  endfacet
  facet normal -0.965925 -0.25882 -3.78605e-17
    outer loop
      vertex -45.3012 -7.98782 19
      vertex -43.2259 -15.7329 15
      vertex -43.2259 -15.7329 19
    endloop
  endfacet
  facet normal 0.906308 -0.422618 -2.7043e-19
    outer loop
      vertex 39.8372 -23 19
      vertex 43.2259 -15.7329 15
      vertex 43.2259 -15.7329 19
    endloop
  endfacet
  facet normal 0.906308 -0.422618 -2.7043e-19
    outer loop
      vertex 43.2259 -15.7329 15
      vertex 39.8372 -23 19
      vertex 39.8372 -23 15
    endloop
  endfacet
  facet normal -0.25882 -0.965925 0
    outer loop
      vertex -15.7329 -43.2259 15
      vertex -7.98782 -45.3012 19
      vertex -15.7329 -43.2259 19
    endloop
  endfacet
  facet normal -0.25882 -0.965925 -0
    outer loop
      vertex -7.98782 -45.3012 19
      vertex -15.7329 -43.2259 15
      vertex -7.98782 -45.3012 15
    endloop
  endfacet
  facet normal 0.965925 -0.25882 3.78605e-17
    outer loop
      vertex 43.2259 -15.7329 19
      vertex 45.3012 -7.98782 15
      vertex 45.3012 -7.98782 19
    endloop
  endfacet
  facet normal 0.965925 -0.25882 3.78605e-17
    outer loop
      vertex 45.3012 -7.98782 15
      vertex 43.2259 -15.7329 19
      vertex 43.2259 -15.7329 15
    endloop
  endfacet
  facet normal 0 0 -1
    outer loop
      vertex 45.9121 3.01297 12.5
      vertex 47.5482 5.16375 12.5
      vertex 47.7225 3.17136 12.5
    endloop
  endfacet
  facet normal 0 0 -1
    outer loop
      vertex 47.5482 5.16375 12.5
      vertex 45.9121 3.01297 12.5
      vertex 45.7378 5.00536 12.5
    endloop
  endfacet
  facet normal 0.087156 -0.996195 0
    outer loop
      vertex 45.7378 5.00536 2.5
      vertex 47.5482 5.16375 12.5
      vertex 45.7378 5.00536 12.5
    endloop
  endfacet
  facet normal 0.087156 -0.996195 0
    outer loop
      vertex 47.5482 5.16375 12.5
      vertex 45.7378 5.00536 2.5
      vertex 47.5482 5.16375 2.5
    endloop
  endfacet
  facet normal 0.996195 0.08715 8.22639e-19
    outer loop
      vertex 45.9121 3.01297 12.5
      vertex 45.7378 5.00536 2.5
      vertex 45.7378 5.00536 12.5
    endloop
  endfacet
  facet normal 0.996195 0.08715 8.22639e-19
    outer loop
      vertex 45.7378 5.00536 2.5
      vertex 45.9121 3.01297 12.5
      vertex 45.9121 3.01297 2.5
    endloop
  endfacet
  facet normal 0 0 1
    outer loop
      vertex 47.5482 5.16375 2.5
      vertex 45.9121 3.01297 2.5
      vertex 47.7225 3.17136 2.5
    endloop
  endfacet
  facet normal 0 -0 1
    outer loop
      vertex 45.9121 3.01297 2.5
      vertex 47.5482 5.16375 2.5
      vertex 45.7378 5.00536 2.5
    endloop
  endfacet
  facet normal -0.087156 0.996195 0
    outer loop
      vertex 47.7225 3.17136 2.5
      vertex 45.9121 3.01297 12.5
      vertex 47.7225 3.17136 12.5
    endloop
  endfacet
  facet normal -0.087156 0.996195 0
    outer loop
      vertex 45.9121 3.01297 12.5
      vertex 47.7225 3.17136 2.5
      vertex 45.9121 3.01297 2.5
    endloop
  endfacet
  facet normal 1 -0 0
    outer loop
      vertex 46 -1 31.5
      vertex 46 1 21.5
      vertex 46 1 31.5
    endloop
  endfacet
  facet normal 1 0 0
    outer loop
      vertex 46 1 21.5
      vertex 46 -1 31.5
      vertex 46 -1 21.5
    endloop
  endfacet
  facet normal 0 0 -1
    outer loop
      vertex 46 -1 31.5
      vertex 48 0 31.5
      vertex 47.9125 -1 31.5
    endloop
  endfacet
  facet normal 0 0 -1
    outer loop
      vertex 46 1 31.5
      vertex 48 0 31.5
      vertex 46 -1 31.5
    endloop
  endfacet
  facet normal 0 0 -1
    outer loop
      vertex 48 0 31.5
      vertex 46 1 31.5
      vertex 47.9125 1 31.5
    endloop
  endfacet
  facet normal 0 -1 0
    outer loop
      vertex 46 1 21.5
      vertex 47.9125 1 31.5
      vertex 46 1 31.5
    endloop
  endfacet
  facet normal 0 -1 -0
    outer loop
      vertex 47.9125 1 31.5
      vertex 46 1 21.5
      vertex 47.9125 1 21.5
    endloop
  endfacet
  facet normal -0 0 1
    outer loop
      vertex 46 1 21.5
      vertex 48 0 21.5
      vertex 47.9125 1 21.5
    endloop
  endfacet
  facet normal 0 0 1
    outer loop
      vertex 46 -1 21.5
      vertex 48 0 21.5
      vertex 46 1 21.5
    endloop
  endfacet
  facet normal 0 0 1
    outer loop
      vertex 48 0 21.5
      vertex 46 -1 21.5
      vertex 47.9125 -1 21.5
    endloop
  endfacet
  facet normal 0 1 -0
    outer loop
      vertex 47.9125 -1 21.5
      vertex 46 -1 31.5
      vertex 47.9125 -1 31.5
    endloop
  endfacet
  facet normal 0 1 0
    outer loop
      vertex 46 -1 31.5
      vertex 47.9125 -1 21.5
      vertex 46 -1 21.5
    endloop
  endfacet
  facet normal 0 0 -1
    outer loop
      vertex 44.6914 10.9397 12.5
      vertex 45.9292 13.342 12.5
      vertex 46.4468 11.4101 12.5
    endloop
  endfacet
  facet normal 0 0 -1
    outer loop
      vertex 45.9292 13.342 12.5
      vertex 44.6914 10.9397 12.5
      vertex 44.1738 12.8716 12.5
    endloop
  endfacet
  facet normal 0.258841 -0.96592 0
    outer loop
      vertex 44.1738 12.8716 2.5
      vertex 45.9292 13.342 12.5
      vertex 44.1738 12.8716 12.5
    endloop
  endfacet
  facet normal 0.258841 -0.96592 0
    outer loop
      vertex 45.9292 13.342 12.5
      vertex 44.1738 12.8716 2.5
      vertex 45.9292 13.342 2.5
    endloop
  endfacet
  facet normal 0.965932 0.258795 -1.42028e-18
    outer loop
      vertex 44.6914 10.9397 12.5
      vertex 44.1738 12.8716 2.5
      vertex 44.1738 12.8716 12.5
    endloop
  endfacet
  facet normal 0.965932 0.258795 -1.42028e-18
    outer loop
      vertex 44.1738 12.8716 2.5
      vertex 44.6914 10.9397 12.5
      vertex 44.6914 10.9397 2.5
    endloop
  endfacet
  facet normal 0 0 1
    outer loop
      vertex 45.9292 13.342 2.5
      vertex 44.6914 10.9397 2.5
      vertex 46.4468 11.4101 2.5
    endloop
  endfacet
  facet normal 0 -0 1
    outer loop
      vertex 44.6914 10.9397 2.5
      vertex 45.9292 13.342 2.5
      vertex 44.1738 12.8716 2.5
    endloop
  endfacet
  facet normal -0.258841 0.96592 0
    outer loop
      vertex 46.4468 11.4101 2.5
      vertex 44.6914 10.9397 12.5
      vertex 46.4468 11.4101 12.5
    endloop
  endfacet
  facet normal -0.258841 0.96592 0
    outer loop
      vertex 44.6914 10.9397 12.5
      vertex 46.4468 11.4101 2.5
      vertex 44.6914 10.9397 2.5
    endloop
  endfacet
  facet normal 0 0 -1
    outer loop
      vertex 45.4748 7.00301 31.5
      vertex 47.2708 8.33511 31.5
      vertex 47.3583 7.33511 31.5
    endloop
  endfacet
  facet normal 0 0 -1
    outer loop
      vertex 45.1275 8.97262 31.5
      vertex 47.2708 8.33511 31.5
      vertex 45.4748 7.00301 31.5
    endloop
  endfacet
  facet normal 0 0 -1
    outer loop
      vertex 47.2708 8.33511 31.5
      vertex 45.1275 8.97262 31.5
      vertex 47.011 9.30473 31.5
    endloop
  endfacet
  facet normal 0.984807 0.17365 -1.45554e-18
    outer loop
      vertex 45.4748 7.00301 31.5
      vertex 45.1275 8.97262 21.5
      vertex 45.1275 8.97262 31.5
    endloop
  endfacet
  facet normal 0.984807 0.17365 -1.45554e-18
    outer loop
      vertex 45.1275 8.97262 21.5
      vertex 45.4748 7.00301 31.5
      vertex 45.4748 7.00301 21.5
    endloop
  endfacet
  facet normal -0 0 1
    outer loop
      vertex 45.1275 8.97262 21.5
      vertex 47.2708 8.33511 21.5
      vertex 47.011 9.30473 21.5
    endloop
  endfacet
  facet normal 0 0 1
    outer loop
      vertex 47.2708 8.33511 21.5
      vertex 45.4748 7.00301 21.5
      vertex 47.3583 7.33511 21.5
    endloop
  endfacet
  facet normal 0 0 1
    outer loop
      vertex 47.2708 8.33511 21.5
      vertex 45.1275 8.97262 21.5
      vertex 45.4748 7.00301 21.5
    endloop
  endfacet
  facet normal -0.173642 0.984809 0
    outer loop
      vertex 47.3583 7.33511 21.5
      vertex 45.4748 7.00301 31.5
      vertex 47.3583 7.33511 31.5
    endloop
  endfacet
  facet normal -0.173642 0.984809 0
    outer loop
      vertex 45.4748 7.00301 31.5
      vertex 47.3583 7.33511 21.5
      vertex 45.4748 7.00301 21.5
    endloop
  endfacet
  facet normal 0.173647 -0.984808 0
    outer loop
      vertex 45.1275 8.97262 21.5
      vertex 47.011 9.30473 31.5
      vertex 45.1275 8.97262 31.5
    endloop
  endfacet
  facet normal 0.173647 -0.984808 0
    outer loop
      vertex 47.011 9.30473 31.5
      vertex 45.1275 8.97262 21.5
      vertex 47.011 9.30473 21.5
    endloop
  endfacet
  facet normal 0 0 -1
    outer loop
      vertex 42.1128 18.5341 12.5
      vertex 42.9146 21.1148 12.5
      vertex 43.7598 19.3022 12.5
    endloop
  endfacet
  facet normal 0 0 -1
    outer loop
      vertex 42.9146 21.1148 12.5
      vertex 42.1128 18.5341 12.5
      vertex 41.2675 20.3467 12.5
    endloop
  endfacet
  facet normal 0.422638 -0.906298 0
    outer loop
      vertex 41.2675 20.3467 2.5
      vertex 42.9146 21.1148 12.5
      vertex 41.2675 20.3467 12.5
    endloop
  endfacet
  facet normal 0.422638 -0.906298 0
    outer loop
      vertex 42.9146 21.1148 12.5
      vertex 41.2675 20.3467 2.5
      vertex 42.9146 21.1148 2.5
    endloop
  endfacet
  facet normal 0.906294 0.422647 -2.8677e-18
    outer loop
      vertex 42.1128 18.5341 12.5
      vertex 41.2675 20.3467 2.5
      vertex 41.2675 20.3467 12.5
    endloop
  endfacet
  facet normal 0.906294 0.422647 -2.8677e-18
    outer loop
      vertex 41.2675 20.3467 2.5
      vertex 42.1128 18.5341 12.5
      vertex 42.1128 18.5341 2.5
    endloop
  endfacet
  facet normal 0 0 1
    outer loop
      vertex 42.9146 21.1148 2.5
      vertex 42.1128 18.5341 2.5
      vertex 43.7598 19.3022 2.5
    endloop
  endfacet
  facet normal 0 -0 1
    outer loop
      vertex 42.1128 18.5341 2.5
      vertex 42.9146 21.1148 2.5
      vertex 41.2675 20.3467 2.5
    endloop
  endfacet
  facet normal -0.42266 0.906289 0
    outer loop
      vertex 43.7598 19.3022 2.5
      vertex 42.1128 18.5341 12.5
      vertex 43.7598 19.3022 12.5
    endloop
  endfacet
  facet normal -0.42266 0.906289 0
    outer loop
      vertex 42.1128 18.5341 12.5
      vertex 43.7598 19.3022 2.5
      vertex 42.1128 18.5341 2.5
    endloop
  endfacet
  facet normal 0 0 -1
    outer loop
      vertex 43.5679 14.7932 31.5
      vertex 45.1052 16.417 31.5
      vertex 45.3651 15.4474 31.5
    endloop
  endfacet
  facet normal 0 0 -1
    outer loop
      vertex 42.8838 16.6726 31.5
      vertex 45.1052 16.417 31.5
      vertex 43.5679 14.7932 31.5
    endloop
  endfacet
  facet normal 0 0 -1
    outer loop
      vertex 45.1052 16.417 31.5
      vertex 42.8838 16.6726 31.5
      vertex 44.681 17.3267 31.5
    endloop
  endfacet
  facet normal 0.939684 0.342044 8.294e-19
    outer loop
      vertex 43.5679 14.7932 31.5
      vertex 42.8838 16.6726 21.5
      vertex 42.8838 16.6726 31.5
    endloop
  endfacet
  facet normal 0.939684 0.342044 8.294e-19
    outer loop
      vertex 42.8838 16.6726 21.5
      vertex 43.5679 14.7932 31.5
      vertex 43.5679 14.7932 21.5
    endloop
  endfacet
  facet normal -0 0 1
    outer loop
      vertex 42.8838 16.6726 21.5
      vertex 45.1052 16.417 21.5
      vertex 44.681 17.3267 21.5
    endloop
  endfacet
  facet normal 0 0 1
    outer loop
      vertex 45.1052 16.417 21.5
      vertex 43.5679 14.7932 21.5
      vertex 45.3651 15.4474 21.5
    endloop
  endfacet
  facet normal 0 0 1
    outer loop
      vertex 45.1052 16.417 21.5
      vertex 42.8838 16.6726 21.5
      vertex 43.5679 14.7932 21.5
    endloop
  endfacet
  facet normal -0.342054 0.93968 0
    outer loop
      vertex 45.3651 15.4474 21.5
      vertex 43.5679 14.7932 31.5
      vertex 45.3651 15.4474 31.5
    endloop
  endfacet
  facet normal -0.342054 0.93968 0
    outer loop
      vertex 43.5679 14.7932 31.5
      vertex 45.3651 15.4474 21.5
      vertex 43.5679 14.7932 21.5
    endloop
  endfacet
  facet normal 0.342008 -0.939697 0
    outer loop
      vertex 42.8838 16.6726 21.5
      vertex 44.681 17.3267 31.5
      vertex 42.8838 16.6726 31.5
    endloop
  endfacet
  facet normal 0.342008 -0.939697 0
    outer loop
      vertex 44.681 17.3267 31.5
      vertex 42.8838 16.6726 21.5
      vertex 44.681 17.3267 21.5
    endloop
  endfacet
  facet normal 0 0 -1
    outer loop
      vertex 38.2546 25.5654 12.5
      vertex 38.5961 28.2461 12.5
      vertex 39.7433 26.6077 12.5
    endloop
  endfacet
  facet normal 0 0 -1
    outer loop
      vertex 38.5961 28.2461 12.5
      vertex 38.2546 25.5654 12.5
      vertex 37.1074 27.2037 12.5
    endloop
  endfacet
  facet normal 0.81914 0.573593 -2.0437e-18
    outer loop
      vertex 38.2546 25.5654 12.5
      vertex 37.1074 27.2037 2.5
      vertex 37.1074 27.2037 12.5
    endloop
  endfacet
  facet normal 0.81914 0.573593 -2.0437e-18
    outer loop
      vertex 37.1074 27.2037 2.5
      vertex 38.2546 25.5654 12.5
      vertex 38.2546 25.5654 2.5
    endloop
  endfacet
  facet normal 0 0 1
    outer loop
      vertex 38.5961 28.2461 2.5
      vertex 38.2546 25.5654 2.5
      vertex 39.7433 26.6077 2.5
    endloop
  endfacet
  facet normal 0 -0 1
    outer loop
      vertex 38.2546 25.5654 2.5
      vertex 38.5961 28.2461 2.5
      vertex 37.1074 27.2037 2.5
    endloop
  endfacet
  facet normal -0.57354 0.819178 0
    outer loop
      vertex 39.7433 26.6077 2.5
      vertex 38.2546 25.5654 12.5
      vertex 39.7433 26.6077 12.5
    endloop
  endfacet
  facet normal -0.57354 0.819178 0
    outer loop
      vertex 38.2546 25.5654 12.5
      vertex 39.7433 26.6077 2.5
      vertex 38.2546 25.5654 2.5
    endloop
  endfacet
  facet normal 0.573577 -0.819152 0
    outer loop
      vertex 37.1074 27.2037 2.5
      vertex 38.5961 28.2461 12.5
      vertex 37.1074 27.2037 12.5
    endloop
  endfacet
  facet normal 0.573577 -0.819152 0
    outer loop
      vertex 38.5961 28.2461 12.5
      vertex 37.1074 27.2037 2.5
      vertex 38.5961 28.2461 2.5
    endloop
  endfacet
  facet normal 0 0 -1
    outer loop
      vertex 40.3372 22.134 31.5
      vertex 41.5692 24 31.5
      vertex 41.9935 23.0902 31.5
    endloop
  endfacet
  facet normal 0 0 -1
    outer loop
      vertex 39.3372 23.866 31.5
      vertex 41.5692 24 31.5
      vertex 40.3372 22.134 31.5
    endloop
  endfacet
  facet normal -0 0 -1
    outer loop
      vertex 41.5692 24 31.5
      vertex 39.3372 23.866 31.5
      vertex 40.9935 24.8223 31.5
    endloop
  endfacet
  facet normal 0.866019 0.500011 0
    outer loop
      vertex 40.3372 22.134 31.5
      vertex 39.3372 23.866 21.5
      vertex 39.3372 23.866 31.5
    endloop
  endfacet
  facet normal 0.866019 0.500011 0
    outer loop
      vertex 39.3372 23.866 21.5
      vertex 40.3372 22.134 31.5
      vertex 40.3372 22.134 21.5
    endloop
  endfacet
  facet normal 0 0 1
    outer loop
      vertex 39.3372 23.866 21.5
      vertex 41.5692 24 21.5
      vertex 40.9935 24.8223 21.5
    endloop
  endfacet
  facet normal 0 0 1
    outer loop
      vertex 41.5692 24 21.5
      vertex 40.3372 22.134 21.5
      vertex 41.9935 23.0902 21.5
    endloop
  endfacet
  facet normal 0 0 1
    outer loop
      vertex 41.5692 24 21.5
      vertex 39.3372 23.866 21.5
      vertex 40.3372 22.134 21.5
    endloop
  endfacet
  facet normal -0.499974 0.86604 0
    outer loop
      vertex 41.9935 23.0902 21.5
      vertex 40.3372 22.134 31.5
      vertex 41.9935 23.0902 31.5
    endloop
  endfacet
  facet normal -0.499974 0.86604 0
    outer loop
      vertex 40.3372 22.134 31.5
      vertex 41.9935 23.0902 21.5
      vertex 40.3372 22.134 21.5
    endloop
  endfacet
  facet normal 0.500014 -0.866018 0
    outer loop
      vertex 39.3372 23.866 21.5
      vertex 40.9935 24.8223 31.5
      vertex 39.3372 23.866 31.5
    endloop
  endfacet
  facet normal 0.500014 -0.866018 0
    outer loop
      vertex 40.9935 24.8223 31.5
      vertex 39.3372 23.866 21.5
      vertex 40.9935 24.8223 21.5
    endloop
  endfacet
  facet normal 0 0 -1
    outer loop
      vertex 33.234 31.8198 12.5
      vertex 33.1049 34.5191 12.5
      vertex 34.5191 33.1049 12.5
    endloop
  endfacet
  facet normal 0 -0 -1
    outer loop
      vertex 33.1049 34.5191 12.5
      vertex 33.234 31.8198 12.5
      vertex 31.8198 33.234 12.5
    endloop
  endfacet
  facet normal 0.707107 0.707107 -4.87896e-19
    outer loop
      vertex 33.234 31.8198 12.5
      vertex 31.8198 33.234 2.5
      vertex 31.8198 33.234 12.5
    endloop
  endfacet
  facet normal 0.707107 0.707107 -4.87896e-19
    outer loop
      vertex 31.8198 33.234 2.5
      vertex 33.234 31.8198 12.5
      vertex 33.234 31.8198 2.5
    endloop
  endfacet
  facet normal 0 0 1
    outer loop
      vertex 33.1049 34.5191 2.5
      vertex 33.234 31.8198 2.5
      vertex 34.5191 33.1049 2.5
    endloop
  endfacet
  facet normal 0 0 1
    outer loop
      vertex 33.234 31.8198 2.5
      vertex 33.1049 34.5191 2.5
      vertex 31.8198 33.234 2.5
    endloop
  endfacet
  facet normal -0.707107 0.707107 0
    outer loop
      vertex 34.5191 33.1049 2.5
      vertex 33.234 31.8198 12.5
      vertex 34.5191 33.1049 12.5
    endloop
  endfacet
  facet normal -0.707107 0.707107 0
    outer loop
      vertex 33.234 31.8198 12.5
      vertex 34.5191 33.1049 2.5
      vertex 33.234 31.8198 2.5
    endloop
  endfacet
  facet normal 0.707107 -0.707107 3.7166e-18
    outer loop
      vertex 31.8198 33.234 12.5
      vertex 33.1049 34.5191 2.5
      vertex 33.1049 34.5191 12.5
    endloop
  endfacet
  facet normal 0.707107 -0.707107 3.7166e-18
    outer loop
      vertex 33.1049 34.5191 2.5
      vertex 31.8198 33.234 12.5
      vertex 31.8198 33.234 2.5
    endloop
  endfacet
  facet normal 0 0 -1
    outer loop
      vertex 35.8808 28.8022 31.5
      vertex 36.7701 30.8538 31.5
      vertex 37.3459 30.0315 31.5
    endloop
  endfacet
  facet normal 0 0 -1
    outer loop
      vertex 34.5953 30.3343 31.5
      vertex 36.7701 30.8538 31.5
      vertex 35.8808 28.8022 31.5
    endloop
  endfacet
  facet normal -0 0 -1
    outer loop
      vertex 36.7701 30.8538 31.5
      vertex 34.5953 30.3343 31.5
      vertex 36.0603 31.5636 31.5
    endloop
  endfacet
  facet normal 0.642793 -0.76604 0
    outer loop
      vertex 34.5953 30.3343 21.5
      vertex 36.0603 31.5636 31.5
      vertex 34.5953 30.3343 31.5
    endloop
  endfacet
  facet normal 0.642793 -0.76604 0
    outer loop
      vertex 36.0603 31.5636 31.5
      vertex 34.5953 30.3343 21.5
      vertex 36.0603 31.5636 21.5
    endloop
  endfacet
  facet normal 0.766065 0.642763 -1.4637e-18
    outer loop
      vertex 35.8808 28.8022 31.5
      vertex 34.5953 30.3343 21.5
      vertex 34.5953 30.3343 31.5
    endloop
  endfacet
  facet normal 0.766065 0.642763 -1.4637e-18
    outer loop
      vertex 34.5953 30.3343 21.5
      vertex 35.8808 28.8022 31.5
      vertex 35.8808 28.8022 21.5
    endloop
  endfacet
  facet normal 0 0 1
    outer loop
      vertex 34.5953 30.3343 21.5
      vertex 36.7701 30.8538 21.5
      vertex 36.0603 31.5636 21.5
    endloop
  endfacet
  facet normal 0 0 1
    outer loop
      vertex 36.7701 30.8538 21.5
      vertex 35.8808 28.8022 21.5
      vertex 37.3459 30.0315 21.5
    endloop
  endfacet
  facet normal 0 0 1
    outer loop
      vertex 36.7701 30.8538 21.5
      vertex 34.5953 30.3343 21.5
      vertex 35.8808 28.8022 21.5
    endloop
  endfacet
  facet normal -0.642768 0.766061 0
    outer loop
      vertex 37.3459 30.0315 21.5
      vertex 35.8808 28.8022 31.5
      vertex 37.3459 30.0315 31.5
    endloop
  endfacet
  facet normal -0.642768 0.766061 0
    outer loop
      vertex 35.8808 28.8022 31.5
      vertex 37.3459 30.0315 21.5
      vertex 35.8808 28.8022 21.5
    endloop
  endfacet
  facet normal 0 0 -1
    outer loop
      vertex 27.2037 37.1074 12.5
      vertex 26.6077 39.7433 12.5
      vertex 28.2461 38.5961 12.5
    endloop
  endfacet
  facet normal 0 -0 -1
    outer loop
      vertex 26.6077 39.7433 12.5
      vertex 27.2037 37.1074 12.5
      vertex 25.5654 38.2546 12.5
    endloop
  endfacet
  facet normal 0.819178 -0.57354 -6.98019e-19
    outer loop
      vertex 25.5654 38.2546 12.5
      vertex 26.6077 39.7433 2.5
      vertex 26.6077 39.7433 12.5
    endloop
  endfacet
  facet normal 0.819178 -0.57354 -6.98019e-19
    outer loop
      vertex 26.6077 39.7433 2.5
      vertex 25.5654 38.2546 12.5
      vertex 25.5654 38.2546 2.5
    endloop
  endfacet
  facet normal 0.573593 0.81914 -0
    outer loop
      vertex 27.2037 37.1074 2.5
      vertex 25.5654 38.2546 12.5
      vertex 27.2037 37.1074 12.5
    endloop
  endfacet
  facet normal 0.573593 0.81914 0
    outer loop
      vertex 25.5654 38.2546 12.5
      vertex 27.2037 37.1074 2.5
      vertex 25.5654 38.2546 2.5
    endloop
  endfacet
  facet normal 0 0 1
    outer loop
      vertex 26.6077 39.7433 2.5
      vertex 27.2037 37.1074 2.5
      vertex 28.2461 38.5961 2.5
    endloop
  endfacet
  facet normal 0 0 1
    outer loop
      vertex 27.2037 37.1074 2.5
      vertex 26.6077 39.7433 2.5
      vertex 25.5654 38.2546 2.5
    endloop
  endfacet
  facet normal -0.819152 0.573577 3.96725e-18
    outer loop
      vertex 27.2037 37.1074 2.5
      vertex 28.2461 38.5961 12.5
      vertex 28.2461 38.5961 2.5
    endloop
  endfacet
  facet normal -0.819152 0.573577 3.96725e-18
    outer loop
      vertex 28.2461 38.5961 12.5
      vertex 27.2037 37.1074 2.5
      vertex 27.2037 37.1074 12.5
    endloop
  endfacet
  facet normal 0 0 -1
    outer loop
      vertex 30.3343 34.5953 31.5
      vertex 30.8538 36.7701 31.5
      vertex 31.5636 36.0603 31.5
    endloop
  endfacet
  facet normal 0 0 -1
    outer loop
      vertex 28.8022 35.8808 31.5
      vertex 30.8538 36.7701 31.5
      vertex 30.3343 34.5953 31.5
    endloop
  endfacet
  facet normal -0 0 -1
    outer loop
      vertex 30.8538 36.7701 31.5
      vertex 28.8022 35.8808 31.5
      vertex 30.0315 37.3459 31.5
    endloop
  endfacet
  facet normal 0.642763 0.766065 -0
    outer loop
      vertex 30.3343 34.5953 21.5
      vertex 28.8022 35.8808 31.5
      vertex 30.3343 34.5953 31.5
    endloop
  endfacet
  facet normal 0.642763 0.766065 0
    outer loop
      vertex 28.8022 35.8808 31.5
      vertex 30.3343 34.5953 21.5
      vertex 28.8022 35.8808 21.5
    endloop
  endfacet
  facet normal 0 0 1
    outer loop
      vertex 30.8538 36.7701 21.5
      vertex 30.3343 34.5953 21.5
      vertex 31.5636 36.0603 21.5
    endloop
  endfacet
  facet normal 0 0 1
    outer loop
      vertex 28.8022 35.8808 21.5
      vertex 30.8538 36.7701 21.5
      vertex 30.0315 37.3459 21.5
    endloop
  endfacet
  facet normal 0 0 1
    outer loop
      vertex 30.8538 36.7701 21.5
      vertex 28.8022 35.8808 21.5
      vertex 30.3343 34.5953 21.5
    endloop
  endfacet
  facet normal -0.76604 0.642793 6.46292e-19
    outer loop
      vertex 30.3343 34.5953 21.5
      vertex 31.5636 36.0603 31.5
      vertex 31.5636 36.0603 21.5
    endloop
  endfacet
  facet normal -0.76604 0.642793 6.46292e-19
    outer loop
      vertex 31.5636 36.0603 31.5
      vertex 30.3343 34.5953 21.5
      vertex 30.3343 34.5953 31.5
    endloop
  endfacet
  facet normal 0.766061 -0.642768 2.43767e-19
    outer loop
      vertex 28.8022 35.8808 31.5
      vertex 30.0315 37.3459 21.5
      vertex 30.0315 37.3459 31.5
    endloop
  endfacet
  facet normal 0.766061 -0.642768 2.43767e-19
    outer loop
      vertex 30.0315 37.3459 21.5
      vertex 28.8022 35.8808 31.5
      vertex 28.8022 35.8808 21.5
    endloop
  endfacet
  facet normal 0 0 -1
    outer loop
      vertex 20.3467 41.2675 12.5
      vertex 19.3022 43.7598 12.5
      vertex 21.1148 42.9146 12.5
    endloop
  endfacet
  facet normal 0 -0 -1
    outer loop
      vertex 19.3022 43.7598 12.5
      vertex 20.3467 41.2675 12.5
      vertex 18.5341 42.1128 12.5
    endloop
  endfacet
  facet normal 0.906289 -0.42266 1.81963e-18
    outer loop
      vertex 18.5341 42.1128 12.5
      vertex 19.3022 43.7598 2.5
      vertex 19.3022 43.7598 12.5
    endloop
  endfacet
  facet normal 0.906289 -0.42266 1.81963e-18
    outer loop
      vertex 19.3022 43.7598 2.5
      vertex 18.5341 42.1128 12.5
      vertex 18.5341 42.1128 2.5
    endloop
  endfacet
  facet normal 0.422647 0.906294 -0
    outer loop
      vertex 20.3467 41.2675 2.5
      vertex 18.5341 42.1128 12.5
      vertex 20.3467 41.2675 12.5
    endloop
  endfacet
  facet normal 0.422647 0.906294 0
    outer loop
      vertex 18.5341 42.1128 12.5
      vertex 20.3467 41.2675 2.5
      vertex 18.5341 42.1128 2.5
    endloop
  endfacet
  facet normal 0 0 1
    outer loop
      vertex 19.3022 43.7598 2.5
      vertex 20.3467 41.2675 2.5
      vertex 21.1148 42.9146 2.5
    endloop
  endfacet
  facet normal 0 0 1
    outer loop
      vertex 20.3467 41.2675 2.5
      vertex 19.3022 43.7598 2.5
      vertex 18.5341 42.1128 2.5
    endloop
  endfacet
  facet normal -0.906298 0.422638 4.12827e-18
    outer loop
      vertex 20.3467 41.2675 2.5
      vertex 21.1148 42.9146 12.5
      vertex 21.1148 42.9146 2.5
    endloop
  endfacet
  facet normal -0.906298 0.422638 4.12827e-18
    outer loop
      vertex 21.1148 42.9146 12.5
      vertex 20.3467 41.2675 2.5
      vertex 20.3467 41.2675 12.5
    endloop
  endfacet
  facet normal 0 0 -1
    outer loop
      vertex 23.866 39.3372 31.5
      vertex 24 41.5692 31.5
      vertex 24.8223 40.9935 31.5
    endloop
  endfacet
  facet normal 0 0 -1
    outer loop
      vertex 22.134 40.3372 31.5
      vertex 24 41.5692 31.5
      vertex 23.866 39.3372 31.5
    endloop
  endfacet
  facet normal -0 0 -1
    outer loop
      vertex 24 41.5692 31.5
      vertex 22.134 40.3372 31.5
      vertex 23.0902 41.9935 31.5
    endloop
  endfacet
  facet normal 0.500011 0.866019 -0
    outer loop
      vertex 23.866 39.3372 21.5
      vertex 22.134 40.3372 31.5
      vertex 23.866 39.3372 31.5
    endloop
  endfacet
  facet normal 0.500011 0.866019 0
    outer loop
      vertex 22.134 40.3372 31.5
      vertex 23.866 39.3372 21.5
      vertex 22.134 40.3372 21.5
    endloop
  endfacet
  facet normal 0 0 1
    outer loop
      vertex 24 41.5692 21.5
      vertex 23.866 39.3372 21.5
      vertex 24.8223 40.9935 21.5
    endloop
  endfacet
  facet normal 0 0 1
    outer loop
      vertex 22.134 40.3372 21.5
      vertex 24 41.5692 21.5
      vertex 23.0902 41.9935 21.5
    endloop
  endfacet
  facet normal 0 0 1
    outer loop
      vertex 24 41.5692 21.5
      vertex 22.134 40.3372 21.5
      vertex 23.866 39.3372 21.5
    endloop
  endfacet
  facet normal -0.866018 0.500014 -3.10088e-18
    outer loop
      vertex 23.866 39.3372 21.5
      vertex 24.8223 40.9935 31.5
      vertex 24.8223 40.9935 21.5
    endloop
  endfacet
  facet normal -0.866018 0.500014 -3.10088e-18
    outer loop
      vertex 24.8223 40.9935 31.5
      vertex 23.866 39.3372 21.5
      vertex 23.866 39.3372 31.5
    endloop
  endfacet
  facet normal 0.86604 -0.499974 4.26312e-18
    outer loop
      vertex 22.134 40.3372 31.5
      vertex 23.0902 41.9935 21.5
      vertex 23.0902 41.9935 31.5
    endloop
  endfacet
  facet normal 0.86604 -0.499974 4.26312e-18
    outer loop
      vertex 23.0902 41.9935 21.5
      vertex 22.134 40.3372 31.5
      vertex 22.134 40.3372 21.5
    endloop
  endfacet
  facet normal 0 0 -1
    outer loop
      vertex 12.8716 44.1738 12.5
      vertex 11.4101 46.4468 12.5
      vertex 13.342 45.9292 12.5
    endloop
  endfacet
  facet normal 0 -0 -1
    outer loop
      vertex 11.4101 46.4468 12.5
      vertex 12.8716 44.1738 12.5
      vertex 10.9397 44.6914 12.5
    endloop
  endfacet
  facet normal 0.258795 0.965932 -0
    outer loop
      vertex 12.8716 44.1738 2.5
      vertex 10.9397 44.6914 12.5
      vertex 12.8716 44.1738 12.5
    endloop
  endfacet
  facet normal 0.258795 0.965932 0
    outer loop
      vertex 10.9397 44.6914 12.5
      vertex 12.8716 44.1738 2.5
      vertex 10.9397 44.6914 2.5
    endloop
  endfacet
  facet normal 0 0 1
    outer loop
      vertex 11.4101 46.4468 2.5
      vertex 12.8716 44.1738 2.5
      vertex 13.342 45.9292 2.5
    endloop
  endfacet
  facet normal 0 0 1
    outer loop
      vertex 12.8716 44.1738 2.5
      vertex 11.4101 46.4468 2.5
      vertex 10.9397 44.6914 2.5
    endloop
  endfacet
  facet normal -0.96592 0.258841 1.51534e-18
    outer loop
      vertex 12.8716 44.1738 2.5
      vertex 13.342 45.9292 12.5
      vertex 13.342 45.9292 2.5
    endloop
  endfacet
  facet normal -0.96592 0.258841 1.51534e-18
    outer loop
      vertex 13.342 45.9292 12.5
      vertex 12.8716 44.1738 2.5
      vertex 12.8716 44.1738 12.5
    endloop
  endfacet
  facet normal 0.96592 -0.258841 1.51534e-18
    outer loop
      vertex 10.9397 44.6914 12.5
      vertex 11.4101 46.4468 2.5
      vertex 11.4101 46.4468 12.5
    endloop
  endfacet
  facet normal 0.96592 -0.258841 1.51534e-18
    outer loop
      vertex 11.4101 46.4468 2.5
      vertex 10.9397 44.6914 12.5
      vertex 10.9397 44.6914 2.5
    endloop
  endfacet
  facet normal 0 0 -1
    outer loop
      vertex 16.6726 42.8838 31.5
      vertex 16.417 45.1052 31.5
      vertex 17.3267 44.681 31.5
    endloop
  endfacet
  facet normal 0 0 -1
    outer loop
      vertex 14.7932 43.5679 31.5
      vertex 16.417 45.1052 31.5
      vertex 16.6726 42.8838 31.5
    endloop
  endfacet
  facet normal -0 0 -1
    outer loop
      vertex 16.417 45.1052 31.5
      vertex 14.7932 43.5679 31.5
      vertex 15.4474 45.3651 31.5
    endloop
  endfacet
  facet normal 0.342044 0.939684 -0
    outer loop
      vertex 16.6726 42.8838 21.5
      vertex 14.7932 43.5679 31.5
      vertex 16.6726 42.8838 31.5
    endloop
  endfacet
  facet normal 0.342044 0.939684 0
    outer loop
      vertex 14.7932 43.5679 31.5
      vertex 16.6726 42.8838 21.5
      vertex 14.7932 43.5679 21.5
    endloop
  endfacet
  facet normal 0 0 1
    outer loop
      vertex 16.417 45.1052 21.5
      vertex 16.6726 42.8838 21.5
      vertex 17.3267 44.681 21.5
    endloop
  endfacet
  facet normal 0 0 1
    outer loop
      vertex 14.7932 43.5679 21.5
      vertex 16.417 45.1052 21.5
      vertex 15.4474 45.3651 21.5
    endloop
  endfacet
  facet normal 0 0 1
    outer loop
      vertex 16.417 45.1052 21.5
      vertex 14.7932 43.5679 21.5
      vertex 16.6726 42.8838 21.5
    endloop
  endfacet
  facet normal -0.939697 0.342008 -4.73356e-18
    outer loop
      vertex 16.6726 42.8838 21.5
      vertex 17.3267 44.681 31.5
      vertex 17.3267 44.681 21.5
    endloop
  endfacet
  facet normal -0.939697 0.342008 -4.73356e-18
    outer loop
      vertex 17.3267 44.681 31.5
      vertex 16.6726 42.8838 21.5
      vertex 16.6726 42.8838 31.5
    endloop
  endfacet
  facet normal 0.93968 -0.342054 5.27769e-18
    outer loop
      vertex 14.7932 43.5679 31.5
      vertex 15.4474 45.3651 21.5
      vertex 15.4474 45.3651 31.5
    endloop
  endfacet
  facet normal 0.93968 -0.342054 5.27769e-18
    outer loop
      vertex 15.4474 45.3651 21.5
      vertex 14.7932 43.5679 31.5
      vertex 14.7932 43.5679 21.5
    endloop
  endfacet
  facet normal 0 0 -1
    outer loop
      vertex 5.00536 45.7378 12.5
      vertex 3.17136 47.7225 12.5
      vertex 5.16375 47.5482 12.5
    endloop
  endfacet
  facet normal 0 -0 -1
    outer loop
      vertex 3.17136 47.7225 12.5
      vertex 5.00536 45.7378 12.5
      vertex 3.01297 45.9121 12.5
    endloop
  endfacet
  facet normal 0.08715 0.996195 -0
    outer loop
      vertex 5.00536 45.7378 2.5
      vertex 3.01297 45.9121 12.5
      vertex 5.00536 45.7378 12.5
    endloop
  endfacet
  facet normal 0.08715 0.996195 0
    outer loop
      vertex 3.01297 45.9121 12.5
      vertex 5.00536 45.7378 2.5
      vertex 3.01297 45.9121 2.5
    endloop
  endfacet
  facet normal 0 0 1
    outer loop
      vertex 3.17136 47.7225 2.5
      vertex 5.00536 45.7378 2.5
      vertex 5.16375 47.5482 2.5
    endloop
  endfacet
  facet normal 0 0 1
    outer loop
      vertex 5.00536 45.7378 2.5
      vertex 3.17136 47.7225 2.5
      vertex 3.01297 45.9121 2.5
    endloop
  endfacet
  facet normal -0.996195 0.087156 -1.2618e-18
    outer loop
      vertex 5.00536 45.7378 2.5
      vertex 5.16375 47.5482 12.5
      vertex 5.16375 47.5482 2.5
    endloop
  endfacet
  facet normal -0.996195 0.087156 -1.2618e-18
    outer loop
      vertex 5.16375 47.5482 12.5
      vertex 5.00536 45.7378 2.5
      vertex 5.00536 45.7378 12.5
    endloop
  endfacet
  facet normal 0.996195 -0.087156 -5.27987e-19
    outer loop
      vertex 3.01297 45.9121 12.5
      vertex 3.17136 47.7225 2.5
      vertex 3.17136 47.7225 12.5
    endloop
  endfacet
  facet normal 0.996195 -0.087156 -5.27987e-19
    outer loop
      vertex 3.17136 47.7225 2.5
      vertex 3.01297 45.9121 12.5
      vertex 3.01297 45.9121 2.5
    endloop
  endfacet
  facet normal 0 0 -1
    outer loop
      vertex 8.97262 45.1275 31.5
      vertex 8.33511 47.2708 31.5
      vertex 9.30473 47.011 31.5
    endloop
  endfacet
  facet normal 0 0 -1
    outer loop
      vertex 7.00301 45.4748 31.5
      vertex 8.33511 47.2708 31.5
      vertex 8.97262 45.1275 31.5
    endloop
  endfacet
  facet normal -0 0 -1
    outer loop
      vertex 8.33511 47.2708 31.5
      vertex 7.00301 45.4748 31.5
      vertex 7.33511 47.3583 31.5
    endloop
  endfacet
  facet normal 0.17365 0.984807 -0
    outer loop
      vertex 8.97262 45.1275 21.5
      vertex 7.00301 45.4748 31.5
      vertex 8.97262 45.1275 31.5
    endloop
  endfacet
  facet normal 0.17365 0.984807 0
    outer loop
      vertex 7.00301 45.4748 31.5
      vertex 8.97262 45.1275 21.5
      vertex 7.00301 45.4748 21.5
    endloop
  endfacet
  facet normal 0 0 1
    outer loop
      vertex 8.33511 47.2708 21.5
      vertex 8.97262 45.1275 21.5
      vertex 9.30473 47.011 21.5
    endloop
  endfacet
  facet normal 0 0 1
    outer loop
      vertex 7.00301 45.4748 21.5
      vertex 8.33511 47.2708 21.5
      vertex 7.33511 47.3583 21.5
    endloop
  endfacet
  facet normal 0 0 1
    outer loop
      vertex 8.33511 47.2708 21.5
      vertex 7.00301 45.4748 21.5
      vertex 8.97262 45.1275 21.5
    endloop
  endfacet
  facet normal -0.984808 0.173647 -2.35541e-18
    outer loop
      vertex 8.97262 45.1275 21.5
      vertex 9.30473 47.011 31.5
      vertex 9.30473 47.011 21.5
    endloop
  endfacet
  facet normal -0.984808 0.173647 -2.35541e-18
    outer loop
      vertex 9.30473 47.011 31.5
      vertex 8.97262 45.1275 21.5
      vertex 8.97262 45.1275 31.5
    endloop
  endfacet
  facet normal 0.984809 -0.173642 2.74657e-18
    outer loop
      vertex 7.00301 45.4748 31.5
      vertex 7.33511 47.3583 21.5
      vertex 7.33511 47.3583 31.5
    endloop
  endfacet
  facet normal 0.984809 -0.173642 2.74657e-18
    outer loop
      vertex 7.33511 47.3583 21.5
      vertex 7.00301 45.4748 31.5
      vertex 7.00301 45.4748 21.5
    endloop
  endfacet
  facet normal 0 0 -1
    outer loop
      vertex -5.00536 45.7378 12.5
      vertex -3.17136 47.7225 12.5
      vertex -3.01297 45.9121 12.5
    endloop
  endfacet
  facet normal 0 0 -1
    outer loop
      vertex -3.17136 47.7225 12.5
      vertex -5.00536 45.7378 12.5
      vertex -5.16375 47.5482 12.5
    endloop
  endfacet
  facet normal -0.996195 -0.087156 5.27987e-19
    outer loop
      vertex -3.01297 45.9121 2.5
      vertex -3.17136 47.7225 12.5
      vertex -3.17136 47.7225 2.5
    endloop
  endfacet
  facet normal -0.996195 -0.087156 5.27987e-19
    outer loop
      vertex -3.17136 47.7225 12.5
      vertex -3.01297 45.9121 2.5
      vertex -3.01297 45.9121 12.5
    endloop
  endfacet
  facet normal -0.08715 0.996195 0
    outer loop
      vertex -3.01297 45.9121 2.5
      vertex -5.00536 45.7378 12.5
      vertex -3.01297 45.9121 12.5
    endloop
  endfacet
  facet normal -0.08715 0.996195 0
    outer loop
      vertex -5.00536 45.7378 12.5
      vertex -3.01297 45.9121 2.5
      vertex -5.00536 45.7378 2.5
    endloop
  endfacet
  facet normal 0 0 1
    outer loop
      vertex -3.17136 47.7225 2.5
      vertex -5.00536 45.7378 2.5
      vertex -3.01297 45.9121 2.5
    endloop
  endfacet
  facet normal 0 -0 1
    outer loop
      vertex -5.00536 45.7378 2.5
      vertex -3.17136 47.7225 2.5
      vertex -5.16375 47.5482 2.5
    endloop
  endfacet
  facet normal 0.996195 0.087156 1.2618e-18
    outer loop
      vertex -5.00536 45.7378 12.5
      vertex -5.16375 47.5482 2.5
      vertex -5.16375 47.5482 12.5
    endloop
  endfacet
  facet normal 0.996195 0.087156 1.2618e-18
    outer loop
      vertex -5.16375 47.5482 2.5
      vertex -5.00536 45.7378 12.5
      vertex -5.00536 45.7378 2.5
    endloop
  endfacet
  facet normal 0 0 -1
    outer loop
      vertex 1 46 31.5
      vertex 0 48 31.5
      vertex 1 47.9125 31.5
    endloop
  endfacet
  facet normal 0 0 -1
    outer loop
      vertex -1 46 31.5
      vertex 0 48 31.5
      vertex 1 46 31.5
    endloop
  endfacet
  facet normal 0 0 -1
    outer loop
      vertex 0 48 31.5
      vertex -1 46 31.5
      vertex -1 47.9125 31.5
    endloop
  endfacet
  facet normal 1 -0 0
    outer loop
      vertex -1 46 31.5
      vertex -1 47.9125 21.5
      vertex -1 47.9125 31.5
    endloop
  endfacet
  facet normal 1 0 0
    outer loop
      vertex -1 47.9125 21.5
      vertex -1 46 31.5
      vertex -1 46 21.5
    endloop
  endfacet
  facet normal 0 1 -0
    outer loop
      vertex 1 46 21.5
      vertex -1 46 31.5
      vertex 1 46 31.5
    endloop
  endfacet
  facet normal 0 1 0
    outer loop
      vertex -1 46 31.5
      vertex 1 46 21.5
      vertex -1 46 21.5
    endloop
  endfacet
  facet normal 0 0 1
    outer loop
      vertex 0 48 21.5
      vertex 1 46 21.5
      vertex 1 47.9125 21.5
    endloop
  endfacet
  facet normal 0 0 1
    outer loop
      vertex -1 46 21.5
      vertex 0 48 21.5
      vertex -1 47.9125 21.5
    endloop
  endfacet
  facet normal 0 0 1
    outer loop
      vertex 0 48 21.5
      vertex -1 46 21.5
      vertex 1 46 21.5
    endloop
  endfacet
  facet normal -1 0 0
    outer loop
      vertex 1 46 21.5
      vertex 1 47.9125 31.5
      vertex 1 47.9125 21.5
    endloop
  endfacet
  facet normal -1 -0 0
    outer loop
      vertex 1 47.9125 31.5
      vertex 1 46 21.5
      vertex 1 46 31.5
    endloop
  endfacet
  facet normal 0 0 -1
    outer loop
      vertex -12.8716 44.1738 12.5
      vertex -11.4101 46.4468 12.5
      vertex -10.9397 44.6914 12.5
    endloop
  endfacet
  facet normal 0 0 -1
    outer loop
      vertex -11.4101 46.4468 12.5
      vertex -12.8716 44.1738 12.5
      vertex -13.342 45.9292 12.5
    endloop
  endfacet
  facet normal -0.96592 -0.258841 -1.51534e-18
    outer loop
      vertex -10.9397 44.6914 2.5
      vertex -11.4101 46.4468 12.5
      vertex -11.4101 46.4468 2.5
    endloop
  endfacet
  facet normal -0.96592 -0.258841 -1.51534e-18
    outer loop
      vertex -11.4101 46.4468 12.5
      vertex -10.9397 44.6914 2.5
      vertex -10.9397 44.6914 12.5
    endloop
  endfacet
  facet normal -0.258795 0.965932 0
    outer loop
      vertex -10.9397 44.6914 2.5
      vertex -12.8716 44.1738 12.5
      vertex -10.9397 44.6914 12.5
    endloop
  endfacet
  facet normal -0.258795 0.965932 0
    outer loop
      vertex -12.8716 44.1738 12.5
      vertex -10.9397 44.6914 2.5
      vertex -12.8716 44.1738 2.5
    endloop
  endfacet
  facet normal 0 0 1
    outer loop
      vertex -11.4101 46.4468 2.5
      vertex -12.8716 44.1738 2.5
      vertex -10.9397 44.6914 2.5
    endloop
  endfacet
  facet normal 0 -0 1
    outer loop
      vertex -12.8716 44.1738 2.5
      vertex -11.4101 46.4468 2.5
      vertex -13.342 45.9292 2.5
    endloop
  endfacet
  facet normal 0.96592 0.258841 -1.51534e-18
    outer loop
      vertex -12.8716 44.1738 12.5
      vertex -13.342 45.9292 2.5
      vertex -13.342 45.9292 12.5
    endloop
  endfacet
  facet normal 0.96592 0.258841 -1.51534e-18
    outer loop
      vertex -13.342 45.9292 2.5
      vertex -12.8716 44.1738 12.5
      vertex -12.8716 44.1738 2.5
    endloop
  endfacet
  facet normal 0 0 -1
    outer loop
      vertex -7.00301 45.4748 31.5
      vertex -8.33511 47.2708 31.5
      vertex -7.33511 47.3583 31.5
    endloop
  endfacet
  facet normal 0 0 -1
    outer loop
      vertex -8.97262 45.1275 31.5
      vertex -8.33511 47.2708 31.5
      vertex -7.00301 45.4748 31.5
    endloop
  endfacet
  facet normal 0 0 -1
    outer loop
      vertex -8.33511 47.2708 31.5
      vertex -8.97262 45.1275 31.5
      vertex -9.30473 47.011 31.5
    endloop
  endfacet
  facet normal -0.984809 -0.173642 -2.74657e-18
    outer loop
      vertex -7.00301 45.4748 21.5
      vertex -7.33511 47.3583 31.5
      vertex -7.33511 47.3583 21.5
    endloop
  endfacet
  facet normal -0.984809 -0.173642 -2.74657e-18
    outer loop
      vertex -7.33511 47.3583 31.5
      vertex -7.00301 45.4748 21.5
      vertex -7.00301 45.4748 31.5
    endloop
  endfacet
  facet normal -0.17365 0.984807 0
    outer loop
      vertex -7.00301 45.4748 21.5
      vertex -8.97262 45.1275 31.5
      vertex -7.00301 45.4748 31.5
    endloop
  endfacet
  facet normal -0.17365 0.984807 0
    outer loop
      vertex -8.97262 45.1275 31.5
      vertex -7.00301 45.4748 21.5
      vertex -8.97262 45.1275 21.5
    endloop
  endfacet
  facet normal -0 0 1
    outer loop
      vertex -8.33511 47.2708 21.5
      vertex -7.00301 45.4748 21.5
      vertex -7.33511 47.3583 21.5
    endloop
  endfacet
  facet normal 0 0 1
    outer loop
      vertex -8.33511 47.2708 21.5
      vertex -8.97262 45.1275 21.5
      vertex -7.00301 45.4748 21.5
    endloop
  endfacet
  facet normal 0 -0 1
    outer loop
      vertex -8.97262 45.1275 21.5
      vertex -8.33511 47.2708 21.5
      vertex -9.30473 47.011 21.5
    endloop
  endfacet
  facet normal 0.984808 0.173647 2.35541e-18
    outer loop
      vertex -8.97262 45.1275 31.5
      vertex -9.30473 47.011 21.5
      vertex -9.30473 47.011 31.5
    endloop
  endfacet
  facet normal 0.984808 0.173647 2.35541e-18
    outer loop
      vertex -9.30473 47.011 21.5
      vertex -8.97262 45.1275 31.5
      vertex -8.97262 45.1275 21.5
    endloop
  endfacet
  facet normal 0 0 -1
    outer loop
      vertex -20.3467 41.2675 12.5
      vertex -19.3022 43.7598 12.5
      vertex -18.5341 42.1128 12.5
    endloop
  endfacet
  facet normal 0 0 -1
    outer loop
      vertex -19.3022 43.7598 12.5
      vertex -20.3467 41.2675 12.5
      vertex -21.1148 42.9146 12.5
    endloop
  endfacet
  facet normal -0.906289 -0.42266 -1.81963e-18
    outer loop
      vertex -18.5341 42.1128 2.5
      vertex -19.3022 43.7598 12.5
      vertex -19.3022 43.7598 2.5
    endloop
  endfacet
  facet normal -0.906289 -0.42266 -1.81963e-18
    outer loop
      vertex -19.3022 43.7598 12.5
      vertex -18.5341 42.1128 2.5
      vertex -18.5341 42.1128 12.5
    endloop
  endfacet
  facet normal -0.422647 0.906294 0
    outer loop
      vertex -18.5341 42.1128 2.5
      vertex -20.3467 41.2675 12.5
      vertex -18.5341 42.1128 12.5
    endloop
  endfacet
  facet normal -0.422647 0.906294 0
    outer loop
      vertex -20.3467 41.2675 12.5
      vertex -18.5341 42.1128 2.5
      vertex -20.3467 41.2675 2.5
    endloop
  endfacet
  facet normal 0 0 1
    outer loop
      vertex -19.3022 43.7598 2.5
      vertex -20.3467 41.2675 2.5
      vertex -18.5341 42.1128 2.5
    endloop
  endfacet
  facet normal 0 -0 1
    outer loop
      vertex -20.3467 41.2675 2.5
      vertex -19.3022 43.7598 2.5
      vertex -21.1148 42.9146 2.5
    endloop
  endfacet
  facet normal 0.906298 0.422638 -4.12827e-18
    outer loop
      vertex -20.3467 41.2675 12.5
      vertex -21.1148 42.9146 2.5
      vertex -21.1148 42.9146 12.5
    endloop
  endfacet
  facet normal 0.906298 0.422638 -4.12827e-18
    outer loop
      vertex -21.1148 42.9146 2.5
      vertex -20.3467 41.2675 12.5
      vertex -20.3467 41.2675 2.5
    endloop
  endfacet
  facet normal 0 0 -1
    outer loop
      vertex -14.7932 43.5679 31.5
      vertex -16.417 45.1052 31.5
      vertex -15.4474 45.3651 31.5
    endloop
  endfacet
  facet normal 0 0 -1
    outer loop
      vertex -16.6726 42.8838 31.5
      vertex -16.417 45.1052 31.5
      vertex -14.7932 43.5679 31.5
    endloop
  endfacet
  facet normal 0 0 -1
    outer loop
      vertex -16.417 45.1052 31.5
      vertex -16.6726 42.8838 31.5
      vertex -17.3267 44.681 31.5
    endloop
  endfacet
  facet normal -0.93968 -0.342054 -5.27769e-18
    outer loop
      vertex -14.7932 43.5679 21.5
      vertex -15.4474 45.3651 31.5
      vertex -15.4474 45.3651 21.5
    endloop
  endfacet
  facet normal -0.93968 -0.342054 -5.27769e-18
    outer loop
      vertex -15.4474 45.3651 31.5
      vertex -14.7932 43.5679 21.5
      vertex -14.7932 43.5679 31.5
    endloop
  endfacet
  facet normal -0.342044 0.939684 0
    outer loop
      vertex -14.7932 43.5679 21.5
      vertex -16.6726 42.8838 31.5
      vertex -14.7932 43.5679 31.5
    endloop
  endfacet
  facet normal -0.342044 0.939684 0
    outer loop
      vertex -16.6726 42.8838 31.5
      vertex -14.7932 43.5679 21.5
      vertex -16.6726 42.8838 21.5
    endloop
  endfacet
  facet normal -0 0 1
    outer loop
      vertex -16.417 45.1052 21.5
      vertex -14.7932 43.5679 21.5
      vertex -15.4474 45.3651 21.5
    endloop
  endfacet
  facet normal 0 0 1
    outer loop
      vertex -16.417 45.1052 21.5
      vertex -16.6726 42.8838 21.5
      vertex -14.7932 43.5679 21.5
    endloop
  endfacet
  facet normal 0 -0 1
    outer loop
      vertex -16.6726 42.8838 21.5
      vertex -16.417 45.1052 21.5
      vertex -17.3267 44.681 21.5
    endloop
  endfacet
  facet normal 0.939697 0.342008 4.73356e-18
    outer loop
      vertex -16.6726 42.8838 31.5
      vertex -17.3267 44.681 21.5
      vertex -17.3267 44.681 31.5
    endloop
  endfacet
  facet normal 0.939697 0.342008 4.73356e-18
    outer loop
      vertex -17.3267 44.681 21.5
      vertex -16.6726 42.8838 31.5
      vertex -16.6726 42.8838 21.5
    endloop
  endfacet
  facet normal 0 0 -1
    outer loop
      vertex -27.2037 37.1074 12.5
      vertex -26.6077 39.7433 12.5
      vertex -25.5654 38.2546 12.5
    endloop
  endfacet
  facet normal 0 0 -1
    outer loop
      vertex -26.6077 39.7433 12.5
      vertex -27.2037 37.1074 12.5
      vertex -28.2461 38.5961 12.5
    endloop
  endfacet
  facet normal -0.819178 -0.57354 6.98019e-19
    outer loop
      vertex -25.5654 38.2546 2.5
      vertex -26.6077 39.7433 12.5
      vertex -26.6077 39.7433 2.5
    endloop
  endfacet
  facet normal -0.819178 -0.57354 6.98019e-19
    outer loop
      vertex -26.6077 39.7433 12.5
      vertex -25.5654 38.2546 2.5
      vertex -25.5654 38.2546 12.5
    endloop
  endfacet
  facet normal -0.573593 0.81914 0
    outer loop
      vertex -25.5654 38.2546 2.5
      vertex -27.2037 37.1074 12.5
      vertex -25.5654 38.2546 12.5
    endloop
  endfacet
  facet normal -0.573593 0.81914 0
    outer loop
      vertex -27.2037 37.1074 12.5
      vertex -25.5654 38.2546 2.5
      vertex -27.2037 37.1074 2.5
    endloop
  endfacet
  facet normal 0 0 1
    outer loop
      vertex -26.6077 39.7433 2.5
      vertex -27.2037 37.1074 2.5
      vertex -25.5654 38.2546 2.5
    endloop
  endfacet
  facet normal 0 -0 1
    outer loop
      vertex -27.2037 37.1074 2.5
      vertex -26.6077 39.7433 2.5
      vertex -28.2461 38.5961 2.5
    endloop
  endfacet
  facet normal 0.819152 0.573577 -3.96725e-18
    outer loop
      vertex -27.2037 37.1074 12.5
      vertex -28.2461 38.5961 2.5
      vertex -28.2461 38.5961 12.5
    endloop
  endfacet
  facet normal 0.819152 0.573577 -3.96725e-18
    outer loop
      vertex -28.2461 38.5961 2.5
      vertex -27.2037 37.1074 12.5
      vertex -27.2037 37.1074 2.5
    endloop
  endfacet
  facet normal 0 0 -1
    outer loop
      vertex -24 41.5692 31.5
      vertex -22.134 40.3372 31.5
      vertex -23.866 39.3372 31.5
    endloop
  endfacet
  facet normal 0 0 -1
    outer loop
      vertex -22.134 40.3372 31.5
      vertex -24 41.5692 31.5
      vertex -23.0902 41.9935 31.5
    endloop
  endfacet
  facet normal 0 -0 -1
    outer loop
      vertex -24 41.5692 31.5
      vertex -23.866 39.3372 31.5
      vertex -24.8223 40.9935 31.5
    endloop
  endfacet
  facet normal -0.86604 -0.499974 -4.26312e-18
    outer loop
      vertex -22.134 40.3372 21.5
      vertex -23.0902 41.9935 31.5
      vertex -23.0902 41.9935 21.5
    endloop
  endfacet
  facet normal -0.86604 -0.499974 -4.26312e-18
    outer loop
      vertex -23.0902 41.9935 31.5
      vertex -22.134 40.3372 21.5
      vertex -22.134 40.3372 31.5
    endloop
  endfacet
  facet normal -0.500011 0.866019 0
    outer loop
      vertex -22.134 40.3372 21.5
      vertex -23.866 39.3372 31.5
      vertex -22.134 40.3372 31.5
    endloop
  endfacet
  facet normal -0.500011 0.866019 0
    outer loop
      vertex -23.866 39.3372 31.5
      vertex -22.134 40.3372 21.5
      vertex -23.866 39.3372 21.5
    endloop
  endfacet
  facet normal -0 0 1
    outer loop
      vertex -24 41.5692 21.5
      vertex -22.134 40.3372 21.5
      vertex -23.0902 41.9935 21.5
    endloop
  endfacet
  facet normal 0 0 1
    outer loop
      vertex -22.134 40.3372 21.5
      vertex -24 41.5692 21.5
      vertex -23.866 39.3372 21.5
    endloop
  endfacet
  facet normal 0 0 1
    outer loop
      vertex -23.866 39.3372 21.5
      vertex -24 41.5692 21.5
      vertex -24.8223 40.9935 21.5
    endloop
  endfacet
  facet normal 0.866018 0.500014 3.10088e-18
    outer loop
      vertex -23.866 39.3372 31.5
      vertex -24.8223 40.9935 21.5
      vertex -24.8223 40.9935 31.5
    endloop
  endfacet
  facet normal 0.866018 0.500014 3.10088e-18
    outer loop
      vertex -24.8223 40.9935 21.5
      vertex -23.866 39.3372 31.5
      vertex -23.866 39.3372 21.5
    endloop
  endfacet
  facet normal 0 0 -1
    outer loop
      vertex -33.234 31.8198 12.5
      vertex -33.1049 34.5191 12.5
      vertex -31.8198 33.234 12.5
    endloop
  endfacet
  facet normal 0 0 -1
    outer loop
      vertex -33.1049 34.5191 12.5
      vertex -33.234 31.8198 12.5
      vertex -34.5191 33.1049 12.5
    endloop
  endfacet
  facet normal -0.707107 -0.707107 -3.7166e-18
    outer loop
      vertex -31.8198 33.234 2.5
      vertex -33.1049 34.5191 12.5
      vertex -33.1049 34.5191 2.5
    endloop
  endfacet
  facet normal -0.707107 -0.707107 -3.7166e-18
    outer loop
      vertex -33.1049 34.5191 12.5
      vertex -31.8198 33.234 2.5
      vertex -31.8198 33.234 12.5
    endloop
  endfacet
  facet normal -0.707107 0.707107 4.87896e-19
    outer loop
      vertex -33.234 31.8198 2.5
      vertex -31.8198 33.234 12.5
      vertex -31.8198 33.234 2.5
    endloop
  endfacet
  facet normal -0.707107 0.707107 4.87896e-19
    outer loop
      vertex -31.8198 33.234 12.5
      vertex -33.234 31.8198 2.5
      vertex -33.234 31.8198 12.5
    endloop
  endfacet
  facet normal 0 0 1
    outer loop
      vertex -33.1049 34.5191 2.5
      vertex -33.234 31.8198 2.5
      vertex -31.8198 33.234 2.5
    endloop
  endfacet
  facet normal 0 -0 1
    outer loop
      vertex -33.234 31.8198 2.5
      vertex -33.1049 34.5191 2.5
      vertex -34.5191 33.1049 2.5
    endloop
  endfacet
  facet normal 0.707107 0.707107 -0
    outer loop
      vertex -33.234 31.8198 2.5
      vertex -34.5191 33.1049 12.5
      vertex -33.234 31.8198 12.5
    endloop
  endfacet
  facet normal 0.707107 0.707107 0
    outer loop
      vertex -34.5191 33.1049 12.5
      vertex -33.234 31.8198 2.5
      vertex -34.5191 33.1049 2.5
    endloop
  endfacet
  facet normal 0 0 -1
    outer loop
      vertex -30.8538 36.7701 31.5
      vertex -28.8022 35.8808 31.5
      vertex -30.3343 34.5953 31.5
    endloop
  endfacet
  facet normal 0 0 -1
    outer loop
      vertex -28.8022 35.8808 31.5
      vertex -30.8538 36.7701 31.5
      vertex -30.0315 37.3459 31.5
    endloop
  endfacet
  facet normal 0 -0 -1
    outer loop
      vertex -30.8538 36.7701 31.5
      vertex -30.3343 34.5953 31.5
      vertex -31.5636 36.0603 31.5
    endloop
  endfacet
  facet normal -0.766061 -0.642768 -2.43767e-19
    outer loop
      vertex -28.8022 35.8808 21.5
      vertex -30.0315 37.3459 31.5
      vertex -30.0315 37.3459 21.5
    endloop
  endfacet
  facet normal -0.766061 -0.642768 -2.43767e-19
    outer loop
      vertex -30.0315 37.3459 31.5
      vertex -28.8022 35.8808 21.5
      vertex -28.8022 35.8808 31.5
    endloop
  endfacet
  facet normal -0.642763 0.766065 0
    outer loop
      vertex -28.8022 35.8808 21.5
      vertex -30.3343 34.5953 31.5
      vertex -28.8022 35.8808 31.5
    endloop
  endfacet
  facet normal -0.642763 0.766065 0
    outer loop
      vertex -30.3343 34.5953 31.5
      vertex -28.8022 35.8808 21.5
      vertex -30.3343 34.5953 21.5
    endloop
  endfacet
  facet normal -0 0 1
    outer loop
      vertex -30.8538 36.7701 21.5
      vertex -28.8022 35.8808 21.5
      vertex -30.0315 37.3459 21.5
    endloop
  endfacet
  facet normal 0 0 1
    outer loop
      vertex -28.8022 35.8808 21.5
      vertex -30.8538 36.7701 21.5
      vertex -30.3343 34.5953 21.5
    endloop
  endfacet
  facet normal 0 0 1
    outer loop
      vertex -30.3343 34.5953 21.5
      vertex -30.8538 36.7701 21.5
      vertex -31.5636 36.0603 21.5
    endloop
  endfacet
  facet normal 0.76604 0.642793 -6.46292e-19
    outer loop
      vertex -30.3343 34.5953 31.5
      vertex -31.5636 36.0603 21.5
      vertex -31.5636 36.0603 31.5
    endloop
  endfacet
  facet normal 0.76604 0.642793 -6.46292e-19
    outer loop
      vertex -31.5636 36.0603 21.5
      vertex -30.3343 34.5953 31.5
      vertex -30.3343 34.5953 21.5
    endloop
  endfacet
  facet normal 0 0 -1
    outer loop
      vertex -38.2546 25.5654 12.5
      vertex -38.5961 28.2461 12.5
      vertex -37.1074 27.2037 12.5
    endloop
  endfacet
  facet normal 0 -0 -1
    outer loop
      vertex -38.5961 28.2461 12.5
      vertex -38.2546 25.5654 12.5
      vertex -39.7433 26.6077 12.5
    endloop
  endfacet
  facet normal -0.573577 -0.819152 0
    outer loop
      vertex -38.5961 28.2461 2.5
      vertex -37.1074 27.2037 12.5
      vertex -38.5961 28.2461 12.5
    endloop
  endfacet
  facet normal -0.573577 -0.819152 -0
    outer loop
      vertex -37.1074 27.2037 12.5
      vertex -38.5961 28.2461 2.5
      vertex -37.1074 27.2037 2.5
    endloop
  endfacet
  facet normal -0.81914 0.573593 2.0437e-18
    outer loop
      vertex -38.2546 25.5654 2.5
      vertex -37.1074 27.2037 12.5
      vertex -37.1074 27.2037 2.5
    endloop
  endfacet
  facet normal -0.81914 0.573593 2.0437e-18
    outer loop
      vertex -37.1074 27.2037 12.5
      vertex -38.2546 25.5654 2.5
      vertex -38.2546 25.5654 12.5
    endloop
  endfacet
  facet normal 0 0 1
    outer loop
      vertex -38.5961 28.2461 2.5
      vertex -38.2546 25.5654 2.5
      vertex -37.1074 27.2037 2.5
    endloop
  endfacet
  facet normal 0 0 1
    outer loop
      vertex -38.2546 25.5654 2.5
      vertex -38.5961 28.2461 2.5
      vertex -39.7433 26.6077 2.5
    endloop
  endfacet
  facet normal 0.57354 0.819178 -0
    outer loop
      vertex -38.2546 25.5654 2.5
      vertex -39.7433 26.6077 12.5
      vertex -38.2546 25.5654 12.5
    endloop
  endfacet
  facet normal 0.57354 0.819178 0
    outer loop
      vertex -39.7433 26.6077 12.5
      vertex -38.2546 25.5654 2.5
      vertex -39.7433 26.6077 2.5
    endloop
  endfacet
  facet normal 0 0 -1
    outer loop
      vertex -36.7701 30.8538 31.5
      vertex -34.5953 30.3343 31.5
      vertex -35.8808 28.8022 31.5
    endloop
  endfacet
  facet normal 0 0 -1
    outer loop
      vertex -34.5953 30.3343 31.5
      vertex -36.7701 30.8538 31.5
      vertex -36.0603 31.5636 31.5
    endloop
  endfacet
  facet normal 0 -0 -1
    outer loop
      vertex -36.7701 30.8538 31.5
      vertex -35.8808 28.8022 31.5
      vertex -37.3459 30.0315 31.5
    endloop
  endfacet
  facet normal -0.642793 -0.76604 0
    outer loop
      vertex -36.0603 31.5636 21.5
      vertex -34.5953 30.3343 31.5
      vertex -36.0603 31.5636 31.5
    endloop
  endfacet
  facet normal -0.642793 -0.76604 -0
    outer loop
      vertex -34.5953 30.3343 31.5
      vertex -36.0603 31.5636 21.5
      vertex -34.5953 30.3343 21.5
    endloop
  endfacet
  facet normal -0.766065 0.642763 1.4637e-18
    outer loop
      vertex -35.8808 28.8022 21.5
      vertex -34.5953 30.3343 31.5
      vertex -34.5953 30.3343 21.5
    endloop
  endfacet
  facet normal -0.766065 0.642763 1.4637e-18
    outer loop
      vertex -34.5953 30.3343 31.5
      vertex -35.8808 28.8022 21.5
      vertex -35.8808 28.8022 31.5
    endloop
  endfacet
  facet normal -0 0 1
    outer loop
      vertex -36.7701 30.8538 21.5
      vertex -34.5953 30.3343 21.5
      vertex -36.0603 31.5636 21.5
    endloop
  endfacet
  facet normal 0 0 1
    outer loop
      vertex -34.5953 30.3343 21.5
      vertex -36.7701 30.8538 21.5
      vertex -35.8808 28.8022 21.5
    endloop
  endfacet
  facet normal 0 0 1
    outer loop
      vertex -35.8808 28.8022 21.5
      vertex -36.7701 30.8538 21.5
      vertex -37.3459 30.0315 21.5
    endloop
  endfacet
  facet normal 0.642768 0.766061 -0
    outer loop
      vertex -35.8808 28.8022 21.5
      vertex -37.3459 30.0315 31.5
      vertex -35.8808 28.8022 31.5
    endloop
  endfacet
  facet normal 0.642768 0.766061 0
    outer loop
      vertex -37.3459 30.0315 31.5
      vertex -35.8808 28.8022 21.5
      vertex -37.3459 30.0315 21.5
    endloop
  endfacet
  facet normal 0 0 -1
    outer loop
      vertex -42.1128 18.5341 12.5
      vertex -42.9146 21.1148 12.5
      vertex -41.2675 20.3467 12.5
    endloop
  endfacet
  facet normal 0 -0 -1
    outer loop
      vertex -42.9146 21.1148 12.5
      vertex -42.1128 18.5341 12.5
      vertex -43.7598 19.3022 12.5
    endloop
  endfacet
  facet normal -0.422638 -0.906298 0
    outer loop
      vertex -42.9146 21.1148 2.5
      vertex -41.2675 20.3467 12.5
      vertex -42.9146 21.1148 12.5
    endloop
  endfacet
  facet normal -0.422638 -0.906298 -0
    outer loop
      vertex -41.2675 20.3467 12.5
      vertex -42.9146 21.1148 2.5
      vertex -41.2675 20.3467 2.5
    endloop
  endfacet
  facet normal -0.906294 0.422647 2.8677e-18
    outer loop
      vertex -42.1128 18.5341 2.5
      vertex -41.2675 20.3467 12.5
      vertex -41.2675 20.3467 2.5
    endloop
  endfacet
  facet normal -0.906294 0.422647 2.8677e-18
    outer loop
      vertex -41.2675 20.3467 12.5
      vertex -42.1128 18.5341 2.5
      vertex -42.1128 18.5341 12.5
    endloop
  endfacet
  facet normal 0 0 1
    outer loop
      vertex -42.9146 21.1148 2.5
      vertex -42.1128 18.5341 2.5
      vertex -41.2675 20.3467 2.5
    endloop
  endfacet
  facet normal 0 0 1
    outer loop
      vertex -42.1128 18.5341 2.5
      vertex -42.9146 21.1148 2.5
      vertex -43.7598 19.3022 2.5
    endloop
  endfacet
  facet normal 0.42266 0.906289 -0
    outer loop
      vertex -42.1128 18.5341 2.5
      vertex -43.7598 19.3022 12.5
      vertex -42.1128 18.5341 12.5
    endloop
  endfacet
  facet normal 0.42266 0.906289 0
    outer loop
      vertex -43.7598 19.3022 12.5
      vertex -42.1128 18.5341 2.5
      vertex -43.7598 19.3022 2.5
    endloop
  endfacet
  facet normal 0 0 -1
    outer loop
      vertex -41.5692 24 31.5
      vertex -39.3372 23.866 31.5
      vertex -40.3372 22.134 31.5
    endloop
  endfacet
  facet normal 0 0 -1
    outer loop
      vertex -39.3372 23.866 31.5
      vertex -41.5692 24 31.5
      vertex -40.9935 24.8223 31.5
    endloop
  endfacet
  facet normal 0 -0 -1
    outer loop
      vertex -41.5692 24 31.5
      vertex -40.3372 22.134 31.5
      vertex -41.9935 23.0902 31.5
    endloop
  endfacet
  facet normal -0.500014 -0.866018 0
    outer loop
      vertex -40.9935 24.8223 21.5
      vertex -39.3372 23.866 31.5
      vertex -40.9935 24.8223 31.5
    endloop
  endfacet
  facet normal -0.500014 -0.866018 -0
    outer loop
      vertex -39.3372 23.866 31.5
      vertex -40.9935 24.8223 21.5
      vertex -39.3372 23.866 21.5
    endloop
  endfacet
  facet normal -0.866019 0.500011 0
    outer loop
      vertex -40.3372 22.134 21.5
      vertex -39.3372 23.866 31.5
      vertex -39.3372 23.866 21.5
    endloop
  endfacet
  facet normal -0.866019 0.500011 0
    outer loop
      vertex -39.3372 23.866 31.5
      vertex -40.3372 22.134 21.5
      vertex -40.3372 22.134 31.5
    endloop
  endfacet
  facet normal -0 0 1
    outer loop
      vertex -41.5692 24 21.5
      vertex -39.3372 23.866 21.5
      vertex -40.9935 24.8223 21.5
    endloop
  endfacet
  facet normal 0 0 1
    outer loop
      vertex -39.3372 23.866 21.5
      vertex -41.5692 24 21.5
      vertex -40.3372 22.134 21.5
    endloop
  endfacet
  facet normal 0 0 1
    outer loop
      vertex -40.3372 22.134 21.5
      vertex -41.5692 24 21.5
      vertex -41.9935 23.0902 21.5
    endloop
  endfacet
  facet normal 0.499974 0.86604 -0
    outer loop
      vertex -40.3372 22.134 21.5
      vertex -41.9935 23.0902 31.5
      vertex -40.3372 22.134 31.5
    endloop
  endfacet
  facet normal 0.499974 0.86604 0
    outer loop
      vertex -41.9935 23.0902 31.5
      vertex -40.3372 22.134 21.5
      vertex -41.9935 23.0902 21.5
    endloop
  endfacet
  facet normal 0 0 -1
    outer loop
      vertex -44.6914 10.9397 12.5
      vertex -45.9292 13.342 12.5
      vertex -44.1738 12.8716 12.5
    endloop
  endfacet
  facet normal 0 -0 -1
    outer loop
      vertex -45.9292 13.342 12.5
      vertex -44.6914 10.9397 12.5
      vertex -46.4468 11.4101 12.5
    endloop
  endfacet
  facet normal -0.258841 -0.96592 0
    outer loop
      vertex -45.9292 13.342 2.5
      vertex -44.1738 12.8716 12.5
      vertex -45.9292 13.342 12.5
    endloop
  endfacet
  facet normal -0.258841 -0.96592 -0
    outer loop
      vertex -44.1738 12.8716 12.5
      vertex -45.9292 13.342 2.5
      vertex -44.1738 12.8716 2.5
    endloop
  endfacet
  facet normal -0.965932 0.258795 1.42028e-18
    outer loop
      vertex -44.6914 10.9397 2.5
      vertex -44.1738 12.8716 12.5
      vertex -44.1738 12.8716 2.5
    endloop
  endfacet
  facet normal -0.965932 0.258795 1.42028e-18
    outer loop
      vertex -44.1738 12.8716 12.5
      vertex -44.6914 10.9397 2.5
      vertex -44.6914 10.9397 12.5
    endloop
  endfacet
  facet normal 0 0 1
    outer loop
      vertex -45.9292 13.342 2.5
      vertex -44.6914 10.9397 2.5
      vertex -44.1738 12.8716 2.5
    endloop
  endfacet
  facet normal 0 0 1
    outer loop
      vertex -44.6914 10.9397 2.5
      vertex -45.9292 13.342 2.5
      vertex -46.4468 11.4101 2.5
    endloop
  endfacet
  facet normal 0.258841 0.96592 -0
    outer loop
      vertex -44.6914 10.9397 2.5
      vertex -46.4468 11.4101 12.5
      vertex -44.6914 10.9397 12.5
    endloop
  endfacet
  facet normal 0.258841 0.96592 0
    outer loop
      vertex -46.4468 11.4101 12.5
      vertex -44.6914 10.9397 2.5
      vertex -46.4468 11.4101 2.5
    endloop
  endfacet
  facet normal 0 0 -1
    outer loop
      vertex -45.1052 16.417 31.5
      vertex -42.8838 16.6726 31.5
      vertex -43.5679 14.7932 31.5
    endloop
  endfacet
  facet normal -0 0 -1
    outer loop
      vertex -42.8838 16.6726 31.5
      vertex -45.1052 16.417 31.5
      vertex -44.681 17.3267 31.5
    endloop
  endfacet
  facet normal 0 -0 -1
    outer loop
      vertex -45.1052 16.417 31.5
      vertex -43.5679 14.7932 31.5
      vertex -45.3651 15.4474 31.5
    endloop
  endfacet
  facet normal -0.342008 -0.939697 0
    outer loop
      vertex -44.681 17.3267 21.5
      vertex -42.8838 16.6726 31.5
      vertex -44.681 17.3267 31.5
    endloop
  endfacet
  facet normal -0.342008 -0.939697 -0
    outer loop
      vertex -42.8838 16.6726 31.5
      vertex -44.681 17.3267 21.5
      vertex -42.8838 16.6726 21.5
    endloop
  endfacet
  facet normal -0.939684 0.342044 -8.294e-19
    outer loop
      vertex -43.5679 14.7932 21.5
      vertex -42.8838 16.6726 31.5
      vertex -42.8838 16.6726 21.5
    endloop
  endfacet
  facet normal -0.939684 0.342044 -8.294e-19
    outer loop
      vertex -42.8838 16.6726 31.5
      vertex -43.5679 14.7932 21.5
      vertex -43.5679 14.7932 31.5
    endloop
  endfacet
  facet normal 0 0 1
    outer loop
      vertex -45.1052 16.417 21.5
      vertex -42.8838 16.6726 21.5
      vertex -44.681 17.3267 21.5
    endloop
  endfacet
  facet normal 0 0 1
    outer loop
      vertex -42.8838 16.6726 21.5
      vertex -45.1052 16.417 21.5
      vertex -43.5679 14.7932 21.5
    endloop
  endfacet
  facet normal 0 0 1
    outer loop
      vertex -43.5679 14.7932 21.5
      vertex -45.1052 16.417 21.5
      vertex -45.3651 15.4474 21.5
    endloop
  endfacet
  facet normal 0.342054 0.93968 -0
    outer loop
      vertex -43.5679 14.7932 21.5
      vertex -45.3651 15.4474 31.5
      vertex -43.5679 14.7932 31.5
    endloop
  endfacet
  facet normal 0.342054 0.93968 0
    outer loop
      vertex -45.3651 15.4474 31.5
      vertex -43.5679 14.7932 21.5
      vertex -45.3651 15.4474 21.5
    endloop
  endfacet
  facet normal 0 0 -1
    outer loop
      vertex -45.9121 3.01297 12.5
      vertex -47.5482 5.16375 12.5
      vertex -45.7378 5.00536 12.5
    endloop
  endfacet
  facet normal 0 -0 -1
    outer loop
      vertex -47.5482 5.16375 12.5
      vertex -45.9121 3.01297 12.5
      vertex -47.7225 3.17136 12.5
    endloop
  endfacet
  facet normal -0.087156 -0.996195 0
    outer loop
      vertex -47.5482 5.16375 2.5
      vertex -45.7378 5.00536 12.5
      vertex -47.5482 5.16375 12.5
    endloop
  endfacet
  facet normal -0.087156 -0.996195 -0
    outer loop
      vertex -45.7378 5.00536 12.5
      vertex -47.5482 5.16375 2.5
      vertex -45.7378 5.00536 2.5
    endloop
  endfacet
  facet normal -0.996195 0.08715 -8.22639e-19
    outer loop
      vertex -45.9121 3.01297 2.5
      vertex -45.7378 5.00536 12.5
      vertex -45.7378 5.00536 2.5
    endloop
  endfacet
  facet normal -0.996195 0.08715 -8.22639e-19
    outer loop
      vertex -45.7378 5.00536 12.5
      vertex -45.9121 3.01297 2.5
      vertex -45.9121 3.01297 12.5
    endloop
  endfacet
  facet normal 0 0 1
    outer loop
      vertex -47.5482 5.16375 2.5
      vertex -45.9121 3.01297 2.5
      vertex -45.7378 5.00536 2.5
    endloop
  endfacet
  facet normal 0 0 1
    outer loop
      vertex -45.9121 3.01297 2.5
      vertex -47.5482 5.16375 2.5
      vertex -47.7225 3.17136 2.5
    endloop
  endfacet
  facet normal 0.087156 0.996195 -0
    outer loop
      vertex -45.9121 3.01297 2.5
      vertex -47.7225 3.17136 12.5
      vertex -45.9121 3.01297 12.5
    endloop
  endfacet
  facet normal 0.087156 0.996195 0
    outer loop
      vertex -47.7225 3.17136 12.5
      vertex -45.9121 3.01297 2.5
      vertex -47.7225 3.17136 2.5
    endloop
  endfacet
  facet normal 0 0 -1
    outer loop
      vertex -47.2708 8.33511 31.5
      vertex -45.1275 8.97262 31.5
      vertex -45.4748 7.00301 31.5
    endloop
  endfacet
  facet normal -0 0 -1
    outer loop
      vertex -45.1275 8.97262 31.5
      vertex -47.2708 8.33511 31.5
      vertex -47.011 9.30473 31.5
    endloop
  endfacet
  facet normal 0 -0 -1
    outer loop
      vertex -47.2708 8.33511 31.5
      vertex -45.4748 7.00301 31.5
      vertex -47.3583 7.33511 31.5
    endloop
  endfacet
  facet normal -0.173647 -0.984808 0
    outer loop
      vertex -47.011 9.30473 21.5
      vertex -45.1275 8.97262 31.5
      vertex -47.011 9.30473 31.5
    endloop
  endfacet
  facet normal -0.173647 -0.984808 -0
    outer loop
      vertex -45.1275 8.97262 31.5
      vertex -47.011 9.30473 21.5
      vertex -45.1275 8.97262 21.5
    endloop
  endfacet
  facet normal -0.984807 0.17365 1.45554e-18
    outer loop
      vertex -45.4748 7.00301 21.5
      vertex -45.1275 8.97262 31.5
      vertex -45.1275 8.97262 21.5
    endloop
  endfacet
  facet normal -0.984807 0.17365 1.45554e-18
    outer loop
      vertex -45.1275 8.97262 31.5
      vertex -45.4748 7.00301 21.5
      vertex -45.4748 7.00301 31.5
    endloop
  endfacet
  facet normal 0 0 1
    outer loop
      vertex -47.2708 8.33511 21.5
      vertex -45.1275 8.97262 21.5
      vertex -47.011 9.30473 21.5
    endloop
  endfacet
  facet normal 0 0 1
    outer loop
      vertex -45.1275 8.97262 21.5
      vertex -47.2708 8.33511 21.5
      vertex -45.4748 7.00301 21.5
    endloop
  endfacet
  facet normal 0 0 1
    outer loop
      vertex -45.4748 7.00301 21.5
      vertex -47.2708 8.33511 21.5
      vertex -47.3583 7.33511 21.5
    endloop
  endfacet
  facet normal 0.173642 0.984809 -0
    outer loop
      vertex -45.4748 7.00301 21.5
      vertex -47.3583 7.33511 31.5
      vertex -45.4748 7.00301 31.5
    endloop
  endfacet
  facet normal 0.173642 0.984809 0
    outer loop
      vertex -47.3583 7.33511 31.5
      vertex -45.4748 7.00301 21.5
      vertex -47.3583 7.33511 21.5
    endloop
  endfacet
  facet normal 0 0 -1
    outer loop
      vertex -47.5482 -5.16375 12.5
      vertex -45.9121 -3.01297 12.5
      vertex -45.7378 -5.00536 12.5
    endloop
  endfacet
  facet normal 0 0 -1
    outer loop
      vertex -45.9121 -3.01297 12.5
      vertex -47.5482 -5.16375 12.5
      vertex -47.7225 -3.17136 12.5
    endloop
  endfacet
  facet normal -0.996195 -0.08715 8.22639e-19
    outer loop
      vertex -45.7378 -5.00536 2.5
      vertex -45.9121 -3.01297 12.5
      vertex -45.9121 -3.01297 2.5
    endloop
  endfacet
  facet normal -0.996195 -0.08715 8.22639e-19
    outer loop
      vertex -45.9121 -3.01297 12.5
      vertex -45.7378 -5.00536 2.5
      vertex -45.7378 -5.00536 12.5
    endloop
  endfacet
  facet normal 0.087156 -0.996195 0
    outer loop
      vertex -47.7225 -3.17136 2.5
      vertex -45.9121 -3.01297 12.5
      vertex -47.7225 -3.17136 12.5
    endloop
  endfacet
  facet normal 0.087156 -0.996195 0
    outer loop
      vertex -45.9121 -3.01297 12.5
      vertex -47.7225 -3.17136 2.5
      vertex -45.9121 -3.01297 2.5
    endloop
  endfacet
  facet normal 0 0 1
    outer loop
      vertex -45.9121 -3.01297 2.5
      vertex -47.5482 -5.16375 2.5
      vertex -45.7378 -5.00536 2.5
    endloop
  endfacet
  facet normal 0 -0 1
    outer loop
      vertex -47.5482 -5.16375 2.5
      vertex -45.9121 -3.01297 2.5
      vertex -47.7225 -3.17136 2.5
    endloop
  endfacet
  facet normal -0.087156 0.996195 0
    outer loop
      vertex -45.7378 -5.00536 2.5
      vertex -47.5482 -5.16375 12.5
      vertex -45.7378 -5.00536 12.5
    endloop
  endfacet
  facet normal -0.087156 0.996195 0
    outer loop
      vertex -47.5482 -5.16375 12.5
      vertex -45.7378 -5.00536 2.5
      vertex -47.5482 -5.16375 2.5
    endloop
  endfacet
  facet normal 0 0 -1
    outer loop
      vertex -48 0 31.5
      vertex -46 -1 31.5
      vertex -47.9125 -1 31.5
    endloop
  endfacet
  facet normal 0 0 -1
    outer loop
      vertex -46 -1 31.5
      vertex -48 0 31.5
      vertex -46 1 31.5
    endloop
  endfacet
  facet normal -0 0 -1
    outer loop
      vertex -46 1 31.5
      vertex -48 0 31.5
      vertex -47.9125 1 31.5
    endloop
  endfacet
  facet normal 0 -1 0
    outer loop
      vertex -47.9125 1 21.5
      vertex -46 1 31.5
      vertex -47.9125 1 31.5
    endloop
  endfacet
  facet normal 0 -1 -0
    outer loop
      vertex -46 1 31.5
      vertex -47.9125 1 21.5
      vertex -46 1 21.5
    endloop
  endfacet
  facet normal -1 0 0
    outer loop
      vertex -46 -1 21.5
      vertex -46 1 31.5
      vertex -46 1 21.5
    endloop
  endfacet
  facet normal -1 -0 0
    outer loop
      vertex -46 1 31.5
      vertex -46 -1 21.5
      vertex -46 -1 31.5
    endloop
  endfacet
  facet normal 0 0 1
    outer loop
      vertex -48 0 21.5
      vertex -46 1 21.5
      vertex -47.9125 1 21.5
    endloop
  endfacet
  facet normal 0 0 1
    outer loop
      vertex -46 1 21.5
      vertex -48 0 21.5
      vertex -46 -1 21.5
    endloop
  endfacet
  facet normal 0 0 1
    outer loop
      vertex -46 -1 21.5
      vertex -48 0 21.5
      vertex -47.9125 -1 21.5
    endloop
  endfacet
  facet normal 0 1 -0
    outer loop
      vertex -46 -1 21.5
      vertex -47.9125 -1 31.5
      vertex -46 -1 31.5
    endloop
  endfacet
  facet normal 0 1 0
    outer loop
      vertex -47.9125 -1 31.5
      vertex -46 -1 21.5
      vertex -47.9125 -1 21.5
    endloop
  endfacet
  facet normal 0 0 -1
    outer loop
      vertex -45.9292 -13.342 12.5
      vertex -44.6914 -10.9397 12.5
      vertex -44.1738 -12.8716 12.5
    endloop
  endfacet
  facet normal 0 0 -1
    outer loop
      vertex -44.6914 -10.9397 12.5
      vertex -45.9292 -13.342 12.5
      vertex -46.4468 -11.4101 12.5
    endloop
  endfacet
  facet normal -0.965932 -0.258795 -1.42028e-18
    outer loop
      vertex -44.1738 -12.8716 2.5
      vertex -44.6914 -10.9397 12.5
      vertex -44.6914 -10.9397 2.5
    endloop
  endfacet
  facet normal -0.965932 -0.258795 -1.42028e-18
    outer loop
      vertex -44.6914 -10.9397 12.5
      vertex -44.1738 -12.8716 2.5
      vertex -44.1738 -12.8716 12.5
    endloop
  endfacet
  facet normal 0.258841 -0.96592 0
    outer loop
      vertex -46.4468 -11.4101 2.5
      vertex -44.6914 -10.9397 12.5
      vertex -46.4468 -11.4101 12.5
    endloop
  endfacet
  facet normal 0.258841 -0.96592 0
    outer loop
      vertex -44.6914 -10.9397 12.5
      vertex -46.4468 -11.4101 2.5
      vertex -44.6914 -10.9397 2.5
    endloop
  endfacet
  facet normal 0 0 1
    outer loop
      vertex -44.6914 -10.9397 2.5
      vertex -45.9292 -13.342 2.5
      vertex -44.1738 -12.8716 2.5
    endloop
  endfacet
  facet normal 0 -0 1
    outer loop
      vertex -45.9292 -13.342 2.5
      vertex -44.6914 -10.9397 2.5
      vertex -46.4468 -11.4101 2.5
    endloop
  endfacet
  facet normal -0.258841 0.96592 0
    outer loop
      vertex -44.1738 -12.8716 2.5
      vertex -45.9292 -13.342 12.5
      vertex -44.1738 -12.8716 12.5
    endloop
  endfacet
  facet normal -0.258841 0.96592 0
    outer loop
      vertex -45.9292 -13.342 12.5
      vertex -44.1738 -12.8716 2.5
      vertex -45.9292 -13.342 2.5
    endloop
  endfacet
  facet normal 0 0 -1
    outer loop
      vertex -47.2708 -8.33511 31.5
      vertex -45.1275 -8.97262 31.5
      vertex -47.011 -9.30473 31.5
    endloop
  endfacet
  facet normal 0 0 -1
    outer loop
      vertex -45.1275 -8.97262 31.5
      vertex -47.2708 -8.33511 31.5
      vertex -45.4748 -7.00301 31.5
    endloop
  endfacet
  facet normal 0 0 -1
    outer loop
      vertex -45.4748 -7.00301 31.5
      vertex -47.2708 -8.33511 31.5
      vertex -47.3583 -7.33511 31.5
    endloop
  endfacet
  facet normal -0.984807 -0.17365 -1.45554e-18
    outer loop
      vertex -45.1275 -8.97262 21.5
      vertex -45.4748 -7.00301 31.5
      vertex -45.4748 -7.00301 21.5
    endloop
  endfacet
  facet normal -0.984807 -0.17365 -1.45554e-18
    outer loop
      vertex -45.4748 -7.00301 31.5
      vertex -45.1275 -8.97262 21.5
      vertex -45.1275 -8.97262 31.5
    endloop
  endfacet
  facet normal 0.173642 -0.984809 0
    outer loop
      vertex -47.3583 -7.33511 21.5
      vertex -45.4748 -7.00301 31.5
      vertex -47.3583 -7.33511 31.5
    endloop
  endfacet
  facet normal 0.173642 -0.984809 0
    outer loop
      vertex -45.4748 -7.00301 31.5
      vertex -47.3583 -7.33511 21.5
      vertex -45.4748 -7.00301 21.5
    endloop
  endfacet
  facet normal -0 0 1
    outer loop
      vertex -47.2708 -8.33511 21.5
      vertex -45.1275 -8.97262 21.5
      vertex -45.4748 -7.00301 21.5
    endloop
  endfacet
  facet normal 0 0 1
    outer loop
      vertex -45.1275 -8.97262 21.5
      vertex -47.2708 -8.33511 21.5
      vertex -47.011 -9.30473 21.5
    endloop
  endfacet
  facet normal 0 -0 1
    outer loop
      vertex -47.2708 -8.33511 21.5
      vertex -45.4748 -7.00301 21.5
      vertex -47.3583 -7.33511 21.5
    endloop
  endfacet
  facet normal -0.173647 0.984808 0
    outer loop
      vertex -45.1275 -8.97262 21.5
      vertex -47.011 -9.30473 31.5
      vertex -45.1275 -8.97262 31.5
    endloop
  endfacet
  facet normal -0.173647 0.984808 0
    outer loop
      vertex -47.011 -9.30473 31.5
      vertex -45.1275 -8.97262 21.5
      vertex -47.011 -9.30473 21.5
    endloop
  endfacet
  facet normal 0 0 -1
    outer loop
      vertex -42.9146 -21.1148 12.5
      vertex -42.1128 -18.5341 12.5
      vertex -41.2675 -20.3467 12.5
    endloop
  endfacet
  facet normal 0 0 -1
    outer loop
      vertex -42.1128 -18.5341 12.5
      vertex -42.9146 -21.1148 12.5
      vertex -43.7598 -19.3022 12.5
    endloop
  endfacet
  facet normal -0.906294 -0.422647 -2.8677e-18
    outer loop
      vertex -41.2675 -20.3467 2.5
      vertex -42.1128 -18.5341 12.5
      vertex -42.1128 -18.5341 2.5
    endloop
  endfacet
  facet normal -0.906294 -0.422647 -2.8677e-18
    outer loop
      vertex -42.1128 -18.5341 12.5
      vertex -41.2675 -20.3467 2.5
      vertex -41.2675 -20.3467 12.5
    endloop
  endfacet
  facet normal 0.42266 -0.906289 0
    outer loop
      vertex -43.7598 -19.3022 2.5
      vertex -42.1128 -18.5341 12.5
      vertex -43.7598 -19.3022 12.5
    endloop
  endfacet
  facet normal 0.42266 -0.906289 0
    outer loop
      vertex -42.1128 -18.5341 12.5
      vertex -43.7598 -19.3022 2.5
      vertex -42.1128 -18.5341 2.5
    endloop
  endfacet
  facet normal 0 0 1
    outer loop
      vertex -42.1128 -18.5341 2.5
      vertex -42.9146 -21.1148 2.5
      vertex -41.2675 -20.3467 2.5
    endloop
  endfacet
  facet normal 0 -0 1
    outer loop
      vertex -42.9146 -21.1148 2.5
      vertex -42.1128 -18.5341 2.5
      vertex -43.7598 -19.3022 2.5
    endloop
  endfacet
  facet normal -0.422638 0.906298 0
    outer loop
      vertex -41.2675 -20.3467 2.5
      vertex -42.9146 -21.1148 12.5
      vertex -41.2675 -20.3467 12.5
    endloop
  endfacet
  facet normal -0.422638 0.906298 0
    outer loop
      vertex -42.9146 -21.1148 12.5
      vertex -41.2675 -20.3467 2.5
      vertex -42.9146 -21.1148 2.5
    endloop
  endfacet
  facet normal 0 0 -1
    outer loop
      vertex -45.1052 -16.417 31.5
      vertex -42.8838 -16.6726 31.5
      vertex -44.681 -17.3267 31.5
    endloop
  endfacet
  facet normal 0 0 -1
    outer loop
      vertex -42.8838 -16.6726 31.5
      vertex -45.1052 -16.417 31.5
      vertex -43.5679 -14.7932 31.5
    endloop
  endfacet
  facet normal 0 0 -1
    outer loop
      vertex -43.5679 -14.7932 31.5
      vertex -45.1052 -16.417 31.5
      vertex -45.3651 -15.4474 31.5
    endloop
  endfacet
  facet normal -0.939684 -0.342044 8.294e-19
    outer loop
      vertex -42.8838 -16.6726 21.5
      vertex -43.5679 -14.7932 31.5
      vertex -43.5679 -14.7932 21.5
    endloop
  endfacet
  facet normal -0.939684 -0.342044 8.294e-19
    outer loop
      vertex -43.5679 -14.7932 31.5
      vertex -42.8838 -16.6726 21.5
      vertex -42.8838 -16.6726 31.5
    endloop
  endfacet
  facet normal 0.342054 -0.93968 0
    outer loop
      vertex -45.3651 -15.4474 21.5
      vertex -43.5679 -14.7932 31.5
      vertex -45.3651 -15.4474 31.5
    endloop
  endfacet
  facet normal 0.342054 -0.93968 0
    outer loop
      vertex -43.5679 -14.7932 31.5
      vertex -45.3651 -15.4474 21.5
      vertex -43.5679 -14.7932 21.5
    endloop
  endfacet
  facet normal -0 0 1
    outer loop
      vertex -45.1052 -16.417 21.5
      vertex -42.8838 -16.6726 21.5
      vertex -43.5679 -14.7932 21.5
    endloop
  endfacet
  facet normal 0 0 1
    outer loop
      vertex -42.8838 -16.6726 21.5
      vertex -45.1052 -16.417 21.5
      vertex -44.681 -17.3267 21.5
    endloop
  endfacet
  facet normal 0 -0 1
    outer loop
      vertex -45.1052 -16.417 21.5
      vertex -43.5679 -14.7932 21.5
      vertex -45.3651 -15.4474 21.5
    endloop
  endfacet
  facet normal -0.342008 0.939697 0
    outer loop
      vertex -42.8838 -16.6726 21.5
      vertex -44.681 -17.3267 31.5
      vertex -42.8838 -16.6726 31.5
    endloop
  endfacet
  facet normal -0.342008 0.939697 0
    outer loop
      vertex -44.681 -17.3267 31.5
      vertex -42.8838 -16.6726 21.5
      vertex -44.681 -17.3267 21.5
    endloop
  endfacet
  facet normal 0 0 -1
    outer loop
      vertex -38.5961 -28.2461 12.5
      vertex -38.2546 -25.5654 12.5
      vertex -37.1074 -27.2037 12.5
    endloop
  endfacet
  facet normal 0 0 -1
    outer loop
      vertex -38.2546 -25.5654 12.5
      vertex -38.5961 -28.2461 12.5
      vertex -39.7433 -26.6077 12.5
    endloop
  endfacet
  facet normal -0.81914 -0.573593 -2.0437e-18
    outer loop
      vertex -37.1074 -27.2037 2.5
      vertex -38.2546 -25.5654 12.5
      vertex -38.2546 -25.5654 2.5
    endloop
  endfacet
  facet normal -0.81914 -0.573593 -2.0437e-18
    outer loop
      vertex -38.2546 -25.5654 12.5
      vertex -37.1074 -27.2037 2.5
      vertex -37.1074 -27.2037 12.5
    endloop
  endfacet
  facet normal 0.57354 -0.819178 0
    outer loop
      vertex -39.7433 -26.6077 2.5
      vertex -38.2546 -25.5654 12.5
      vertex -39.7433 -26.6077 12.5
    endloop
  endfacet
  facet normal 0.57354 -0.819178 0
    outer loop
      vertex -38.2546 -25.5654 12.5
      vertex -39.7433 -26.6077 2.5
      vertex -38.2546 -25.5654 2.5
    endloop
  endfacet
  facet normal 0 0 1
    outer loop
      vertex -38.2546 -25.5654 2.5
      vertex -38.5961 -28.2461 2.5
      vertex -37.1074 -27.2037 2.5
    endloop
  endfacet
  facet normal 0 -0 1
    outer loop
      vertex -38.5961 -28.2461 2.5
      vertex -38.2546 -25.5654 2.5
      vertex -39.7433 -26.6077 2.5
    endloop
  endfacet
  facet normal -0.573577 0.819152 0
    outer loop
      vertex -37.1074 -27.2037 2.5
      vertex -38.5961 -28.2461 12.5
      vertex -37.1074 -27.2037 12.5
    endloop
  endfacet
  facet normal -0.573577 0.819152 0
    outer loop
      vertex -38.5961 -28.2461 12.5
      vertex -37.1074 -27.2037 2.5
      vertex -38.5961 -28.2461 2.5
    endloop
  endfacet
  facet normal 0 0 -1
    outer loop
      vertex -41.5692 -24 31.5
      vertex -39.3372 -23.866 31.5
      vertex -40.9935 -24.8223 31.5
    endloop
  endfacet
  facet normal -0 0 -1
    outer loop
      vertex -39.3372 -23.866 31.5
      vertex -41.5692 -24 31.5
      vertex -40.3372 -22.134 31.5
    endloop
  endfacet
  facet normal 0 0 -1
    outer loop
      vertex -40.3372 -22.134 31.5
      vertex -41.5692 -24 31.5
      vertex -41.9935 -23.0902 31.5
    endloop
  endfacet
  facet normal -0.866019 -0.500011 0
    outer loop
      vertex -39.3372 -23.866 21.5
      vertex -40.3372 -22.134 31.5
      vertex -40.3372 -22.134 21.5
    endloop
  endfacet
  facet normal -0.866019 -0.500011 0
    outer loop
      vertex -40.3372 -22.134 31.5
      vertex -39.3372 -23.866 21.5
      vertex -39.3372 -23.866 31.5
    endloop
  endfacet
  facet normal 0.499974 -0.86604 0
    outer loop
      vertex -41.9935 -23.0902 21.5
      vertex -40.3372 -22.134 31.5
      vertex -41.9935 -23.0902 31.5
    endloop
  endfacet
  facet normal 0.499974 -0.86604 0
    outer loop
      vertex -40.3372 -22.134 31.5
      vertex -41.9935 -23.0902 21.5
      vertex -40.3372 -22.134 21.5
    endloop
  endfacet
  facet normal 0 0 1
    outer loop
      vertex -41.5692 -24 21.5
      vertex -39.3372 -23.866 21.5
      vertex -40.3372 -22.134 21.5
    endloop
  endfacet
  facet normal 0 0 1
    outer loop
      vertex -39.3372 -23.866 21.5
      vertex -41.5692 -24 21.5
      vertex -40.9935 -24.8223 21.5
    endloop
  endfacet
  facet normal 0 -0 1
    outer loop
      vertex -41.5692 -24 21.5
      vertex -40.3372 -22.134 21.5
      vertex -41.9935 -23.0902 21.5
    endloop
  endfacet
  facet normal -0.500014 0.866018 0
    outer loop
      vertex -39.3372 -23.866 21.5
      vertex -40.9935 -24.8223 31.5
      vertex -39.3372 -23.866 31.5
    endloop
  endfacet
  facet normal -0.500014 0.866018 0
    outer loop
      vertex -40.9935 -24.8223 31.5
      vertex -39.3372 -23.866 21.5
      vertex -40.9935 -24.8223 21.5
    endloop
  endfacet
  facet normal 0 0 -1
    outer loop
      vertex -33.1049 -34.5191 12.5
      vertex -33.234 -31.8198 12.5
      vertex -31.8198 -33.234 12.5
    endloop
  endfacet
  facet normal 0 -0 -1
    outer loop
      vertex -33.234 -31.8198 12.5
      vertex -33.1049 -34.5191 12.5
      vertex -34.5191 -33.1049 12.5
    endloop
  endfacet
  facet normal -0.707107 -0.707107 -4.87896e-19
    outer loop
      vertex -31.8198 -33.234 2.5
      vertex -33.234 -31.8198 12.5
      vertex -33.234 -31.8198 2.5
    endloop
  endfacet
  facet normal -0.707107 -0.707107 -4.87896e-19
    outer loop
      vertex -33.234 -31.8198 12.5
      vertex -31.8198 -33.234 2.5
      vertex -31.8198 -33.234 12.5
    endloop
  endfacet
  facet normal 0.707107 -0.707107 0
    outer loop
      vertex -34.5191 -33.1049 2.5
      vertex -33.234 -31.8198 12.5
      vertex -34.5191 -33.1049 12.5
    endloop
  endfacet
  facet normal 0.707107 -0.707107 0
    outer loop
      vertex -33.234 -31.8198 12.5
      vertex -34.5191 -33.1049 2.5
      vertex -33.234 -31.8198 2.5
    endloop
  endfacet
  facet normal 0 0 1
    outer loop
      vertex -33.234 -31.8198 2.5
      vertex -33.1049 -34.5191 2.5
      vertex -31.8198 -33.234 2.5
    endloop
  endfacet
  facet normal 0 0 1
    outer loop
      vertex -33.1049 -34.5191 2.5
      vertex -33.234 -31.8198 2.5
      vertex -34.5191 -33.1049 2.5
    endloop
  endfacet
  facet normal -0.707107 0.707107 3.7166e-18
    outer loop
      vertex -33.1049 -34.5191 2.5
      vertex -31.8198 -33.234 12.5
      vertex -31.8198 -33.234 2.5
    endloop
  endfacet
  facet normal -0.707107 0.707107 3.7166e-18
    outer loop
      vertex -31.8198 -33.234 12.5
      vertex -33.1049 -34.5191 2.5
      vertex -33.1049 -34.5191 12.5
    endloop
  endfacet
  facet normal 0 0 -1
    outer loop
      vertex -36.7701 -30.8538 31.5
      vertex -34.5953 -30.3343 31.5
      vertex -36.0603 -31.5636 31.5
    endloop
  endfacet
  facet normal -0 0 -1
    outer loop
      vertex -34.5953 -30.3343 31.5
      vertex -36.7701 -30.8538 31.5
      vertex -35.8808 -28.8022 31.5
    endloop
  endfacet
  facet normal 0 0 -1
    outer loop
      vertex -35.8808 -28.8022 31.5
      vertex -36.7701 -30.8538 31.5
      vertex -37.3459 -30.0315 31.5
    endloop
  endfacet
  facet normal -0.766065 -0.642763 -1.4637e-18
    outer loop
      vertex -34.5953 -30.3343 21.5
      vertex -35.8808 -28.8022 31.5
      vertex -35.8808 -28.8022 21.5
    endloop
  endfacet
  facet normal -0.766065 -0.642763 -1.4637e-18
    outer loop
      vertex -35.8808 -28.8022 31.5
      vertex -34.5953 -30.3343 21.5
      vertex -34.5953 -30.3343 31.5
    endloop
  endfacet
  facet normal 0.642768 -0.766061 0
    outer loop
      vertex -37.3459 -30.0315 21.5
      vertex -35.8808 -28.8022 31.5
      vertex -37.3459 -30.0315 31.5
    endloop
  endfacet
  facet normal 0.642768 -0.766061 0
    outer loop
      vertex -35.8808 -28.8022 31.5
      vertex -37.3459 -30.0315 21.5
      vertex -35.8808 -28.8022 21.5
    endloop
  endfacet
  facet normal 0 0 1
    outer loop
      vertex -36.7701 -30.8538 21.5
      vertex -34.5953 -30.3343 21.5
      vertex -35.8808 -28.8022 21.5
    endloop
  endfacet
  facet normal 0 0 1
    outer loop
      vertex -34.5953 -30.3343 21.5
      vertex -36.7701 -30.8538 21.5
      vertex -36.0603 -31.5636 21.5
    endloop
  endfacet
  facet normal 0 -0 1
    outer loop
      vertex -36.7701 -30.8538 21.5
      vertex -35.8808 -28.8022 21.5
      vertex -37.3459 -30.0315 21.5
    endloop
  endfacet
  facet normal -0.642793 0.76604 0
    outer loop
      vertex -34.5953 -30.3343 21.5
      vertex -36.0603 -31.5636 31.5
      vertex -34.5953 -30.3343 31.5
    endloop
  endfacet
  facet normal -0.642793 0.76604 0
    outer loop
      vertex -36.0603 -31.5636 31.5
      vertex -34.5953 -30.3343 21.5
      vertex -36.0603 -31.5636 21.5
    endloop
  endfacet
  facet normal 0 0 -1
    outer loop
      vertex -26.6077 -39.7433 12.5
      vertex -27.2037 -37.1074 12.5
      vertex -25.5654 -38.2546 12.5
    endloop
  endfacet
  facet normal 0 -0 -1
    outer loop
      vertex -27.2037 -37.1074 12.5
      vertex -26.6077 -39.7433 12.5
      vertex -28.2461 -38.5961 12.5
    endloop
  endfacet
  facet normal -0.573593 -0.81914 0
    outer loop
      vertex -27.2037 -37.1074 2.5
      vertex -25.5654 -38.2546 12.5
      vertex -27.2037 -37.1074 12.5
    endloop
  endfacet
  facet normal -0.573593 -0.81914 -0
    outer loop
      vertex -25.5654 -38.2546 12.5
      vertex -27.2037 -37.1074 2.5
      vertex -25.5654 -38.2546 2.5
    endloop
  endfacet
  facet normal 0.819152 -0.573577 3.96725e-18
    outer loop
      vertex -28.2461 -38.5961 12.5
      vertex -27.2037 -37.1074 2.5
      vertex -27.2037 -37.1074 12.5
    endloop
  endfacet
  facet normal 0.819152 -0.573577 3.96725e-18
    outer loop
      vertex -27.2037 -37.1074 2.5
      vertex -28.2461 -38.5961 12.5
      vertex -28.2461 -38.5961 2.5
    endloop
  endfacet
  facet normal 0 0 1
    outer loop
      vertex -27.2037 -37.1074 2.5
      vertex -26.6077 -39.7433 2.5
      vertex -25.5654 -38.2546 2.5
    endloop
  endfacet
  facet normal 0 0 1
    outer loop
      vertex -26.6077 -39.7433 2.5
      vertex -27.2037 -37.1074 2.5
      vertex -28.2461 -38.5961 2.5
    endloop
  endfacet
  facet normal -0.819178 0.57354 -6.98019e-19
    outer loop
      vertex -26.6077 -39.7433 2.5
      vertex -25.5654 -38.2546 12.5
      vertex -25.5654 -38.2546 2.5
    endloop
  endfacet
  facet normal -0.819178 0.57354 -6.98019e-19
    outer loop
      vertex -25.5654 -38.2546 12.5
      vertex -26.6077 -39.7433 2.5
      vertex -26.6077 -39.7433 12.5
    endloop
  endfacet
  facet normal 0 0 -1
    outer loop
      vertex -30.8538 -36.7701 31.5
      vertex -28.8022 -35.8808 31.5
      vertex -30.0315 -37.3459 31.5
    endloop
  endfacet
  facet normal -0 0 -1
    outer loop
      vertex -28.8022 -35.8808 31.5
      vertex -30.8538 -36.7701 31.5
      vertex -30.3343 -34.5953 31.5
    endloop
  endfacet
  facet normal 0 0 -1
    outer loop
      vertex -30.3343 -34.5953 31.5
      vertex -30.8538 -36.7701 31.5
      vertex -31.5636 -36.0603 31.5
    endloop
  endfacet
  facet normal -0.642763 -0.766065 0
    outer loop
      vertex -30.3343 -34.5953 21.5
      vertex -28.8022 -35.8808 31.5
      vertex -30.3343 -34.5953 31.5
    endloop
  endfacet
  facet normal -0.642763 -0.766065 -0
    outer loop
      vertex -28.8022 -35.8808 31.5
      vertex -30.3343 -34.5953 21.5
      vertex -28.8022 -35.8808 21.5
    endloop
  endfacet
  facet normal 0.76604 -0.642793 6.46292e-19
    outer loop
      vertex -31.5636 -36.0603 31.5
      vertex -30.3343 -34.5953 21.5
      vertex -30.3343 -34.5953 31.5
    endloop
  endfacet
  facet normal 0.76604 -0.642793 6.46292e-19
    outer loop
      vertex -30.3343 -34.5953 21.5
      vertex -31.5636 -36.0603 31.5
      vertex -31.5636 -36.0603 21.5
    endloop
  endfacet
  facet normal 0 0 1
    outer loop
      vertex -30.8538 -36.7701 21.5
      vertex -28.8022 -35.8808 21.5
      vertex -30.3343 -34.5953 21.5
    endloop
  endfacet
  facet normal 0 0 1
    outer loop
      vertex -28.8022 -35.8808 21.5
      vertex -30.8538 -36.7701 21.5
      vertex -30.0315 -37.3459 21.5
    endloop
  endfacet
  facet normal 0 -0 1
    outer loop
      vertex -30.8538 -36.7701 21.5
      vertex -30.3343 -34.5953 21.5
      vertex -31.5636 -36.0603 21.5
    endloop
  endfacet
  facet normal -0.766061 0.642768 2.43767e-19
    outer loop
      vertex -30.0315 -37.3459 21.5
      vertex -28.8022 -35.8808 31.5
      vertex -28.8022 -35.8808 21.5
    endloop
  endfacet
  facet normal -0.766061 0.642768 2.43767e-19
    outer loop
      vertex -28.8022 -35.8808 31.5
      vertex -30.0315 -37.3459 21.5
      vertex -30.0315 -37.3459 31.5
    endloop
  endfacet
  facet normal 0 0 -1
    outer loop
      vertex -19.3022 -43.7598 12.5
      vertex -20.3467 -41.2675 12.5
      vertex -18.5341 -42.1128 12.5
    endloop
  endfacet
  facet normal 0 -0 -1
    outer loop
      vertex -20.3467 -41.2675 12.5
      vertex -19.3022 -43.7598 12.5
      vertex -21.1148 -42.9146 12.5
    endloop
  endfacet
  facet normal -0.422647 -0.906294 0
    outer loop
      vertex -20.3467 -41.2675 2.5
      vertex -18.5341 -42.1128 12.5
      vertex -20.3467 -41.2675 12.5
    endloop
  endfacet
  facet normal -0.422647 -0.906294 -0
    outer loop
      vertex -18.5341 -42.1128 12.5
      vertex -20.3467 -41.2675 2.5
      vertex -18.5341 -42.1128 2.5
    endloop
  endfacet
  facet normal 0.906298 -0.422638 4.12827e-18
    outer loop
      vertex -21.1148 -42.9146 12.5
      vertex -20.3467 -41.2675 2.5
      vertex -20.3467 -41.2675 12.5
    endloop
  endfacet
  facet normal 0.906298 -0.422638 4.12827e-18
    outer loop
      vertex -20.3467 -41.2675 2.5
      vertex -21.1148 -42.9146 12.5
      vertex -21.1148 -42.9146 2.5
    endloop
  endfacet
  facet normal 0 0 1
    outer loop
      vertex -20.3467 -41.2675 2.5
      vertex -19.3022 -43.7598 2.5
      vertex -18.5341 -42.1128 2.5
    endloop
  endfacet
  facet normal 0 0 1
    outer loop
      vertex -19.3022 -43.7598 2.5
      vertex -20.3467 -41.2675 2.5
      vertex -21.1148 -42.9146 2.5
    endloop
  endfacet
  facet normal -0.906289 0.42266 1.81963e-18
    outer loop
      vertex -19.3022 -43.7598 2.5
      vertex -18.5341 -42.1128 12.5
      vertex -18.5341 -42.1128 2.5
    endloop
  endfacet
  facet normal -0.906289 0.42266 1.81963e-18
    outer loop
      vertex -18.5341 -42.1128 12.5
      vertex -19.3022 -43.7598 2.5
      vertex -19.3022 -43.7598 12.5
    endloop
  endfacet
  facet normal 0 0 -1
    outer loop
      vertex -24 -41.5692 31.5
      vertex -22.134 -40.3372 31.5
      vertex -23.0902 -41.9935 31.5
    endloop
  endfacet
  facet normal -0 0 -1
    outer loop
      vertex -22.134 -40.3372 31.5
      vertex -24 -41.5692 31.5
      vertex -23.866 -39.3372 31.5
    endloop
  endfacet
  facet normal 0 0 -1
    outer loop
      vertex -23.866 -39.3372 31.5
      vertex -24 -41.5692 31.5
      vertex -24.8223 -40.9935 31.5
    endloop
  endfacet
  facet normal -0.500011 -0.866019 0
    outer loop
      vertex -23.866 -39.3372 21.5
      vertex -22.134 -40.3372 31.5
      vertex -23.866 -39.3372 31.5
    endloop
  endfacet
  facet normal -0.500011 -0.866019 -0
    outer loop
      vertex -22.134 -40.3372 31.5
      vertex -23.866 -39.3372 21.5
      vertex -22.134 -40.3372 21.5
    endloop
  endfacet
  facet normal 0.866018 -0.500014 -3.10088e-18
    outer loop
      vertex -24.8223 -40.9935 31.5
      vertex -23.866 -39.3372 21.5
      vertex -23.866 -39.3372 31.5
    endloop
  endfacet
  facet normal 0.866018 -0.500014 -3.10088e-18
    outer loop
      vertex -23.866 -39.3372 21.5
      vertex -24.8223 -40.9935 31.5
      vertex -24.8223 -40.9935 21.5
    endloop
  endfacet
  facet normal 0 0 1
    outer loop
      vertex -24 -41.5692 21.5
      vertex -22.134 -40.3372 21.5
      vertex -23.866 -39.3372 21.5
    endloop
  endfacet
  facet normal 0 0 1
    outer loop
      vertex -22.134 -40.3372 21.5
      vertex -24 -41.5692 21.5
      vertex -23.0902 -41.9935 21.5
    endloop
  endfacet
  facet normal 0 -0 1
    outer loop
      vertex -24 -41.5692 21.5
      vertex -23.866 -39.3372 21.5
      vertex -24.8223 -40.9935 21.5
    endloop
  endfacet
  facet normal -0.86604 0.499974 4.26312e-18
    outer loop
      vertex -23.0902 -41.9935 21.5
      vertex -22.134 -40.3372 31.5
      vertex -22.134 -40.3372 21.5
    endloop
  endfacet
  facet normal -0.86604 0.499974 4.26312e-18
    outer loop
      vertex -22.134 -40.3372 31.5
      vertex -23.0902 -41.9935 21.5
      vertex -23.0902 -41.9935 31.5
    endloop
  endfacet
  facet normal 0 0 -1
    outer loop
      vertex -11.4101 -46.4468 12.5
      vertex -12.8716 -44.1738 12.5
      vertex -10.9397 -44.6914 12.5
    endloop
  endfacet
  facet normal 0 -0 -1
    outer loop
      vertex -12.8716 -44.1738 12.5
      vertex -11.4101 -46.4468 12.5
      vertex -13.342 -45.9292 12.5
    endloop
  endfacet
  facet normal -0.258795 -0.965932 0
    outer loop
      vertex -12.8716 -44.1738 2.5
      vertex -10.9397 -44.6914 12.5
      vertex -12.8716 -44.1738 12.5
    endloop
  endfacet
  facet normal -0.258795 -0.965932 -0
    outer loop
      vertex -10.9397 -44.6914 12.5
      vertex -12.8716 -44.1738 2.5
      vertex -10.9397 -44.6914 2.5
    endloop
  endfacet
  facet normal 0.96592 -0.258841 1.51534e-18
    outer loop
      vertex -13.342 -45.9292 12.5
      vertex -12.8716 -44.1738 2.5
      vertex -12.8716 -44.1738 12.5
    endloop
  endfacet
  facet normal 0.96592 -0.258841 1.51534e-18
    outer loop
      vertex -12.8716 -44.1738 2.5
      vertex -13.342 -45.9292 12.5
      vertex -13.342 -45.9292 2.5
    endloop
  endfacet
  facet normal 0 0 1
    outer loop
      vertex -12.8716 -44.1738 2.5
      vertex -11.4101 -46.4468 2.5
      vertex -10.9397 -44.6914 2.5
    endloop
  endfacet
  facet normal 0 0 1
    outer loop
      vertex -11.4101 -46.4468 2.5
      vertex -12.8716 -44.1738 2.5
      vertex -13.342 -45.9292 2.5
    endloop
  endfacet
  facet normal -0.96592 0.258841 1.51534e-18
    outer loop
      vertex -11.4101 -46.4468 2.5
      vertex -10.9397 -44.6914 12.5
      vertex -10.9397 -44.6914 2.5
    endloop
  endfacet
  facet normal -0.96592 0.258841 1.51534e-18
    outer loop
      vertex -10.9397 -44.6914 12.5
      vertex -11.4101 -46.4468 2.5
      vertex -11.4101 -46.4468 12.5
    endloop
  endfacet
  facet normal 0 0 -1
    outer loop
      vertex -16.417 -45.1052 31.5
      vertex -14.7932 -43.5679 31.5
      vertex -15.4474 -45.3651 31.5
    endloop
  endfacet
  facet normal 0 0 -1
    outer loop
      vertex -16.417 -45.1052 31.5
      vertex -16.6726 -42.8838 31.5
      vertex -14.7932 -43.5679 31.5
    endloop
  endfacet
  facet normal 0 -0 -1
    outer loop
      vertex -16.6726 -42.8838 31.5
      vertex -16.417 -45.1052 31.5
      vertex -17.3267 -44.681 31.5
    endloop
  endfacet
  facet normal -0.342044 -0.939684 0
    outer loop
      vertex -16.6726 -42.8838 21.5
      vertex -14.7932 -43.5679 31.5
      vertex -16.6726 -42.8838 31.5
    endloop
  endfacet
  facet normal -0.342044 -0.939684 -0
    outer loop
      vertex -14.7932 -43.5679 31.5
      vertex -16.6726 -42.8838 21.5
      vertex -14.7932 -43.5679 21.5
    endloop
  endfacet
  facet normal 0.939697 -0.342008 -4.73356e-18
    outer loop
      vertex -17.3267 -44.681 31.5
      vertex -16.6726 -42.8838 21.5
      vertex -16.6726 -42.8838 31.5
    endloop
  endfacet
  facet normal 0.939697 -0.342008 -4.73356e-18
    outer loop
      vertex -16.6726 -42.8838 21.5
      vertex -17.3267 -44.681 31.5
      vertex -17.3267 -44.681 21.5
    endloop
  endfacet
  facet normal 0 0 1
    outer loop
      vertex -14.7932 -43.5679 21.5
      vertex -16.417 -45.1052 21.5
      vertex -15.4474 -45.3651 21.5
    endloop
  endfacet
  facet normal 0 0 1
    outer loop
      vertex -16.6726 -42.8838 21.5
      vertex -16.417 -45.1052 21.5
      vertex -14.7932 -43.5679 21.5
    endloop
  endfacet
  facet normal 0 0 1
    outer loop
      vertex -16.417 -45.1052 21.5
      vertex -16.6726 -42.8838 21.5
      vertex -17.3267 -44.681 21.5
    endloop
  endfacet
  facet normal -0.93968 0.342054 5.27769e-18
    outer loop
      vertex -15.4474 -45.3651 21.5
      vertex -14.7932 -43.5679 31.5
      vertex -14.7932 -43.5679 21.5
    endloop
  endfacet
  facet normal -0.93968 0.342054 5.27769e-18
    outer loop
      vertex -14.7932 -43.5679 31.5
      vertex -15.4474 -45.3651 21.5
      vertex -15.4474 -45.3651 31.5
    endloop
  endfacet
  facet normal 0 0 -1
    outer loop
      vertex -3.17136 -47.7225 12.5
      vertex -5.00536 -45.7378 12.5
      vertex -3.01297 -45.9121 12.5
    endloop
  endfacet
  facet normal 0 -0 -1
    outer loop
      vertex -5.00536 -45.7378 12.5
      vertex -3.17136 -47.7225 12.5
      vertex -5.16375 -47.5482 12.5
    endloop
  endfacet
  facet normal -0.08715 -0.996195 0
    outer loop
      vertex -5.00536 -45.7378 2.5
      vertex -3.01297 -45.9121 12.5
      vertex -5.00536 -45.7378 12.5
    endloop
  endfacet
  facet normal -0.08715 -0.996195 -0
    outer loop
      vertex -3.01297 -45.9121 12.5
      vertex -5.00536 -45.7378 2.5
      vertex -3.01297 -45.9121 2.5
    endloop
  endfacet
  facet normal 0.996195 -0.087156 -1.2618e-18
    outer loop
      vertex -5.16375 -47.5482 12.5
      vertex -5.00536 -45.7378 2.5
      vertex -5.00536 -45.7378 12.5
    endloop
  endfacet
  facet normal 0.996195 -0.087156 -1.2618e-18
    outer loop
      vertex -5.00536 -45.7378 2.5
      vertex -5.16375 -47.5482 12.5
      vertex -5.16375 -47.5482 2.5
    endloop
  endfacet
  facet normal 0 0 1
    outer loop
      vertex -5.00536 -45.7378 2.5
      vertex -3.17136 -47.7225 2.5
      vertex -3.01297 -45.9121 2.5
    endloop
  endfacet
  facet normal 0 0 1
    outer loop
      vertex -3.17136 -47.7225 2.5
      vertex -5.00536 -45.7378 2.5
      vertex -5.16375 -47.5482 2.5
    endloop
  endfacet
  facet normal -0.996195 0.087156 -5.27987e-19
    outer loop
      vertex -3.17136 -47.7225 2.5
      vertex -3.01297 -45.9121 12.5
      vertex -3.01297 -45.9121 2.5
    endloop
  endfacet
  facet normal -0.996195 0.087156 -5.27987e-19
    outer loop
      vertex -3.01297 -45.9121 12.5
      vertex -3.17136 -47.7225 2.5
      vertex -3.17136 -47.7225 12.5
    endloop
  endfacet
  facet normal 0 0 -1
    outer loop
      vertex -8.33511 -47.2708 31.5
      vertex -7.00301 -45.4748 31.5
      vertex -7.33511 -47.3583 31.5
    endloop
  endfacet
  facet normal 0 0 -1
    outer loop
      vertex -8.33511 -47.2708 31.5
      vertex -8.97262 -45.1275 31.5
      vertex -7.00301 -45.4748 31.5
    endloop
  endfacet
  facet normal 0 -0 -1
    outer loop
      vertex -8.97262 -45.1275 31.5
      vertex -8.33511 -47.2708 31.5
      vertex -9.30473 -47.011 31.5
    endloop
  endfacet
  facet normal -0.17365 -0.984807 0
    outer loop
      vertex -8.97262 -45.1275 21.5
      vertex -7.00301 -45.4748 31.5
      vertex -8.97262 -45.1275 31.5
    endloop
  endfacet
  facet normal -0.17365 -0.984807 -0
    outer loop
      vertex -7.00301 -45.4748 31.5
      vertex -8.97262 -45.1275 21.5
      vertex -7.00301 -45.4748 21.5
    endloop
  endfacet
  facet normal 0.984808 -0.173647 -2.35541e-18
    outer loop
      vertex -9.30473 -47.011 31.5
      vertex -8.97262 -45.1275 21.5
      vertex -8.97262 -45.1275 31.5
    endloop
  endfacet
  facet normal 0.984808 -0.173647 -2.35541e-18
    outer loop
      vertex -8.97262 -45.1275 21.5
      vertex -9.30473 -47.011 31.5
      vertex -9.30473 -47.011 21.5
    endloop
  endfacet
  facet normal 0 0 1
    outer loop
      vertex -7.00301 -45.4748 21.5
      vertex -8.33511 -47.2708 21.5
      vertex -7.33511 -47.3583 21.5
    endloop
  endfacet
  facet normal 0 0 1
    outer loop
      vertex -8.97262 -45.1275 21.5
      vertex -8.33511 -47.2708 21.5
      vertex -7.00301 -45.4748 21.5
    endloop
  endfacet
  facet normal 0 0 1
    outer loop
      vertex -8.33511 -47.2708 21.5
      vertex -8.97262 -45.1275 21.5
      vertex -9.30473 -47.011 21.5
    endloop
  endfacet
  facet normal -0.984809 0.173642 2.74657e-18
    outer loop
      vertex -7.33511 -47.3583 21.5
      vertex -7.00301 -45.4748 31.5
      vertex -7.00301 -45.4748 21.5
    endloop
  endfacet
  facet normal -0.984809 0.173642 2.74657e-18
    outer loop
      vertex -7.00301 -45.4748 31.5
      vertex -7.33511 -47.3583 21.5
      vertex -7.33511 -47.3583 31.5
    endloop
  endfacet
  facet normal 0.08715 -0.996195 0
    outer loop
      vertex 3.01297 -45.9121 2.5
      vertex 5.00536 -45.7378 12.5
      vertex 3.01297 -45.9121 12.5
    endloop
  endfacet
  facet normal 0.08715 -0.996195 0
    outer loop
      vertex 5.00536 -45.7378 12.5
      vertex 3.01297 -45.9121 2.5
      vertex 5.00536 -45.7378 2.5
    endloop
  endfacet
  facet normal 0 0 -1
    outer loop
      vertex 3.17136 -47.7225 12.5
      vertex 5.00536 -45.7378 12.5
      vertex 5.16375 -47.5482 12.5
    endloop
  endfacet
  facet normal 0 0 -1
    outer loop
      vertex 5.00536 -45.7378 12.5
      vertex 3.17136 -47.7225 12.5
      vertex 3.01297 -45.9121 12.5
    endloop
  endfacet
  facet normal -0.996195 -0.087156 1.2618e-18
    outer loop
      vertex 5.16375 -47.5482 2.5
      vertex 5.00536 -45.7378 12.5
      vertex 5.00536 -45.7378 2.5
    endloop
  endfacet
  facet normal -0.996195 -0.087156 1.2618e-18
    outer loop
      vertex 5.00536 -45.7378 12.5
      vertex 5.16375 -47.5482 2.5
      vertex 5.16375 -47.5482 12.5
    endloop
  endfacet
  facet normal 0 0 1
    outer loop
      vertex 5.00536 -45.7378 2.5
      vertex 3.17136 -47.7225 2.5
      vertex 5.16375 -47.5482 2.5
    endloop
  endfacet
  facet normal 0 -0 1
    outer loop
      vertex 3.17136 -47.7225 2.5
      vertex 5.00536 -45.7378 2.5
      vertex 3.01297 -45.9121 2.5
    endloop
  endfacet
  facet normal 0.996195 0.087156 5.27987e-19
    outer loop
      vertex 3.17136 -47.7225 12.5
      vertex 3.01297 -45.9121 2.5
      vertex 3.01297 -45.9121 12.5
    endloop
  endfacet
  facet normal 0.996195 0.087156 5.27987e-19
    outer loop
      vertex 3.01297 -45.9121 2.5
      vertex 3.17136 -47.7225 12.5
      vertex 3.17136 -47.7225 2.5
    endloop
  endfacet
  facet normal 0 0 -1
    outer loop
      vertex 0 -48 31.5
      vertex 1 -46 31.5
      vertex 1 -47.9125 31.5
    endloop
  endfacet
  facet normal 0 0 -1
    outer loop
      vertex -1 -46 31.5
      vertex 0 -48 31.5
      vertex -1 -47.9125 31.5
    endloop
  endfacet
  facet normal 0 0 -1
    outer loop
      vertex 0 -48 31.5
      vertex -1 -46 31.5
      vertex 1 -46 31.5
    endloop
  endfacet
  facet normal 0 -1 0
    outer loop
      vertex -1 -46 21.5
      vertex 1 -46 31.5
      vertex -1 -46 31.5
    endloop
  endfacet
  facet normal 0 -1 -0
    outer loop
      vertex 1 -46 31.5
      vertex -1 -46 21.5
      vertex 1 -46 21.5
    endloop
  endfacet
  facet normal 1 -0 0
    outer loop
      vertex -1 -47.9125 31.5
      vertex -1 -46 21.5
      vertex -1 -46 31.5
    endloop
  endfacet
  facet normal 1 0 0
    outer loop
      vertex -1 -46 21.5
      vertex -1 -47.9125 31.5
      vertex -1 -47.9125 21.5
    endloop
  endfacet
  facet normal 0 0 1
    outer loop
      vertex 1 -46 21.5
      vertex 0 -48 21.5
      vertex 1 -47.9125 21.5
    endloop
  endfacet
  facet normal -0 0 1
    outer loop
      vertex -1 -46 21.5
      vertex 0 -48 21.5
      vertex 1 -46 21.5
    endloop
  endfacet
  facet normal 0 0 1
    outer loop
      vertex 0 -48 21.5
      vertex -1 -46 21.5
      vertex -1 -47.9125 21.5
    endloop
  endfacet
  facet normal -1 0 0
    outer loop
      vertex 1 -47.9125 21.5
      vertex 1 -46 31.5
      vertex 1 -46 21.5
    endloop
  endfacet
  facet normal -1 -0 0
    outer loop
      vertex 1 -46 31.5
      vertex 1 -47.9125 21.5
      vertex 1 -47.9125 31.5
    endloop
  endfacet
  facet normal 0.258795 -0.965932 0
    outer loop
      vertex 10.9397 -44.6914 2.5
      vertex 12.8716 -44.1738 12.5
      vertex 10.9397 -44.6914 12.5
    endloop
  endfacet
  facet normal 0.258795 -0.965932 0
    outer loop
      vertex 12.8716 -44.1738 12.5
      vertex 10.9397 -44.6914 2.5
      vertex 12.8716 -44.1738 2.5
    endloop
  endfacet
  facet normal 0 0 -1
    outer loop
      vertex 11.4101 -46.4468 12.5
      vertex 12.8716 -44.1738 12.5
      vertex 13.342 -45.9292 12.5
    endloop
  endfacet
  facet normal 0 0 -1
    outer loop
      vertex 12.8716 -44.1738 12.5
      vertex 11.4101 -46.4468 12.5
      vertex 10.9397 -44.6914 12.5
    endloop
  endfacet
  facet normal -0.96592 -0.258841 -1.51534e-18
    outer loop
      vertex 13.342 -45.9292 2.5
      vertex 12.8716 -44.1738 12.5
      vertex 12.8716 -44.1738 2.5
    endloop
  endfacet
  facet normal -0.96592 -0.258841 -1.51534e-18
    outer loop
      vertex 12.8716 -44.1738 12.5
      vertex 13.342 -45.9292 2.5
      vertex 13.342 -45.9292 12.5
    endloop
  endfacet
  facet normal 0 0 1
    outer loop
      vertex 12.8716 -44.1738 2.5
      vertex 11.4101 -46.4468 2.5
      vertex 13.342 -45.9292 2.5
    endloop
  endfacet
  facet normal 0 -0 1
    outer loop
      vertex 11.4101 -46.4468 2.5
      vertex 12.8716 -44.1738 2.5
      vertex 10.9397 -44.6914 2.5
    endloop
  endfacet
  facet normal 0.96592 0.258841 -1.51534e-18
    outer loop
      vertex 11.4101 -46.4468 12.5
      vertex 10.9397 -44.6914 2.5
      vertex 10.9397 -44.6914 12.5
    endloop
  endfacet
  facet normal 0.96592 0.258841 -1.51534e-18
    outer loop
      vertex 10.9397 -44.6914 2.5
      vertex 11.4101 -46.4468 12.5
      vertex 11.4101 -46.4468 2.5
    endloop
  endfacet
  facet normal 0.17365 -0.984807 0
    outer loop
      vertex 7.00301 -45.4748 21.5
      vertex 8.97262 -45.1275 31.5
      vertex 7.00301 -45.4748 31.5
    endloop
  endfacet
  facet normal 0.17365 -0.984807 0
    outer loop
      vertex 8.97262 -45.1275 31.5
      vertex 7.00301 -45.4748 21.5
      vertex 8.97262 -45.1275 21.5
    endloop
  endfacet
  facet normal 0 0 -1
    outer loop
      vertex 8.33511 -47.2708 31.5
      vertex 8.97262 -45.1275 31.5
      vertex 9.30473 -47.011 31.5
    endloop
  endfacet
  facet normal 0 0 -1
    outer loop
      vertex 7.00301 -45.4748 31.5
      vertex 8.33511 -47.2708 31.5
      vertex 7.33511 -47.3583 31.5
    endloop
  endfacet
  facet normal 0 0 -1
    outer loop
      vertex 8.33511 -47.2708 31.5
      vertex 7.00301 -45.4748 31.5
      vertex 8.97262 -45.1275 31.5
    endloop
  endfacet
  facet normal 0 0 1
    outer loop
      vertex 8.97262 -45.1275 21.5
      vertex 8.33511 -47.2708 21.5
      vertex 9.30473 -47.011 21.5
    endloop
  endfacet
  facet normal -0 0 1
    outer loop
      vertex 7.00301 -45.4748 21.5
      vertex 8.33511 -47.2708 21.5
      vertex 8.97262 -45.1275 21.5
    endloop
  endfacet
  facet normal 0 0 1
    outer loop
      vertex 8.33511 -47.2708 21.5
      vertex 7.00301 -45.4748 21.5
      vertex 7.33511 -47.3583 21.5
    endloop
  endfacet
  facet normal 0.984809 0.173642 -2.74657e-18
    outer loop
      vertex 7.33511 -47.3583 31.5
      vertex 7.00301 -45.4748 21.5
      vertex 7.00301 -45.4748 31.5
    endloop
  endfacet
  facet normal 0.984809 0.173642 -2.74657e-18
    outer loop
      vertex 7.00301 -45.4748 21.5
      vertex 7.33511 -47.3583 31.5
      vertex 7.33511 -47.3583 21.5
    endloop
  endfacet
  facet normal -0.984808 -0.173647 2.35541e-18
    outer loop
      vertex 9.30473 -47.011 21.5
      vertex 8.97262 -45.1275 31.5
      vertex 8.97262 -45.1275 21.5
    endloop
  endfacet
  facet normal -0.984808 -0.173647 2.35541e-18
    outer loop
      vertex 8.97262 -45.1275 31.5
      vertex 9.30473 -47.011 21.5
      vertex 9.30473 -47.011 31.5
    endloop
  endfacet
  facet normal 0.422647 -0.906294 0
    outer loop
      vertex 18.5341 -42.1128 2.5
      vertex 20.3467 -41.2675 12.5
      vertex 18.5341 -42.1128 12.5
    endloop
  endfacet
  facet normal 0.422647 -0.906294 0
    outer loop
      vertex 20.3467 -41.2675 12.5
      vertex 18.5341 -42.1128 2.5
      vertex 20.3467 -41.2675 2.5
    endloop
  endfacet
  facet normal 0 0 -1
    outer loop
      vertex 19.3022 -43.7598 12.5
      vertex 20.3467 -41.2675 12.5
      vertex 21.1148 -42.9146 12.5
    endloop
  endfacet
  facet normal 0 0 -1
    outer loop
      vertex 20.3467 -41.2675 12.5
      vertex 19.3022 -43.7598 12.5
      vertex 18.5341 -42.1128 12.5
    endloop
  endfacet
  facet normal -0.906298 -0.422638 -4.12827e-18
    outer loop
      vertex 21.1148 -42.9146 2.5
      vertex 20.3467 -41.2675 12.5
      vertex 20.3467 -41.2675 2.5
    endloop
  endfacet
  facet normal -0.906298 -0.422638 -4.12827e-18
    outer loop
      vertex 20.3467 -41.2675 12.5
      vertex 21.1148 -42.9146 2.5
      vertex 21.1148 -42.9146 12.5
    endloop
  endfacet
  facet normal 0 0 1
    outer loop
      vertex 20.3467 -41.2675 2.5
      vertex 19.3022 -43.7598 2.5
      vertex 21.1148 -42.9146 2.5
    endloop
  endfacet
  facet normal 0 -0 1
    outer loop
      vertex 19.3022 -43.7598 2.5
      vertex 20.3467 -41.2675 2.5
      vertex 18.5341 -42.1128 2.5
    endloop
  endfacet
  facet normal 0.906289 0.42266 -1.81963e-18
    outer loop
      vertex 19.3022 -43.7598 12.5
      vertex 18.5341 -42.1128 2.5
      vertex 18.5341 -42.1128 12.5
    endloop
  endfacet
  facet normal 0.906289 0.42266 -1.81963e-18
    outer loop
      vertex 18.5341 -42.1128 2.5
      vertex 19.3022 -43.7598 12.5
      vertex 19.3022 -43.7598 2.5
    endloop
  endfacet
  facet normal 0.342044 -0.939684 0
    outer loop
      vertex 14.7932 -43.5679 21.5
      vertex 16.6726 -42.8838 31.5
      vertex 14.7932 -43.5679 31.5
    endloop
  endfacet
  facet normal 0.342044 -0.939684 0
    outer loop
      vertex 16.6726 -42.8838 31.5
      vertex 14.7932 -43.5679 21.5
      vertex 16.6726 -42.8838 21.5
    endloop
  endfacet
  facet normal 0 0 -1
    outer loop
      vertex 16.417 -45.1052 31.5
      vertex 16.6726 -42.8838 31.5
      vertex 17.3267 -44.681 31.5
    endloop
  endfacet
  facet normal 0 0 -1
    outer loop
      vertex 14.7932 -43.5679 31.5
      vertex 16.417 -45.1052 31.5
      vertex 15.4474 -45.3651 31.5
    endloop
  endfacet
  facet normal 0 0 -1
    outer loop
      vertex 16.417 -45.1052 31.5
      vertex 14.7932 -43.5679 31.5
      vertex 16.6726 -42.8838 31.5
    endloop
  endfacet
  facet normal 0 0 1
    outer loop
      vertex 16.6726 -42.8838 21.5
      vertex 16.417 -45.1052 21.5
      vertex 17.3267 -44.681 21.5
    endloop
  endfacet
  facet normal -0 0 1
    outer loop
      vertex 14.7932 -43.5679 21.5
      vertex 16.417 -45.1052 21.5
      vertex 16.6726 -42.8838 21.5
    endloop
  endfacet
  facet normal 0 0 1
    outer loop
      vertex 16.417 -45.1052 21.5
      vertex 14.7932 -43.5679 21.5
      vertex 15.4474 -45.3651 21.5
    endloop
  endfacet
  facet normal 0.93968 0.342054 -5.27769e-18
    outer loop
      vertex 15.4474 -45.3651 31.5
      vertex 14.7932 -43.5679 21.5
      vertex 14.7932 -43.5679 31.5
    endloop
  endfacet
  facet normal 0.93968 0.342054 -5.27769e-18
    outer loop
      vertex 14.7932 -43.5679 21.5
      vertex 15.4474 -45.3651 31.5
      vertex 15.4474 -45.3651 21.5
    endloop
  endfacet
  facet normal -0.939697 -0.342008 4.73356e-18
    outer loop
      vertex 17.3267 -44.681 21.5
      vertex 16.6726 -42.8838 31.5
      vertex 16.6726 -42.8838 21.5
    endloop
  endfacet
  facet normal -0.939697 -0.342008 4.73356e-18
    outer loop
      vertex 16.6726 -42.8838 31.5
      vertex 17.3267 -44.681 21.5
      vertex 17.3267 -44.681 31.5
    endloop
  endfacet
  facet normal 0.573593 -0.81914 0
    outer loop
      vertex 25.5654 -38.2546 2.5
      vertex 27.2037 -37.1074 12.5
      vertex 25.5654 -38.2546 12.5
    endloop
  endfacet
  facet normal 0.573593 -0.81914 0
    outer loop
      vertex 27.2037 -37.1074 12.5
      vertex 25.5654 -38.2546 2.5
      vertex 27.2037 -37.1074 2.5
    endloop
  endfacet
  facet normal 0 0 -1
    outer loop
      vertex 26.6077 -39.7433 12.5
      vertex 27.2037 -37.1074 12.5
      vertex 28.2461 -38.5961 12.5
    endloop
  endfacet
  facet normal 0 0 -1
    outer loop
      vertex 27.2037 -37.1074 12.5
      vertex 26.6077 -39.7433 12.5
      vertex 25.5654 -38.2546 12.5
    endloop
  endfacet
  facet normal -0.819152 -0.573577 -3.96725e-18
    outer loop
      vertex 28.2461 -38.5961 2.5
      vertex 27.2037 -37.1074 12.5
      vertex 27.2037 -37.1074 2.5
    endloop
  endfacet
  facet normal -0.819152 -0.573577 -3.96725e-18
    outer loop
      vertex 27.2037 -37.1074 12.5
      vertex 28.2461 -38.5961 2.5
      vertex 28.2461 -38.5961 12.5
    endloop
  endfacet
  facet normal 0 0 1
    outer loop
      vertex 27.2037 -37.1074 2.5
      vertex 26.6077 -39.7433 2.5
      vertex 28.2461 -38.5961 2.5
    endloop
  endfacet
  facet normal 0 -0 1
    outer loop
      vertex 26.6077 -39.7433 2.5
      vertex 27.2037 -37.1074 2.5
      vertex 25.5654 -38.2546 2.5
    endloop
  endfacet
  facet normal 0.819178 0.57354 6.98019e-19
    outer loop
      vertex 26.6077 -39.7433 12.5
      vertex 25.5654 -38.2546 2.5
      vertex 25.5654 -38.2546 12.5
    endloop
  endfacet
  facet normal 0.819178 0.57354 6.98019e-19
    outer loop
      vertex 25.5654 -38.2546 2.5
      vertex 26.6077 -39.7433 12.5
      vertex 26.6077 -39.7433 2.5
    endloop
  endfacet
  facet normal 0.500011 -0.866019 0
    outer loop
      vertex 22.134 -40.3372 21.5
      vertex 23.866 -39.3372 31.5
      vertex 22.134 -40.3372 31.5
    endloop
  endfacet
  facet normal 0.500011 -0.866019 0
    outer loop
      vertex 23.866 -39.3372 31.5
      vertex 22.134 -40.3372 21.5
      vertex 23.866 -39.3372 21.5
    endloop
  endfacet
  facet normal 0 0 -1
    outer loop
      vertex 24 -41.5692 31.5
      vertex 23.866 -39.3372 31.5
      vertex 24.8223 -40.9935 31.5
    endloop
  endfacet
  facet normal 0 0 -1
    outer loop
      vertex 22.134 -40.3372 31.5
      vertex 24 -41.5692 31.5
      vertex 23.0902 -41.9935 31.5
    endloop
  endfacet
  facet normal 0 0 -1
    outer loop
      vertex 24 -41.5692 31.5
      vertex 22.134 -40.3372 31.5
      vertex 23.866 -39.3372 31.5
    endloop
  endfacet
  facet normal -0.866018 -0.500014 3.10088e-18
    outer loop
      vertex 24.8223 -40.9935 21.5
      vertex 23.866 -39.3372 31.5
      vertex 23.866 -39.3372 21.5
    endloop
  endfacet
  facet normal -0.866018 -0.500014 3.10088e-18
    outer loop
      vertex 23.866 -39.3372 31.5
      vertex 24.8223 -40.9935 21.5
      vertex 24.8223 -40.9935 31.5
    endloop
  endfacet
  facet normal 0 0 1
    outer loop
      vertex 23.866 -39.3372 21.5
      vertex 24 -41.5692 21.5
      vertex 24.8223 -40.9935 21.5
    endloop
  endfacet
  facet normal -0 0 1
    outer loop
      vertex 22.134 -40.3372 21.5
      vertex 24 -41.5692 21.5
      vertex 23.866 -39.3372 21.5
    endloop
  endfacet
  facet normal 0 0 1
    outer loop
      vertex 24 -41.5692 21.5
      vertex 22.134 -40.3372 21.5
      vertex 23.0902 -41.9935 21.5
    endloop
  endfacet
  facet normal 0.86604 0.499974 -4.26312e-18
    outer loop
      vertex 23.0902 -41.9935 31.5
      vertex 22.134 -40.3372 21.5
      vertex 22.134 -40.3372 31.5
    endloop
  endfacet
  facet normal 0.86604 0.499974 -4.26312e-18
    outer loop
      vertex 22.134 -40.3372 21.5
      vertex 23.0902 -41.9935 31.5
      vertex 23.0902 -41.9935 21.5
    endloop
  endfacet
  facet normal 0.707107 -0.707107 4.87896e-19
    outer loop
      vertex 31.8198 -33.234 12.5
      vertex 33.234 -31.8198 2.5
      vertex 33.234 -31.8198 12.5
    endloop
  endfacet
  facet normal 0.707107 -0.707107 4.87896e-19
    outer loop
      vertex 33.234 -31.8198 2.5
      vertex 31.8198 -33.234 12.5
      vertex 31.8198 -33.234 2.5
    endloop
  endfacet
  facet normal 0 0 -1
    outer loop
      vertex 33.1049 -34.5191 12.5
      vertex 33.234 -31.8198 12.5
      vertex 34.5191 -33.1049 12.5
    endloop
  endfacet
  facet normal 0 0 -1
    outer loop
      vertex 33.234 -31.8198 12.5
      vertex 33.1049 -34.5191 12.5
      vertex 31.8198 -33.234 12.5
    endloop
  endfacet
  facet normal 0 0 1
    outer loop
      vertex 33.234 -31.8198 2.5
      vertex 33.1049 -34.5191 2.5
      vertex 34.5191 -33.1049 2.5
    endloop
  endfacet
  facet normal 0 -0 1
    outer loop
      vertex 33.1049 -34.5191 2.5
      vertex 33.234 -31.8198 2.5
      vertex 31.8198 -33.234 2.5
    endloop
  endfacet
  facet normal 0.707107 0.707107 -3.7166e-18
    outer loop
      vertex 33.1049 -34.5191 12.5
      vertex 31.8198 -33.234 2.5
      vertex 31.8198 -33.234 12.5
    endloop
  endfacet
  facet normal 0.707107 0.707107 -3.7166e-18
    outer loop
      vertex 31.8198 -33.234 2.5
      vertex 33.1049 -34.5191 12.5
      vertex 33.1049 -34.5191 2.5
    endloop
  endfacet
  facet normal -0.707107 -0.707107 0
    outer loop
      vertex 33.234 -31.8198 2.5
      vertex 34.5191 -33.1049 12.5
      vertex 33.234 -31.8198 12.5
    endloop
  endfacet
  facet normal -0.707107 -0.707107 -0
    outer loop
      vertex 34.5191 -33.1049 12.5
      vertex 33.234 -31.8198 2.5
      vertex 34.5191 -33.1049 2.5
    endloop
  endfacet
  facet normal 0.642763 -0.766065 0
    outer loop
      vertex 28.8022 -35.8808 21.5
      vertex 30.3343 -34.5953 31.5
      vertex 28.8022 -35.8808 31.5
    endloop
  endfacet
  facet normal 0.642763 -0.766065 0
    outer loop
      vertex 30.3343 -34.5953 31.5
      vertex 28.8022 -35.8808 21.5
      vertex 30.3343 -34.5953 21.5
    endloop
  endfacet
  facet normal 0 0 -1
    outer loop
      vertex 30.8538 -36.7701 31.5
      vertex 30.3343 -34.5953 31.5
      vertex 31.5636 -36.0603 31.5
    endloop
  endfacet
  facet normal 0 0 -1
    outer loop
      vertex 28.8022 -35.8808 31.5
      vertex 30.8538 -36.7701 31.5
      vertex 30.0315 -37.3459 31.5
    endloop
  endfacet
  facet normal 0 0 -1
    outer loop
      vertex 30.8538 -36.7701 31.5
      vertex 28.8022 -35.8808 31.5
      vertex 30.3343 -34.5953 31.5
    endloop
  endfacet
  facet normal -0.76604 -0.642793 -6.46292e-19
    outer loop
      vertex 31.5636 -36.0603 21.5
      vertex 30.3343 -34.5953 31.5
      vertex 30.3343 -34.5953 21.5
    endloop
  endfacet
  facet normal -0.76604 -0.642793 -6.46292e-19
    outer loop
      vertex 30.3343 -34.5953 31.5
      vertex 31.5636 -36.0603 21.5
      vertex 31.5636 -36.0603 31.5
    endloop
  endfacet
  facet normal 0 0 1
    outer loop
      vertex 30.3343 -34.5953 21.5
      vertex 30.8538 -36.7701 21.5
      vertex 31.5636 -36.0603 21.5
    endloop
  endfacet
  facet normal -0 0 1
    outer loop
      vertex 28.8022 -35.8808 21.5
      vertex 30.8538 -36.7701 21.5
      vertex 30.3343 -34.5953 21.5
    endloop
  endfacet
  facet normal 0 0 1
    outer loop
      vertex 30.8538 -36.7701 21.5
      vertex 28.8022 -35.8808 21.5
      vertex 30.0315 -37.3459 21.5
    endloop
  endfacet
  facet normal 0.766061 0.642768 -2.43767e-19
    outer loop
      vertex 30.0315 -37.3459 31.5
      vertex 28.8022 -35.8808 21.5
      vertex 28.8022 -35.8808 31.5
    endloop
  endfacet
  facet normal 0.766061 0.642768 -2.43767e-19
    outer loop
      vertex 28.8022 -35.8808 21.5
      vertex 30.0315 -37.3459 31.5
      vertex 30.0315 -37.3459 21.5
    endloop
  endfacet
  facet normal 0.81914 -0.573593 2.0437e-18
    outer loop
      vertex 37.1074 -27.2037 12.5
      vertex 38.2546 -25.5654 2.5
      vertex 38.2546 -25.5654 12.5
    endloop
  endfacet
  facet normal 0.81914 -0.573593 2.0437e-18
    outer loop
      vertex 38.2546 -25.5654 2.5
      vertex 37.1074 -27.2037 12.5
      vertex 37.1074 -27.2037 2.5
    endloop
  endfacet
  facet normal 0 0 -1
    outer loop
      vertex 38.5961 -28.2461 12.5
      vertex 38.2546 -25.5654 12.5
      vertex 39.7433 -26.6077 12.5
    endloop
  endfacet
  facet normal 0 -0 -1
    outer loop
      vertex 38.2546 -25.5654 12.5
      vertex 38.5961 -28.2461 12.5
      vertex 37.1074 -27.2037 12.5
    endloop
  endfacet
  facet normal 0 0 1
    outer loop
      vertex 38.2546 -25.5654 2.5
      vertex 38.5961 -28.2461 2.5
      vertex 39.7433 -26.6077 2.5
    endloop
  endfacet
  facet normal 0 0 1
    outer loop
      vertex 38.5961 -28.2461 2.5
      vertex 38.2546 -25.5654 2.5
      vertex 37.1074 -27.2037 2.5
    endloop
  endfacet
  facet normal 0.573577 0.819152 -0
    outer loop
      vertex 38.5961 -28.2461 2.5
      vertex 37.1074 -27.2037 12.5
      vertex 38.5961 -28.2461 12.5
    endloop
  endfacet
  facet normal 0.573577 0.819152 0
    outer loop
      vertex 37.1074 -27.2037 12.5
      vertex 38.5961 -28.2461 2.5
      vertex 37.1074 -27.2037 2.5
    endloop
  endfacet
  facet normal -0.57354 -0.819178 0
    outer loop
      vertex 38.2546 -25.5654 2.5
      vertex 39.7433 -26.6077 12.5
      vertex 38.2546 -25.5654 12.5
    endloop
  endfacet
  facet normal -0.57354 -0.819178 -0
    outer loop
      vertex 39.7433 -26.6077 12.5
      vertex 38.2546 -25.5654 2.5
      vertex 39.7433 -26.6077 2.5
    endloop
  endfacet
  facet normal 0.766065 -0.642763 1.4637e-18
    outer loop
      vertex 34.5953 -30.3343 31.5
      vertex 35.8808 -28.8022 21.5
      vertex 35.8808 -28.8022 31.5
    endloop
  endfacet
  facet normal 0.766065 -0.642763 1.4637e-18
    outer loop
      vertex 35.8808 -28.8022 21.5
      vertex 34.5953 -30.3343 31.5
      vertex 34.5953 -30.3343 21.5
    endloop
  endfacet
  facet normal 0 0 -1
    outer loop
      vertex 34.5953 -30.3343 31.5
      vertex 36.7701 -30.8538 31.5
      vertex 36.0603 -31.5636 31.5
    endloop
  endfacet
  facet normal 0 0 -1
    outer loop
      vertex 36.7701 -30.8538 31.5
      vertex 35.8808 -28.8022 31.5
      vertex 37.3459 -30.0315 31.5
    endloop
  endfacet
  facet normal 0 0 -1
    outer loop
      vertex 36.7701 -30.8538 31.5
      vertex 34.5953 -30.3343 31.5
      vertex 35.8808 -28.8022 31.5
    endloop
  endfacet
  facet normal -0.642768 -0.766061 0
    outer loop
      vertex 35.8808 -28.8022 21.5
      vertex 37.3459 -30.0315 31.5
      vertex 35.8808 -28.8022 31.5
    endloop
  endfacet
  facet normal -0.642768 -0.766061 -0
    outer loop
      vertex 37.3459 -30.0315 31.5
      vertex 35.8808 -28.8022 21.5
      vertex 37.3459 -30.0315 21.5
    endloop
  endfacet
  facet normal 0 0 1
    outer loop
      vertex 35.8808 -28.8022 21.5
      vertex 36.7701 -30.8538 21.5
      vertex 37.3459 -30.0315 21.5
    endloop
  endfacet
  facet normal -0 0 1
    outer loop
      vertex 34.5953 -30.3343 21.5
      vertex 36.7701 -30.8538 21.5
      vertex 35.8808 -28.8022 21.5
    endloop
  endfacet
  facet normal 0 0 1
    outer loop
      vertex 36.7701 -30.8538 21.5
      vertex 34.5953 -30.3343 21.5
      vertex 36.0603 -31.5636 21.5
    endloop
  endfacet
  facet normal 0.642793 0.76604 -0
    outer loop
      vertex 36.0603 -31.5636 21.5
      vertex 34.5953 -30.3343 31.5
      vertex 36.0603 -31.5636 31.5
    endloop
  endfacet
  facet normal 0.642793 0.76604 0
    outer loop
      vertex 34.5953 -30.3343 31.5
      vertex 36.0603 -31.5636 21.5
      vertex 34.5953 -30.3343 21.5
    endloop
  endfacet
  facet normal 0.906294 -0.422647 2.8677e-18
    outer loop
      vertex 41.2675 -20.3467 12.5
      vertex 42.1128 -18.5341 2.5
      vertex 42.1128 -18.5341 12.5
    endloop
  endfacet
  facet normal 0.906294 -0.422647 2.8677e-18
    outer loop
      vertex 42.1128 -18.5341 2.5
      vertex 41.2675 -20.3467 12.5
      vertex 41.2675 -20.3467 2.5
    endloop
  endfacet
  facet normal 0 0 -1
    outer loop
      vertex 42.9146 -21.1148 12.5
      vertex 42.1128 -18.5341 12.5
      vertex 43.7598 -19.3022 12.5
    endloop
  endfacet
  facet normal 0 -0 -1
    outer loop
      vertex 42.1128 -18.5341 12.5
      vertex 42.9146 -21.1148 12.5
      vertex 41.2675 -20.3467 12.5
    endloop
  endfacet
  facet normal 0 0 1
    outer loop
      vertex 42.1128 -18.5341 2.5
      vertex 42.9146 -21.1148 2.5
      vertex 43.7598 -19.3022 2.5
    endloop
  endfacet
  facet normal 0 0 1
    outer loop
      vertex 42.9146 -21.1148 2.5
      vertex 42.1128 -18.5341 2.5
      vertex 41.2675 -20.3467 2.5
    endloop
  endfacet
  facet normal 0.422638 0.906298 -0
    outer loop
      vertex 42.9146 -21.1148 2.5
      vertex 41.2675 -20.3467 12.5
      vertex 42.9146 -21.1148 12.5
    endloop
  endfacet
  facet normal 0.422638 0.906298 0
    outer loop
      vertex 41.2675 -20.3467 12.5
      vertex 42.9146 -21.1148 2.5
      vertex 41.2675 -20.3467 2.5
    endloop
  endfacet
  facet normal -0.42266 -0.906289 0
    outer loop
      vertex 42.1128 -18.5341 2.5
      vertex 43.7598 -19.3022 12.5
      vertex 42.1128 -18.5341 12.5
    endloop
  endfacet
  facet normal -0.42266 -0.906289 -0
    outer loop
      vertex 43.7598 -19.3022 12.5
      vertex 42.1128 -18.5341 2.5
      vertex 43.7598 -19.3022 2.5
    endloop
  endfacet
  facet normal 0.866019 -0.500011 0
    outer loop
      vertex 39.3372 -23.866 31.5
      vertex 40.3372 -22.134 21.5
      vertex 40.3372 -22.134 31.5
    endloop
  endfacet
  facet normal 0.866019 -0.500011 0
    outer loop
      vertex 40.3372 -22.134 21.5
      vertex 39.3372 -23.866 31.5
      vertex 39.3372 -23.866 21.5
    endloop
  endfacet
  facet normal 0 0 -1
    outer loop
      vertex 39.3372 -23.866 31.5
      vertex 41.5692 -24 31.5
      vertex 40.9935 -24.8223 31.5
    endloop
  endfacet
  facet normal 0 0 -1
    outer loop
      vertex 41.5692 -24 31.5
      vertex 40.3372 -22.134 31.5
      vertex 41.9935 -23.0902 31.5
    endloop
  endfacet
  facet normal 0 0 -1
    outer loop
      vertex 41.5692 -24 31.5
      vertex 39.3372 -23.866 31.5
      vertex 40.3372 -22.134 31.5
    endloop
  endfacet
  facet normal 0 0 1
    outer loop
      vertex 40.3372 -22.134 21.5
      vertex 41.5692 -24 21.5
      vertex 41.9935 -23.0902 21.5
    endloop
  endfacet
  facet normal -0 0 1
    outer loop
      vertex 39.3372 -23.866 21.5
      vertex 41.5692 -24 21.5
      vertex 40.3372 -22.134 21.5
    endloop
  endfacet
  facet normal 0 0 1
    outer loop
      vertex 41.5692 -24 21.5
      vertex 39.3372 -23.866 21.5
      vertex 40.9935 -24.8223 21.5
    endloop
  endfacet
  facet normal 0.500014 0.866018 -0
    outer loop
      vertex 40.9935 -24.8223 21.5
      vertex 39.3372 -23.866 31.5
      vertex 40.9935 -24.8223 31.5
    endloop
  endfacet
  facet normal 0.500014 0.866018 0
    outer loop
      vertex 39.3372 -23.866 31.5
      vertex 40.9935 -24.8223 21.5
      vertex 39.3372 -23.866 21.5
    endloop
  endfacet
  facet normal -0.499974 -0.86604 0
    outer loop
      vertex 40.3372 -22.134 21.5
      vertex 41.9935 -23.0902 31.5
      vertex 40.3372 -22.134 31.5
    endloop
  endfacet
  facet normal -0.499974 -0.86604 -0
    outer loop
      vertex 41.9935 -23.0902 31.5
      vertex 40.3372 -22.134 21.5
      vertex 41.9935 -23.0902 21.5
    endloop
  endfacet
  facet normal 0.965932 -0.258795 1.42028e-18
    outer loop
      vertex 44.1738 -12.8716 12.5
      vertex 44.6914 -10.9397 2.5
      vertex 44.6914 -10.9397 12.5
    endloop
  endfacet
  facet normal 0.965932 -0.258795 1.42028e-18
    outer loop
      vertex 44.6914 -10.9397 2.5
      vertex 44.1738 -12.8716 12.5
      vertex 44.1738 -12.8716 2.5
    endloop
  endfacet
  facet normal 0 0 -1
    outer loop
      vertex 45.9292 -13.342 12.5
      vertex 44.6914 -10.9397 12.5
      vertex 46.4468 -11.4101 12.5
    endloop
  endfacet
  facet normal 0 -0 -1
    outer loop
      vertex 44.6914 -10.9397 12.5
      vertex 45.9292 -13.342 12.5
      vertex 44.1738 -12.8716 12.5
    endloop
  endfacet
  facet normal 0 0 1
    outer loop
      vertex 44.6914 -10.9397 2.5
      vertex 45.9292 -13.342 2.5
      vertex 46.4468 -11.4101 2.5
    endloop
  endfacet
  facet normal 0 0 1
    outer loop
      vertex 45.9292 -13.342 2.5
      vertex 44.6914 -10.9397 2.5
      vertex 44.1738 -12.8716 2.5
    endloop
  endfacet
  facet normal 0.258841 0.96592 -0
    outer loop
      vertex 45.9292 -13.342 2.5
      vertex 44.1738 -12.8716 12.5
      vertex 45.9292 -13.342 12.5
    endloop
  endfacet
  facet normal 0.258841 0.96592 0
    outer loop
      vertex 44.1738 -12.8716 12.5
      vertex 45.9292 -13.342 2.5
      vertex 44.1738 -12.8716 2.5
    endloop
  endfacet
  facet normal -0.258841 -0.96592 0
    outer loop
      vertex 44.6914 -10.9397 2.5
      vertex 46.4468 -11.4101 12.5
      vertex 44.6914 -10.9397 12.5
    endloop
  endfacet
  facet normal -0.258841 -0.96592 -0
    outer loop
      vertex 46.4468 -11.4101 12.5
      vertex 44.6914 -10.9397 2.5
      vertex 46.4468 -11.4101 2.5
    endloop
  endfacet
  facet normal 0.939684 -0.342044 -8.294e-19
    outer loop
      vertex 42.8838 -16.6726 31.5
      vertex 43.5679 -14.7932 21.5
      vertex 43.5679 -14.7932 31.5
    endloop
  endfacet
  facet normal 0.939684 -0.342044 -8.294e-19
    outer loop
      vertex 43.5679 -14.7932 21.5
      vertex 42.8838 -16.6726 31.5
      vertex 42.8838 -16.6726 21.5
    endloop
  endfacet
  facet normal 0 0 -1
    outer loop
      vertex 42.8838 -16.6726 31.5
      vertex 45.1052 -16.417 31.5
      vertex 44.681 -17.3267 31.5
    endloop
  endfacet
  facet normal 0 0 -1
    outer loop
      vertex 45.1052 -16.417 31.5
      vertex 43.5679 -14.7932 31.5
      vertex 45.3651 -15.4474 31.5
    endloop
  endfacet
  facet normal -0 0 -1
    outer loop
      vertex 45.1052 -16.417 31.5
      vertex 42.8838 -16.6726 31.5
      vertex 43.5679 -14.7932 31.5
    endloop
  endfacet
  facet normal -0.342054 -0.93968 0
    outer loop
      vertex 43.5679 -14.7932 21.5
      vertex 45.3651 -15.4474 31.5
      vertex 43.5679 -14.7932 31.5
    endloop
  endfacet
  facet normal -0.342054 -0.93968 -0
    outer loop
      vertex 45.3651 -15.4474 31.5
      vertex 43.5679 -14.7932 21.5
      vertex 45.3651 -15.4474 21.5
    endloop
  endfacet
  facet normal 0 0 1
    outer loop
      vertex 43.5679 -14.7932 21.5
      vertex 45.1052 -16.417 21.5
      vertex 45.3651 -15.4474 21.5
    endloop
  endfacet
  facet normal 0 0 1
    outer loop
      vertex 42.8838 -16.6726 21.5
      vertex 45.1052 -16.417 21.5
      vertex 43.5679 -14.7932 21.5
    endloop
  endfacet
  facet normal 0 0 1
    outer loop
      vertex 45.1052 -16.417 21.5
      vertex 42.8838 -16.6726 21.5
      vertex 44.681 -17.3267 21.5
    endloop
  endfacet
  facet normal 0.342008 0.939697 -0
    outer loop
      vertex 44.681 -17.3267 21.5
      vertex 42.8838 -16.6726 31.5
      vertex 44.681 -17.3267 31.5
    endloop
  endfacet
  facet normal 0.342008 0.939697 0
    outer loop
      vertex 42.8838 -16.6726 31.5
      vertex 44.681 -17.3267 21.5
      vertex 42.8838 -16.6726 21.5
    endloop
  endfacet
  facet normal 0.996195 -0.08715 -8.22639e-19
    outer loop
      vertex 45.7378 -5.00536 12.5
      vertex 45.9121 -3.01297 2.5
      vertex 45.9121 -3.01297 12.5
    endloop
  endfacet
  facet normal 0.996195 -0.08715 -8.22639e-19
    outer loop
      vertex 45.9121 -3.01297 2.5
      vertex 45.7378 -5.00536 12.5
      vertex 45.7378 -5.00536 2.5
    endloop
  endfacet
  facet normal 0 0 -1
    outer loop
      vertex 47.5482 -5.16375 12.5
      vertex 45.9121 -3.01297 12.5
      vertex 47.7225 -3.17136 12.5
    endloop
  endfacet
  facet normal 0 -0 -1
    outer loop
      vertex 45.9121 -3.01297 12.5
      vertex 47.5482 -5.16375 12.5
      vertex 45.7378 -5.00536 12.5
    endloop
  endfacet
  facet normal -0.087156 -0.996195 0
    outer loop
      vertex 45.9121 -3.01297 2.5
      vertex 47.7225 -3.17136 12.5
      vertex 45.9121 -3.01297 12.5
    endloop
  endfacet
  facet normal -0.087156 -0.996195 -0
    outer loop
      vertex 47.7225 -3.17136 12.5
      vertex 45.9121 -3.01297 2.5
      vertex 47.7225 -3.17136 2.5
    endloop
  endfacet
  facet normal 0 0 1
    outer loop
      vertex 45.9121 -3.01297 2.5
      vertex 47.5482 -5.16375 2.5
      vertex 47.7225 -3.17136 2.5
    endloop
  endfacet
  facet normal 0 0 1
    outer loop
      vertex 47.5482 -5.16375 2.5
      vertex 45.9121 -3.01297 2.5
      vertex 45.7378 -5.00536 2.5
    endloop
  endfacet
  facet normal 0.087156 0.996195 -0
    outer loop
      vertex 47.5482 -5.16375 2.5
      vertex 45.7378 -5.00536 12.5
      vertex 47.5482 -5.16375 12.5
    endloop
  endfacet
  facet normal 0.087156 0.996195 0
    outer loop
      vertex 45.7378 -5.00536 12.5
      vertex 47.5482 -5.16375 2.5
      vertex 45.7378 -5.00536 2.5
    endloop
  endfacet
  facet normal 0.984807 -0.17365 1.45554e-18
    outer loop
      vertex 45.1275 -8.97262 31.5
      vertex 45.4748 -7.00301 21.5
      vertex 45.4748 -7.00301 31.5
    endloop
  endfacet
  facet normal 0.984807 -0.17365 1.45554e-18
    outer loop
      vertex 45.4748 -7.00301 21.5
      vertex 45.1275 -8.97262 31.5
      vertex 45.1275 -8.97262 21.5
    endloop
  endfacet
  facet normal 0 0 -1
    outer loop
      vertex 45.1275 -8.97262 31.5
      vertex 47.2708 -8.33511 31.5
      vertex 47.011 -9.30473 31.5
    endloop
  endfacet
  facet normal 0 0 -1
    outer loop
      vertex 47.2708 -8.33511 31.5
      vertex 45.4748 -7.00301 31.5
      vertex 47.3583 -7.33511 31.5
    endloop
  endfacet
  facet normal -0 0 -1
    outer loop
      vertex 47.2708 -8.33511 31.5
      vertex 45.1275 -8.97262 31.5
      vertex 45.4748 -7.00301 31.5
    endloop
  endfacet
  facet normal -0.173642 -0.984809 0
    outer loop
      vertex 45.4748 -7.00301 21.5
      vertex 47.3583 -7.33511 31.5
      vertex 45.4748 -7.00301 31.5
    endloop
  endfacet
  facet normal -0.173642 -0.984809 -0
    outer loop
      vertex 47.3583 -7.33511 31.5
      vertex 45.4748 -7.00301 21.5
      vertex 47.3583 -7.33511 21.5
    endloop
  endfacet
  facet normal 0 0 1
    outer loop
      vertex 45.4748 -7.00301 21.5
      vertex 47.2708 -8.33511 21.5
      vertex 47.3583 -7.33511 21.5
    endloop
  endfacet
  facet normal 0 0 1
    outer loop
      vertex 45.1275 -8.97262 21.5
      vertex 47.2708 -8.33511 21.5
      vertex 45.4748 -7.00301 21.5
    endloop
  endfacet
  facet normal 0 0 1
    outer loop
      vertex 47.2708 -8.33511 21.5
      vertex 45.1275 -8.97262 21.5
      vertex 47.011 -9.30473 21.5
    endloop
  endfacet
  facet normal 0.173647 0.984808 -0
    outer loop
      vertex 47.011 -9.30473 21.5
      vertex 45.1275 -8.97262 31.5
      vertex 47.011 -9.30473 31.5
    endloop
  endfacet
  facet normal 0.173647 0.984808 0
    outer loop
      vertex 45.1275 -8.97262 31.5
      vertex 47.011 -9.30473 21.5
      vertex 45.1275 -8.97262 21.5
    endloop
  endfacet
  facet normal -0.5 -0.866026 0
    outer loop
      vertex 28 3.69504 0
      vertex 31.2 1.84752 34
      vertex 28 3.69504 34
    endloop
  endfacet
  facet normal -0.5 -0.866026 -0
    outer loop
      vertex 31.2 1.84752 34
      vertex 28 3.69504 0
      vertex 31.2 1.84752 0
    endloop
  endfacet
  facet normal 1 -0 0
    outer loop
      vertex 24.8 -1.84752 34
      vertex 24.8 1.84752 0
      vertex 24.8 1.84752 34
    endloop
  endfacet
  facet normal 1 0 0
    outer loop
      vertex 24.8 1.84752 0
      vertex 24.8 -1.84752 34
      vertex 24.8 -1.84752 0
    endloop
  endfacet
  facet normal 0.5 -0.866026 0
    outer loop
      vertex 24.8 1.84752 0
      vertex 28 3.69504 34
      vertex 24.8 1.84752 34
    endloop
  endfacet
  facet normal 0.5 -0.866026 0
    outer loop
      vertex 28 3.69504 34
      vertex 24.8 1.84752 0
      vertex 28 3.69504 0
    endloop
  endfacet
  facet normal -1 0 0
    outer loop
      vertex 31.2 -1.84752 0
      vertex 31.2 1.84752 34
      vertex 31.2 1.84752 0
    endloop
  endfacet
  facet normal -1 -0 0
    outer loop
      vertex 31.2 1.84752 34
      vertex 31.2 -1.84752 0
      vertex 31.2 -1.84752 34
    endloop
  endfacet
  facet normal -0.5 0.866026 0
    outer loop
      vertex 31.2 -1.84752 0
      vertex 28 -3.69504 34
      vertex 31.2 -1.84752 34
    endloop
  endfacet
  facet normal -0.5 0.866026 0
    outer loop
      vertex 28 -3.69504 34
      vertex 31.2 -1.84752 0
      vertex 28 -3.69504 0
    endloop
  endfacet
  facet normal 0.5 0.866026 -0
    outer loop
      vertex 28 -3.69504 0
      vertex 24.8 -1.84752 34
      vertex 28 -3.69504 34
    endloop
  endfacet
  facet normal 0.5 0.866026 0
    outer loop
      vertex 24.8 -1.84752 34
      vertex 28 -3.69504 0
      vertex 24.8 -1.84752 0
    endloop
  endfacet
  facet normal -0.173665 -0.984805 0
    outer loop
      vertex 25.0476 13.0488 0
      vertex 28.6865 12.4071 34
      vertex 25.0476 13.0488 34
    endloop
  endfacet
  facet normal -0.173665 -0.984805 -0
    outer loop
      vertex 28.6865 12.4071 34
      vertex 25.0476 13.0488 0
      vertex 28.6865 12.4071 0
    endloop
  endfacet
  facet normal 0.766052 -0.642779 2.61317e-18
    outer loop
      vertex 22.6725 10.2182 34
      vertex 25.0476 13.0488 0
      vertex 25.0476 13.0488 34
    endloop
  endfacet
  facet normal 0.766052 -0.642779 2.61317e-18
    outer loop
      vertex 25.0476 13.0488 0
      vertex 22.6725 10.2182 34
      vertex 22.6725 10.2182 0
    endloop
  endfacet
  facet normal 0.939691 0.342026 2.73744e-18
    outer loop
      vertex 23.9363 6.746 34
      vertex 22.6725 10.2182 0
      vertex 22.6725 10.2182 34
    endloop
  endfacet
  facet normal 0.939691 0.342026 2.73744e-18
    outer loop
      vertex 22.6725 10.2182 0
      vertex 23.9363 6.746 34
      vertex 23.9363 6.746 0
    endloop
  endfacet
  facet normal -0.93969 -0.342028 -2.00218e-19
    outer loop
      vertex 29.9503 8.93493 0
      vertex 28.6865 12.4071 34
      vertex 28.6865 12.4071 0
    endloop
  endfacet
  facet normal -0.93969 -0.342028 -2.00218e-19
    outer loop
      vertex 28.6865 12.4071 34
      vertex 29.9503 8.93493 0
      vertex 29.9503 8.93493 34
    endloop
  endfacet
  facet normal -0.766048 0.642783 2.40606e-18
    outer loop
      vertex 27.5752 6.10436 0
      vertex 29.9503 8.93493 34
      vertex 29.9503 8.93493 0
    endloop
  endfacet
  facet normal -0.766048 0.642783 2.40606e-18
    outer loop
      vertex 29.9503 8.93493 34
      vertex 27.5752 6.10436 0
      vertex 27.5752 6.10436 34
    endloop
  endfacet
  facet normal 0.173649 0.984808 -0
    outer loop
      vertex 27.5752 6.10436 0
      vertex 23.9363 6.746 34
      vertex 27.5752 6.10436 34
    endloop
  endfacet
  facet normal 0.173649 0.984808 0
    outer loop
      vertex 23.9363 6.746 34
      vertex 27.5752 6.10436 0
      vertex 23.9363 6.746 0
    endloop
  endfacet
  facet normal 0.173665 -0.984805 0
    outer loop
      vertex 19.0741 20.8286 0
      vertex 22.713 21.4703 34
      vertex 19.0741 20.8286 34
    endloop
  endfacet
  facet normal 0.173665 -0.984805 0
    outer loop
      vertex 22.713 21.4703 34
      vertex 19.0741 20.8286 0
      vertex 22.713 21.4703 0
    endloop
  endfacet
  facet normal -0.939691 0.342026 6.04101e-19
    outer loop
      vertex 23.8244 15.1675 0
      vertex 25.0882 18.6397 34
      vertex 25.0882 18.6397 0
    endloop
  endfacet
  facet normal -0.939691 0.342026 6.04101e-19
    outer loop
      vertex 25.0882 18.6397 34
      vertex 23.8244 15.1675 0
      vertex 23.8244 15.1675 34
    endloop
  endfacet
  facet normal 0.939691 -0.342026 6.04101e-19
    outer loop
      vertex 17.8103 17.3564 34
      vertex 19.0741 20.8286 0
      vertex 19.0741 20.8286 34
    endloop
  endfacet
  facet normal 0.939691 -0.342026 6.04101e-19
    outer loop
      vertex 19.0741 20.8286 0
      vertex 17.8103 17.3564 34
      vertex 17.8103 17.3564 0
    endloop
  endfacet
  facet normal -0.173665 0.984805 0
    outer loop
      vertex 23.8244 15.1675 0
      vertex 20.1855 14.5258 34
      vertex 23.8244 15.1675 34
    endloop
  endfacet
  facet normal -0.173665 0.984805 0
    outer loop
      vertex 20.1855 14.5258 34
      vertex 23.8244 15.1675 0
      vertex 20.1855 14.5258 0
    endloop
  endfacet
  facet normal -0.766039 -0.642795 -1.69145e-18
    outer loop
      vertex 25.0882 18.6397 0
      vertex 22.713 21.4703 34
      vertex 22.713 21.4703 0
    endloop
  endfacet
  facet normal -0.766039 -0.642795 -1.69145e-18
    outer loop
      vertex 22.713 21.4703 34
      vertex 25.0882 18.6397 0
      vertex 25.0882 18.6397 34
    endloop
  endfacet
  facet normal 0.766039 0.642795 -1.69145e-18
    outer loop
      vertex 20.1855 14.5258 34
      vertex 17.8103 17.3564 0
      vertex 17.8103 17.3564 34
    endloop
  endfacet
  facet normal 0.766039 0.642795 -1.69145e-18
    outer loop
      vertex 17.8103 17.3564 0
      vertex 20.1855 14.5258 34
      vertex 20.1855 14.5258 0
    endloop
  endfacet
  facet normal 0.500016 -0.866016 0
    outer loop
      vertex 10.8 26.0962 0
      vertex 14 27.9438 34
      vertex 10.8 26.0962 34
    endloop
  endfacet
  facet normal 0.500016 -0.866016 0
    outer loop
      vertex 14 27.9438 34
      vertex 10.8 26.0962 0
      vertex 14 27.9438 0
    endloop
  endfacet
  facet normal 1 -0 0
    outer loop
      vertex 10.8 22.4012 34
      vertex 10.8 26.0962 0
      vertex 10.8 26.0962 34
    endloop
  endfacet
  facet normal 1 0 0
    outer loop
      vertex 10.8 26.0962 0
      vertex 10.8 22.4012 34
      vertex 10.8 22.4012 0
    endloop
  endfacet
  facet normal 0.499996 0.866028 -0
    outer loop
      vertex 14 20.5537 0
      vertex 10.8 22.4012 34
      vertex 14 20.5537 34
    endloop
  endfacet
  facet normal 0.499996 0.866028 0
    outer loop
      vertex 10.8 22.4012 34
      vertex 14 20.5537 0
      vertex 10.8 22.4012 0
    endloop
  endfacet
  facet normal -0.500016 -0.866016 0
    outer loop
      vertex 14 27.9438 0
      vertex 17.2 26.0962 34
      vertex 14 27.9438 34
    endloop
  endfacet
  facet normal -0.500016 -0.866016 -0
    outer loop
      vertex 17.2 26.0962 34
      vertex 14 27.9438 0
      vertex 17.2 26.0962 0
    endloop
  endfacet
  facet normal -1 0 0
    outer loop
      vertex 17.2 22.4012 0
      vertex 17.2 26.0962 34
      vertex 17.2 26.0962 0
    endloop
  endfacet
  facet normal -1 -0 0
    outer loop
      vertex 17.2 26.0962 34
      vertex 17.2 22.4012 0
      vertex 17.2 22.4012 34
    endloop
  endfacet
  facet normal -0.499996 0.866028 0
    outer loop
      vertex 17.2 22.4012 0
      vertex 14 20.5537 34
      vertex 17.2 22.4012 34
    endloop
  endfacet
  facet normal -0.499996 0.866028 0
    outer loop
      vertex 14 20.5537 34
      vertex 17.2 22.4012 0
      vertex 14 20.5537 0
    endloop
  endfacet
  facet normal 0.766037 -0.642797 -1.62592e-18
    outer loop
      vertex 1.22324 28.2163 34
      vertex 3.59837 31.0468 0
      vertex 3.59837 31.0468 34
    endloop
  endfacet
  facet normal 0.766037 -0.642797 -1.62592e-18
    outer loop
      vertex 3.59837 31.0468 0
      vertex 1.22324 28.2163 34
      vertex 1.22324 28.2163 0
    endloop
  endfacet
  facet normal 0.939696 0.342012 1.75703e-18
    outer loop
      vertex 2.48702 24.744 34
      vertex 1.22324 28.2163 0
      vertex 1.22324 28.2163 34
    endloop
  endfacet
  facet normal 0.939696 0.342012 1.75703e-18
    outer loop
      vertex 1.22324 28.2163 0
      vertex 2.48702 24.744 34
      vertex 2.48702 24.744 0
    endloop
  endfacet
  facet normal 0.173638 0.98481 -0
    outer loop
      vertex 6.12593 24.1024 0
      vertex 2.48702 24.744 34
      vertex 6.12593 24.1024 34
    endloop
  endfacet
  facet normal 0.173638 0.98481 0
    outer loop
      vertex 2.48702 24.744 34
      vertex 6.12593 24.1024 0
      vertex 2.48702 24.744 0
    endloop
  endfacet
  facet normal -0.173638 -0.98481 0
    outer loop
      vertex 3.59837 31.0468 0
      vertex 7.23728 30.4052 34
      vertex 3.59837 31.0468 34
    endloop
  endfacet
  facet normal -0.173638 -0.98481 -0
    outer loop
      vertex 7.23728 30.4052 34
      vertex 3.59837 31.0468 0
      vertex 7.23728 30.4052 0
    endloop
  endfacet
  facet normal -0.939693 -0.342018 1.7053e-18
    outer loop
      vertex 8.50105 26.933 0
      vertex 7.23728 30.4052 34
      vertex 7.23728 30.4052 0
    endloop
  endfacet
  facet normal -0.939693 -0.342018 1.7053e-18
    outer loop
      vertex 7.23728 30.4052 34
      vertex 8.50105 26.933 0
      vertex 8.50105 26.933 34
    endloop
  endfacet
  facet normal -0.766049 0.642782 -2.77195e-18
    outer loop
      vertex 6.12593 24.1024 0
      vertex 8.50105 26.933 34
      vertex 8.50105 26.933 0
    endloop
  endfacet
  facet normal -0.766049 0.642782 -2.77195e-18
    outer loop
      vertex 8.50105 26.933 34
      vertex 6.12593 24.1024 0
      vertex 6.12593 24.1024 34
    endloop
  endfacet
  facet normal 0.939693 -0.342018 -1.7053e-18
    outer loop
      vertex -8.50105 26.933 34
      vertex -7.23728 30.4052 0
      vertex -7.23728 30.4052 34
    endloop
  endfacet
  facet normal 0.939693 -0.342018 -1.7053e-18
    outer loop
      vertex -7.23728 30.4052 0
      vertex -8.50105 26.933 34
      vertex -8.50105 26.933 0
    endloop
  endfacet
  facet normal 0.766049 0.642782 2.77195e-18
    outer loop
      vertex -6.12593 24.1024 34
      vertex -8.50105 26.933 0
      vertex -8.50105 26.933 34
    endloop
  endfacet
  facet normal 0.766049 0.642782 2.77195e-18
    outer loop
      vertex -8.50105 26.933 0
      vertex -6.12593 24.1024 34
      vertex -6.12593 24.1024 0
    endloop
  endfacet
  facet normal -0.173638 0.98481 0
    outer loop
      vertex -2.48702 24.744 0
      vertex -6.12593 24.1024 34
      vertex -2.48702 24.744 34
    endloop
  endfacet
  facet normal -0.173638 0.98481 0
    outer loop
      vertex -6.12593 24.1024 34
      vertex -2.48702 24.744 0
      vertex -6.12593 24.1024 0
    endloop
  endfacet
  facet normal 0.173638 -0.98481 0
    outer loop
      vertex -7.23728 30.4052 0
      vertex -3.59837 31.0468 34
      vertex -7.23728 30.4052 34
    endloop
  endfacet
  facet normal 0.173638 -0.98481 0
    outer loop
      vertex -3.59837 31.0468 34
      vertex -7.23728 30.4052 0
      vertex -3.59837 31.0468 0
    endloop
  endfacet
  facet normal -0.766037 -0.642797 1.62592e-18
    outer loop
      vertex -1.22324 28.2163 0
      vertex -3.59837 31.0468 34
      vertex -3.59837 31.0468 0
    endloop
  endfacet
  facet normal -0.766037 -0.642797 1.62592e-18
    outer loop
      vertex -3.59837 31.0468 34
      vertex -1.22324 28.2163 0
      vertex -1.22324 28.2163 34
    endloop
  endfacet
  facet normal -0.939696 0.342012 -1.75703e-18
    outer loop
      vertex -2.48702 24.744 0
      vertex -1.22324 28.2163 34
      vertex -1.22324 28.2163 0
    endloop
  endfacet
  facet normal -0.939696 0.342012 -1.75703e-18
    outer loop
      vertex -1.22324 28.2163 34
      vertex -2.48702 24.744 0
      vertex -2.48702 24.744 34
    endloop
  endfacet
  facet normal 1 -0 0
    outer loop
      vertex -17.2 22.4012 34
      vertex -17.2 26.0962 0
      vertex -17.2 26.0962 34
    endloop
  endfacet
  facet normal 1 0 0
    outer loop
      vertex -17.2 26.0962 0
      vertex -17.2 22.4012 34
      vertex -17.2 22.4012 0
    endloop
  endfacet
  facet normal 0.499996 0.866028 -0
    outer loop
      vertex -14 20.5537 0
      vertex -17.2 22.4012 34
      vertex -14 20.5537 34
    endloop
  endfacet
  facet normal 0.499996 0.866028 0
    outer loop
      vertex -17.2 22.4012 34
      vertex -14 20.5537 0
      vertex -17.2 22.4012 0
    endloop
  endfacet
  facet normal -0.499996 0.866028 0
    outer loop
      vertex -10.8 22.4012 0
      vertex -14 20.5537 34
      vertex -10.8 22.4012 34
    endloop
  endfacet
  facet normal -0.499996 0.866028 0
    outer loop
      vertex -14 20.5537 34
      vertex -10.8 22.4012 0
      vertex -14 20.5537 0
    endloop
  endfacet
  facet normal 0.500016 -0.866016 0
    outer loop
      vertex -17.2 26.0962 0
      vertex -14 27.9438 34
      vertex -17.2 26.0962 34
    endloop
  endfacet
  facet normal 0.500016 -0.866016 0
    outer loop
      vertex -14 27.9438 34
      vertex -17.2 26.0962 0
      vertex -14 27.9438 0
    endloop
  endfacet
  facet normal -0.500016 -0.866016 0
    outer loop
      vertex -14 27.9438 0
      vertex -10.8 26.0962 34
      vertex -14 27.9438 34
    endloop
  endfacet
  facet normal -0.500016 -0.866016 -0
    outer loop
      vertex -10.8 26.0962 34
      vertex -14 27.9438 0
      vertex -10.8 26.0962 0
    endloop
  endfacet
  facet normal -1 0 0
    outer loop
      vertex -10.8 22.4012 0
      vertex -10.8 26.0962 34
      vertex -10.8 26.0962 0
    endloop
  endfacet
  facet normal -1 -0 0
    outer loop
      vertex -10.8 26.0962 34
      vertex -10.8 22.4012 0
      vertex -10.8 22.4012 34
    endloop
  endfacet
  facet normal 0.939691 0.342026 -6.04101e-19
    outer loop
      vertex -23.8244 15.1675 34
      vertex -25.0882 18.6397 0
      vertex -25.0882 18.6397 34
    endloop
  endfacet
  facet normal 0.939691 0.342026 -6.04101e-19
    outer loop
      vertex -25.0882 18.6397 0
      vertex -23.8244 15.1675 34
      vertex -23.8244 15.1675 0
    endloop
  endfacet
  facet normal 0.173665 0.984805 -0
    outer loop
      vertex -20.1855 14.5258 0
      vertex -23.8244 15.1675 34
      vertex -20.1855 14.5258 34
    endloop
  endfacet
  facet normal 0.173665 0.984805 0
    outer loop
      vertex -23.8244 15.1675 34
      vertex -20.1855 14.5258 0
      vertex -23.8244 15.1675 0
    endloop
  endfacet
  facet normal -0.766039 0.642795 1.69145e-18
    outer loop
      vertex -20.1855 14.5258 0
      vertex -17.8103 17.3564 34
      vertex -17.8103 17.3564 0
    endloop
  endfacet
  facet normal -0.766039 0.642795 1.69145e-18
    outer loop
      vertex -17.8103 17.3564 34
      vertex -20.1855 14.5258 0
      vertex -20.1855 14.5258 34
    endloop
  endfacet
  facet normal 0.766039 -0.642795 1.69145e-18
    outer loop
      vertex -25.0882 18.6397 34
      vertex -22.713 21.4703 0
      vertex -22.713 21.4703 34
    endloop
  endfacet
  facet normal 0.766039 -0.642795 1.69145e-18
    outer loop
      vertex -22.713 21.4703 0
      vertex -25.0882 18.6397 34
      vertex -25.0882 18.6397 0
    endloop
  endfacet
  facet normal -0.173665 -0.984805 0
    outer loop
      vertex -22.713 21.4703 0
      vertex -19.0741 20.8286 34
      vertex -22.713 21.4703 34
    endloop
  endfacet
  facet normal -0.173665 -0.984805 -0
    outer loop
      vertex -19.0741 20.8286 34
      vertex -22.713 21.4703 0
      vertex -19.0741 20.8286 0
    endloop
  endfacet
  facet normal -0.939691 -0.342026 -6.04101e-19
    outer loop
      vertex -17.8103 17.3564 0
      vertex -19.0741 20.8286 34
      vertex -19.0741 20.8286 0
    endloop
  endfacet
  facet normal -0.939691 -0.342026 -6.04101e-19
    outer loop
      vertex -19.0741 20.8286 34
      vertex -17.8103 17.3564 0
      vertex -17.8103 17.3564 34
    endloop
  endfacet
  facet normal 0.766048 0.642783 -2.40606e-18
    outer loop
      vertex -27.5752 6.10436 34
      vertex -29.9503 8.93493 0
      vertex -29.9503 8.93493 34
    endloop
  endfacet
  facet normal 0.766048 0.642783 -2.40606e-18
    outer loop
      vertex -29.9503 8.93493 0
      vertex -27.5752 6.10436 34
      vertex -27.5752 6.10436 0
    endloop
  endfacet
  facet normal -0.173649 0.984808 0
    outer loop
      vertex -23.9363 6.746 0
      vertex -27.5752 6.10436 34
      vertex -23.9363 6.746 34
    endloop
  endfacet
  facet normal -0.173649 0.984808 0
    outer loop
      vertex -27.5752 6.10436 34
      vertex -23.9363 6.746 0
      vertex -27.5752 6.10436 0
    endloop
  endfacet
  facet normal -0.939691 0.342026 -2.73744e-18
    outer loop
      vertex -23.9363 6.746 0
      vertex -22.6725 10.2182 34
      vertex -22.6725 10.2182 0
    endloop
  endfacet
  facet normal -0.939691 0.342026 -2.73744e-18
    outer loop
      vertex -22.6725 10.2182 34
      vertex -23.9363 6.746 0
      vertex -23.9363 6.746 34
    endloop
  endfacet
  facet normal 0.93969 -0.342028 2.00218e-19
    outer loop
      vertex -29.9503 8.93493 34
      vertex -28.6865 12.4071 0
      vertex -28.6865 12.4071 34
    endloop
  endfacet
  facet normal 0.93969 -0.342028 2.00218e-19
    outer loop
      vertex -28.6865 12.4071 0
      vertex -29.9503 8.93493 34
      vertex -29.9503 8.93493 0
    endloop
  endfacet
  facet normal 0.173665 -0.984805 0
    outer loop
      vertex -28.6865 12.4071 0
      vertex -25.0476 13.0488 34
      vertex -28.6865 12.4071 34
    endloop
  endfacet
  facet normal 0.173665 -0.984805 0
    outer loop
      vertex -25.0476 13.0488 34
      vertex -28.6865 12.4071 0
      vertex -25.0476 13.0488 0
    endloop
  endfacet
  facet normal -0.766052 -0.642779 -2.61317e-18
    outer loop
      vertex -22.6725 10.2182 0
      vertex -25.0476 13.0488 34
      vertex -25.0476 13.0488 0
    endloop
  endfacet
  facet normal -0.766052 -0.642779 -2.61317e-18
    outer loop
      vertex -25.0476 13.0488 34
      vertex -22.6725 10.2182 0
      vertex -22.6725 10.2182 34
    endloop
  endfacet
  facet normal 0.5 0.866026 -0
    outer loop
      vertex -28 -3.69504 0
      vertex -31.2 -1.84752 34
      vertex -28 -3.69504 34
    endloop
  endfacet
  facet normal 0.5 0.866026 0
    outer loop
      vertex -31.2 -1.84752 34
      vertex -28 -3.69504 0
      vertex -31.2 -1.84752 0
    endloop
  endfacet
  facet normal -0.5 0.866026 0
    outer loop
      vertex -24.8 -1.84752 0
      vertex -28 -3.69504 34
      vertex -24.8 -1.84752 34
    endloop
  endfacet
  facet normal -0.5 0.866026 0
    outer loop
      vertex -28 -3.69504 34
      vertex -24.8 -1.84752 0
      vertex -28 -3.69504 0
    endloop
  endfacet
  facet normal -1 0 0
    outer loop
      vertex -24.8 -1.84752 0
      vertex -24.8 1.84752 34
      vertex -24.8 1.84752 0
    endloop
  endfacet
  facet normal -1 -0 0
    outer loop
      vertex -24.8 1.84752 34
      vertex -24.8 -1.84752 0
      vertex -24.8 -1.84752 34
    endloop
  endfacet
  facet normal 1 -0 0
    outer loop
      vertex -31.2 -1.84752 34
      vertex -31.2 1.84752 0
      vertex -31.2 1.84752 34
    endloop
  endfacet
  facet normal 1 0 0
    outer loop
      vertex -31.2 1.84752 0
      vertex -31.2 -1.84752 34
      vertex -31.2 -1.84752 0
    endloop
  endfacet
  facet normal 0.5 -0.866026 0
    outer loop
      vertex -31.2 1.84752 0
      vertex -28 3.69504 34
      vertex -31.2 1.84752 34
    endloop
  endfacet
  facet normal 0.5 -0.866026 0
    outer loop
      vertex -28 3.69504 34
      vertex -31.2 1.84752 0
      vertex -28 3.69504 0
    endloop
  endfacet
  facet normal -0.5 -0.866026 0
    outer loop
      vertex -28 3.69504 0
      vertex -24.8 1.84752 34
      vertex -28 3.69504 34
    endloop
  endfacet
  facet normal -0.5 -0.866026 -0
    outer loop
      vertex -24.8 1.84752 34
      vertex -28 3.69504 0
      vertex -24.8 1.84752 0
    endloop
  endfacet
  facet normal 0.173665 0.984805 -0
    outer loop
      vertex -25.0476 -13.0488 0
      vertex -28.6865 -12.4071 34
      vertex -25.0476 -13.0488 34
    endloop
  endfacet
  facet normal 0.173665 0.984805 0
    outer loop
      vertex -28.6865 -12.4071 34
      vertex -25.0476 -13.0488 0
      vertex -28.6865 -12.4071 0
    endloop
  endfacet
  facet normal -0.939691 -0.342026 2.73744e-18
    outer loop
      vertex -22.6725 -10.2182 0
      vertex -23.9363 -6.746 34
      vertex -23.9363 -6.746 0
    endloop
  endfacet
  facet normal -0.939691 -0.342026 2.73744e-18
    outer loop
      vertex -23.9363 -6.746 34
      vertex -22.6725 -10.2182 0
      vertex -22.6725 -10.2182 34
    endloop
  endfacet
  facet normal -0.766052 0.642779 2.61317e-18
    outer loop
      vertex -25.0476 -13.0488 0
      vertex -22.6725 -10.2182 34
      vertex -22.6725 -10.2182 0
    endloop
  endfacet
  facet normal -0.766052 0.642779 2.61317e-18
    outer loop
      vertex -22.6725 -10.2182 34
      vertex -25.0476 -13.0488 0
      vertex -25.0476 -13.0488 34
    endloop
  endfacet
  facet normal 0.93969 0.342028 -2.00218e-19
    outer loop
      vertex -28.6865 -12.4071 34
      vertex -29.9503 -8.93493 0
      vertex -29.9503 -8.93493 34
    endloop
  endfacet
  facet normal 0.93969 0.342028 -2.00218e-19
    outer loop
      vertex -29.9503 -8.93493 0
      vertex -28.6865 -12.4071 34
      vertex -28.6865 -12.4071 0
    endloop
  endfacet
  facet normal 0.766048 -0.642783 2.40606e-18
    outer loop
      vertex -29.9503 -8.93493 34
      vertex -27.5752 -6.10436 0
      vertex -27.5752 -6.10436 34
    endloop
  endfacet
  facet normal 0.766048 -0.642783 2.40606e-18
    outer loop
      vertex -27.5752 -6.10436 0
      vertex -29.9503 -8.93493 34
      vertex -29.9503 -8.93493 0
    endloop
  endfacet
  facet normal -0.173649 -0.984808 0
    outer loop
      vertex -27.5752 -6.10436 0
      vertex -23.9363 -6.746 34
      vertex -27.5752 -6.10436 34
    endloop
  endfacet
  facet normal -0.173649 -0.984808 -0
    outer loop
      vertex -23.9363 -6.746 34
      vertex -27.5752 -6.10436 0
      vertex -23.9363 -6.746 0
    endloop
  endfacet
  facet normal -0.173665 0.984805 0
    outer loop
      vertex -19.0741 -20.8286 0
      vertex -22.713 -21.4703 34
      vertex -19.0741 -20.8286 34
    endloop
  endfacet
  facet normal -0.173665 0.984805 0
    outer loop
      vertex -22.713 -21.4703 34
      vertex -19.0741 -20.8286 0
      vertex -22.713 -21.4703 0
    endloop
  endfacet
  facet normal 0.173665 -0.984805 0
    outer loop
      vertex -23.8244 -15.1675 0
      vertex -20.1855 -14.5258 34
      vertex -23.8244 -15.1675 34
    endloop
  endfacet
  facet normal 0.173665 -0.984805 0
    outer loop
      vertex -20.1855 -14.5258 34
      vertex -23.8244 -15.1675 0
      vertex -20.1855 -14.5258 0
    endloop
  endfacet
  facet normal 0.939691 -0.342026 6.04101e-19
    outer loop
      vertex -25.0882 -18.6397 34
      vertex -23.8244 -15.1675 0
      vertex -23.8244 -15.1675 34
    endloop
  endfacet
  facet normal 0.939691 -0.342026 6.04101e-19
    outer loop
      vertex -23.8244 -15.1675 0
      vertex -25.0882 -18.6397 34
      vertex -25.0882 -18.6397 0
    endloop
  endfacet
  facet normal -0.766039 -0.642795 -1.69145e-18
    outer loop
      vertex -17.8103 -17.3564 0
      vertex -20.1855 -14.5258 34
      vertex -20.1855 -14.5258 0
    endloop
  endfacet
  facet normal -0.766039 -0.642795 -1.69145e-18
    outer loop
      vertex -20.1855 -14.5258 34
      vertex -17.8103 -17.3564 0
      vertex -17.8103 -17.3564 34
    endloop
  endfacet
  facet normal -0.939691 0.342026 6.04101e-19
    outer loop
      vertex -19.0741 -20.8286 0
      vertex -17.8103 -17.3564 34
      vertex -17.8103 -17.3564 0
    endloop
  endfacet
  facet normal -0.939691 0.342026 6.04101e-19
    outer loop
      vertex -17.8103 -17.3564 34
      vertex -19.0741 -20.8286 0
      vertex -19.0741 -20.8286 34
    endloop
  endfacet
  facet normal 0.766039 0.642795 -1.69145e-18
    outer loop
      vertex -22.713 -21.4703 34
      vertex -25.0882 -18.6397 0
      vertex -25.0882 -18.6397 34
    endloop
  endfacet
  facet normal 0.766039 0.642795 -1.69145e-18
    outer loop
      vertex -25.0882 -18.6397 0
      vertex -22.713 -21.4703 34
      vertex -22.713 -21.4703 0
    endloop
  endfacet
  facet normal -0.500016 0.866016 0
    outer loop
      vertex -10.8 -26.0962 0
      vertex -14 -27.9438 34
      vertex -10.8 -26.0962 34
    endloop
  endfacet
  facet normal -0.500016 0.866016 0
    outer loop
      vertex -14 -27.9438 34
      vertex -10.8 -26.0962 0
      vertex -14 -27.9438 0
    endloop
  endfacet
  facet normal -0.499996 -0.866028 0
    outer loop
      vertex -14 -20.5537 0
      vertex -10.8 -22.4012 34
      vertex -14 -20.5537 34
    endloop
  endfacet
  facet normal -0.499996 -0.866028 -0
    outer loop
      vertex -10.8 -22.4012 34
      vertex -14 -20.5537 0
      vertex -10.8 -22.4012 0
    endloop
  endfacet
  facet normal -1 0 0
    outer loop
      vertex -10.8 -26.0962 0
      vertex -10.8 -22.4012 34
      vertex -10.8 -22.4012 0
    endloop
  endfacet
  facet normal -1 -0 0
    outer loop
      vertex -10.8 -22.4012 34
      vertex -10.8 -26.0962 0
      vertex -10.8 -26.0962 34
    endloop
  endfacet
  facet normal 0.500016 0.866016 -0
    outer loop
      vertex -14 -27.9438 0
      vertex -17.2 -26.0962 34
      vertex -14 -27.9438 34
    endloop
  endfacet
  facet normal 0.500016 0.866016 0
    outer loop
      vertex -17.2 -26.0962 34
      vertex -14 -27.9438 0
      vertex -17.2 -26.0962 0
    endloop
  endfacet
  facet normal 1 -0 0
    outer loop
      vertex -17.2 -26.0962 34
      vertex -17.2 -22.4012 0
      vertex -17.2 -22.4012 34
    endloop
  endfacet
  facet normal 1 0 0
    outer loop
      vertex -17.2 -22.4012 0
      vertex -17.2 -26.0962 34
      vertex -17.2 -26.0962 0
    endloop
  endfacet
  facet normal 0.499996 -0.866028 0
    outer loop
      vertex -17.2 -22.4012 0
      vertex -14 -20.5537 34
      vertex -17.2 -22.4012 34
    endloop
  endfacet
  facet normal 0.499996 -0.866028 0
    outer loop
      vertex -14 -20.5537 34
      vertex -17.2 -22.4012 0
      vertex -14 -20.5537 0
    endloop
  endfacet
  facet normal -0.766037 0.642797 -1.62592e-18
    outer loop
      vertex -3.59837 -31.0468 0
      vertex -1.22324 -28.2163 34
      vertex -1.22324 -28.2163 0
    endloop
  endfacet
  facet normal -0.766037 0.642797 -1.62592e-18
    outer loop
      vertex -1.22324 -28.2163 34
      vertex -3.59837 -31.0468 0
      vertex -3.59837 -31.0468 34
    endloop
  endfacet
  facet normal -0.173638 -0.98481 0
    outer loop
      vertex -6.12593 -24.1024 0
      vertex -2.48702 -24.744 34
      vertex -6.12593 -24.1024 34
    endloop
  endfacet
  facet normal -0.173638 -0.98481 -0
    outer loop
      vertex -2.48702 -24.744 34
      vertex -6.12593 -24.1024 0
      vertex -2.48702 -24.744 0
    endloop
  endfacet
  facet normal -0.939696 -0.342012 1.75703e-18
    outer loop
      vertex -1.22324 -28.2163 0
      vertex -2.48702 -24.744 34
      vertex -2.48702 -24.744 0
    endloop
  endfacet
  facet normal -0.939696 -0.342012 1.75703e-18
    outer loop
      vertex -2.48702 -24.744 34
      vertex -1.22324 -28.2163 0
      vertex -1.22324 -28.2163 34
    endloop
  endfacet
  facet normal 0.173638 0.98481 -0
    outer loop
      vertex -3.59837 -31.0468 0
      vertex -7.23728 -30.4052 34
      vertex -3.59837 -31.0468 34
    endloop
  endfacet
  facet normal 0.173638 0.98481 0
    outer loop
      vertex -7.23728 -30.4052 34
      vertex -3.59837 -31.0468 0
      vertex -7.23728 -30.4052 0
    endloop
  endfacet
  facet normal 0.939693 0.342018 1.7053e-18
    outer loop
      vertex -7.23728 -30.4052 34
      vertex -8.50105 -26.933 0
      vertex -8.50105 -26.933 34
    endloop
  endfacet
  facet normal 0.939693 0.342018 1.7053e-18
    outer loop
      vertex -8.50105 -26.933 0
      vertex -7.23728 -30.4052 34
      vertex -7.23728 -30.4052 0
    endloop
  endfacet
  facet normal 0.766049 -0.642782 -2.77195e-18
    outer loop
      vertex -8.50105 -26.933 34
      vertex -6.12593 -24.1024 0
      vertex -6.12593 -24.1024 34
    endloop
  endfacet
  facet normal 0.766049 -0.642782 -2.77195e-18
    outer loop
      vertex -6.12593 -24.1024 0
      vertex -8.50105 -26.933 34
      vertex -8.50105 -26.933 0
    endloop
  endfacet
  facet normal -0.939693 0.342018 -1.7053e-18
    outer loop
      vertex 7.23728 -30.4052 0
      vertex 8.50105 -26.933 34
      vertex 8.50105 -26.933 0
    endloop
  endfacet
  facet normal -0.939693 0.342018 -1.7053e-18
    outer loop
      vertex 8.50105 -26.933 34
      vertex 7.23728 -30.4052 0
      vertex 7.23728 -30.4052 34
    endloop
  endfacet
  facet normal 0.173638 -0.98481 0
    outer loop
      vertex 2.48702 -24.744 0
      vertex 6.12593 -24.1024 34
      vertex 2.48702 -24.744 34
    endloop
  endfacet
  facet normal 0.173638 -0.98481 0
    outer loop
      vertex 6.12593 -24.1024 34
      vertex 2.48702 -24.744 0
      vertex 6.12593 -24.1024 0
    endloop
  endfacet
  facet normal -0.766049 -0.642782 2.77195e-18
    outer loop
      vertex 8.50105 -26.933 0
      vertex 6.12593 -24.1024 34
      vertex 6.12593 -24.1024 0
    endloop
  endfacet
  facet normal -0.766049 -0.642782 2.77195e-18
    outer loop
      vertex 6.12593 -24.1024 34
      vertex 8.50105 -26.933 0
      vertex 8.50105 -26.933 34
    endloop
  endfacet
  facet normal -0.173638 0.98481 0
    outer loop
      vertex 7.23728 -30.4052 0
      vertex 3.59837 -31.0468 34
      vertex 7.23728 -30.4052 34
    endloop
  endfacet
  facet normal -0.173638 0.98481 0
    outer loop
      vertex 3.59837 -31.0468 34
      vertex 7.23728 -30.4052 0
      vertex 3.59837 -31.0468 0
    endloop
  endfacet
  facet normal 0.766037 0.642797 1.62592e-18
    outer loop
      vertex 3.59837 -31.0468 34
      vertex 1.22324 -28.2163 0
      vertex 1.22324 -28.2163 34
    endloop
  endfacet
  facet normal 0.766037 0.642797 1.62592e-18
    outer loop
      vertex 1.22324 -28.2163 0
      vertex 3.59837 -31.0468 34
      vertex 3.59837 -31.0468 0
    endloop
  endfacet
  facet normal 0.939696 -0.342012 -1.75703e-18
    outer loop
      vertex 1.22324 -28.2163 34
      vertex 2.48702 -24.744 0
      vertex 2.48702 -24.744 34
    endloop
  endfacet
  facet normal 0.939696 -0.342012 -1.75703e-18
    outer loop
      vertex 2.48702 -24.744 0
      vertex 1.22324 -28.2163 34
      vertex 1.22324 -28.2163 0
    endloop
  endfacet
  facet normal -1 0 0
    outer loop
      vertex 17.2 -26.0962 0
      vertex 17.2 -22.4012 34
      vertex 17.2 -22.4012 0
    endloop
  endfacet
  facet normal -1 -0 0
    outer loop
      vertex 17.2 -22.4012 34
      vertex 17.2 -26.0962 0
      vertex 17.2 -26.0962 34
    endloop
  endfacet
  facet normal 0.499996 -0.866028 0
    outer loop
      vertex 10.8 -22.4012 0
      vertex 14 -20.5537 34
      vertex 10.8 -22.4012 34
    endloop
  endfacet
  facet normal 0.499996 -0.866028 0
    outer loop
      vertex 14 -20.5537 34
      vertex 10.8 -22.4012 0
      vertex 14 -20.5537 0
    endloop
  endfacet
  facet normal -0.499996 -0.866028 0
    outer loop
      vertex 14 -20.5537 0
      vertex 17.2 -22.4012 34
      vertex 14 -20.5537 34
    endloop
  endfacet
  facet normal -0.499996 -0.866028 -0
    outer loop
      vertex 17.2 -22.4012 34
      vertex 14 -20.5537 0
      vertex 17.2 -22.4012 0
    endloop
  endfacet
  facet normal -0.500016 0.866016 0
    outer loop
      vertex 17.2 -26.0962 0
      vertex 14 -27.9438 34
      vertex 17.2 -26.0962 34
    endloop
  endfacet
  facet normal -0.500016 0.866016 0
    outer loop
      vertex 14 -27.9438 34
      vertex 17.2 -26.0962 0
      vertex 14 -27.9438 0
    endloop
  endfacet
  facet normal 0.500016 0.866016 -0
    outer loop
      vertex 14 -27.9438 0
      vertex 10.8 -26.0962 34
      vertex 14 -27.9438 34
    endloop
  endfacet
  facet normal 0.500016 0.866016 0
    outer loop
      vertex 10.8 -26.0962 34
      vertex 14 -27.9438 0
      vertex 10.8 -26.0962 0
    endloop
  endfacet
  facet normal 1 -0 0
    outer loop
      vertex 10.8 -26.0962 34
      vertex 10.8 -22.4012 0
      vertex 10.8 -22.4012 34
    endloop
  endfacet
  facet normal 1 0 0
    outer loop
      vertex 10.8 -22.4012 0
      vertex 10.8 -26.0962 34
      vertex 10.8 -26.0962 0
    endloop
  endfacet
  facet normal -0.939691 -0.342026 -6.04101e-19
    outer loop
      vertex 25.0882 -18.6397 0
      vertex 23.8244 -15.1675 34
      vertex 23.8244 -15.1675 0
    endloop
  endfacet
  facet normal -0.939691 -0.342026 -6.04101e-19
    outer loop
      vertex 23.8244 -15.1675 34
      vertex 25.0882 -18.6397 0
      vertex 25.0882 -18.6397 34
    endloop
  endfacet
  facet normal 0.766039 -0.642795 1.69145e-18
    outer loop
      vertex 17.8103 -17.3564 34
      vertex 20.1855 -14.5258 0
      vertex 20.1855 -14.5258 34
    endloop
  endfacet
  facet normal 0.766039 -0.642795 1.69145e-18
    outer loop
      vertex 20.1855 -14.5258 0
      vertex 17.8103 -17.3564 34
      vertex 17.8103 -17.3564 0
    endloop
  endfacet
  facet normal -0.173665 -0.984805 0
    outer loop
      vertex 20.1855 -14.5258 0
      vertex 23.8244 -15.1675 34
      vertex 20.1855 -14.5258 34
    endloop
  endfacet
  facet normal -0.173665 -0.984805 -0
    outer loop
      vertex 23.8244 -15.1675 34
      vertex 20.1855 -14.5258 0
      vertex 23.8244 -15.1675 0
    endloop
  endfacet
  facet normal -0.766039 0.642795 1.69145e-18
    outer loop
      vertex 22.713 -21.4703 0
      vertex 25.0882 -18.6397 34
      vertex 25.0882 -18.6397 0
    endloop
  endfacet
  facet normal -0.766039 0.642795 1.69145e-18
    outer loop
      vertex 25.0882 -18.6397 34
      vertex 22.713 -21.4703 0
      vertex 22.713 -21.4703 34
    endloop
  endfacet
  facet normal 0.939691 0.342026 -6.04101e-19
    outer loop
      vertex 19.0741 -20.8286 34
      vertex 17.8103 -17.3564 0
      vertex 17.8103 -17.3564 34
    endloop
  endfacet
  facet normal 0.939691 0.342026 -6.04101e-19
    outer loop
      vertex 17.8103 -17.3564 0
      vertex 19.0741 -20.8286 34
      vertex 19.0741 -20.8286 0
    endloop
  endfacet
  facet normal 0.173665 0.984805 -0
    outer loop
      vertex 22.713 -21.4703 0
      vertex 19.0741 -20.8286 34
      vertex 22.713 -21.4703 34
    endloop
  endfacet
  facet normal 0.173665 0.984805 0
    outer loop
      vertex 19.0741 -20.8286 34
      vertex 22.713 -21.4703 0
      vertex 19.0741 -20.8286 0
    endloop
  endfacet
  facet normal -0.766048 -0.642783 -2.40606e-18
    outer loop
      vertex 29.9503 -8.93493 0
      vertex 27.5752 -6.10436 34
      vertex 27.5752 -6.10436 0
    endloop
  endfacet
  facet normal -0.766048 -0.642783 -2.40606e-18
    outer loop
      vertex 27.5752 -6.10436 34
      vertex 29.9503 -8.93493 0
      vertex 29.9503 -8.93493 34
    endloop
  endfacet
  facet normal 0.939691 -0.342026 -2.73744e-18
    outer loop
      vertex 22.6725 -10.2182 34
      vertex 23.9363 -6.746 0
      vertex 23.9363 -6.746 34
    endloop
  endfacet
  facet normal 0.939691 -0.342026 -2.73744e-18
    outer loop
      vertex 23.9363 -6.746 0
      vertex 22.6725 -10.2182 34
      vertex 22.6725 -10.2182 0
    endloop
  endfacet
  facet normal 0.173649 -0.984808 0
    outer loop
      vertex 23.9363 -6.746 0
      vertex 27.5752 -6.10436 34
      vertex 23.9363 -6.746 34
    endloop
  endfacet
  facet normal 0.173649 -0.984808 0
    outer loop
      vertex 27.5752 -6.10436 34
      vertex 23.9363 -6.746 0
      vertex 27.5752 -6.10436 0
    endloop
  endfacet
  facet normal 0.766052 0.642779 -2.61317e-18
    outer loop
      vertex 25.0476 -13.0488 34
      vertex 22.6725 -10.2182 0
      vertex 22.6725 -10.2182 34
    endloop
  endfacet
  facet normal 0.766052 0.642779 -2.61317e-18
    outer loop
      vertex 22.6725 -10.2182 0
      vertex 25.0476 -13.0488 34
      vertex 25.0476 -13.0488 0
    endloop
  endfacet
  facet normal -0.173665 0.984805 0
    outer loop
      vertex 28.6865 -12.4071 0
      vertex 25.0476 -13.0488 34
      vertex 28.6865 -12.4071 34
    endloop
  endfacet
  facet normal -0.173665 0.984805 0
    outer loop
      vertex 25.0476 -13.0488 34
      vertex 28.6865 -12.4071 0
      vertex 25.0476 -13.0488 0
    endloop
  endfacet
  facet normal -0.93969 0.342028 2.00218e-19
    outer loop
      vertex 28.6865 -12.4071 0
      vertex 29.9503 -8.93493 34
      vertex 29.9503 -8.93493 0
    endloop
  endfacet
  facet normal -0.93969 0.342028 2.00218e-19
    outer loop
      vertex 29.9503 -8.93493 34
      vertex 28.6865 -12.4071 0
      vertex 28.6865 -12.4071 34
    endloop
  endfacet
  facet normal -0.342024 -0.939691 0
    outer loop
      vertex 36.6206 11.1473 0
      vertex 40.9609 9.56754 34
      vertex 36.6206 11.1473 34
    endloop
  endfacet
  facet normal -0.342024 -0.939691 -0
    outer loop
      vertex 40.9609 9.56754 34
      vertex 36.6206 11.1473 0
      vertex 40.9609 9.56754 0
    endloop
  endfacet
  facet normal 0.642794 -0.766039 0
    outer loop
      vertex 33.0824 8.17835 0
      vertex 36.6206 11.1473 34
      vertex 33.0824 8.17835 34
    endloop
  endfacet
  facet normal 0.642794 -0.766039 0
    outer loop
      vertex 36.6206 11.1473 34
      vertex 33.0824 8.17835 0
      vertex 36.6206 11.1473 0
    endloop
  endfacet
  facet normal 0.984806 0.173659 1.41256e-18
    outer loop
      vertex 33.8845 3.62972 34
      vertex 33.0824 8.17835 0
      vertex 33.0824 8.17835 34
    endloop
  endfacet
  facet normal 0.984806 0.173659 1.41256e-18
    outer loop
      vertex 33.0824 8.17835 0
      vertex 33.8845 3.62972 34
      vertex 33.8845 3.62972 0
    endloop
  endfacet
  facet normal -0.984809 -0.173638 -1.18611e-18
    outer loop
      vertex 41.7629 5.01891 0
      vertex 40.9609 9.56754 34
      vertex 40.9609 9.56754 0
    endloop
  endfacet
  facet normal -0.984809 -0.173638 -1.18611e-18
    outer loop
      vertex 40.9609 9.56754 34
      vertex 41.7629 5.01891 0
      vertex 41.7629 5.01891 34
    endloop
  endfacet
  facet normal -0.642789 0.766044 0
    outer loop
      vertex 41.7629 5.01891 0
      vertex 38.2247 2.05 34
      vertex 41.7629 5.01891 34
    endloop
  endfacet
  facet normal -0.642789 0.766044 0
    outer loop
      vertex 38.2247 2.05 34
      vertex 41.7629 5.01891 0
      vertex 38.2247 2.05 0
    endloop
  endfacet
  facet normal 0.342023 0.939691 -0
    outer loop
      vertex 38.2247 2.05 0
      vertex 33.8845 3.62972 34
      vertex 38.2247 2.05 34
    endloop
  endfacet
  facet normal 0.342023 0.939691 0
    outer loop
      vertex 33.8845 3.62972 34
      vertex 38.2247 2.05 0
      vertex 33.8845 3.62972 0
    endloop
  endfacet
  facet normal 0 -1 0
    outer loop
      vertex 30.5996 23 0
      vertex 35.2184 23 34
      vertex 30.5996 23 34
    endloop
  endfacet
  facet normal 0 -1 -0
    outer loop
      vertex 35.2184 23 34
      vertex 30.5996 23 0
      vertex 35.2184 23 0
    endloop
  endfacet
  facet normal 0.866026 -0.5 0
    outer loop
      vertex 28.2902 19 34
      vertex 30.5996 23 0
      vertex 30.5996 23 34
    endloop
  endfacet
  facet normal 0.866026 -0.5 0
    outer loop
      vertex 30.5996 23 0
      vertex 28.2902 19 34
      vertex 28.2902 19 0
    endloop
  endfacet
  facet normal 0.866026 0.5 0
    outer loop
      vertex 30.5996 15 34
      vertex 28.2902 19 0
      vertex 28.2902 19 34
    endloop
  endfacet
  facet normal 0.866026 0.5 0
    outer loop
      vertex 28.2902 19 0
      vertex 30.5996 15 34
      vertex 30.5996 15 0
    endloop
  endfacet
  facet normal -0.866026 -0.5 0
    outer loop
      vertex 37.5278 19 0
      vertex 35.2184 23 34
      vertex 35.2184 23 0
    endloop
  endfacet
  facet normal -0.866026 -0.5 0
    outer loop
      vertex 35.2184 23 34
      vertex 37.5278 19 0
      vertex 37.5278 19 34
    endloop
  endfacet
  facet normal 0 1 -0
    outer loop
      vertex 35.2184 15 0
      vertex 30.5996 15 34
      vertex 35.2184 15 34
    endloop
  endfacet
  facet normal 0 1 0
    outer loop
      vertex 30.5996 15 34
      vertex 35.2184 15 0
      vertex 30.5996 15 0
    endloop
  endfacet
  facet normal -0.866026 0.5 0
    outer loop
      vertex 35.2184 15 0
      vertex 37.5278 19 34
      vertex 37.5278 19 0
    endloop
  endfacet
  facet normal -0.866026 0.5 0
    outer loop
      vertex 37.5278 19 34
      vertex 35.2184 15 0
      vertex 35.2184 15 34
    endloop
  endfacet
  facet normal 0.342012 -0.939695 0
    outer loop
      vertex 20.8877 32.0786 0
      vertex 25.228 33.6583 34
      vertex 20.8877 32.0786 34
    endloop
  endfacet
  facet normal 0.342012 -0.939695 0
    outer loop
      vertex 25.228 33.6583 34
      vertex 20.8877 32.0786 0
      vertex 25.228 33.6583 0
    endloop
  endfacet
  facet normal 0.984809 -0.17364 -1.03009e-18
    outer loop
      vertex 20.0857 27.53 34
      vertex 20.8877 32.0786 0
      vertex 20.8877 32.0786 34
    endloop
  endfacet
  facet normal 0.984809 -0.17364 -1.03009e-18
    outer loop
      vertex 20.8877 32.0786 0
      vertex 20.0857 27.53 34
      vertex 20.0857 27.53 0
    endloop
  endfacet
  facet normal 0.642787 0.766045 -0
    outer loop
      vertex 23.6239 24.5611 0
      vertex 20.0857 27.53 34
      vertex 23.6239 24.5611 34
    endloop
  endfacet
  facet normal 0.642787 0.766045 0
    outer loop
      vertex 20.0857 27.53 34
      vertex 23.6239 24.5611 0
      vertex 20.0857 27.53 0
    endloop
  endfacet
  facet normal -0.642787 -0.766045 0
    outer loop
      vertex 25.228 33.6583 0
      vertex 28.7662 30.6894 34
      vertex 25.228 33.6583 34
    endloop
  endfacet
  facet normal -0.642787 -0.766045 -0
    outer loop
      vertex 28.7662 30.6894 34
      vertex 25.228 33.6583 0
      vertex 28.7662 30.6894 0
    endloop
  endfacet
  facet normal -0.342019 0.939693 0
    outer loop
      vertex 27.9641 26.1408 0
      vertex 23.6239 24.5611 34
      vertex 27.9641 26.1408 34
    endloop
  endfacet
  facet normal -0.342019 0.939693 0
    outer loop
      vertex 23.6239 24.5611 34
      vertex 27.9641 26.1408 0
      vertex 23.6239 24.5611 0
    endloop
  endfacet
  facet normal -0.984806 0.173661 -6.73836e-19
    outer loop
      vertex 27.9641 26.1408 0
      vertex 28.7662 30.6894 34
      vertex 28.7662 30.6894 0
    endloop
  endfacet
  facet normal -0.984806 0.173661 -6.73836e-19
    outer loop
      vertex 28.7662 30.6894 34
      vertex 27.9641 26.1408 0
      vertex 27.9641 26.1408 34
    endloop
  endfacet
  facet normal 0.642801 -0.766033 0
    outer loop
      vertex 8.65651 37.288 0
      vertex 12.1947 40.257 34
      vertex 8.65651 37.288 34
    endloop
  endfacet
  facet normal 0.642801 -0.766033 0
    outer loop
      vertex 12.1947 40.257 34
      vertex 8.65651 37.288 0
      vertex 12.1947 40.257 0
    endloop
  endfacet
  facet normal 0.984807 0.17365 -6.39316e-19
    outer loop
      vertex 9.45856 32.7394 34
      vertex 8.65651 37.288 0
      vertex 8.65651 37.288 34
    endloop
  endfacet
  facet normal 0.984807 0.17365 -6.39316e-19
    outer loop
      vertex 8.65651 37.288 0
      vertex 9.45856 32.7394 34
      vertex 9.45856 32.7394 0
    endloop
  endfacet
  facet normal -0.984809 -0.17364 1.03009e-18
    outer loop
      vertex 17.337 34.1286 0
      vertex 16.535 38.6772 34
      vertex 16.535 38.6772 0
    endloop
  endfacet
  facet normal -0.984809 -0.17364 1.03009e-18
    outer loop
      vertex 16.535 38.6772 34
      vertex 17.337 34.1286 0
      vertex 17.337 34.1286 34
    endloop
  endfacet
  facet normal 0.342017 0.939694 -0
    outer loop
      vertex 13.7988 31.1597 0
      vertex 9.45856 32.7394 34
      vertex 13.7988 31.1597 34
    endloop
  endfacet
  facet normal 0.342017 0.939694 0
    outer loop
      vertex 9.45856 32.7394 34
      vertex 13.7988 31.1597 0
      vertex 9.45856 32.7394 0
    endloop
  endfacet
  facet normal -0.342032 -0.939688 0
    outer loop
      vertex 12.1947 40.257 0
      vertex 16.535 38.6772 34
      vertex 12.1947 40.257 34
    endloop
  endfacet
  facet normal -0.342032 -0.939688 -0
    outer loop
      vertex 16.535 38.6772 34
      vertex 12.1947 40.257 0
      vertex 16.535 38.6772 0
    endloop
  endfacet
  facet normal -0.642787 0.766045 0
    outer loop
      vertex 17.337 34.1286 0
      vertex 13.7988 31.1597 34
      vertex 17.337 34.1286 34
    endloop
  endfacet
  facet normal -0.642787 0.766045 0
    outer loop
      vertex 13.7988 31.1597 34
      vertex 17.337 34.1286 0
      vertex 13.7988 31.1597 0
    endloop
  endfacet
  facet normal 0.866026 -0.5 0
    outer loop
      vertex -4.6188 38 34
      vertex -2.3094 42 0
      vertex -2.3094 42 34
    endloop
  endfacet
  facet normal 0.866026 -0.5 0
    outer loop
      vertex -2.3094 42 0
      vertex -4.6188 38 34
      vertex -4.6188 38 0
    endloop
  endfacet
  facet normal 0.866026 0.5 0
    outer loop
      vertex -2.3094 34 34
      vertex -4.6188 38 0
      vertex -4.6188 38 34
    endloop
  endfacet
  facet normal 0.866026 0.5 0
    outer loop
      vertex -4.6188 38 0
      vertex -2.3094 34 34
      vertex -2.3094 34 0
    endloop
  endfacet
  facet normal 0 1 -0
    outer loop
      vertex 2.3094 34 0
      vertex -2.3094 34 34
      vertex 2.3094 34 34
    endloop
  endfacet
  facet normal 0 1 0
    outer loop
      vertex -2.3094 34 34
      vertex 2.3094 34 0
      vertex -2.3094 34 0
    endloop
  endfacet
  facet normal 0 -1 0
    outer loop
      vertex -2.3094 42 0
      vertex 2.3094 42 34
      vertex -2.3094 42 34
    endloop
  endfacet
  facet normal 0 -1 -0
    outer loop
      vertex 2.3094 42 34
      vertex -2.3094 42 0
      vertex 2.3094 42 0
    endloop
  endfacet
  facet normal -0.866026 -0.5 0
    outer loop
      vertex 4.6188 38 0
      vertex 2.3094 42 34
      vertex 2.3094 42 0
    endloop
  endfacet
  facet normal -0.866026 -0.5 0
    outer loop
      vertex 2.3094 42 34
      vertex 4.6188 38 0
      vertex 4.6188 38 34
    endloop
  endfacet
  facet normal -0.866026 0.5 0
    outer loop
      vertex 2.3094 34 0
      vertex 4.6188 38 34
      vertex 4.6188 38 0
    endloop
  endfacet
  facet normal -0.866026 0.5 0
    outer loop
      vertex 4.6188 38 34
      vertex 2.3094 34 0
      vertex 2.3094 34 34
    endloop
  endfacet
  facet normal 0.984809 -0.17364 -1.03009e-18
    outer loop
      vertex -17.337 34.1286 34
      vertex -16.535 38.6772 0
      vertex -16.535 38.6772 34
    endloop
  endfacet
  facet normal 0.984809 -0.17364 -1.03009e-18
    outer loop
      vertex -16.535 38.6772 0
      vertex -17.337 34.1286 34
      vertex -17.337 34.1286 0
    endloop
  endfacet
  facet normal 0.642787 0.766045 -0
    outer loop
      vertex -13.7988 31.1597 0
      vertex -17.337 34.1286 34
      vertex -13.7988 31.1597 34
    endloop
  endfacet
  facet normal 0.642787 0.766045 0
    outer loop
      vertex -17.337 34.1286 34
      vertex -13.7988 31.1597 0
      vertex -17.337 34.1286 0
    endloop
  endfacet
  facet normal -0.984807 0.17365 6.39316e-19
    outer loop
      vertex -9.45856 32.7394 0
      vertex -8.65651 37.288 34
      vertex -8.65651 37.288 0
    endloop
  endfacet
  facet normal -0.984807 0.17365 6.39316e-19
    outer loop
      vertex -8.65651 37.288 34
      vertex -9.45856 32.7394 0
      vertex -9.45856 32.7394 34
    endloop
  endfacet
  facet normal -0.342017 0.939694 0
    outer loop
      vertex -9.45856 32.7394 0
      vertex -13.7988 31.1597 34
      vertex -9.45856 32.7394 34
    endloop
  endfacet
  facet normal -0.342017 0.939694 0
    outer loop
      vertex -13.7988 31.1597 34
      vertex -9.45856 32.7394 0
      vertex -13.7988 31.1597 0
    endloop
  endfacet
  facet normal 0.342032 -0.939688 0
    outer loop
      vertex -16.535 38.6772 0
      vertex -12.1947 40.257 34
      vertex -16.535 38.6772 34
    endloop
  endfacet
  facet normal 0.342032 -0.939688 0
    outer loop
      vertex -12.1947 40.257 34
      vertex -16.535 38.6772 0
      vertex -12.1947 40.257 0
    endloop
  endfacet
  facet normal -0.642801 -0.766033 0
    outer loop
      vertex -12.1947 40.257 0
      vertex -8.65651 37.288 34
      vertex -12.1947 40.257 34
    endloop
  endfacet
  facet normal -0.642801 -0.766033 -0
    outer loop
      vertex -8.65651 37.288 34
      vertex -12.1947 40.257 0
      vertex -8.65651 37.288 0
    endloop
  endfacet
  facet normal 0.984806 0.173661 6.73836e-19
    outer loop
      vertex -27.9641 26.1408 34
      vertex -28.7662 30.6894 0
      vertex -28.7662 30.6894 34
    endloop
  endfacet
  facet normal 0.984806 0.173661 6.73836e-19
    outer loop
      vertex -28.7662 30.6894 0
      vertex -27.9641 26.1408 34
      vertex -27.9641 26.1408 0
    endloop
  endfacet
  facet normal 0.342019 0.939693 -0
    outer loop
      vertex -23.6239 24.5611 0
      vertex -27.9641 26.1408 34
      vertex -23.6239 24.5611 34
    endloop
  endfacet
  facet normal 0.342019 0.939693 0
    outer loop
      vertex -27.9641 26.1408 34
      vertex -23.6239 24.5611 0
      vertex -27.9641 26.1408 0
    endloop
  endfacet
  facet normal -0.642787 0.766045 0
    outer loop
      vertex -20.0857 27.53 0
      vertex -23.6239 24.5611 34
      vertex -20.0857 27.53 34
    endloop
  endfacet
  facet normal -0.642787 0.766045 0
    outer loop
      vertex -23.6239 24.5611 34
      vertex -20.0857 27.53 0
      vertex -23.6239 24.5611 0
    endloop
  endfacet
  facet normal 0.642787 -0.766045 0
    outer loop
      vertex -28.7662 30.6894 0
      vertex -25.228 33.6583 34
      vertex -28.7662 30.6894 34
    endloop
  endfacet
  facet normal 0.642787 -0.766045 0
    outer loop
      vertex -25.228 33.6583 34
      vertex -28.7662 30.6894 0
      vertex -25.228 33.6583 0
    endloop
  endfacet
  facet normal -0.342012 -0.939695 0
    outer loop
      vertex -25.228 33.6583 0
      vertex -20.8877 32.0786 34
      vertex -25.228 33.6583 34
    endloop
  endfacet
  facet normal -0.342012 -0.939695 -0
    outer loop
      vertex -20.8877 32.0786 34
      vertex -25.228 33.6583 0
      vertex -20.8877 32.0786 0
    endloop
  endfacet
  facet normal -0.984809 -0.17364 1.03009e-18
    outer loop
      vertex -20.0857 27.53 0
      vertex -20.8877 32.0786 34
      vertex -20.8877 32.0786 0
    endloop
  endfacet
  facet normal -0.984809 -0.17364 1.03009e-18
    outer loop
      vertex -20.8877 32.0786 34
      vertex -20.0857 27.53 0
      vertex -20.0857 27.53 34
    endloop
  endfacet
  facet normal 0.866026 0.5 0
    outer loop
      vertex -35.2184 15 34
      vertex -37.5278 19 0
      vertex -37.5278 19 34
    endloop
  endfacet
  facet normal 0.866026 0.5 0
    outer loop
      vertex -37.5278 19 0
      vertex -35.2184 15 34
      vertex -35.2184 15 0
    endloop
  endfacet
  facet normal -0.866026 -0.5 0
    outer loop
      vertex -28.2902 19 0
      vertex -30.5996 23 34
      vertex -30.5996 23 0
    endloop
  endfacet
  facet normal -0.866026 -0.5 0
    outer loop
      vertex -30.5996 23 34
      vertex -28.2902 19 0
      vertex -28.2902 19 34
    endloop
  endfacet
  facet normal 0 1 -0
    outer loop
      vertex -30.5996 15 0
      vertex -35.2184 15 34
      vertex -30.5996 15 34
    endloop
  endfacet
  facet normal 0 1 0
    outer loop
      vertex -35.2184 15 34
      vertex -30.5996 15 0
      vertex -35.2184 15 0
    endloop
  endfacet
  facet normal -0.866026 0.5 0
    outer loop
      vertex -30.5996 15 0
      vertex -28.2902 19 34
      vertex -28.2902 19 0
    endloop
  endfacet
  facet normal -0.866026 0.5 0
    outer loop
      vertex -28.2902 19 34
      vertex -30.5996 15 0
      vertex -30.5996 15 34
    endloop
  endfacet
  facet normal 0.866026 -0.5 0
    outer loop
      vertex -37.5278 19 34
      vertex -35.2184 23 0
      vertex -35.2184 23 34
    endloop
  endfacet
  facet normal 0.866026 -0.5 0
    outer loop
      vertex -35.2184 23 0
      vertex -37.5278 19 34
      vertex -37.5278 19 0
    endloop
  endfacet
  facet normal 0 -1 0
    outer loop
      vertex -35.2184 23 0
      vertex -30.5996 23 34
      vertex -35.2184 23 34
    endloop
  endfacet
  facet normal 0 -1 -0
    outer loop
      vertex -30.5996 23 34
      vertex -35.2184 23 0
      vertex -30.5996 23 0
    endloop
  endfacet
  facet normal 0.642789 0.766044 -0
    outer loop
      vertex -38.2247 2.05 0
      vertex -41.7629 5.01891 34
      vertex -38.2247 2.05 34
    endloop
  endfacet
  facet normal 0.642789 0.766044 0
    outer loop
      vertex -41.7629 5.01891 34
      vertex -38.2247 2.05 0
      vertex -41.7629 5.01891 0
    endloop
  endfacet
  facet normal -0.642794 -0.766039 0
    outer loop
      vertex -36.6206 11.1473 0
      vertex -33.0824 8.17835 34
      vertex -36.6206 11.1473 34
    endloop
  endfacet
  facet normal -0.642794 -0.766039 -0
    outer loop
      vertex -33.0824 8.17835 34
      vertex -36.6206 11.1473 0
      vertex -33.0824 8.17835 0
    endloop
  endfacet
  facet normal 0.342024 -0.939691 0
    outer loop
      vertex -40.9609 9.56754 0
      vertex -36.6206 11.1473 34
      vertex -40.9609 9.56754 34
    endloop
  endfacet
  facet normal 0.342024 -0.939691 0
    outer loop
      vertex -36.6206 11.1473 34
      vertex -40.9609 9.56754 0
      vertex -36.6206 11.1473 0
    endloop
  endfacet
  facet normal -0.342023 0.939691 0
    outer loop
      vertex -33.8845 3.62972 0
      vertex -38.2247 2.05 34
      vertex -33.8845 3.62972 34
    endloop
  endfacet
  facet normal -0.342023 0.939691 0
    outer loop
      vertex -38.2247 2.05 34
      vertex -33.8845 3.62972 0
      vertex -38.2247 2.05 0
    endloop
  endfacet
  facet normal 0.984809 -0.173638 1.18611e-18
    outer loop
      vertex -41.7629 5.01891 34
      vertex -40.9609 9.56754 0
      vertex -40.9609 9.56754 34
    endloop
  endfacet
  facet normal 0.984809 -0.173638 1.18611e-18
    outer loop
      vertex -40.9609 9.56754 0
      vertex -41.7629 5.01891 34
      vertex -41.7629 5.01891 0
    endloop
  endfacet
  facet normal -0.984806 0.173659 -1.41256e-18
    outer loop
      vertex -33.8845 3.62972 0
      vertex -33.0824 8.17835 34
      vertex -33.0824 8.17835 0
    endloop
  endfacet
  facet normal -0.984806 0.173659 -1.41256e-18
    outer loop
      vertex -33.0824 8.17835 34
      vertex -33.8845 3.62972 0
      vertex -33.8845 3.62972 34
    endloop
  endfacet
  facet normal 0.342024 0.939691 -0
    outer loop
      vertex -36.6206 -11.1473 0
      vertex -40.9609 -9.56754 34
      vertex -36.6206 -11.1473 34
    endloop
  endfacet
  facet normal 0.342024 0.939691 0
    outer loop
      vertex -40.9609 -9.56754 34
      vertex -36.6206 -11.1473 0
      vertex -40.9609 -9.56754 0
    endloop
  endfacet
  facet normal -0.984806 -0.173659 1.41256e-18
    outer loop
      vertex -33.0824 -8.17835 0
      vertex -33.8845 -3.62972 34
      vertex -33.8845 -3.62972 0
    endloop
  endfacet
  facet normal -0.984806 -0.173659 1.41256e-18
    outer loop
      vertex -33.8845 -3.62972 34
      vertex -33.0824 -8.17835 0
      vertex -33.0824 -8.17835 34
    endloop
  endfacet
  facet normal -0.642794 0.766039 0
    outer loop
      vertex -33.0824 -8.17835 0
      vertex -36.6206 -11.1473 34
      vertex -33.0824 -8.17835 34
    endloop
  endfacet
  facet normal -0.642794 0.766039 0
    outer loop
      vertex -36.6206 -11.1473 34
      vertex -33.0824 -8.17835 0
      vertex -36.6206 -11.1473 0
    endloop
  endfacet
  facet normal 0.984809 0.173638 -1.18611e-18
    outer loop
      vertex -40.9609 -9.56754 34
      vertex -41.7629 -5.01891 0
      vertex -41.7629 -5.01891 34
    endloop
  endfacet
  facet normal 0.984809 0.173638 -1.18611e-18
    outer loop
      vertex -41.7629 -5.01891 0
      vertex -40.9609 -9.56754 34
      vertex -40.9609 -9.56754 0
    endloop
  endfacet
  facet normal 0.642789 -0.766044 0
    outer loop
      vertex -41.7629 -5.01891 0
      vertex -38.2247 -2.05 34
      vertex -41.7629 -5.01891 34
    endloop
  endfacet
  facet normal 0.642789 -0.766044 0
    outer loop
      vertex -38.2247 -2.05 34
      vertex -41.7629 -5.01891 0
      vertex -38.2247 -2.05 0
    endloop
  endfacet
  facet normal -0.342023 -0.939691 0
    outer loop
      vertex -38.2247 -2.05 0
      vertex -33.8845 -3.62972 34
      vertex -38.2247 -2.05 34
    endloop
  endfacet
  facet normal -0.342023 -0.939691 -0
    outer loop
      vertex -33.8845 -3.62972 34
      vertex -38.2247 -2.05 0
      vertex -33.8845 -3.62972 0
    endloop
  endfacet
  facet normal 0 1 -0
    outer loop
      vertex -30.5996 -23 0
      vertex -35.2184 -23 34
      vertex -30.5996 -23 34
    endloop
  endfacet
  facet normal 0 1 0
    outer loop
      vertex -35.2184 -23 34
      vertex -30.5996 -23 0
      vertex -35.2184 -23 0
    endloop
  endfacet
  facet normal -0.866026 -0.5 0
    outer loop
      vertex -28.2902 -19 0
      vertex -30.5996 -15 34
      vertex -30.5996 -15 0
    endloop
  endfacet
  facet normal -0.866026 -0.5 0
    outer loop
      vertex -30.5996 -15 34
      vertex -28.2902 -19 0
      vertex -28.2902 -19 34
    endloop
  endfacet
  facet normal -0.866026 0.5 0
    outer loop
      vertex -30.5996 -23 0
      vertex -28.2902 -19 34
      vertex -28.2902 -19 0
    endloop
  endfacet
  facet normal -0.866026 0.5 0
    outer loop
      vertex -28.2902 -19 34
      vertex -30.5996 -23 0
      vertex -30.5996 -23 34
    endloop
  endfacet
  facet normal 0.866026 0.5 0
    outer loop
      vertex -35.2184 -23 34
      vertex -37.5278 -19 0
      vertex -37.5278 -19 34
    endloop
  endfacet
  facet normal 0.866026 0.5 0
    outer loop
      vertex -37.5278 -19 0
      vertex -35.2184 -23 34
      vertex -35.2184 -23 0
    endloop
  endfacet
  facet normal 0.866026 -0.5 0
    outer loop
      vertex -37.5278 -19 34
      vertex -35.2184 -15 0
      vertex -35.2184 -15 34
    endloop
  endfacet
  facet normal 0.866026 -0.5 0
    outer loop
      vertex -35.2184 -15 0
      vertex -37.5278 -19 34
      vertex -37.5278 -19 0
    endloop
  endfacet
  facet normal 0 -1 0
    outer loop
      vertex -35.2184 -15 0
      vertex -30.5996 -15 34
      vertex -35.2184 -15 34
    endloop
  endfacet
  facet normal 0 -1 -0
    outer loop
      vertex -30.5996 -15 34
      vertex -35.2184 -15 0
      vertex -30.5996 -15 0
    endloop
  endfacet
  facet normal -0.342012 0.939695 0
    outer loop
      vertex -20.8877 -32.0786 0
      vertex -25.228 -33.6583 34
      vertex -20.8877 -32.0786 34
    endloop
  endfacet
  facet normal -0.342012 0.939695 0
    outer loop
      vertex -25.228 -33.6583 34
      vertex -20.8877 -32.0786 0
      vertex -25.228 -33.6583 0
    endloop
  endfacet
  facet normal -0.642787 -0.766045 0
    outer loop
      vertex -23.6239 -24.5611 0
      vertex -20.0857 -27.53 34
      vertex -23.6239 -24.5611 34
    endloop
  endfacet
  facet normal -0.642787 -0.766045 -0
    outer loop
      vertex -20.0857 -27.53 34
      vertex -23.6239 -24.5611 0
      vertex -20.0857 -27.53 0
    endloop
  endfacet
  facet normal -0.984809 0.17364 -1.03009e-18
    outer loop
      vertex -20.8877 -32.0786 0
      vertex -20.0857 -27.53 34
      vertex -20.0857 -27.53 0
    endloop
  endfacet
  facet normal -0.984809 0.17364 -1.03009e-18
    outer loop
      vertex -20.0857 -27.53 34
      vertex -20.8877 -32.0786 0
      vertex -20.8877 -32.0786 34
    endloop
  endfacet
  facet normal 0.642787 0.766045 -0
    outer loop
      vertex -25.228 -33.6583 0
      vertex -28.7662 -30.6894 34
      vertex -25.228 -33.6583 34
    endloop
  endfacet
  facet normal 0.642787 0.766045 0
    outer loop
      vertex -28.7662 -30.6894 34
      vertex -25.228 -33.6583 0
      vertex -28.7662 -30.6894 0
    endloop
  endfacet
  facet normal 0.984806 -0.173661 -6.73836e-19
    outer loop
      vertex -28.7662 -30.6894 34
      vertex -27.9641 -26.1408 0
      vertex -27.9641 -26.1408 34
    endloop
  endfacet
  facet normal 0.984806 -0.173661 -6.73836e-19
    outer loop
      vertex -27.9641 -26.1408 0
      vertex -28.7662 -30.6894 34
      vertex -28.7662 -30.6894 0
    endloop
  endfacet
  facet normal 0.342019 -0.939693 0
    outer loop
      vertex -27.9641 -26.1408 0
      vertex -23.6239 -24.5611 34
      vertex -27.9641 -26.1408 34
    endloop
  endfacet
  facet normal 0.342019 -0.939693 0
    outer loop
      vertex -23.6239 -24.5611 34
      vertex -27.9641 -26.1408 0
      vertex -23.6239 -24.5611 0
    endloop
  endfacet
  facet normal -0.642801 0.766033 0
    outer loop
      vertex -8.65651 -37.288 0
      vertex -12.1947 -40.257 34
      vertex -8.65651 -37.288 34
    endloop
  endfacet
  facet normal -0.642801 0.766033 0
    outer loop
      vertex -12.1947 -40.257 34
      vertex -8.65651 -37.288 0
      vertex -12.1947 -40.257 0
    endloop
  endfacet
  facet normal 0.642787 -0.766045 0
    outer loop
      vertex -17.337 -34.1286 0
      vertex -13.7988 -31.1597 34
      vertex -17.337 -34.1286 34
    endloop
  endfacet
  facet normal 0.642787 -0.766045 0
    outer loop
      vertex -13.7988 -31.1597 34
      vertex -17.337 -34.1286 0
      vertex -13.7988 -31.1597 0
    endloop
  endfacet
  facet normal -0.984807 -0.17365 -6.39316e-19
    outer loop
      vertex -8.65651 -37.288 0
      vertex -9.45856 -32.7394 34
      vertex -9.45856 -32.7394 0
    endloop
  endfacet
  facet normal -0.984807 -0.17365 -6.39316e-19
    outer loop
      vertex -9.45856 -32.7394 34
      vertex -8.65651 -37.288 0
      vertex -8.65651 -37.288 34
    endloop
  endfacet
  facet normal 0.984809 0.17364 1.03009e-18
    outer loop
      vertex -16.535 -38.6772 34
      vertex -17.337 -34.1286 0
      vertex -17.337 -34.1286 34
    endloop
  endfacet
  facet normal 0.984809 0.17364 1.03009e-18
    outer loop
      vertex -17.337 -34.1286 0
      vertex -16.535 -38.6772 34
      vertex -16.535 -38.6772 0
    endloop
  endfacet
  facet normal -0.342017 -0.939694 0
    outer loop
      vertex -13.7988 -31.1597 0
      vertex -9.45856 -32.7394 34
      vertex -13.7988 -31.1597 34
    endloop
  endfacet
  facet normal -0.342017 -0.939694 -0
    outer loop
      vertex -9.45856 -32.7394 34
      vertex -13.7988 -31.1597 0
      vertex -9.45856 -32.7394 0
    endloop
  endfacet
  facet normal 0.342032 0.939688 -0
    outer loop
      vertex -12.1947 -40.257 0
      vertex -16.535 -38.6772 34
      vertex -12.1947 -40.257 34
    endloop
  endfacet
  facet normal 0.342032 0.939688 0
    outer loop
      vertex -16.535 -38.6772 34
      vertex -12.1947 -40.257 0
      vertex -16.535 -38.6772 0
    endloop
  endfacet
  facet normal -0.866026 0.5 0
    outer loop
      vertex 2.3094 -42 0
      vertex 4.6188 -38 34
      vertex 4.6188 -38 0
    endloop
  endfacet
  facet normal -0.866026 0.5 0
    outer loop
      vertex 4.6188 -38 34
      vertex 2.3094 -42 0
      vertex 2.3094 -42 34
    endloop
  endfacet
  facet normal 0 -1 0
    outer loop
      vertex -2.3094 -34 0
      vertex 2.3094 -34 34
      vertex -2.3094 -34 34
    endloop
  endfacet
  facet normal 0 -1 -0
    outer loop
      vertex 2.3094 -34 34
      vertex -2.3094 -34 0
      vertex 2.3094 -34 0
    endloop
  endfacet
  facet normal -0.866026 -0.5 0
    outer loop
      vertex 4.6188 -38 0
      vertex 2.3094 -34 34
      vertex 2.3094 -34 0
    endloop
  endfacet
  facet normal -0.866026 -0.5 0
    outer loop
      vertex 2.3094 -34 34
      vertex 4.6188 -38 0
      vertex 4.6188 -38 34
    endloop
  endfacet
  facet normal 0 1 -0
    outer loop
      vertex 2.3094 -42 0
      vertex -2.3094 -42 34
      vertex 2.3094 -42 34
    endloop
  endfacet
  facet normal 0 1 0
    outer loop
      vertex -2.3094 -42 34
      vertex 2.3094 -42 0
      vertex -2.3094 -42 0
    endloop
  endfacet
  facet normal 0.866026 0.5 0
    outer loop
      vertex -2.3094 -42 34
      vertex -4.6188 -38 0
      vertex -4.6188 -38 34
    endloop
  endfacet
  facet normal 0.866026 0.5 0
    outer loop
      vertex -4.6188 -38 0
      vertex -2.3094 -42 34
      vertex -2.3094 -42 0
    endloop
  endfacet
  facet normal 0.866026 -0.5 0
    outer loop
      vertex -4.6188 -38 34
      vertex -2.3094 -34 0
      vertex -2.3094 -34 34
    endloop
  endfacet
  facet normal 0.866026 -0.5 0
    outer loop
      vertex -2.3094 -34 0
      vertex -4.6188 -38 34
      vertex -4.6188 -38 0
    endloop
  endfacet
  facet normal -0.984809 0.17364 -1.03009e-18
    outer loop
      vertex 16.535 -38.6772 0
      vertex 17.337 -34.1286 34
      vertex 17.337 -34.1286 0
    endloop
  endfacet
  facet normal -0.984809 0.17364 -1.03009e-18
    outer loop
      vertex 17.337 -34.1286 34
      vertex 16.535 -38.6772 0
      vertex 16.535 -38.6772 34
    endloop
  endfacet
  facet normal 0.984807 -0.17365 6.39316e-19
    outer loop
      vertex 8.65651 -37.288 34
      vertex 9.45856 -32.7394 0
      vertex 9.45856 -32.7394 34
    endloop
  endfacet
  facet normal 0.984807 -0.17365 6.39316e-19
    outer loop
      vertex 9.45856 -32.7394 0
      vertex 8.65651 -37.288 34
      vertex 8.65651 -37.288 0
    endloop
  endfacet
  facet normal 0.642801 0.766033 -0
    outer loop
      vertex 12.1947 -40.257 0
      vertex 8.65651 -37.288 34
      vertex 12.1947 -40.257 34
    endloop
  endfacet
  facet normal 0.642801 0.766033 0
    outer loop
      vertex 8.65651 -37.288 34
      vertex 12.1947 -40.257 0
      vertex 8.65651 -37.288 0
    endloop
  endfacet
  facet normal 0.342017 -0.939694 0
    outer loop
      vertex 9.45856 -32.7394 0
      vertex 13.7988 -31.1597 34
      vertex 9.45856 -32.7394 34
    endloop
  endfacet
  facet normal 0.342017 -0.939694 0
    outer loop
      vertex 13.7988 -31.1597 34
      vertex 9.45856 -32.7394 0
      vertex 13.7988 -31.1597 0
    endloop
  endfacet
  facet normal -0.642787 -0.766045 0
    outer loop
      vertex 13.7988 -31.1597 0
      vertex 17.337 -34.1286 34
      vertex 13.7988 -31.1597 34
    endloop
  endfacet
  facet normal -0.642787 -0.766045 -0
    outer loop
      vertex 17.337 -34.1286 34
      vertex 13.7988 -31.1597 0
      vertex 17.337 -34.1286 0
    endloop
  endfacet
  facet normal -0.342032 0.939688 0
    outer loop
      vertex 16.535 -38.6772 0
      vertex 12.1947 -40.257 34
      vertex 16.535 -38.6772 34
    endloop
  endfacet
  facet normal -0.342032 0.939688 0
    outer loop
      vertex 12.1947 -40.257 34
      vertex 16.535 -38.6772 0
      vertex 12.1947 -40.257 0
    endloop
  endfacet
  facet normal -0.984806 -0.173661 6.73836e-19
    outer loop
      vertex 28.7662 -30.6894 0
      vertex 27.9641 -26.1408 34
      vertex 27.9641 -26.1408 0
    endloop
  endfacet
  facet normal -0.984806 -0.173661 6.73836e-19
    outer loop
      vertex 27.9641 -26.1408 34
      vertex 28.7662 -30.6894 0
      vertex 28.7662 -30.6894 34
    endloop
  endfacet
  facet normal 0.642787 -0.766045 0
    outer loop
      vertex 20.0857 -27.53 0
      vertex 23.6239 -24.5611 34
      vertex 20.0857 -27.53 34
    endloop
  endfacet
  facet normal 0.642787 -0.766045 0
    outer loop
      vertex 23.6239 -24.5611 34
      vertex 20.0857 -27.53 0
      vertex 23.6239 -24.5611 0
    endloop
  endfacet
  facet normal -0.342019 -0.939693 0
    outer loop
      vertex 23.6239 -24.5611 0
      vertex 27.9641 -26.1408 34
      vertex 23.6239 -24.5611 34
    endloop
  endfacet
  facet normal -0.342019 -0.939693 -0
    outer loop
      vertex 27.9641 -26.1408 34
      vertex 23.6239 -24.5611 0
      vertex 27.9641 -26.1408 0
    endloop
  endfacet
  facet normal -0.642787 0.766045 0
    outer loop
      vertex 28.7662 -30.6894 0
      vertex 25.228 -33.6583 34
      vertex 28.7662 -30.6894 34
    endloop
  endfacet
  facet normal -0.642787 0.766045 0
    outer loop
      vertex 25.228 -33.6583 34
      vertex 28.7662 -30.6894 0
      vertex 25.228 -33.6583 0
    endloop
  endfacet
  facet normal 0.984809 0.17364 1.03009e-18
    outer loop
      vertex 20.8877 -32.0786 34
      vertex 20.0857 -27.53 0
      vertex 20.0857 -27.53 34
    endloop
  endfacet
  facet normal 0.984809 0.17364 1.03009e-18
    outer loop
      vertex 20.0857 -27.53 0
      vertex 20.8877 -32.0786 34
      vertex 20.8877 -32.0786 0
    endloop
  endfacet
  facet normal 0.342012 0.939695 -0
    outer loop
      vertex 25.228 -33.6583 0
      vertex 20.8877 -32.0786 34
      vertex 25.228 -33.6583 34
    endloop
  endfacet
  facet normal 0.342012 0.939695 0
    outer loop
      vertex 20.8877 -32.0786 34
      vertex 25.228 -33.6583 0
      vertex 20.8877 -32.0786 0
    endloop
  endfacet
  facet normal -0.866026 -0.5 0
    outer loop
      vertex 37.5278 -19 0
      vertex 35.2184 -15 34
      vertex 35.2184 -15 0
    endloop
  endfacet
  facet normal -0.866026 -0.5 0
    outer loop
      vertex 35.2184 -15 34
      vertex 37.5278 -19 0
      vertex 37.5278 -19 34
    endloop
  endfacet
  facet normal 0 -1 0
    outer loop
      vertex 30.5996 -15 0
      vertex 35.2184 -15 34
      vertex 30.5996 -15 34
    endloop
  endfacet
  facet normal 0 -1 -0
    outer loop
      vertex 35.2184 -15 34
      vertex 30.5996 -15 0
      vertex 35.2184 -15 0
    endloop
  endfacet
  facet normal 0.866026 -0.5 0
    outer loop
      vertex 28.2902 -19 34
      vertex 30.5996 -15 0
      vertex 30.5996 -15 34
    endloop
  endfacet
  facet normal 0.866026 -0.5 0
    outer loop
      vertex 30.5996 -15 0
      vertex 28.2902 -19 34
      vertex 28.2902 -19 0
    endloop
  endfacet
  facet normal 0.866026 0.5 0
    outer loop
      vertex 30.5996 -23 34
      vertex 28.2902 -19 0
      vertex 28.2902 -19 34
    endloop
  endfacet
  facet normal 0.866026 0.5 0
    outer loop
      vertex 28.2902 -19 0
      vertex 30.5996 -23 34
      vertex 30.5996 -23 0
    endloop
  endfacet
  facet normal -0.866026 0.5 0
    outer loop
      vertex 35.2184 -23 0
      vertex 37.5278 -19 34
      vertex 37.5278 -19 0
    endloop
  endfacet
  facet normal -0.866026 0.5 0
    outer loop
      vertex 37.5278 -19 34
      vertex 35.2184 -23 0
      vertex 35.2184 -23 34
    endloop
  endfacet
  facet normal 0 1 -0
    outer loop
      vertex 35.2184 -23 0
      vertex 30.5996 -23 34
      vertex 35.2184 -23 34
    endloop
  endfacet
  facet normal 0 1 0
    outer loop
      vertex 30.5996 -23 34
      vertex 35.2184 -23 0
      vertex 30.5996 -23 0
    endloop
  endfacet
  facet normal -0.642789 -0.766044 0
    outer loop
      vertex 38.2247 -2.05 0
      vertex 41.7629 -5.01891 34
      vertex 38.2247 -2.05 34
    endloop
  endfacet
  facet normal -0.642789 -0.766044 -0
    outer loop
      vertex 41.7629 -5.01891 34
      vertex 38.2247 -2.05 0
      vertex 41.7629 -5.01891 0
    endloop
  endfacet
  facet normal -0.342024 0.939691 0
    outer loop
      vertex 40.9609 -9.56754 0
      vertex 36.6206 -11.1473 34
      vertex 40.9609 -9.56754 34
    endloop
  endfacet
  facet normal -0.342024 0.939691 0
    outer loop
      vertex 36.6206 -11.1473 34
      vertex 40.9609 -9.56754 0
      vertex 36.6206 -11.1473 0
    endloop
  endfacet
  facet normal 0.984806 -0.173659 -1.41256e-18
    outer loop
      vertex 33.0824 -8.17835 34
      vertex 33.8845 -3.62972 0
      vertex 33.8845 -3.62972 34
    endloop
  endfacet
  facet normal 0.984806 -0.173659 -1.41256e-18
    outer loop
      vertex 33.8845 -3.62972 0
      vertex 33.0824 -8.17835 34
      vertex 33.0824 -8.17835 0
    endloop
  endfacet
  facet normal 0.342023 -0.939691 0
    outer loop
      vertex 33.8845 -3.62972 0
      vertex 38.2247 -2.05 34
      vertex 33.8845 -3.62972 34
    endloop
  endfacet
  facet normal 0.342023 -0.939691 0
    outer loop
      vertex 38.2247 -2.05 34
      vertex 33.8845 -3.62972 0
      vertex 38.2247 -2.05 0
    endloop
  endfacet
  facet normal 0.642794 0.766039 -0
    outer loop
      vertex 36.6206 -11.1473 0
      vertex 33.0824 -8.17835 34
      vertex 36.6206 -11.1473 34
    endloop
  endfacet
  facet normal 0.642794 0.766039 0
    outer loop
      vertex 33.0824 -8.17835 34
      vertex 36.6206 -11.1473 0
      vertex 33.0824 -8.17835 0
    endloop
  endfacet
  facet normal -0.984809 0.173638 1.18611e-18
    outer loop
      vertex 40.9609 -9.56754 0
      vertex 41.7629 -5.01891 34
      vertex 41.7629 -5.01891 0
    endloop
  endfacet
  facet normal -0.984809 0.173638 1.18611e-18
    outer loop
      vertex 41.7629 -5.01891 34
      vertex 40.9609 -9.56754 0
      vertex 40.9609 -9.56754 34
    endloop
  endfacet
  facet normal -0.866025 -0.500001 -1.31096e-17
    outer loop
      vertex 7.10141 0 0
      vertex 3.5507 6.15 6
      vertex 3.5507 6.15 0
    endloop
  endfacet
  facet normal -0.866025 -0.500001 -1.31096e-17
    outer loop
      vertex 3.5507 6.15 6
      vertex 7.10141 0 0
      vertex 7.10141 0 6
    endloop
  endfacet
  facet normal 0.866025 -0.500001 1.31096e-17
    outer loop
      vertex -7.10141 0 6
      vertex -3.5507 6.15 0
      vertex -3.5507 6.15 6
    endloop
  endfacet
  facet normal 0.866025 -0.500001 1.31096e-17
    outer loop
      vertex -3.5507 6.15 0
      vertex -7.10141 0 6
      vertex -7.10141 0 0
    endloop
  endfacet
  facet normal 0 -1 0
    outer loop
      vertex -3.5507 6.15 0
      vertex 3.5507 6.15 6
      vertex -3.5507 6.15 6
    endloop
  endfacet
  facet normal 0 -1 -0
    outer loop
      vertex 3.5507 6.15 6
      vertex -3.5507 6.15 0
      vertex 3.5507 6.15 0
    endloop
  endfacet
  facet normal 0 0 -1
    outer loop
      vertex 1.94856 -1.125 6
      vertex 7.10141 0 6
      vertex 3.5507 -6.15 6
    endloop
  endfacet
  facet normal 0 0 -1
    outer loop
      vertex 2.21582 0.390708 6
      vertex 7.10141 0 6
      vertex 2.25 0 6
    endloop
  endfacet
  facet normal -0 0 -1
    outer loop
      vertex 7.10141 0 6
      vertex 2.21582 -0.390708 6
      vertex 2.25 0 6
    endloop
  endfacet
  facet normal 0 0 -1
    outer loop
      vertex 7.10141 0 6
      vertex 2.11431 -0.769545 6
      vertex 2.21582 -0.390708 6
    endloop
  endfacet
  facet normal 0 0 -1
    outer loop
      vertex 7.10141 0 6
      vertex 1.94856 -1.125 6
      vertex 2.11431 -0.769545 6
    endloop
  endfacet
  facet normal 0 0 -1
    outer loop
      vertex 3.5507 -6.15 6
      vertex 1.7236 -1.44627 6
      vertex 1.94856 -1.125 6
    endloop
  endfacet
  facet normal 0 0 -1
    outer loop
      vertex 3.5507 -6.15 6
      vertex 1.44627 -1.7236 6
      vertex 1.7236 -1.44627 6
    endloop
  endfacet
  facet normal 0 0 -1
    outer loop
      vertex 3.5507 -6.15 6
      vertex 1.125 -1.94856 6
      vertex 1.44627 -1.7236 6
    endloop
  endfacet
  facet normal 0 0 -1
    outer loop
      vertex 3.5507 -6.15 6
      vertex 0.769545 -2.11431 6
      vertex 1.125 -1.94856 6
    endloop
  endfacet
  facet normal 0 0 -1
    outer loop
      vertex 3.5507 -6.15 6
      vertex 0.390708 -2.21582 6
      vertex 0.769545 -2.11431 6
    endloop
  endfacet
  facet normal 0 0 -1
    outer loop
      vertex 3.5507 -6.15 6
      vertex 0 -2.25 6
      vertex 0.390708 -2.21582 6
    endloop
  endfacet
  facet normal 0 0 -1
    outer loop
      vertex -3.5507 -6.15 6
      vertex 0 -2.25 6
      vertex 3.5507 -6.15 6
    endloop
  endfacet
  facet normal -0 0 -1
    outer loop
      vertex 0 -2.25 6
      vertex -3.5507 -6.15 6
      vertex -0.390708 -2.21582 6
    endloop
  endfacet
  facet normal -0 0 -1
    outer loop
      vertex -0.390708 -2.21582 6
      vertex -3.5507 -6.15 6
      vertex -0.769545 -2.11431 6
    endloop
  endfacet
  facet normal -0 0 -1
    outer loop
      vertex -0.769545 -2.11431 6
      vertex -3.5507 -6.15 6
      vertex -1.125 -1.94856 6
    endloop
  endfacet
  facet normal 0 0 -1
    outer loop
      vertex -2.11431 -0.769545 6
      vertex -7.10141 0 6
      vertex -2.21582 -0.390708 6
    endloop
  endfacet
  facet normal 0 0 -1
    outer loop
      vertex -1.94856 -1.125 6
      vertex -7.10141 0 6
      vertex -2.11431 -0.769545 6
    endloop
  endfacet
  facet normal 0 0 -1
    outer loop
      vertex -7.10141 0 6
      vertex -1.94856 -1.125 6
      vertex -3.5507 -6.15 6
    endloop
  endfacet
  facet normal -0 0 -1
    outer loop
      vertex -1.7236 -1.44627 6
      vertex -3.5507 -6.15 6
      vertex -1.94856 -1.125 6
    endloop
  endfacet
  facet normal -0 0 -1
    outer loop
      vertex -1.44627 -1.7236 6
      vertex -3.5507 -6.15 6
      vertex -1.7236 -1.44627 6
    endloop
  endfacet
  facet normal -0 0 -1
    outer loop
      vertex -1.125 -1.94856 6
      vertex -3.5507 -6.15 6
      vertex -1.44627 -1.7236 6
    endloop
  endfacet
  facet normal 0 0 -1
    outer loop
      vertex 2.11431 0.769545 6
      vertex 7.10141 0 6
      vertex 2.21582 0.390708 6
    endloop
  endfacet
  facet normal 0 0 -1
    outer loop
      vertex 1.94856 1.125 6
      vertex 7.10141 0 6
      vertex 2.11431 0.769545 6
    endloop
  endfacet
  facet normal 0 0 -1
    outer loop
      vertex 7.10141 0 6
      vertex 1.94856 1.125 6
      vertex 3.5507 6.15 6
    endloop
  endfacet
  facet normal 0 0 -1
    outer loop
      vertex 1.7236 1.44627 6
      vertex 3.5507 6.15 6
      vertex 1.94856 1.125 6
    endloop
  endfacet
  facet normal 0 0 -1
    outer loop
      vertex 1.44627 1.7236 6
      vertex 3.5507 6.15 6
      vertex 1.7236 1.44627 6
    endloop
  endfacet
  facet normal 0 0 -1
    outer loop
      vertex 1.125 1.94856 6
      vertex 3.5507 6.15 6
      vertex 1.44627 1.7236 6
    endloop
  endfacet
  facet normal 0 0 -1
    outer loop
      vertex 0.769545 2.11431 6
      vertex 3.5507 6.15 6
      vertex 1.125 1.94856 6
    endloop
  endfacet
  facet normal 0 0 -1
    outer loop
      vertex 0.390708 2.21582 6
      vertex 3.5507 6.15 6
      vertex 0.769545 2.11431 6
    endloop
  endfacet
  facet normal 0 0 -1
    outer loop
      vertex 0 2.25 6
      vertex 3.5507 6.15 6
      vertex 0.390708 2.21582 6
    endloop
  endfacet
  facet normal 0 0 -1
    outer loop
      vertex -3.5507 6.15 6
      vertex 0 2.25 6
      vertex -0.390708 2.21582 6
    endloop
  endfacet
  facet normal 0 0 -1
    outer loop
      vertex -3.5507 6.15 6
      vertex -0.390708 2.21582 6
      vertex -0.769545 2.11431 6
    endloop
  endfacet
  facet normal 0 0 -1
    outer loop
      vertex -3.5507 6.15 6
      vertex -0.769545 2.11431 6
      vertex -1.125 1.94856 6
    endloop
  endfacet
  facet normal 0 0 -1
    outer loop
      vertex -3.5507 6.15 6
      vertex -1.125 1.94856 6
      vertex -1.44627 1.7236 6
    endloop
  endfacet
  facet normal 0 0 -1
    outer loop
      vertex -2.21582 -0.390708 6
      vertex -7.10141 0 6
      vertex -2.25 0 6
    endloop
  endfacet
  facet normal 0 0 -1
    outer loop
      vertex 0 2.25 6
      vertex -3.5507 6.15 6
      vertex 3.5507 6.15 6
    endloop
  endfacet
  facet normal 0 0 -1
    outer loop
      vertex -1.7236 1.44627 6
      vertex -3.5507 6.15 6
      vertex -1.44627 1.7236 6
    endloop
  endfacet
  facet normal 0 0 -1
    outer loop
      vertex -1.94856 1.125 6
      vertex -3.5507 6.15 6
      vertex -1.7236 1.44627 6
    endloop
  endfacet
  facet normal 0 0 -1
    outer loop
      vertex -7.10141 0 6
      vertex -1.94856 1.125 6
      vertex -2.11431 0.769545 6
    endloop
  endfacet
  facet normal 0 0 -1
    outer loop
      vertex -7.10141 0 6
      vertex -2.11431 0.769545 6
      vertex -2.21582 0.390708 6
    endloop
  endfacet
  facet normal 0 0 -1
    outer loop
      vertex -2.25 0 6
      vertex -7.10141 0 6
      vertex -2.21582 0.390708 6
    endloop
  endfacet
  facet normal -0 0 -1
    outer loop
      vertex -1.94856 1.125 6
      vertex -7.10141 0 6
      vertex -3.5507 6.15 6
    endloop
  endfacet
  facet normal -0.866025 0.500001 1.31096e-17
    outer loop
      vertex 3.5507 -6.15 0
      vertex 7.10141 0 6
      vertex 7.10141 0 0
    endloop
  endfacet
  facet normal -0.866025 0.500001 1.31096e-17
    outer loop
      vertex 7.10141 0 6
      vertex 3.5507 -6.15 0
      vertex 3.5507 -6.15 6
    endloop
  endfacet
  facet normal 0 1 -0
    outer loop
      vertex 3.5507 -6.15 0
      vertex -3.5507 -6.15 6
      vertex 3.5507 -6.15 6
    endloop
  endfacet
  facet normal 0 1 0
    outer loop
      vertex -3.5507 -6.15 6
      vertex 3.5507 -6.15 0
      vertex -3.5507 -6.15 0
    endloop
  endfacet
  facet normal 0.866025 0.500001 -1.31096e-17
    outer loop
      vertex -3.5507 -6.15 6
      vertex -7.10141 0 0
      vertex -7.10141 0 6
    endloop
  endfacet
  facet normal 0.866025 0.500001 -1.31096e-17
    outer loop
      vertex -7.10141 0 0
      vertex -3.5507 -6.15 6
      vertex -3.5507 -6.15 0
    endloop
  endfacet
  facet normal -0.996195 -0.0871494 -6.55762e-20
    outer loop
      vertex 2.25 0 6
      vertex 2.21582 0.390708 28
      vertex 2.21582 0.390708 6
    endloop
  endfacet
  facet normal -0.996195 -0.0871494 -6.55762e-20
    outer loop
      vertex 2.21582 0.390708 28
      vertex 2.25 0 6
      vertex 2.25 0 28
    endloop
  endfacet
  facet normal 0.996195 -0.0871494 6.55762e-20
    outer loop
      vertex -2.25 0 28
      vertex -2.21582 0.390708 6
      vertex -2.21582 0.390708 28
    endloop
  endfacet
  facet normal 0.996195 -0.0871494 6.55762e-20
    outer loop
      vertex -2.21582 0.390708 6
      vertex -2.25 0 28
      vertex -2.25 0 6
    endloop
  endfacet
  facet normal -0.0871494 -0.996195 0
    outer loop
      vertex 0 2.25 6
      vertex 0.390708 2.21582 28
      vertex 0 2.25 28
    endloop
  endfacet
  facet normal -0.0871494 -0.996195 -0
    outer loop
      vertex 0.390708 2.21582 28
      vertex 0 2.25 6
      vertex 0.390708 2.21582 6
    endloop
  endfacet
  facet normal -0.707107 -0.707107 5.99212e-19
    outer loop
      vertex 1.7236 1.44627 6
      vertex 1.44627 1.7236 28
      vertex 1.44627 1.7236 6
    endloop
  endfacet
  facet normal -0.707107 -0.707107 5.99212e-19
    outer loop
      vertex 1.44627 1.7236 28
      vertex 1.7236 1.44627 6
      vertex 1.7236 1.44627 28
    endloop
  endfacet
  facet normal 0.573584 -0.819147 0
    outer loop
      vertex -1.44627 1.7236 6
      vertex -1.125 1.94856 28
      vertex -1.44627 1.7236 28
    endloop
  endfacet
  facet normal 0.573584 -0.819147 0
    outer loop
      vertex -1.125 1.94856 28
      vertex -1.44627 1.7236 6
      vertex -1.125 1.94856 6
    endloop
  endfacet
  facet normal 0.258821 -0.965925 0
    outer loop
      vertex -0.769545 2.11431 6
      vertex -0.390708 2.21582 28
      vertex -0.769545 2.11431 28
    endloop
  endfacet
  facet normal 0.258821 -0.965925 0
    outer loop
      vertex -0.390708 2.21582 28
      vertex -0.769545 2.11431 6
      vertex -0.390708 2.21582 6
    endloop
  endfacet
  facet normal -0.906309 -0.422615 -3.66755e-19
    outer loop
      vertex 2.11431 0.769545 6
      vertex 1.94856 1.125 28
      vertex 1.94856 1.125 6
    endloop
  endfacet
  facet normal -0.906309 -0.422615 -3.66755e-19
    outer loop
      vertex 1.94856 1.125 28
      vertex 2.11431 0.769545 6
      vertex 2.11431 0.769545 28
    endloop
  endfacet
  facet normal -0.965925 -0.258821 2.71728e-19
    outer loop
      vertex 2.21582 0.390708 6
      vertex 2.11431 0.769545 28
      vertex 2.11431 0.769545 6
    endloop
  endfacet
  facet normal -0.965925 -0.258821 2.71728e-19
    outer loop
      vertex 2.11431 0.769545 28
      vertex 2.21582 0.390708 6
      vertex 2.21582 0.390708 28
    endloop
  endfacet
  facet normal -0.819147 -0.573584 -1.19372e-19
    outer loop
      vertex 1.94856 1.125 6
      vertex 1.7236 1.44627 28
      vertex 1.7236 1.44627 6
    endloop
  endfacet
  facet normal -0.819147 -0.573584 -1.19372e-19
    outer loop
      vertex 1.7236 1.44627 28
      vertex 1.94856 1.125 6
      vertex 1.94856 1.125 28
    endloop
  endfacet
  facet normal -0.422615 -0.906309 0
    outer loop
      vertex 0.769545 2.11431 6
      vertex 1.125 1.94856 28
      vertex 0.769545 2.11431 28
    endloop
  endfacet
  facet normal -0.422615 -0.906309 -0
    outer loop
      vertex 1.125 1.94856 28
      vertex 0.769545 2.11431 6
      vertex 1.125 1.94856 6
    endloop
  endfacet
  facet normal -0.258821 -0.965925 0
    outer loop
      vertex 0.390708 2.21582 6
      vertex 0.769545 2.11431 28
      vertex 0.390708 2.21582 28
    endloop
  endfacet
  facet normal -0.258821 -0.965925 -0
    outer loop
      vertex 0.769545 2.11431 28
      vertex 0.390708 2.21582 6
      vertex 0.769545 2.11431 6
    endloop
  endfacet
  facet normal -0.573584 -0.819147 0
    outer loop
      vertex 1.125 1.94856 6
      vertex 1.44627 1.7236 28
      vertex 1.125 1.94856 28
    endloop
  endfacet
  facet normal -0.573584 -0.819147 -0
    outer loop
      vertex 1.44627 1.7236 28
      vertex 1.125 1.94856 6
      vertex 1.44627 1.7236 6
    endloop
  endfacet
  facet normal 0.819147 -0.573584 1.19372e-19
    outer loop
      vertex -1.94856 1.125 28
      vertex -1.7236 1.44627 6
      vertex -1.7236 1.44627 28
    endloop
  endfacet
  facet normal 0.819147 -0.573584 1.19372e-19
    outer loop
      vertex -1.7236 1.44627 6
      vertex -1.94856 1.125 28
      vertex -1.94856 1.125 6
    endloop
  endfacet
  facet normal 0.707107 -0.707107 -5.99212e-19
    outer loop
      vertex -1.7236 1.44627 28
      vertex -1.44627 1.7236 6
      vertex -1.44627 1.7236 28
    endloop
  endfacet
  facet normal 0.707107 -0.707107 -5.99212e-19
    outer loop
      vertex -1.44627 1.7236 6
      vertex -1.7236 1.44627 28
      vertex -1.7236 1.44627 6
    endloop
  endfacet
  facet normal 0.906309 -0.422615 3.66755e-19
    outer loop
      vertex -2.11431 0.769545 28
      vertex -1.94856 1.125 6
      vertex -1.94856 1.125 28
    endloop
  endfacet
  facet normal 0.906309 -0.422615 3.66755e-19
    outer loop
      vertex -1.94856 1.125 6
      vertex -2.11431 0.769545 28
      vertex -2.11431 0.769545 6
    endloop
  endfacet
  facet normal 0.422615 -0.906309 0
    outer loop
      vertex -1.125 1.94856 6
      vertex -0.769545 2.11431 28
      vertex -1.125 1.94856 28
    endloop
  endfacet
  facet normal 0.422615 -0.906309 0
    outer loop
      vertex -0.769545 2.11431 28
      vertex -1.125 1.94856 6
      vertex -0.769545 2.11431 6
    endloop
  endfacet
  facet normal 0.0871494 -0.996195 0
    outer loop
      vertex -0.390708 2.21582 6
      vertex 0 2.25 28
      vertex -0.390708 2.21582 28
    endloop
  endfacet
  facet normal 0.0871494 -0.996195 0
    outer loop
      vertex 0 2.25 28
      vertex -0.390708 2.21582 6
      vertex 0 2.25 6
    endloop
  endfacet
  facet normal -0.573584 0.819147 0
    outer loop
      vertex 1.44627 -1.7236 6
      vertex 1.125 -1.94856 28
      vertex 1.44627 -1.7236 28
    endloop
  endfacet
  facet normal -0.573584 0.819147 0
    outer loop
      vertex 1.125 -1.94856 28
      vertex 1.44627 -1.7236 6
      vertex 1.125 -1.94856 6
    endloop
  endfacet
  facet normal 0.707107 0.707107 5.99212e-19
    outer loop
      vertex -1.44627 -1.7236 28
      vertex -1.7236 -1.44627 6
      vertex -1.7236 -1.44627 28
    endloop
  endfacet
  facet normal 0.707107 0.707107 5.99212e-19
    outer loop
      vertex -1.7236 -1.44627 6
      vertex -1.44627 -1.7236 28
      vertex -1.44627 -1.7236 6
    endloop
  endfacet
  facet normal 0.422615 0.906309 -0
    outer loop
      vertex -0.769545 -2.11431 6
      vertex -1.125 -1.94856 28
      vertex -0.769545 -2.11431 28
    endloop
  endfacet
  facet normal 0.422615 0.906309 0
    outer loop
      vertex -1.125 -1.94856 28
      vertex -0.769545 -2.11431 6
      vertex -1.125 -1.94856 6
    endloop
  endfacet
  facet normal 0.906309 0.422615 -3.66755e-19
    outer loop
      vertex -1.94856 -1.125 28
      vertex -2.11431 -0.769545 6
      vertex -2.11431 -0.769545 28
    endloop
  endfacet
  facet normal 0.906309 0.422615 -3.66755e-19
    outer loop
      vertex -2.11431 -0.769545 6
      vertex -1.94856 -1.125 28
      vertex -1.94856 -1.125 6
    endloop
  endfacet
  facet normal 0.996195 0.0871494 -6.55762e-20
    outer loop
      vertex -2.21582 -0.390708 28
      vertex -2.25 0 6
      vertex -2.25 0 28
    endloop
  endfacet
  facet normal 0.996195 0.0871494 -6.55762e-20
    outer loop
      vertex -2.25 0 6
      vertex -2.21582 -0.390708 28
      vertex -2.21582 -0.390708 6
    endloop
  endfacet
  facet normal 0.965925 -0.258821 -2.71728e-19
    outer loop
      vertex -2.21582 0.390708 28
      vertex -2.11431 0.769545 6
      vertex -2.11431 0.769545 28
    endloop
  endfacet
  facet normal 0.965925 -0.258821 -2.71728e-19
    outer loop
      vertex -2.11431 0.769545 6
      vertex -2.21582 0.390708 28
      vertex -2.21582 0.390708 6
    endloop
  endfacet
  facet normal -0.0871494 0.996195 0
    outer loop
      vertex 0.390708 -2.21582 6
      vertex 0 -2.25 28
      vertex 0.390708 -2.21582 28
    endloop
  endfacet
  facet normal -0.0871494 0.996195 0
    outer loop
      vertex 0 -2.25 28
      vertex 0.390708 -2.21582 6
      vertex 0 -2.25 6
    endloop
  endfacet
  facet normal -0.422615 0.906309 0
    outer loop
      vertex 1.125 -1.94856 6
      vertex 0.769545 -2.11431 28
      vertex 1.125 -1.94856 28
    endloop
  endfacet
  facet normal -0.422615 0.906309 0
    outer loop
      vertex 0.769545 -2.11431 28
      vertex 1.125 -1.94856 6
      vertex 0.769545 -2.11431 6
    endloop
  endfacet
  facet normal -0.707107 0.707107 -5.99212e-19
    outer loop
      vertex 1.44627 -1.7236 6
      vertex 1.7236 -1.44627 28
      vertex 1.7236 -1.44627 6
    endloop
  endfacet
  facet normal -0.707107 0.707107 -5.99212e-19
    outer loop
      vertex 1.7236 -1.44627 28
      vertex 1.44627 -1.7236 6
      vertex 1.44627 -1.7236 28
    endloop
  endfacet
  facet normal -0.906309 0.422615 3.66755e-19
    outer loop
      vertex 1.94856 -1.125 6
      vertex 2.11431 -0.769545 28
      vertex 2.11431 -0.769545 6
    endloop
  endfacet
  facet normal -0.906309 0.422615 3.66755e-19
    outer loop
      vertex 2.11431 -0.769545 28
      vertex 1.94856 -1.125 6
      vertex 1.94856 -1.125 28
    endloop
  endfacet
  facet normal -0.819147 0.573584 1.19372e-19
    outer loop
      vertex 1.7236 -1.44627 6
      vertex 1.94856 -1.125 28
      vertex 1.94856 -1.125 6
    endloop
  endfacet
  facet normal -0.819147 0.573584 1.19372e-19
    outer loop
      vertex 1.94856 -1.125 28
      vertex 1.7236 -1.44627 6
      vertex 1.7236 -1.44627 28
    endloop
  endfacet
  facet normal -0.965925 0.258821 -2.71728e-19
    outer loop
      vertex 2.11431 -0.769545 6
      vertex 2.21582 -0.390708 28
      vertex 2.21582 -0.390708 6
    endloop
  endfacet
  facet normal -0.965925 0.258821 -2.71728e-19
    outer loop
      vertex 2.21582 -0.390708 28
      vertex 2.11431 -0.769545 6
      vertex 2.11431 -0.769545 28
    endloop
  endfacet
  facet normal 0.573584 0.819147 -0
    outer loop
      vertex -1.125 -1.94856 6
      vertex -1.44627 -1.7236 28
      vertex -1.125 -1.94856 28
    endloop
  endfacet
  facet normal 0.573584 0.819147 0
    outer loop
      vertex -1.44627 -1.7236 28
      vertex -1.125 -1.94856 6
      vertex -1.44627 -1.7236 6
    endloop
  endfacet
  facet normal 0.258821 0.965925 -0
    outer loop
      vertex -0.390708 -2.21582 6
      vertex -0.769545 -2.11431 28
      vertex -0.390708 -2.21582 28
    endloop
  endfacet
  facet normal 0.258821 0.965925 0
    outer loop
      vertex -0.769545 -2.11431 28
      vertex -0.390708 -2.21582 6
      vertex -0.769545 -2.11431 6
    endloop
  endfacet
  facet normal 0.819147 0.573584 -1.19372e-19
    outer loop
      vertex -1.7236 -1.44627 28
      vertex -1.94856 -1.125 6
      vertex -1.94856 -1.125 28
    endloop
  endfacet
  facet normal 0.819147 0.573584 -1.19372e-19
    outer loop
      vertex -1.94856 -1.125 6
      vertex -1.7236 -1.44627 28
      vertex -1.7236 -1.44627 6
    endloop
  endfacet
  facet normal 0.965925 0.258821 2.71728e-19
    outer loop
      vertex -2.11431 -0.769545 28
      vertex -2.21582 -0.390708 6
      vertex -2.21582 -0.390708 28
    endloop
  endfacet
  facet normal 0.965925 0.258821 2.71728e-19
    outer loop
      vertex -2.21582 -0.390708 6
      vertex -2.11431 -0.769545 28
      vertex -2.11431 -0.769545 6
    endloop
  endfacet
  facet normal -0.258821 0.965925 0
    outer loop
      vertex 0.769545 -2.11431 6
      vertex 0.390708 -2.21582 28
      vertex 0.769545 -2.11431 28
    endloop
  endfacet
  facet normal -0.258821 0.965925 0
    outer loop
      vertex 0.390708 -2.21582 28
      vertex 0.769545 -2.11431 6
      vertex 0.390708 -2.21582 6
    endloop
  endfacet
  facet normal -0.996195 0.0871494 6.55762e-20
    outer loop
      vertex 2.21582 -0.390708 6
      vertex 2.25 0 28
      vertex 2.25 0 6
    endloop
  endfacet
  facet normal -0.996195 0.0871494 6.55762e-20
    outer loop
      vertex 2.25 0 28
      vertex 2.21582 -0.390708 6
      vertex 2.21582 -0.390708 28
    endloop
  endfacet
  facet normal 0.0871494 0.996195 -0
    outer loop
      vertex 0 -2.25 6
      vertex -0.390708 -2.21582 28
      vertex 0 -2.25 28
    endloop
  endfacet
  facet normal 0.0871494 0.996195 0
    outer loop
      vertex -0.390708 -2.21582 28
      vertex 0 -2.25 6
      vertex -0.390708 -2.21582 6
    endloop
  endfacet
  facet normal -0.996194 -0.0871585 7.75133e-19
    outer loop
      vertex 5.5 0 28
      vertex 5.41644 0.955065 34
      vertex 5.41644 0.955065 28
    endloop
  endfacet
  facet normal -0.996194 -0.0871585 7.75133e-19
    outer loop
      vertex 5.41644 0.955065 34
      vertex 5.5 0 28
      vertex 5.5 0 34
    endloop
  endfacet
  facet normal 0.996194 -0.0871585 -7.75133e-19
    outer loop
      vertex -5.5 0 34
      vertex -5.41644 0.955065 28
      vertex -5.41644 0.955065 34
    endloop
  endfacet
  facet normal 0.996194 -0.0871585 -7.75133e-19
    outer loop
      vertex -5.41644 0.955065 28
      vertex -5.5 0 34
      vertex -5.5 0 28
    endloop
  endfacet
  facet normal -0.0871585 -0.996194 0
    outer loop
      vertex 0 5.5 28
      vertex 0.955065 5.41644 34
      vertex 0 5.5 34
    endloop
  endfacet
  facet normal -0.0871585 -0.996194 -0
    outer loop
      vertex 0.955065 5.41644 34
      vertex 0 5.5 28
      vertex 0.955065 5.41644 28
    endloop
  endfacet
  facet normal -0.707107 -0.707107 -3.6283e-19
    outer loop
      vertex 4.21324 3.53533 28
      vertex 3.53533 4.21324 34
      vertex 3.53533 4.21324 28
    endloop
  endfacet
  facet normal -0.707107 -0.707107 -3.6283e-19
    outer loop
      vertex 3.53533 4.21324 34
      vertex 4.21324 3.53533 28
      vertex 4.21324 3.53533 34
    endloop
  endfacet
  facet normal 0.573581 -0.819149 0
    outer loop
      vertex -3.53533 4.21324 28
      vertex -2.75 4.76314 34
      vertex -3.53533 4.21324 34
    endloop
  endfacet
  facet normal 0.573581 -0.819149 0
    outer loop
      vertex -2.75 4.76314 34
      vertex -3.53533 4.21324 28
      vertex -2.75 4.76314 28
    endloop
  endfacet
  facet normal 0.258816 -0.965927 0
    outer loop
      vertex -1.88111 5.16831 28
      vertex -0.955065 5.41644 34
      vertex -1.88111 5.16831 34
    endloop
  endfacet
  facet normal 0.258816 -0.965927 0
    outer loop
      vertex -0.955065 5.41644 34
      vertex -1.88111 5.16831 28
      vertex -0.955065 5.41644 28
    endloop
  endfacet
  facet normal 0.819149 0.573581 3.39268e-19
    outer loop
      vertex -4.21324 -3.53533 34
      vertex -4.76314 -2.75 28
      vertex -4.76314 -2.75 34
    endloop
  endfacet
  facet normal 0.819149 0.573581 3.39268e-19
    outer loop
      vertex -4.76314 -2.75 28
      vertex -4.21324 -3.53533 34
      vertex -4.21324 -3.53533 28
    endloop
  endfacet
  facet normal -0.906308 -0.422618 1.1356e-18
    outer loop
      vertex 5.16831 1.88111 28
      vertex 4.76314 2.75 34
      vertex 4.76314 2.75 28
    endloop
  endfacet
  facet normal -0.906308 -0.422618 1.1356e-18
    outer loop
      vertex 4.76314 2.75 34
      vertex 5.16831 1.88111 28
      vertex 5.16831 1.88111 34
    endloop
  endfacet
  facet normal -0.965927 -0.258816 -1.0555e-18
    outer loop
      vertex 5.41644 0.955065 28
      vertex 5.16831 1.88111 34
      vertex 5.16831 1.88111 28
    endloop
  endfacet
  facet normal -0.965927 -0.258816 -1.0555e-18
    outer loop
      vertex 5.16831 1.88111 34
      vertex 5.41644 0.955065 28
      vertex 5.41644 0.955065 34
    endloop
  endfacet
  facet normal -0.819149 -0.573581 3.39268e-19
    outer loop
      vertex 4.76314 2.75 28
      vertex 4.21324 3.53533 34
      vertex 4.21324 3.53533 28
    endloop
  endfacet
  facet normal -0.819149 -0.573581 3.39268e-19
    outer loop
      vertex 4.21324 3.53533 34
      vertex 4.76314 2.75 28
      vertex 4.76314 2.75 34
    endloop
  endfacet
  facet normal -0.422618 -0.906308 0
    outer loop
      vertex 1.88111 5.16831 28
      vertex 2.75 4.76314 34
      vertex 1.88111 5.16831 34
    endloop
  endfacet
  facet normal -0.422618 -0.906308 -0
    outer loop
      vertex 2.75 4.76314 34
      vertex 1.88111 5.16831 28
      vertex 2.75 4.76314 28
    endloop
  endfacet
  facet normal -0.258816 -0.965927 0
    outer loop
      vertex 0.955065 5.41644 28
      vertex 1.88111 5.16831 34
      vertex 0.955065 5.41644 34
    endloop
  endfacet
  facet normal -0.258816 -0.965927 -0
    outer loop
      vertex 1.88111 5.16831 34
      vertex 0.955065 5.41644 28
      vertex 1.88111 5.16831 28
    endloop
  endfacet
  facet normal -0.573581 -0.819149 0
    outer loop
      vertex 2.75 4.76314 28
      vertex 3.53533 4.21324 34
      vertex 2.75 4.76314 34
    endloop
  endfacet
  facet normal -0.573581 -0.819149 -0
    outer loop
      vertex 3.53533 4.21324 34
      vertex 2.75 4.76314 28
      vertex 3.53533 4.21324 28
    endloop
  endfacet
  facet normal 0.906308 -0.422618 -1.1356e-18
    outer loop
      vertex -5.16831 1.88111 34
      vertex -4.76314 2.75 28
      vertex -4.76314 2.75 34
    endloop
  endfacet
  facet normal 0.906308 -0.422618 -1.1356e-18
    outer loop
      vertex -4.76314 2.75 28
      vertex -5.16831 1.88111 34
      vertex -5.16831 1.88111 28
    endloop
  endfacet
  facet normal 0.819149 -0.573581 -3.39268e-19
    outer loop
      vertex -4.76314 2.75 34
      vertex -4.21324 3.53533 28
      vertex -4.21324 3.53533 34
    endloop
  endfacet
  facet normal 0.819149 -0.573581 -3.39268e-19
    outer loop
      vertex -4.21324 3.53533 28
      vertex -4.76314 2.75 34
      vertex -4.76314 2.75 28
    endloop
  endfacet
  facet normal 0.965927 -0.258816 1.0555e-18
    outer loop
      vertex -5.41644 0.955065 34
      vertex -5.16831 1.88111 28
      vertex -5.16831 1.88111 34
    endloop
  endfacet
  facet normal 0.965927 -0.258816 1.0555e-18
    outer loop
      vertex -5.16831 1.88111 28
      vertex -5.41644 0.955065 34
      vertex -5.41644 0.955065 28
    endloop
  endfacet
  facet normal 0.422618 -0.906308 0
    outer loop
      vertex -2.75 4.76314 28
      vertex -1.88111 5.16831 34
      vertex -2.75 4.76314 34
    endloop
  endfacet
  facet normal 0.422618 -0.906308 0
    outer loop
      vertex -1.88111 5.16831 34
      vertex -2.75 4.76314 28
      vertex -1.88111 5.16831 28
    endloop
  endfacet
  facet normal 0.0871585 -0.996194 0
    outer loop
      vertex -0.955065 5.41644 28
      vertex 0 5.5 34
      vertex -0.955065 5.41644 34
    endloop
  endfacet
  facet normal 0.0871585 -0.996194 0
    outer loop
      vertex 0 5.5 34
      vertex -0.955065 5.41644 28
      vertex 0 5.5 28
    endloop
  endfacet
  facet normal -0.0871585 0.996194 0
    outer loop
      vertex 0.955065 -5.41644 28
      vertex 0 -5.5 34
      vertex 0.955065 -5.41644 34
    endloop
  endfacet
  facet normal -0.0871585 0.996194 0
    outer loop
      vertex 0 -5.5 34
      vertex 0.955065 -5.41644 28
      vertex 0 -5.5 28
    endloop
  endfacet
  facet normal -0.707107 0.707107 3.6283e-19
    outer loop
      vertex 3.53533 -4.21324 28
      vertex 4.21324 -3.53533 34
      vertex 4.21324 -3.53533 28
    endloop
  endfacet
  facet normal -0.707107 0.707107 3.6283e-19
    outer loop
      vertex 4.21324 -3.53533 34
      vertex 3.53533 -4.21324 28
      vertex 3.53533 -4.21324 34
    endloop
  endfacet
  facet normal -0.422618 0.906308 0
    outer loop
      vertex 2.75 -4.76314 28
      vertex 1.88111 -5.16831 34
      vertex 2.75 -4.76314 34
    endloop
  endfacet
  facet normal -0.422618 0.906308 0
    outer loop
      vertex 1.88111 -5.16831 34
      vertex 2.75 -4.76314 28
      vertex 1.88111 -5.16831 28
    endloop
  endfacet
  facet normal -0.996194 0.0871585 -7.75133e-19
    outer loop
      vertex 5.41644 -0.955065 28
      vertex 5.5 0 34
      vertex 5.5 0 28
    endloop
  endfacet
  facet normal -0.996194 0.0871585 -7.75133e-19
    outer loop
      vertex 5.5 0 34
      vertex 5.41644 -0.955065 28
      vertex 5.41644 -0.955065 34
    endloop
  endfacet
  facet normal 0.258816 0.965927 -0
    outer loop
      vertex -0.955065 -5.41644 28
      vertex -1.88111 -5.16831 34
      vertex -0.955065 -5.41644 34
    endloop
  endfacet
  facet normal 0.258816 0.965927 0
    outer loop
      vertex -1.88111 -5.16831 34
      vertex -0.955065 -5.41644 28
      vertex -1.88111 -5.16831 28
    endloop
  endfacet
  facet normal 0.996194 0.0871585 7.75133e-19
    outer loop
      vertex -5.41644 -0.955065 34
      vertex -5.5 0 28
      vertex -5.5 0 34
    endloop
  endfacet
  facet normal 0.996194 0.0871585 7.75133e-19
    outer loop
      vertex -5.5 0 28
      vertex -5.41644 -0.955065 34
      vertex -5.41644 -0.955065 28
    endloop
  endfacet
  facet normal 0.906308 0.422618 1.1356e-18
    outer loop
      vertex -4.76314 -2.75 34
      vertex -5.16831 -1.88111 28
      vertex -5.16831 -1.88111 34
    endloop
  endfacet
  facet normal 0.906308 0.422618 1.1356e-18
    outer loop
      vertex -5.16831 -1.88111 28
      vertex -4.76314 -2.75 34
      vertex -4.76314 -2.75 28
    endloop
  endfacet
  facet normal 0 0 1
    outer loop
      vertex 2.25 0 28
      vertex 5.5 0 28
      vertex 5.41644 0.955065 28
    endloop
  endfacet
  facet normal 0 0 1
    outer loop
      vertex 2.21582 0.390708 28
      vertex 5.41644 0.955065 28
      vertex 5.16831 1.88111 28
    endloop
  endfacet
  facet normal 0 0 1
    outer loop
      vertex 5.5 0 28
      vertex 2.25 0 28
      vertex 5.41644 -0.955065 28
    endloop
  endfacet
  facet normal 0 0 1
    outer loop
      vertex 2.11431 0.769545 28
      vertex 5.16831 1.88111 28
      vertex 4.76314 2.75 28
    endloop
  endfacet
  facet normal -0 0 1
    outer loop
      vertex 2.21582 -0.390708 28
      vertex 5.41644 -0.955065 28
      vertex 2.25 0 28
    endloop
  endfacet
  facet normal 0 0 1
    outer loop
      vertex 1.94856 1.125 28
      vertex 4.76314 2.75 28
      vertex 4.21324 3.53533 28
    endloop
  endfacet
  facet normal 0 0 1
    outer loop
      vertex 5.41644 -0.955065 28
      vertex 2.21582 -0.390708 28
      vertex 5.16831 -1.88111 28
    endloop
  endfacet
  facet normal 0 0 1
    outer loop
      vertex 1.7236 1.44627 28
      vertex 4.21324 3.53533 28
      vertex 3.53533 4.21324 28
    endloop
  endfacet
  facet normal -0 0 1
    outer loop
      vertex 2.11431 -0.769545 28
      vertex 5.16831 -1.88111 28
      vertex 2.21582 -0.390708 28
    endloop
  endfacet
  facet normal 0 0 1
    outer loop
      vertex 1.44627 1.7236 28
      vertex 3.53533 4.21324 28
      vertex 2.75 4.76314 28
    endloop
  endfacet
  facet normal 0 0 1
    outer loop
      vertex 5.16831 -1.88111 28
      vertex 2.11431 -0.769545 28
      vertex 4.76314 -2.75 28
    endloop
  endfacet
  facet normal -0 0 1
    outer loop
      vertex 1.94856 -1.125 28
      vertex 4.76314 -2.75 28
      vertex 2.11431 -0.769545 28
    endloop
  endfacet
  facet normal 0 0 1
    outer loop
      vertex 5.41644 0.955065 28
      vertex 2.21582 0.390708 28
      vertex 2.25 0 28
    endloop
  endfacet
  facet normal 0 0 1
    outer loop
      vertex 5.16831 1.88111 28
      vertex 2.11431 0.769545 28
      vertex 2.21582 0.390708 28
    endloop
  endfacet
  facet normal 0 0 1
    outer loop
      vertex 4.76314 2.75 28
      vertex 1.94856 1.125 28
      vertex 2.11431 0.769545 28
    endloop
  endfacet
  facet normal 0 0 1
    outer loop
      vertex 1.125 1.94856 28
      vertex 2.75 4.76314 28
      vertex 1.88111 5.16831 28
    endloop
  endfacet
  facet normal 0 0 1
    outer loop
      vertex 4.21324 3.53533 28
      vertex 1.7236 1.44627 28
      vertex 1.94856 1.125 28
    endloop
  endfacet
  facet normal 0 0 1
    outer loop
      vertex 3.53533 4.21324 28
      vertex 1.44627 1.7236 28
      vertex 1.7236 1.44627 28
    endloop
  endfacet
  facet normal 0 0 1
    outer loop
      vertex 2.75 4.76314 28
      vertex 1.125 1.94856 28
      vertex 1.44627 1.7236 28
    endloop
  endfacet
  facet normal 0 0 1
    outer loop
      vertex 0.769545 2.11431 28
      vertex 1.88111 5.16831 28
      vertex 0.955065 5.41644 28
    endloop
  endfacet
  facet normal 0 0 1
    outer loop
      vertex 1.88111 5.16831 28
      vertex 0.769545 2.11431 28
      vertex 1.125 1.94856 28
    endloop
  endfacet
  facet normal 0 0 1
    outer loop
      vertex 0.955065 5.41644 28
      vertex 0.390708 2.21582 28
      vertex 0.769545 2.11431 28
    endloop
  endfacet
  facet normal 0 0 1
    outer loop
      vertex 0 5.5 28
      vertex 0.390708 2.21582 28
      vertex 0.955065 5.41644 28
    endloop
  endfacet
  facet normal 0 0 1
    outer loop
      vertex 0 5.5 28
      vertex 0 2.25 28
      vertex 0.390708 2.21582 28
    endloop
  endfacet
  facet normal 0 0 1
    outer loop
      vertex 0 5.5 28
      vertex -0.390708 2.21582 28
      vertex 0 2.25 28
    endloop
  endfacet
  facet normal -0 0 1
    outer loop
      vertex -0.955065 5.41644 28
      vertex -0.390708 2.21582 28
      vertex 0 5.5 28
    endloop
  endfacet
  facet normal 0 0 1
    outer loop
      vertex -0.390708 2.21582 28
      vertex -0.955065 5.41644 28
      vertex -0.769545 2.11431 28
    endloop
  endfacet
  facet normal -0 0 1
    outer loop
      vertex -1.88111 5.16831 28
      vertex -0.769545 2.11431 28
      vertex -0.955065 5.41644 28
    endloop
  endfacet
  facet normal 0 0 1
    outer loop
      vertex -0.769545 2.11431 28
      vertex -1.88111 5.16831 28
      vertex -1.125 1.94856 28
    endloop
  endfacet
  facet normal -0 0 1
    outer loop
      vertex -2.75 4.76314 28
      vertex -1.125 1.94856 28
      vertex -1.88111 5.16831 28
    endloop
  endfacet
  facet normal 0 0 1
    outer loop
      vertex -1.125 1.94856 28
      vertex -2.75 4.76314 28
      vertex -1.44627 1.7236 28
    endloop
  endfacet
  facet normal -0 0 1
    outer loop
      vertex -3.53533 4.21324 28
      vertex -1.44627 1.7236 28
      vertex -2.75 4.76314 28
    endloop
  endfacet
  facet normal 0 0 1
    outer loop
      vertex -1.44627 1.7236 28
      vertex -3.53533 4.21324 28
      vertex -1.7236 1.44627 28
    endloop
  endfacet
  facet normal -0 0 1
    outer loop
      vertex -4.21324 3.53533 28
      vertex -1.7236 1.44627 28
      vertex -3.53533 4.21324 28
    endloop
  endfacet
  facet normal 0 0 1
    outer loop
      vertex -1.7236 1.44627 28
      vertex -4.21324 3.53533 28
      vertex -1.94856 1.125 28
    endloop
  endfacet
  facet normal -0 0 1
    outer loop
      vertex -4.76314 2.75 28
      vertex -1.94856 1.125 28
      vertex -4.21324 3.53533 28
    endloop
  endfacet
  facet normal 0 0 1
    outer loop
      vertex 4.76314 -2.75 28
      vertex 1.94856 -1.125 28
      vertex 4.21324 -3.53533 28
    endloop
  endfacet
  facet normal -0 0 1
    outer loop
      vertex 1.7236 -1.44627 28
      vertex 4.21324 -3.53533 28
      vertex 1.94856 -1.125 28
    endloop
  endfacet
  facet normal 0 0 1
    outer loop
      vertex 4.21324 -3.53533 28
      vertex 1.7236 -1.44627 28
      vertex 3.53533 -4.21324 28
    endloop
  endfacet
  facet normal -0 0 1
    outer loop
      vertex 1.44627 -1.7236 28
      vertex 3.53533 -4.21324 28
      vertex 1.7236 -1.44627 28
    endloop
  endfacet
  facet normal 0 0 1
    outer loop
      vertex 3.53533 -4.21324 28
      vertex 1.44627 -1.7236 28
      vertex 2.75 -4.76314 28
    endloop
  endfacet
  facet normal -0 0 1
    outer loop
      vertex 1.125 -1.94856 28
      vertex 2.75 -4.76314 28
      vertex 1.44627 -1.7236 28
    endloop
  endfacet
  facet normal 0 0 1
    outer loop
      vertex 2.75 -4.76314 28
      vertex 1.125 -1.94856 28
      vertex 1.88111 -5.16831 28
    endloop
  endfacet
  facet normal -0 0 1
    outer loop
      vertex 0.769545 -2.11431 28
      vertex 1.88111 -5.16831 28
      vertex 1.125 -1.94856 28
    endloop
  endfacet
  facet normal 0 0 1
    outer loop
      vertex 1.88111 -5.16831 28
      vertex 0.769545 -2.11431 28
      vertex 0.955065 -5.41644 28
    endloop
  endfacet
  facet normal -0 0 1
    outer loop
      vertex 0.390708 -2.21582 28
      vertex 0.955065 -5.41644 28
      vertex 0.769545 -2.11431 28
    endloop
  endfacet
  facet normal -0 0 1
    outer loop
      vertex 0 -2.25 28
      vertex 0.955065 -5.41644 28
      vertex 0.390708 -2.21582 28
    endloop
  endfacet
  facet normal 0 0 1
    outer loop
      vertex 0 -2.25 28
      vertex 0 -5.5 28
      vertex 0.955065 -5.41644 28
    endloop
  endfacet
  facet normal 0 0 1
    outer loop
      vertex -0.390708 -2.21582 28
      vertex 0 -5.5 28
      vertex 0 -2.25 28
    endloop
  endfacet
  facet normal 0 0 1
    outer loop
      vertex -0.955065 -5.41644 28
      vertex -0.390708 -2.21582 28
      vertex -0.769545 -2.11431 28
    endloop
  endfacet
  facet normal 0 0 1
    outer loop
      vertex -0.390708 -2.21582 28
      vertex -0.955065 -5.41644 28
      vertex 0 -5.5 28
    endloop
  endfacet
  facet normal 0 0 1
    outer loop
      vertex -1.88111 -5.16831 28
      vertex -0.769545 -2.11431 28
      vertex -1.125 -1.94856 28
    endloop
  endfacet
  facet normal 0 0 1
    outer loop
      vertex -2.75 -4.76314 28
      vertex -1.125 -1.94856 28
      vertex -1.44627 -1.7236 28
    endloop
  endfacet
  facet normal 0 0 1
    outer loop
      vertex -3.53533 -4.21324 28
      vertex -1.44627 -1.7236 28
      vertex -1.7236 -1.44627 28
    endloop
  endfacet
  facet normal 0 0 1
    outer loop
      vertex -0.769545 -2.11431 28
      vertex -1.88111 -5.16831 28
      vertex -0.955065 -5.41644 28
    endloop
  endfacet
  facet normal 0 0 1
    outer loop
      vertex -4.21324 -3.53533 28
      vertex -1.7236 -1.44627 28
      vertex -1.94856 -1.125 28
    endloop
  endfacet
  facet normal 0 0 1
    outer loop
      vertex -4.76314 -2.75 28
      vertex -1.94856 -1.125 28
      vertex -2.11431 -0.769545 28
    endloop
  endfacet
  facet normal 0 0 1
    outer loop
      vertex -5.16831 -1.88111 28
      vertex -2.11431 -0.769545 28
      vertex -2.21582 -0.390708 28
    endloop
  endfacet
  facet normal 0 0 1
    outer loop
      vertex -5.41644 -0.955065 28
      vertex -2.21582 -0.390708 28
      vertex -2.25 0 28
    endloop
  endfacet
  facet normal 0 0 1
    outer loop
      vertex -1.94856 1.125 28
      vertex -4.76314 2.75 28
      vertex -2.11431 0.769545 28
    endloop
  endfacet
  facet normal 0 0 1
    outer loop
      vertex -1.125 -1.94856 28
      vertex -2.75 -4.76314 28
      vertex -1.88111 -5.16831 28
    endloop
  endfacet
  facet normal -0 0 1
    outer loop
      vertex -5.16831 1.88111 28
      vertex -2.11431 0.769545 28
      vertex -4.76314 2.75 28
    endloop
  endfacet
  facet normal 0 0 1
    outer loop
      vertex -1.44627 -1.7236 28
      vertex -3.53533 -4.21324 28
      vertex -2.75 -4.76314 28
    endloop
  endfacet
  facet normal 0 0 1
    outer loop
      vertex -2.11431 0.769545 28
      vertex -5.16831 1.88111 28
      vertex -2.21582 0.390708 28
    endloop
  endfacet
  facet normal 0 0 1
    outer loop
      vertex -1.7236 -1.44627 28
      vertex -4.21324 -3.53533 28
      vertex -3.53533 -4.21324 28
    endloop
  endfacet
  facet normal -0 0 1
    outer loop
      vertex -5.41644 0.955065 28
      vertex -2.21582 0.390708 28
      vertex -5.16831 1.88111 28
    endloop
  endfacet
  facet normal 0 0 1
    outer loop
      vertex -1.94856 -1.125 28
      vertex -4.76314 -2.75 28
      vertex -4.21324 -3.53533 28
    endloop
  endfacet
  facet normal 0 0 1
    outer loop
      vertex -2.21582 0.390708 28
      vertex -5.41644 0.955065 28
      vertex -2.25 0 28
    endloop
  endfacet
  facet normal 0 0 1
    outer loop
      vertex -2.11431 -0.769545 28
      vertex -5.16831 -1.88111 28
      vertex -4.76314 -2.75 28
    endloop
  endfacet
  facet normal 0 0 1
    outer loop
      vertex -5.5 0 28
      vertex -2.25 0 28
      vertex -5.41644 0.955065 28
    endloop
  endfacet
  facet normal 0 0 1
    outer loop
      vertex -2.21582 -0.390708 28
      vertex -5.41644 -0.955065 28
      vertex -5.16831 -1.88111 28
    endloop
  endfacet
  facet normal 0 0 1
    outer loop
      vertex -2.25 0 28
      vertex -5.5 0 28
      vertex -5.41644 -0.955065 28
    endloop
  endfacet
  facet normal 0.965927 0.258816 -1.0555e-18
    outer loop
      vertex -5.16831 -1.88111 34
      vertex -5.41644 -0.955065 28
      vertex -5.41644 -0.955065 34
    endloop
  endfacet
  facet normal 0.965927 0.258816 -1.0555e-18
    outer loop
      vertex -5.41644 -0.955065 28
      vertex -5.16831 -1.88111 34
      vertex -5.16831 -1.88111 28
    endloop
  endfacet
  facet normal 0.707107 -0.707107 3.6283e-19
    outer loop
      vertex -4.21324 3.53533 34
      vertex -3.53533 4.21324 28
      vertex -3.53533 4.21324 34
    endloop
  endfacet
  facet normal 0.707107 -0.707107 3.6283e-19
    outer loop
      vertex -3.53533 4.21324 28
      vertex -4.21324 3.53533 34
      vertex -4.21324 3.53533 28
    endloop
  endfacet
  facet normal -0.258816 0.965927 0
    outer loop
      vertex 1.88111 -5.16831 28
      vertex 0.955065 -5.41644 34
      vertex 1.88111 -5.16831 34
    endloop
  endfacet
  facet normal -0.258816 0.965927 0
    outer loop
      vertex 0.955065 -5.41644 34
      vertex 1.88111 -5.16831 28
      vertex 0.955065 -5.41644 28
    endloop
  endfacet
  facet normal -0.573581 0.819149 0
    outer loop
      vertex 3.53533 -4.21324 28
      vertex 2.75 -4.76314 34
      vertex 3.53533 -4.21324 34
    endloop
  endfacet
  facet normal -0.573581 0.819149 0
    outer loop
      vertex 2.75 -4.76314 34
      vertex 3.53533 -4.21324 28
      vertex 2.75 -4.76314 28
    endloop
  endfacet
  facet normal -0.906308 0.422618 -1.1356e-18
    outer loop
      vertex 4.76314 -2.75 28
      vertex 5.16831 -1.88111 34
      vertex 5.16831 -1.88111 28
    endloop
  endfacet
  facet normal -0.906308 0.422618 -1.1356e-18
    outer loop
      vertex 5.16831 -1.88111 34
      vertex 4.76314 -2.75 28
      vertex 4.76314 -2.75 34
    endloop
  endfacet
  facet normal -0.819149 0.573581 -3.39268e-19
    outer loop
      vertex 4.21324 -3.53533 28
      vertex 4.76314 -2.75 34
      vertex 4.76314 -2.75 28
    endloop
  endfacet
  facet normal -0.819149 0.573581 -3.39268e-19
    outer loop
      vertex 4.76314 -2.75 34
      vertex 4.21324 -3.53533 28
      vertex 4.21324 -3.53533 34
    endloop
  endfacet
  facet normal -0.965927 0.258816 1.0555e-18
    outer loop
      vertex 5.16831 -1.88111 28
      vertex 5.41644 -0.955065 34
      vertex 5.41644 -0.955065 28
    endloop
  endfacet
  facet normal -0.965927 0.258816 1.0555e-18
    outer loop
      vertex 5.41644 -0.955065 34
      vertex 5.16831 -1.88111 28
      vertex 5.16831 -1.88111 34
    endloop
  endfacet
  facet normal 0.573581 0.819149 -0
    outer loop
      vertex -2.75 -4.76314 28
      vertex -3.53533 -4.21324 34
      vertex -2.75 -4.76314 34
    endloop
  endfacet
  facet normal 0.573581 0.819149 0
    outer loop
      vertex -3.53533 -4.21324 34
      vertex -2.75 -4.76314 28
      vertex -3.53533 -4.21324 28
    endloop
  endfacet
  facet normal 0.707107 0.707107 -3.6283e-19
    outer loop
      vertex -3.53533 -4.21324 34
      vertex -4.21324 -3.53533 28
      vertex -4.21324 -3.53533 34
    endloop
  endfacet
  facet normal 0.707107 0.707107 -3.6283e-19
    outer loop
      vertex -4.21324 -3.53533 28
      vertex -3.53533 -4.21324 34
      vertex -3.53533 -4.21324 28
    endloop
  endfacet
  facet normal 0.422618 0.906308 -0
    outer loop
      vertex -1.88111 -5.16831 28
      vertex -2.75 -4.76314 34
      vertex -1.88111 -5.16831 34
    endloop
  endfacet
  facet normal 0.422618 0.906308 0
    outer loop
      vertex -2.75 -4.76314 34
      vertex -1.88111 -5.16831 28
      vertex -2.75 -4.76314 28
    endloop
  endfacet
  facet normal 0.0871585 0.996194 -0
    outer loop
      vertex 0 -5.5 28
      vertex -0.955065 -5.41644 34
      vertex 0 -5.5 34
    endloop
  endfacet
  facet normal 0.0871585 0.996194 0
    outer loop
      vertex -0.955065 -5.41644 34
      vertex 0 -5.5 28
      vertex -0.955065 -5.41644 28
    endloop
  endfacet
endsolid OpenSCAD_Model
